"","CASE","SERIAL","REF","QUESTNNR","MODE","STARTED","FINISHED","Q_VIEWER","LASTPAGE","MAXPAGE","MISSING","MISSREL","TIME_RSI","CR01","CR02_06","Relationship.Status","FM01_01","FM01_02","FM01_03","FM01_04","FM01_05","FM01_06","FM01_07","FM01_08","FM01_09","FM01_10","FM01_11","FM01_12","FM01_13","FM01_14","FM01_15","FM01_16","FM01_17","FM01_18","FM01_19","FM01_20","FM01_21","FM01_22","FM01_23","FM01_24","FM01_25","FM01_26","FM01_27","FM01_28","FM01_29","FM01_30","FM01_31","FM01_32","FM01_33","FM01_34","FM01_35","FM01_36","FM01_37","FM01_38","FM01_39","FM01_40","FM01_41","FM01_42","FM01_43","FM01_44","FM01_45","FM01_46","FM01_47","FM01_48","FM01_49","FM01_50","FM01_51","FM01_52","FM01_53","FM01_54","FM01_55","FM01_56","FM01_57","FM01_58","FM01_59","FM01_60","FM01_61","FM01_62","FM01_63","FM01_64","FM01_65","FM01_66","FM01_67","FM01_68","FM01_69","FM01_70","FM01_71","FM01_72","FM01_73","PR01_01","PR01_02","PR01_03","PR01_04","PR01_05","PR01_06","PR01_07","PR01_08","PR01_09","PR01_10","PR02_01","PR02_02","PR02_03","PR02_04","PR02_05","PR02_06","PR02_07","PR02_08","PR02_09","PR02_10","PA01_01","PA01_02","PA01_03","PA01_04","PA01_05","PA01_06","PA01_07","PA01_08","PA01_09","PA01_10","PA02_01","PA02_02","PA02_03","PA02_04","PA02_05","PA02_06","PA02_07","PA02_08","PA02_09","PA02_10","LD01_01","LD01_02","LD01_03","LD01_04","LD01_05","LD01_06","LD01_07","LD01_08","LD01_09","LD01_10","LD01_11","LD01_12","LD01_13","LD01_14","LD01_15","LD01_16","LD01_17","LD01_18","LD01_19","LD01_20","LD01_21","LD01_22","LD01_23","LD01_24","LD01_25","LD01_26","LD01_27","LD01_28","LD01_29","LD01_30","LD01_31","LD01_32","LD01_33","LD01_34","LD01_35","LD01_36","LD01_37","LD01_38","LD01_39","LD01_40","LD01_41","LD01_42","LD01_43","LD01_44","LD01_45","LD01_46","LD01_47","LD01_48","LD01_49","LD01_50","LD01_51","LD01_52","LD01_53","LD01_54","LD01_55","LD01_56","LD01_57","LD01_58","LD01_59","LD01_60","LD01_61","LD01_62","LD01_63","LD01_64","LD01_65","LD01_66","LD01_67","LD01_68","LD01_69","LD01_70","LD01_71","LD01_72","LD01_73","LD01_74","LD01_75","LD01_76","LD01_77","LD01_78","LD01_79","LD01_80","LD01_81","BF01_01","BF01_02","BF01_03","BF01_04","BF01_05","BF01_06","BF01_07","BF01_08","BF01_09","BF01_10","BF01_11","BF01_12","BF01_13","BF01_14","BF01_15","BF01_16","BF01_17","BF01_18","BF01_19","BF01_20","BF01_21","BF01_22","BF01_23","BF01_24","BF01_25","BF01_26","BF01_27","BF01_28","BF01_29","BF01_30","BF01_31","BF01_32","BF01_33","BF01_34","BF01_35","BF01_36","BF01_37","BF01_38","BF01_39","BF01_40","BF01_41","BF01_42","BF01_43","BF01_44","SR01_01","SR01_02","SR01_03","SR01_04","SR01_05","SR01_06","SR01_07","SR01_08","SR01_09","SR01_10","SR01_11","SR01_12","SR01_13","SR01_14","SR01_15","SR01_16","SR01_17","SR01_18","MK01_01","MK01_02","MK01_03","MK01_04","MK01_05","MK01_06","MK01_07","MK01_08","MK01_09","MK01_10","MK01_11","MK01_12","MK01_13","MK01_14","MK01_15","MK01_16","MK01_17","MK01_18","MK01_19","MK01_20","R001_CP","R001","Gender","American.Indian.or.Alaskan.Native","Asian.or.Asian.American","Black.or.African.American","Hispanic.or.Latino","White","Native.Hawaiian.or.other.Pacific.Islander","Other","DM02_07a","Decline.to.Respond","DM02","Age","DM04_01","DM05_01","DM06_01","DM06_02","DM06_03","DM06_04","DM06_05","DM06_06","DM06_07","DM06_08","DM06","DM07_01","DM07_02","DM07_03","DM07_04","DM07_05","DM07_06","DM07_07","DM07","DM08_01","DM08_02","DM08_03","DM08_04","DM08_05","DM08","DM09_01","DM09_02","DM09_03","DM09_04","DM09_05","DM09_06","DM09_07","DM09_08","DM09_09","DM09_10","DM09","DM10_01","DM10_02","DM10_03","DM10_04","DM10_04R","DM10_05","DM10_06","DM10_07","DM10_08","DM11_01","DM11_02","DM11_03","DM11_04","DM11_05","DM11_06","DM11_07","DM11","DM12_01","DM12_02","DM12_03","DM12_04","DM12_05","DM12_06","DM12_07","DM12","DM13_01","DM13_02","DM13_03","DM13_04","DM13_05","DM13_06","DM13_07","DM13","DM14_01","DM14_02","DM14_03","DM15_01","DM15_02","DM15_03","DM15_04","DM15_05","DM15_06","DM15_07","DM15_08","DM15","DM16_01","DM16_02","DM16_03","DM16_04","DM16_05","DM16_06","DM16_07","DM16_08","DM16_08a","DM16","DM17_01","DM17_02","DM17_03","DM17_04","DM17_05","DM17_06","DM17_07","DM17_08","DM17_09","DM17","DM18_01","DM19_01","LC01_01","LC01_02","LC01","LC02_01","LC02_02","LC02","LC03_01","LC03_03","LC03","LC04_01","LC04_02","LC04","LC05_01","LC05_02","LC05","LC06_01","LC06_02","LC06","LC07_01","LC07_02","LC07","LC08_01","LC08_02","LC08","LC09_01","LC09_02","LC09","LC10_01","LC10_02","LC10","LC11_01","LC11_02","LC11","LC12_01","LC12_02","LC12","LC13_01","LC13_02","LC13","LC14_01","LC14_02","LC14","LC15_01","LC15_02","LC15","LC16_01","LC16_02","LC16","LC17_01","LC17_02","LC17","LC18_01","LC18_02","LC18","LC19_01","LC19_02","LC19","LC20_01","LC20_02","LC20","LC21_01","LC21_02","LC21","LC22_01","LC22_02","LC22","LC23_01","LC23_02","LC23","LC24_01","LC24_02","LC24","LC25_01","LC25_02","LC25","LC26_01","LC26_02","LC26","LC27_01","LC27_02","LC27","LC28_01","LC28_02","LC28","LC29_01","LC29_02","LC29","LD01","LD02_01","LD02_01R","LD02_02","LD02_03","LD02_04","LD02_05","LD02_06","LD02_07","LD02_08","LD02_09","LD02_10","LD02_11","LD02_12","LD02_13","LD02_14","LD02_15","LD02_16","LD02_17","LD02_18","LD02_19","LD02_20","LD02_21","LD02_22","LD02_23","LD02_24","LD02_25","LD02_26","LD02_27","LD02_28","LD02_29","LD02_30","LD02_31","LD02_32","LD02_33","LD02_34","LD02_35","LD02_36","LD02_37","LD02_38","LD02_39","LD02_40","LD02_41","LD02_42","LD02_43","LD02_44","LD02_45","LD02_46","LD02_47","LD02_48","LD02_49","LD02_50","LD02_51","LD02_52","LD03_01","LD03_02","LD03_03","LD03_04","LD03_05","LD03_06","LD03_07","LD03_08","LD03_09","LD03_10","LD03_11","LD03_12","LD03_13","LD03_14","LD03_15","LD03_16","LD03_17","LD03_18","LD03_19","LD03_20","LD04_01","LD04_02","LD04_03","LD04_04","LD04_05","LD04_06","LD04_07","LD04_08","LD05_01","LD06","SO01_01","SO01_02","SO01_03","SO01_04","SO01_05","SO01_06","SO01_07","SO01_08","SO01_09","SO01_10","SO01_11","SO01_12","SO01_13","SO01_14","SO01_15","SO01_16","SO01_17","SO01_18","SO01_19","PV01_01","PV01_02","PV01_03","PV01_04","PV01_05","PV01_06","PV01_07","PV01_08","PV01_09","PV01_10","PV01_11","PV01_12","PV01_13","PV01_14","PV01_15","PV01_16","PV01_17","PV01_18","PV01_19","PV01_20","PV01_21","PV02_01","PV02_02","PV02_03","PV02_04","PV02_05","PV02_06","PV02_07","PV02_08","PV02_09","PV02_10","PV02_11","PV02_12","PV02_13","PV02_14","PV02_15","DP01_01","DP01_02","DP01_03","DP01_04","DP01_05","DP01_06","DP01_07","DP01_08","DP01_09","DP01_10","DP01_11","DP01_12","DP01_13","DP01_14","DP01_15","DP01_16","DP01_17","EC01_01","EC01_02","EC01_03","EC01_04","EC01_05","EC01_06","EC01_07","EC01_08","EC01_09","EC01_10","EC01_11","EC01_12","EC01_13","EC01_14","EC01_15","EC01_16","EC01_17","EC01_18","EC01_19","EC01_20","EC01_21","EC01_22","EC01_23","EC01_24","EC01_25","EC01_26","EC01_27","EC01_28","EC01_29","EC01_30","EC01_31","EC01_32","EC01_33","EC01_34","EC01_35","EC01_36","NB01_01","NB01_02","NB01_03","NB01_04","NB01_05","NB01_06","NB01_07","NB01_08","NB01_09","NB01_10","BD01_01","BD01_02","BD01_03","BD01_04","BD01_05","BD01_06","BD01_07","BD01_08","BD01_09","BD01_10","BD01_11","BD01_12","SS01","CT01","TIME001","TIME003","TIME004","TIME005","TIME006","TIME007","TIME008","TIME009","TIME010","TIME011","TIME012","TIME013","TIME014","TIME015","TIME016","TIME017","TIME018","TIME019","TIME020","TIME021","TIME_SUM","MAILSENT","LASTDATA","FM_SP","FM_DA","FM_AG","FM_AE","FM_AI","FM_S","FM_MS","FM_MRG","FM_MRB","FM_KCF","FM_KCC","bf_e","bf_a","bf_c","bf_n","bf_o","SOI_stmo","SOI_ltmo","pvd_infectability","pvd_germ","dp_dominance","dp_prestige","bd_total","n2b","ecr_avoidance","ecr_anxiety","DM11_all","DM12_all","DM13_all","childhood_stability","childhood_resources","current_resources","LOC_total","CR02"
"2",64,NA,NA,"base","interview","4/5/24 0:52",1,0,21,21,0,0,1,-1,"",5,2,7,1,6,3,5,1,1,6,5,3,3,6,6,3,2,7,5,5,7,1,1,1,5,3,3,7,1,1,4,6,1,7,7,7,1,1,1,1,1,7,7,1,5,7,1,1,5,7,7,1,5,1,1,NA,NA,NA,NA,NA,NA,NA,NA,NA,NA,NA,NA,NA,NA,NA,NA,NA,NA,NA,3,5,3,1,1,5,3,5,3,4,6,7,5,9,10,1,3,4,8,2,3,3,3,1,1,5,3,2,2,5,7,8,3,9,10,1,5,6,4,2,2,2,2,2,2,1,2,2,1,1,2,1,2,2,2,2,1,2,2,2,1,2,2,2,2,1,1,2,1,2,2,2,2,2,2,2,2,2,1,2,2,2,2,2,2,2,2,2,2,2,1,2,2,1,2,2,1,2,2,2,2,2,2,2,2,1,2,2,1,2,1,2,2,1,2,2,1,2,2,1,1,3,2,5,1,5,4,5,4,5,5,5,2,5,2,5,4,1,1,1,5,4,4,5,5,5,5,3,4,4,5,5,5,5,5,5,5,1,5,1,4,1,5,4,5,9,9,7,7,9,7,8,9,9,9,8,8,9,9,1,4,8,5,7,7,6,7,7,1,5,6,4,3,7,1,7,5,6,6,3,6,2,3,5,2,2,1,1,2,1,1,1,1,"",1,1,30,NA,"25?",1,1,1,1,1,2,1,1,1,2,1,1,1,1,1,1,1,1,1,1,2,1,1,1,1,1,1,1,1,1,2,1,1,1,3,5,3,3,5,7,6,7,7,2,1,1,1,1,1,1,1,1,2,1,1,1,1,1,1,1,1,1,2,1,1,1,1,3,3,3,1,2,1,1,1,1,1,1,1,2,1,1,1,1,1,1,1,"",1,2,1,1,1,1,1,1,1,1,1,"5'4","330",1,2,1,1,2,1,1,2,1,2,1,1,1,2,1,2,1,1,2,1,1,1,2,1,2,1,1,1,2,1,2,1,1,1,2,1,2,1,1,1,2,1,2,1,1,1,2,1,2,1,1,2,1,1,2,1,1,2,1,1,2,1,1,2,1,1,1,2,1,2,1,1,1,2,1,1,2,1,1,2,1,2,1,1,1,2,1,61,0,0,0,1,0,0,0,1,0,0,1,1,0,0,0,0,0,1,0,0,0,0,0,1,0,1,0,1,0,1,1,0,1,1,1,1,0,1,1,1,0,0,0,0,1,0,1,0,0,0,0,0,0,1,0,0,1,0,1,0,0,1,1,1,0,0,0,0,0,1,0,0,1,1,1,0,0,0,0,1,0,"0",3,NA,NA,NA,NA,NA,NA,NA,NA,NA,NA,NA,NA,NA,NA,NA,NA,NA,NA,NA,NA,NA,NA,NA,NA,NA,NA,NA,NA,NA,NA,NA,NA,NA,NA,NA,NA,NA,NA,NA,NA,NA,NA,NA,NA,NA,NA,NA,NA,NA,NA,NA,NA,NA,NA,NA,NA,NA,NA,NA,NA,NA,NA,NA,NA,NA,NA,NA,NA,NA,NA,NA,NA,1,1,1,1,1,1,2,1,7,1,7,1,5,1,1,1,1,1,1,7,1,7,1,1,1,7,7,7,7,7,7,1,7,7,7,6,5,1,5,1,1,1,5,1,3,1,7,3,5,3,1,7,1,7,3,3,3,2,8,1,5,13,2,400,145,111,517,161,106,106,NA,NA,NA,148,57,112,166,33,321,6,2409,NA,"4/5/24 1:32",30,32,16,11,38,19,28,NA,NA,36,NA,27,36,34,6,45,NA,NA,NA,NA,NA,NA,67,12,19,23,1,2,4,7,16,7,12,NA
"3",90,NA,NA,"base","interview","4/5/24 1:32",1,0,21,21,1,1,1.86,-1,"",3,2,1,5,5,5,1,5,7,5,4,5,2,5,2,6,7,2,4,2,2,5,6,6,5,6,6,5,5,2,6,2,6,2,6,6,6,2,2,2,2,6,6,6,6,2,6,6,6,6,6,3,4,2,2,7,7,2,6,4,6,5,2,6,2,1,1,1,NA,NA,NA,NA,NA,NA,5,5,5,5,5,5,1,5,5,5,4,8,2,6,9,7,10,5,3,1,5,5,5,4,4,4,4,4,4,4,4,2,9,3,5,1,10,6,7,8,2,2,2,1,1,1,2,1,1,1,1,1,1,2,2,1,1,2,2,2,1,1,1,2,1,1,2,2,1,2,1,2,1,2,2,1,2,2,1,2,2,1,1,2,2,2,2,2,2,2,1,2,2,1,1,2,1,2,1,2,2,2,2,1,1,1,2,1,1,2,1,2,2,1,2,2,1,1,1,1,1,4,2,4,4,4,4,4,4,4,4,4,4,4,4,4,4,4,4,4,4,4,4,4,2,4,2,2,4,4,4,4,4,4,4,4,4,4,4,4,4,4,4,4,4,7,7,7,5,5,5,7,7,7,7,7,8,8,3,7,7,4,4,4,4,4,5,4,5,4,5,4,5,4,5,4,5,5,4,5,4,5,5,7,2,2,1,1,1,1,2,1,1,"",1,1,25,NA,"20",1,1,1,1,1,2,1,1,1,2,1,1,1,1,1,1,1,1,2,1,1,1,1,1,1,2,1,1,1,1,1,1,1,1,6,4,4,3,5,3,2,2,4,1,1,1,1,2,1,1,1,1,1,1,2,1,1,1,1,1,1,2,1,1,1,1,1,4,4,4,1,2,1,1,1,1,1,1,1,1,1,1,1,1,1,2,1,"",1,1,1,1,2,1,1,1,1,1,1,"5'5","140",1,2,1,1,2,1,1,2,1,1,2,1,1,2,1,2,1,1,2,1,1,2,1,1,2,1,1,2,1,1,1,2,1,1,2,1,2,1,1,1,2,1,2,1,1,1,2,1,1,2,1,2,1,1,2,1,1,2,1,1,2,1,1,2,1,1,2,1,1,1,2,1,1,2,1,2,1,1,2,1,1,2,1,1,2,1,1,41,1,1,1,1,1,1,0,0,0,0,0,0,0,0,0,0,0,0,0,0,0,0,0,0,0,1,0,1,1,0,0,0,0,1,1,1,0,1,1,1,1,1,0,0,0,0,1,0,0,0,0,0,0,1,0,0,1,0,1,1,1,0,1,1,1,1,1,NA,1,1,0,NA,0,0,0,0,NA,0,0,0,0,"0",5,NA,NA,NA,NA,NA,NA,NA,NA,NA,NA,NA,NA,NA,NA,NA,NA,NA,NA,NA,NA,NA,NA,NA,NA,NA,NA,NA,NA,NA,NA,NA,NA,NA,NA,NA,NA,NA,NA,NA,NA,NA,NA,NA,NA,NA,NA,NA,NA,NA,NA,NA,NA,NA,NA,NA,NA,NA,NA,NA,NA,NA,NA,NA,NA,NA,NA,NA,NA,NA,NA,NA,NA,6,5,5,5,5,3,5,5,5,2,3,2,2,2,2,3,3,2,3,3,3,4,3,3,2,2,3,3,2,3,3,3,6,6,6,4,3,2,4,4,4,3,2,4,4,4,5,4,5,3,2,6,4,4,5,5,5,5,8,1,4,10,1,334,671,61,326,91,43,33,NA,NA,NA,317,30,30,120,8,94,3,1645,NA,"4/5/24 2:09",20,31,31,32,22,30,13,41,26,36,NA,24,32,28,18,36,NA,NA,NA,NA,NA,NA,55,34,68,65,5,4,3,14,19,3,13,NA
"4",114,NA,NA,"base","interview","4/5/24 3:39",1,0,21,21,0,0,1.08,-1,"",2,1,1,7,7,7,1,6,5,5,6,5,6,4,4,6,7,3,5,2,3,6,6,7,1,6,5,6,7,7,7,4,7,7,7,7,7,1,1,1,1,7,7,5,5,2,5,5,5,1,1,1,7,7,7,7,7,1,7,7,7,5,7,7,6,2,1,1,NA,NA,NA,NA,NA,NA,3,1,5,5,5,5,1,5,5,5,7,8,2,5,3,6,10,4,9,1,5,1,5,1,5,1,5,3,1,3,4,7,1,6,2,9,3,8,10,5,2,2,2,1,1,1,2,1,1,1,1,1,2,2,2,2,1,2,2,2,1,1,1,2,1,1,2,2,2,1,1,2,1,2,2,1,2,2,1,2,1,2,2,2,1,2,2,1,2,2,1,2,2,1,2,2,1,2,1,2,2,2,1,1,2,1,2,1,1,1,1,2,1,1,2,2,1,1,1,1,1,4,2,4,5,3,4,4,3,2,5,2,1,4,4,5,4,4,1,2,5,2,5,4,2,1,1,2,5,5,5,4,5,4,2,4,4,2,4,5,2,2,5,2,4,7,5,5,3,1,3,9,4,1,4,1,3,3,3,8,7,6,6,5,5,4,4,3,4,7,5,-9,5,7,5,7,7,7,5,6,6,3,2,9,2,2,1,1,1,1,2,1,1,"",1,1,23,NA,"18",1,1,1,1,1,1,2,1,1,2,1,1,1,1,1,1,1,2,1,1,1,1,1,1,2,1,1,1,1,1,1,1,1,1,1,1,1,7,1,1,1,1,2,1,1,1,2,1,1,1,1,1,1,2,1,1,1,1,1,1,1,1,2,1,1,1,1,5,5,5,1,1,2,1,1,1,1,1,1,2,1,1,1,1,1,1,1,"",1,1,1,1,1,1,2,1,1,1,1,"5""8","180",1,2,1,1,2,1,1,2,1,1,2,1,1,2,1,2,1,1,2,1,1,1,2,1,2,1,1,1,2,1,1,2,1,1,2,1,1,2,1,1,2,1,2,1,1,2,1,1,2,1,1,2,1,1,2,1,1,2,1,1,2,1,1,1,2,1,1,2,1,1,2,1,2,1,1,1,2,1,1,2,1,1,2,1,2,1,1,41,0,0,1,1,0,0,0,0,0,0,0,1,0,0,1,0,0,0,0,1,0,0,0,0,1,1,0,1,1,0,0,0,0,0,0,0,0,0,0,0,1,1,0,0,0,0,1,0,1,0,0,0,0,1,0,0,0,0,1,0,1,0,0,1,0,0,0,0,0,0,0,0,0,0,0,0,0,0,1,0,0,"0",2,NA,NA,NA,NA,NA,NA,NA,NA,NA,NA,NA,NA,NA,NA,NA,NA,NA,NA,NA,NA,NA,NA,NA,NA,NA,NA,NA,NA,NA,NA,NA,NA,NA,NA,NA,NA,NA,NA,NA,NA,NA,NA,NA,NA,NA,NA,NA,NA,NA,NA,NA,NA,NA,NA,NA,NA,NA,NA,NA,NA,NA,NA,NA,NA,NA,NA,NA,NA,NA,NA,NA,NA,7,7,7,7,7,7,5,7,1,4,1,7,3,5,7,5,7,3,7,5,5,4,2,3,1,5,3,5,5,7,6,3,5,5,5,3,2,4,2,5,5,2,2,5,4,5,7,4,6,1,4,7,1,6,1,4,4,3,4,1,14,24,1,352,108,81,408,150,105,110,NA,NA,NA,120,33,174,106,44,472,7,2309,NA,"4/5/24 4:18",21,6,38,39,31,30,6,41,41,42,NA,23,40,35,19,36,NA,NA,NA,NA,NA,NA,68,42,59,109,4,3,4,11,4,1,20,NA
"5",157,NA,NA,"base","interview","4/5/24 14:33",1,0,21,21,0,0,0.88,-1,"",5,4,6,4,3,3,5,4,4,4,4,4,2,4,5,4,4,5,5,4,5,2,4,4,3,2,2,2,3,2,4,6,2,6,5,6,4,3,3,5,3,5,5,5,5,4,4,5,5,4,3,3,5,5,5,NA,NA,NA,NA,NA,NA,NA,NA,NA,NA,NA,NA,NA,NA,NA,NA,NA,NA,NA,3,2,3,2,2,2,3,3,1,3,4,3,6,8,9,7,1,2,10,5,2,2,4,3,3,4,3,3,1,2,9,5,1,2,7,4,3,8,10,6,2,2,2,2,2,1,2,2,1,1,1,1,1,1,2,2,2,2,2,1,1,2,2,2,2,2,2,2,2,2,2,2,1,2,2,2,2,2,1,2,2,2,2,2,2,2,1,2,2,2,1,2,2,2,2,2,1,1,1,2,2,2,2,2,2,1,2,1,1,2,2,2,2,2,2,1,1,1,2,2,1,2,3,5,3,5,5,5,5,5,5,4,3,5,3,4,3,4,2,3,2,4,4,3,5,3,4,4,4,5,3,4,4,4,5,3,3,3,3,2,4,3,3,2,4,7,7,7,6,5,5,5,7,7,5,6,7,7,7,6,5,6,7,6,6,6,6,4,3,7,7,4,5,1,3,5,5,5,6,6,6,4,3,10,1,1,1,1,2,1,1,1,1,"",1,1,37,NA,"6",1,1,1,1,2,1,1,1,1,2,1,1,1,1,1,1,1,1,1,2,1,1,1,1,1,1,1,1,1,1,1,1,2,1,5,5,4,2,6,4,3,3,4,2,1,1,1,1,1,1,1,2,1,1,1,1,1,1,1,2,1,1,1,1,1,1,1,4,3,2,1,1,2,1,1,1,1,1,1,2,1,1,1,1,1,1,1,"",1,2,1,1,1,1,1,1,1,1,1,"6'2""","235",1,2,1,1,2,1,2,1,1,2,1,1,2,1,1,2,1,1,2,1,1,1,2,1,2,1,1,2,1,1,2,1,1,2,1,1,2,1,1,2,1,1,2,1,1,2,1,1,1,2,1,1,2,1,2,1,1,1,2,1,1,2,1,2,1,1,1,2,1,1,2,1,1,2,1,1,2,1,1,2,1,2,1,1,1,2,1,58,0,0,1,0,0,0,0,0,0,0,0,0,1,0,0,0,0,0,0,0,0,0,0,0,0,0,0,1,0,0,0,0,0,1,1,0,0,0,0,0,1,1,0,0,0,0,0,0,0,0,0,0,0,0,0,0,0,0,1,0,0,0,1,1,0,0,0,0,1,1,0,0,1,0,0,1,0,1,0,0,0,"0",2,3,4,4,4,4,4,3,2,2,3,4,4,4,2,2,4,2,4,3,3,3,4,6,2,2,2,2,3,6,4,5,6,2,4,2,4,5,6,3,2,4,2,3,4,5,2,3,2,3,2,4,4,5,6,4,7,3,1,5,5,1,2,7,4,4,2,1,5,6,6,4,2,NA,NA,NA,NA,NA,NA,NA,NA,NA,NA,NA,NA,NA,NA,NA,NA,NA,NA,NA,NA,NA,NA,NA,NA,NA,NA,NA,NA,NA,NA,NA,NA,NA,NA,NA,NA,NA,NA,NA,NA,NA,NA,NA,NA,NA,NA,NA,NA,NA,NA,NA,NA,NA,NA,NA,NA,NA,NA,5,1,6,6,2,345,119,91,397,3508,144,45226,155,303,112,NA,NA,NA,189,28,473,16,2660,NA,"4/6/24 4:45",24,19,21,15,31,21,29,NA,NA,27,NA,21,31,33,11,36,33,31,17,26,18,54,NA,NA,NA,NA,1,1,1,9,20,4,5,NA
"6",174,NA,NA,"base","interview","4/5/24 18:20",1,0,21,21,0,0,0.81,-1,"",3,1,1,1,1,1,1,5,6,5,6,5,6,6,7,5,2,7,5,5,7,5,6,7,3,2,3,5,1,1,6,6,3,7,7,7,6,1,1,2,1,6,7,2,5,6,2,2,6,5,5,2,3,3,3,7,7,2,3,2,5,2,3,2,2,1,3,1,NA,NA,NA,NA,NA,NA,3,2,4,4,3,1,1,5,1,5,7,6,3,4,5,8,10,2,9,1,1,1,4,2,5,4,5,2,1,2,8,7,4,5,1,3,2,9,10,6,2,2,2,2,1,1,2,1,1,1,1,2,1,2,2,2,2,2,2,1,1,1,1,2,2,1,2,2,2,2,2,2,2,2,1,1,2,2,1,2,1,1,2,2,2,2,2,2,1,2,1,2,2,1,2,2,1,2,1,2,2,2,2,2,2,2,2,2,1,2,1,2,2,1,1,2,1,1,2,1,2,4,2,5,1,5,4,5,4,5,5,3,1,5,2,5,4,4,2,2,4,3,4,3,5,3,4,2,5,1,5,3,5,4,5,4,4,2,4,3,4,5,5,5,5,8,7,7,5,2,6,7,7,4,6,6,7,7,7,3,3,5,5,5,6,7,6,6,2,6,4,4,7,7,1,6,6,4,6,5,5,2,1,11,1,1,1,1,1,1,2,1,1,"",1,1,26,NA,"5",1,1,1,1,1,1,2,1,1,1,1,1,1,2,1,1,1,1,2,1,1,1,1,1,1,1,1,1,1,1,1,1,2,1,6,6,4,5,3,3,5,5,7,1,2,1,1,1,1,1,1,1,2,1,1,1,1,1,1,1,1,2,1,1,1,1,1,7,7,7,1,2,1,1,1,1,1,1,1,1,1,1,1,1,1,2,1,"",1,1,1,2,1,1,1,1,1,1,1,"5'11""","175",1,2,1,2,1,1,1,2,1,1,2,1,1,2,1,2,1,1,2,1,1,1,2,1,1,2,1,2,1,1,1,2,1,1,2,1,2,1,1,1,2,1,2,1,1,1,2,1,1,2,1,2,1,1,2,1,1,1,2,1,2,1,1,1,2,1,1,2,1,2,1,1,2,1,1,1,2,1,2,1,1,2,1,1,2,1,1,52,0,0,1,0,1,0,0,0,0,0,0,0,1,1,1,0,0,0,0,1,0,0,0,0,0,1,1,1,0,0,1,0,1,1,1,1,0,1,0,1,1,1,1,0,1,0,1,0,0,0,0,0,0,1,0,0,1,0,1,0,1,0,1,1,0,0,1,1,0,0,0,0,0,0,0,0,0,0,0,0,0,"0",5,5,5,5,5,5,5,1,2,3,1,5,5,5,1,1,5,2,5,3,5,1,7,6,1,2,3,1,2,5,1,2,5,1,5,4,7,5,6,2,7,6,6,5,5,2,3,4,3,6,2,3,2,4,3,4,6,2,4,5,5,3,1,6,2,7,2,4,5,5,5,2,2,NA,NA,NA,NA,NA,NA,NA,NA,NA,NA,NA,NA,NA,NA,NA,NA,NA,NA,NA,NA,NA,NA,NA,NA,NA,NA,NA,NA,NA,NA,NA,NA,NA,NA,NA,NA,NA,NA,NA,NA,NA,NA,NA,NA,NA,NA,NA,NA,NA,NA,NA,NA,NA,NA,NA,NA,NA,NA,8,1,7,22,22,455,204,255,599,186,96,115,101,230,90,NA,NA,NA,231,28,215,4,2685,NA,"4/5/24 19:08",27,27,33,12,38,29,24,39,17,39,NA,27,40,33,7,39,37,34,31,32,16,49,NA,NA,NA,NA,2,2,3,9,19,3,14,NA
"7",191,NA,NA,"base","interview","4/6/24 0:27",1,0,21,21,0,0,0.75,-1,"",5,1,5,6,7,7,2,1,2,5,6,5,1,4,6,5,3,6,7,6,6,5,5,3,3,2,2,3,5,5,3,3,3,5,7,7,7,1,1,2,1,6,6,5,7,2,3,5,5,5,6,3,6,3,5,NA,NA,NA,NA,NA,NA,NA,NA,NA,NA,NA,NA,NA,NA,NA,NA,NA,NA,NA,4,3,4,2,3,3,2,2,1,4,5,4,3,7,2,6,9,8,10,1,2,2,5,4,5,3,5,4,4,3,8,10,7,5,2,3,1,6,4,9,2,2,2,2,2,1,2,2,1,1,1,2,1,2,2,2,2,2,2,1,1,1,2,2,2,1,1,2,1,2,1,2,2,1,2,2,2,2,1,2,2,2,2,1,1,2,2,2,2,2,1,2,2,1,2,2,1,2,1,1,2,2,2,2,2,1,2,2,1,2,1,1,2,2,2,2,1,2,1,2,1,2,2,4,4,5,5,4,4,2,5,2,1,2,4,5,4,5,5,1,5,5,4,5,4,5,2,5,4,1,5,5,4,3,4,2,1,2,4,2,5,2,2,4,5,8,8,5,3,1,2,4,6,5,4,6,8,5,6,3,9,7,6,6,7,4,5,4,7,5,1,1,5,5,6,7,3,4,5,6,7,2,1,12,1,1,1,1,2,1,1,1,1,"",1,1,29,NA,"8",1,1,1,2,1,1,1,1,1,1,1,2,1,1,1,1,1,2,1,1,1,1,1,1,1,1,1,1,1,1,1,1,2,1,2,1,1,7,1,1,6,5,7,1,1,1,1,1,2,1,1,1,1,1,1,1,1,2,1,1,1,1,1,1,2,1,1,4,6,4,1,2,1,1,1,1,1,1,1,1,1,1,1,1,1,1,2,"Agnostic ",1,2,1,1,1,1,1,1,1,1,1,"5'9","224",1,2,1,2,1,1,1,2,1,1,2,1,1,2,1,2,1,1,2,1,1,1,2,1,1,2,1,2,1,1,1,2,1,1,2,1,1,2,1,1,2,1,1,2,1,1,2,1,1,2,1,1,2,1,2,1,1,2,1,1,2,1,1,2,1,1,2,1,1,1,2,1,1,2,1,1,2,1,2,1,1,2,1,1,2,1,1,53,0,0,1,0,0,1,0,0,0,0,0,0,0,0,1,1,0,0,0,0,0,0,0,0,0,0,0,0,1,0,0,0,0,0,0,0,0,0,0,0,1,0,1,0,0,0,1,0,0,0,0,0,0,1,0,0,1,0,0,0,0,0,1,1,0,0,1,0,0,1,0,0,1,1,1,0,0,0,0,0,0,"0",5,4,5,5,4,5,5,2,1,2,4,4,3,3,3,4,4,3,4,4,1,1,3,4,1,1,2,1,3,5,2,2,4,4,2,4,7,5,2,1,3,5,3,2,1,1,2,3,2,2,2,7,3,3,5,5,5,6,1,2,3,2,1,4,1,5,1,4,5,3,4,1,1,NA,NA,NA,NA,NA,NA,NA,NA,NA,NA,NA,NA,NA,NA,NA,NA,NA,NA,NA,NA,NA,NA,NA,NA,NA,NA,NA,NA,NA,NA,NA,NA,NA,NA,NA,NA,NA,NA,NA,NA,NA,NA,NA,NA,NA,NA,NA,NA,NA,NA,NA,NA,NA,NA,NA,NA,NA,NA,4,1,72,10,8,371,165,149,575,197,138,117,129,219,117,NA,NA,NA,230,37,326,5,2801,NA,"4/6/24 1:15",25,24,26,20,38,15,12,NA,NA,39,NA,14,33,23,15,48,37,32,24,27,8,38,NA,NA,NA,NA,6,7,6,15,5,1,15,NA
"8",272,NA,NA,"base","interview","4/7/24 8:33",1,0,21,21,0,0,1.15,-1,"",5,2,6,3,4,3,5,5,5,5,6,5,4,5,4,6,6,4,6,5,2,6,5,6,4,5,5,5,6,5,6,4,5,6,6,5,6,3,2,3,3,5,5,5,6,3,5,5,5,5,5,5,3,2,2,NA,NA,NA,NA,NA,NA,NA,NA,NA,NA,NA,NA,NA,NA,NA,NA,NA,NA,NA,4,4,5,3,4,4,4,5,3,3,4,8,2,7,1,3,5,6,10,9,1,1,5,5,5,5,5,5,1,5,7,8,1,5,2,6,3,4,10,9,2,2,2,1,2,1,2,2,1,2,2,2,2,2,2,1,1,2,2,2,1,1,2,2,2,1,1,2,2,1,1,2,1,2,2,2,2,1,1,1,1,2,2,1,1,2,1,2,2,2,1,2,2,1,1,2,1,2,1,1,2,2,2,2,2,1,2,1,1,1,1,2,2,1,2,2,1,2,1,1,1,4,5,5,4,3,4,4,4,4,3,3,4,5,4,4,4,4,1,4,4,5,4,2,4,3,3,4,4,4,4,4,3,4,4,4,4,4,4,3,3,2,4,2,3,7,6,6,6,5,5,7,7,6,6,6,7,7,7,8,7,6,5,6,6,6,6,6,5,2,2,1,3,7,5,5,4,5,5,5,5,4,4,16,2,2,1,1,2,1,1,1,1,"",1,1,31,NA,"2",1,1,1,1,2,1,1,1,1,2,1,1,1,1,1,1,1,1,2,1,1,1,1,1,1,1,1,1,1,1,1,1,2,1,3,3,3,5,3,5,5,4,4,1,1,1,1,2,1,1,1,1,1,1,1,2,1,1,1,1,1,1,1,2,1,1,1,4,4,4,1,1,1,1,1,1,2,1,1,1,1,1,1,1,1,1,2,"Unsure",1,2,1,1,1,1,1,1,1,1,1,"5' 2""","125",1,2,1,1,2,1,1,2,1,1,2,1,1,2,1,2,1,1,2,1,1,1,2,1,2,1,1,1,2,1,1,2,1,1,2,1,2,1,1,2,1,1,2,1,1,2,1,1,2,1,1,2,1,1,2,1,1,1,2,1,2,1,1,1,2,1,2,1,1,1,2,1,2,1,1,1,2,1,1,2,1,2,1,1,2,1,1,46,0,0,1,1,1,0,0,0,0,0,1,1,0,0,1,0,0,0,0,1,0,0,0,0,1,1,1,1,1,0,1,0,0,1,1,1,0,1,1,1,1,1,1,0,1,1,1,0,1,0,0,0,0,1,0,0,1,0,1,1,1,1,1,1,0,0,0,1,0,1,1,1,1,0,1,0,0,0,1,0,1,"0",4,NA,NA,NA,NA,NA,NA,NA,NA,NA,NA,NA,NA,NA,NA,NA,NA,NA,NA,NA,NA,NA,NA,NA,NA,NA,NA,NA,NA,NA,NA,NA,NA,NA,NA,NA,NA,NA,NA,NA,NA,NA,NA,NA,NA,NA,NA,NA,NA,NA,NA,NA,NA,NA,NA,NA,NA,NA,NA,NA,NA,NA,NA,NA,NA,NA,NA,NA,NA,NA,NA,NA,NA,6,6,5,6,6,5,5,6,3,2,3,5,4,5,4,5,5,3,5,3,6,4,4,3,3,2,4,4,5,4,4,4,4,3,5,3,2,4,3,5,4,3,1,4,4,4,6,2,6,3,3,5,2,5,3,5,5,2,4,1,18,7,3,213,82,52,365,2510,53,89,NA,NA,NA,115,36,77,207,22,202,16,1723,NA,"4/7/24 9:40",23,32,32,32,30,28,27,NA,NA,32,NA,23,26,37,16,33,NA,NA,NA,NA,NA,NA,65,40,76,88,5,5,5,13,12,5,18,NA
"9",360,NA,1083,"SONA","interview","4/9/24 1:12",1,0,21,21,1,0,0.78,-1,"",5,2,6,5,7,6,7,7,7,7,7,4,3,7,6,7,7,2,5,3,5,6,7,7,3,4,5,3,5,5,5,3,6,7,7,2,7,1,1,1,1,7,7,6,7,3,7,4,5,4,5,3,1,5,6,NA,NA,NA,NA,NA,NA,NA,NA,NA,NA,NA,NA,NA,NA,NA,NA,NA,NA,NA,4,5,5,5,5,4,3,5,5,5,9,10,4,6,3,5,8,7,2,1,5,5,5,2,2,1,1,1,4,5,2,3,4,7,6,8,10,9,5,1,1,2,2,1,1,1,1,1,1,1,1,1,1,2,2,2,1,2,2,1,2,1,1,1,1,1,1,2,2,2,2,2,2,1,2,2,1,1,1,2,2,1,2,2,1,1,1,1,2,2,1,1,1,1,2,2,1,2,1,2,1,1,1,1,2,2,2,1,1,1,1,1,2,1,2,1,1,1,1,1,1,4,2,5,3,1,5,4,5,1,5,4,2,5,4,4,3,4,4,5,5,5,4,5,2,2,4,5,5,5,4,4,4,3,2,4,1,2,1,5,3,2,4,5,4,6,5,8,4,2,2,5,1,2,4,2,1,2,4,6,4,2,1,6,5,2,3,6,6,7,7,-9,-9,7,7,5,2,2,5,2,3,2,3,18,2,1,1,2,1,1,1,1,1,"",1,1,18,NA,"14",1,1,2,1,1,1,1,1,1,1,1,1,1,2,1,1,1,1,2,1,1,1,1,2,1,1,1,1,1,1,1,1,1,1,6,6,4,2,6,1,6,1,7,1,2,1,1,1,1,1,1,2,1,1,1,1,1,1,1,2,1,1,1,1,1,1,1,5,5,4,1,1,1,1,1,1,2,1,1,1,1,1,1,1,2,1,1,"",1,2,1,1,1,1,1,1,1,1,1,"170 cm","132.28 lbs",1,2,1,1,2,1,1,2,1,1,2,1,2,1,1,1,2,1,2,1,1,1,2,1,1,2,1,2,1,1,2,1,1,1,2,1,2,1,1,1,2,1,2,1,1,1,2,1,2,1,1,1,2,1,2,1,1,2,1,1,1,2,1,1,2,1,1,2,1,1,2,1,2,1,1,1,2,1,1,2,1,1,2,1,2,1,1,31,0,0,1,1,0,0,0,0,0,0,0,1,1,0,0,0,1,0,0,0,0,0,0,0,1,1,1,0,1,0,0,0,0,0,0,1,0,0,1,1,0,0,1,0,0,0,0,0,0,0,0,0,0,1,1,1,1,0,0,0,1,0,0,1,1,1,0,1,1,1,0,0,0,1,0,0,0,0,0,0,0,"0",3,NA,NA,NA,NA,NA,NA,NA,NA,NA,NA,NA,NA,NA,NA,NA,NA,NA,NA,NA,NA,NA,NA,NA,NA,NA,NA,NA,NA,NA,NA,NA,NA,NA,NA,NA,NA,NA,NA,NA,NA,NA,NA,NA,NA,NA,NA,NA,NA,NA,NA,NA,NA,NA,NA,NA,NA,NA,NA,NA,NA,NA,NA,NA,NA,NA,NA,NA,NA,NA,NA,NA,NA,5,6,6,7,7,3,4,7,3,5,6,5,5,6,5,2,6,3,3,6,6,6,4,2,3,6,5,6,6,6,6,3,6,5,7,4,4,4,4,5,5,4,2,4,4,4,6,3,6,3,4,5,5,7,3,4,6,1,5,1,15,8,12,310,127,105,444,229,75,111,NA,NA,NA,199,88,209,374,37,255,22,2620,NA,"4/9/24 1:56",24,24,35,32,29,33,21,NA,NA,42,NA,20,33,24,21,34,NA,NA,NA,NA,NA,NA,63,38,48,89,2,1,1,10,22,1,11,NA
"10",375,NA,858,"SONA","interview","4/9/24 5:16",1,0,21,21,0,0,1.06,-1,"",5,6,5,4,5,3,5,6,5,5,5,5,5,5,5,6,6,3,3,3,3,5,5,5,4,5,4,5,5,5,5,3,5,4,5,3,6,2,2,2,2,6,6,6,6,2,6,6,6,4,4,3,5,5,5,NA,NA,NA,NA,NA,NA,NA,NA,NA,NA,NA,NA,NA,NA,NA,NA,NA,NA,NA,4,2,5,3,4,3,3,4,4,5,7,10,2,9,6,8,5,3,4,1,3,1,5,5,5,1,1,1,1,5,5,10,2,4,3,9,8,7,6,1,1,2,2,1,1,1,1,1,1,1,1,1,1,2,2,2,1,2,2,1,1,2,1,1,1,1,2,2,2,2,1,2,1,1,1,1,1,2,1,1,2,2,2,1,1,1,2,2,1,1,1,1,1,1,2,2,1,2,2,2,1,1,2,1,2,2,2,2,1,1,1,1,1,1,2,2,1,1,1,1,1,2,3,5,2,2,5,5,4,5,5,2,1,5,3,4,3,3,2,4,4,4,2,4,3,3,2,2,5,3,4,5,4,5,5,3,2,3,3,4,4,3,4,2,2,9,7,8,6,4,4,9,6,3,7,6,6,8,8,8,8,8,5,5,6,7,7,4,3,7,7,3,3,3,7,7,7,7,7,7,7,7,7,20,1,2,1,1,1,2,1,1,1,"",1,1,19,NA,"11",1,1,2,1,1,1,1,1,1,1,2,1,1,2,1,1,2,2,1,1,1,1,1,1,2,1,1,1,1,1,1,1,1,1,5,2,1,3,5,6,4,4,5,1,2,1,1,1,1,1,1,1,1,2,1,1,1,1,1,1,1,1,2,1,1,1,1,6,6,5,1,1,1,1,1,1,2,1,1,1,2,1,1,1,1,1,1,"",1,2,1,1,1,1,1,1,1,1,1,"5'2","118",1,2,1,2,1,1,2,1,1,1,2,1,2,1,1,2,1,1,2,1,1,1,2,1,1,2,1,1,2,1,2,1,1,1,2,1,1,2,1,1,2,1,2,1,1,1,2,1,1,2,1,2,1,1,2,1,1,2,1,1,2,1,1,2,1,1,2,1,1,1,2,1,2,1,1,1,2,1,2,1,1,1,2,1,2,1,1,31,0,0,1,0,0,0,0,0,0,0,0,1,1,0,0,0,0,1,0,0,0,0,1,0,0,0,0,0,0,0,0,0,0,0,0,0,0,1,0,0,0,0,1,0,1,1,1,1,0,0,0,0,0,1,1,0,0,0,0,0,1,0,1,1,1,1,0,0,1,1,0,0,0,1,1,0,0,0,1,0,0,"",4,1,2,2,2,2,3,5,1,5,5,5,5,5,2,1,5,2,5,2,2,7,7,7,7,5,3,7,4,7,5,7,4,6,5,6,7,7,4,4,4,5,4,5,7,4,4,4,4,4,4,2,4,5,4,3,5,3,1,7,5,4,1,4,2,7,3,7,5,5,4,3,4,NA,NA,NA,NA,NA,NA,NA,NA,NA,NA,NA,NA,NA,NA,NA,NA,NA,NA,NA,NA,NA,NA,NA,NA,NA,NA,NA,NA,NA,NA,NA,NA,NA,NA,NA,NA,NA,NA,NA,NA,NA,NA,NA,NA,NA,NA,NA,NA,NA,NA,NA,NA,NA,NA,NA,NA,NA,NA,4,1,43,7,2,209,103,105,423,152,82,80,103,242,70,NA,NA,NA,186,43,235,15,2064,NA,"4/9/24 5:51",20,20,30,30,21,29,28,NA,NA,36,NA,15,33,35,13,34,28,34,28,28,15,43,NA,NA,NA,NA,2,3,4,9,13,6,15,NA
"11",403,NA,1062,"SONA","interview","4/9/24 16:04",1,0,21,21,1,1,0.9,-1,"",5,4,5,4,1,6,4,6,4,7,6,6,6,4,4,5,6,4,6,6,5,3,4,4,4,5,6,5,6,7,6,2,7,1,6,6,6,2,2,2,2,6,6,6,6,2,6,6,6,6,6,3,3,5,3,NA,NA,NA,NA,NA,NA,NA,NA,NA,NA,NA,NA,NA,NA,NA,NA,NA,NA,NA,5,3,4,3,4,4,3,3,2,4,3,7,5,6,2,4,10,9,8,1,2,2,5,5,5,5,2,2,1,3,7,6,1,2,3,4,8,9,10,5,2,2,2,1,2,1,2,2,1,1,2,1,1,2,1,2,1,2,2,2,2,1,1,2,1,1,1,2,2,1,1,1,1,2,2,2,2,1,1,2,2,2,2,1,1,2,2,1,1,2,1,2,1,1,1,1,1,1,1,1,1,1,1,1,1,2,2,2,1,1,1,1,1,1,1,2,1,2,2,2,1,2,1,4,1,1,3,4,4,1,3,1,3,5,5,5,3,3,3,5,1,5,4,3,1,3,4,5,3,3,1,1,5,3,3,1,4,3,3,5,3,3,3,4,4,7,5,5,5,5,2,5,7,5,5,5,2,5,5,5,5,5,5,1,4,5,4,4,4,4,4,1,1,1,7,4,4,4,4,4,4,4,4,21,2,2,1,2,1,1,1,1,1,"",1,1,18,NA,"",1,1,2,1,1,1,1,1,1,1,2,1,1,1,1,1,1,2,1,1,1,1,1,1,1,1,1,1,1,1,1,1,2,1,3,2,4,5,3,4,7,4,5,1,1,2,1,1,1,1,1,1,1,1,1,2,1,1,1,1,1,1,1,2,1,1,1,1,1,1,1,1,2,1,1,1,1,1,1,1,1,1,1,1,1,1,2,"Buddism",1,2,1,1,1,1,1,1,1,1,1,"5'4","132",1,2,1,2,1,1,2,1,1,2,1,1,2,1,1,2,1,1,1,2,1,1,2,1,2,1,1,1,2,1,1,2,1,2,1,1,2,1,1,1,2,1,2,1,1,1,2,1,1,2,1,1,2,1,2,1,1,1,2,1,1,2,1,2,1,1,1,2,1,1,2,1,1,2,1,1,2,1,1,2,1,1,2,1,2,1,1,35,0,0,1,1,0,0,0,0,1,0,1,1,1,0,1,0,1,0,0,1,0,0,0,1,1,1,1,1,1,1,1,0,0,1,0,1,1,1,1,1,0,0,0,0,0,1,1,1,0,0,0,1,0,1,0,0,1,0,0,0,1,0,1,1,0,0,0,0,0,0,0,0,1,1,1,0,0,0,0,1,0,"0",5,NA,NA,NA,NA,NA,NA,NA,NA,NA,NA,NA,NA,NA,NA,NA,NA,NA,NA,NA,NA,NA,NA,NA,NA,NA,NA,NA,NA,NA,NA,NA,NA,NA,NA,NA,NA,NA,NA,NA,NA,NA,NA,NA,NA,NA,NA,NA,NA,NA,NA,NA,NA,NA,NA,NA,NA,NA,NA,NA,NA,NA,NA,NA,NA,NA,NA,NA,NA,NA,NA,NA,NA,1,1,1,1,1,1,1,1,4,1,6,3,1,3,1,1,1,-9,1,1,1,-9,7,1,4,1,1,7,4,1,1,7,1,1,1,1,5,5,5,5,3,1,3,3,3,3,4,4,4,4,4,4,4,4,4,4,4,4,6,1,16,7,8,490,139,119,1349,486,64,203,NA,NA,NA,853,110,36,287,10,238,16,2537,NA,"4/9/24 17:18",20,28,25,37,30,31,26,NA,NA,36,NA,23,31,28,21,29,NA,NA,NA,NA,NA,NA,48,28,106,16,3,5,5,11,12,4,8,NA
"12",414,NA,875,"SONA","interview","4/9/24 19:42",1,0,21,21,0,0,1.01,-1,"",3,4,1,1,7,2,1,6,6,6,5,4,3,4,6,4,5,4,5,4,4,6,6,6,4,4,3,7,4,4,5,4,4,7,7,7,7,1,1,1,1,7,7,4,6,6,3,4,5,5,7,1,6,3,1,7,7,1,1,1,1,4,2,2,2,6,7,1,NA,NA,NA,NA,NA,NA,5,5,5,4,4,4,1,5,4,5,7,8,3,4,5,6,10,2,9,1,5,5,5,5,5,5,1,5,5,5,7,8,4,5,6,9,10,1,2,3,2,2,2,1,2,1,2,1,1,1,2,1,2,2,2,2,1,2,2,1,1,1,1,2,1,1,2,2,1,1,1,2,1,1,2,1,2,2,1,2,1,2,1,2,1,1,2,1,1,2,1,2,2,1,2,2,1,1,2,2,2,2,2,1,2,1,2,1,1,1,1,1,1,1,1,2,1,1,1,1,1,3,3,5,1,5,5,5,2,5,5,5,2,5,3,5,5,5,1,1,5,5,5,1,5,5,5,3,5,2,3,5,5,5,5,5,1,1,4,5,3,4,4,2,1,9,9,9,5,5,5,9,9,7,9,9,9,9,9,3,9,1,1,5,7,7,7,7,1,7,7,1,7,7,5,7,7,7,7,7,7,4,4,21,1,2,1,1,1,1,2,1,1,"",1,1,19,NA,"10",1,1,1,2,1,1,1,1,1,1,2,1,1,2,1,1,2,1,1,2,1,1,1,1,1,1,1,1,1,2,1,1,1,1,7,6,6,1,7,6,7,7,7,1,1,1,1,1,1,2,1,1,1,1,1,1,2,1,1,2,1,1,1,1,1,1,1,5,5,5,1,1,1,1,1,1,1,2,1,1,1,2,1,1,1,1,1,"",1,1,2,1,1,1,1,1,1,1,1,"5'6","130",2,1,1,1,2,1,1,2,1,2,1,1,1,2,1,1,2,1,2,1,1,2,1,1,2,1,1,1,2,1,2,1,1,1,2,1,2,1,1,1,2,1,2,1,1,1,2,1,1,2,1,2,1,1,1,2,1,1,2,1,2,1,1,1,2,1,1,2,1,1,2,1,1,2,1,1,2,1,1,2,1,2,1,1,2,1,1,36,0,0,1,0,0,0,0,0,0,0,1,1,0,0,0,0,0,0,0,1,0,0,0,0,0,0,0,0,1,0,0,0,0,1,0,0,0,0,0,0,1,1,0,0,0,0,0,0,0,0,0,0,0,1,0,0,1,0,1,1,1,0,1,1,1,1,0,0,1,0,1,0,0,0,1,0,0,1,1,0,0,"",2,2,2,1,4,4,4,4,4,3,5,5,5,5,1,1,5,1,5,1,7,7,7,7,1,7,4,7,7,7,7,7,7,4,7,7,7,7,7,1,7,7,1,7,6,1,1,4,1,4,1,1,1,1,7,1,7,1,1,7,7,1,1,4,1,4,1,1,1,5,7,1,1,NA,NA,NA,NA,NA,NA,NA,NA,NA,NA,NA,NA,NA,NA,NA,NA,NA,NA,NA,NA,NA,NA,NA,NA,NA,NA,NA,NA,NA,NA,NA,NA,NA,NA,NA,NA,NA,NA,NA,NA,NA,NA,NA,NA,NA,NA,NA,NA,NA,NA,NA,NA,NA,NA,NA,NA,NA,NA,5,1,12,15,5,346,132,102,391,161,58,125,101,170,75,NA,NA,NA,440,31,173,7,2084,NA,"4/9/24 20:21",28,27,33,24,34,27,20,31,9,42,NA,22,39,42,7,35,33,33,19,31,12,52,NA,NA,NA,NA,7,6,1,20,26,6,11,NA
"13",454,NA,851,"SONA","interview","4/10/24 16:02",1,0,21,21,0,0,1.39,-1,"",2,1,1,7,7,7,1,5,6,5,4,4,4,4,4,5,6,2,6,4,4,4,6,6,2,5,5,6,6,6,6,4,6,5,6,5,7,1,1,1,1,7,7,4,6,3,5,5,6,4,4,4,5,3,3,7,7,1,1,1,1,2,1,2,1,1,6,1,NA,NA,NA,NA,NA,NA,4,3,5,3,4,3,1,5,5,5,5,7,4,9,6,8,10,1,3,2,4,4,4,4,5,5,2,1,1,4,6,7,4,5,1,2,8,10,9,3,2,2,2,1,2,1,2,1,1,1,1,1,1,2,2,2,1,2,1,1,1,2,1,2,1,1,1,1,1,1,1,2,1,1,2,1,2,1,1,2,2,2,2,2,1,2,1,1,2,2,1,2,2,1,2,2,1,2,1,2,2,2,2,1,2,1,2,2,1,1,2,1,1,1,2,1,1,2,1,2,1,4,1,4,1,4,2,4,1,3,4,4,1,5,4,1,4,4,1,4,3,3,4,1,4,3,3,1,4,2,4,1,4,5,4,4,4,2,3,3,3,2,4,3,1,8,6,4,6,6,6,8,5,5,3,7,7,8,8,2,6,5,5,5,5,5,5,5,3,6,6,3,7,7,4,4,-9,5,5,5,5,5,3,23,2,2,1,1,1,1,2,1,1,"",1,1,18,NA,"2 months ",1,1,2,1,1,1,1,1,1,2,1,1,1,1,1,1,1,2,1,1,1,1,1,1,1,1,1,1,1,1,1,1,2,1,5,2,3,4,4,6,6,1,6,2,1,1,1,1,1,1,1,1,1,1,2,1,1,1,1,1,1,2,1,1,1,1,1,2,3,2,2,1,1,1,1,1,1,1,1,2,1,1,1,1,1,1,1,"",1,1,1,1,1,1,2,1,1,1,1,"5,1","145",1,2,1,1,2,1,2,1,1,2,1,1,1,2,1,2,1,1,2,1,1,2,1,1,2,1,1,1,2,1,2,1,1,1,2,1,2,1,1,1,2,1,2,1,1,1,2,1,1,2,1,1,2,1,2,1,1,2,1,1,2,1,1,1,2,1,2,1,1,1,2,1,1,2,1,1,2,1,2,1,1,2,1,1,1,2,1,38,0,0,1,0,0,0,0,0,0,0,0,0,1,0,0,0,0,1,0,1,0,0,0,0,0,1,0,0,1,0,0,0,1,1,0,1,0,0,1,0,1,1,0,0,1,0,1,1,0,0,0,0,0,1,0,0,1,0,1,1,1,0,1,1,0,0,0,0,1,1,0,0,0,1,1,0,0,1,0,0,0,"0",5,NA,NA,NA,NA,NA,NA,NA,NA,NA,NA,NA,NA,NA,NA,NA,NA,NA,NA,NA,NA,NA,NA,NA,NA,NA,NA,NA,NA,NA,NA,NA,NA,NA,NA,NA,NA,NA,NA,NA,NA,NA,NA,NA,NA,NA,NA,NA,NA,NA,NA,NA,NA,NA,NA,NA,NA,NA,NA,NA,NA,NA,NA,NA,NA,NA,NA,NA,NA,NA,NA,NA,NA,1,1,1,1,1,3,1,1,7,1,7,1,1,1,1,1,1,1,1,7,2,7,1,1,1,7,7,7,7,7,7,1,7,7,7,7,3,3,4,4,4,3,3,3,3,3,4,4,4,4,4,4,3,3,3,5,5,5,5,1,3,11,1,360,88,116,370,210,63,82,NA,NA,NA,119,38,63,177,24,226,5,1956,NA,"4/10/24 16:35",21,25,33,34,30,28,6,37,7,42,NA,31,39,39,14,29,NA,NA,NA,NA,NA,NA,50,31,19,20,1,4,3,10,14,6,11,NA
"15",461,NA,863,"SONA","interview","4/10/24 17:24",1,0,21,21,0,0,1.15,-1,"",5,1,1,1,7,6,1,5,4,6,6,4,4,6,6,6,5,4,4,5,5,5,5,6,3,4,4,4,3,3,4,5,3,5,6,5,5,7,7,1,1,7,7,6,6,4,5,5,5,5,7,6,2,2,2,NA,NA,NA,NA,NA,NA,NA,NA,NA,NA,NA,NA,NA,NA,NA,NA,NA,NA,NA,5,5,5,5,4,4,2,2,2,4,5,4,1,2,6,7,9,10,8,3,4,3,4,5,4,2,1,1,1,3,2,6,5,4,3,7,10,9,8,1,1,2,2,2,1,1,1,1,1,1,2,1,2,2,2,2,1,2,2,1,1,1,1,2,1,1,1,1,1,1,1,2,1,1,2,1,2,1,1,2,1,1,1,1,1,1,1,1,1,2,1,1,1,1,2,1,1,1,1,1,1,1,2,1,1,1,1,1,1,1,1,1,1,1,2,1,1,1,1,1,1,4,3,4,2,4,4,4,4,2,3,3,1,5,4,4,3,3,2,5,4,4,2,2,3,2,2,2,4,3,3,3,4,4,3,4,3,2,3,4,3,3,4,4,1,7,7,8,5,5,5,8,7,6,6,6,6,7,2,3,5,3,4,6,6,5,6,5,5,7,7,1,1,1,7,7,6,6,6,6,6,6,6,24,2,2,1,1,1,1,2,1,1,"",1,1,19,NA,"",1,1,1,2,1,1,1,1,1,1,1,1,1,2,1,1,1,1,1,2,1,1,1,1,1,1,1,1,1,1,2,1,1,1,5,4,3,3,5,4,1,4,4,1,1,1,2,1,1,1,1,1,1,1,2,1,1,1,1,1,1,2,1,1,1,1,1,5,5,5,1,1,1,1,1,1,1,2,1,1,2,1,1,1,1,1,1,"",1,2,1,1,1,1,1,1,1,1,1,"5 6'","120",1,2,1,1,2,1,2,1,1,2,1,1,2,1,1,2,1,1,2,1,1,1,2,1,2,1,1,2,1,1,2,1,1,2,1,1,2,1,1,2,1,1,2,1,1,1,2,1,1,2,1,2,1,1,2,1,1,2,1,1,2,1,1,2,1,1,1,2,1,1,2,1,1,2,1,1,2,1,1,2,1,1,2,1,2,1,1,19,0,0,1,1,1,0,0,0,0,0,0,1,1,0,1,0,0,0,0,0,0,0,0,0,0,1,0,0,1,0,1,0,1,0,0,1,0,0,0,1,0,0,0,0,0,0,1,1,0,0,0,0,0,1,0,0,1,0,0,0,0,0,1,1,1,0,0,0,1,1,1,0,0,0,0,0,0,0,0,0,0,"",4,NA,NA,NA,NA,NA,NA,NA,NA,NA,NA,NA,NA,NA,NA,NA,NA,NA,NA,NA,NA,NA,NA,NA,NA,NA,NA,NA,NA,NA,NA,NA,NA,NA,NA,NA,NA,NA,NA,NA,NA,NA,NA,NA,NA,NA,NA,NA,NA,NA,NA,NA,NA,NA,NA,NA,NA,NA,NA,NA,NA,NA,NA,NA,NA,NA,NA,NA,NA,NA,NA,NA,NA,1,1,1,1,1,1,1,1,1,1,1,1,1,1,1,1,1,1,1,1,1,1,1,1,1,1,1,1,1,1,1,1,1,1,1,1,3,3,3,4,4,3,3,4,3,3,5,5,4,5,4,5,3,3,4,5,5,3,8,1,29,13,2,241,96,99,392,154,79,65,NA,NA,NA,71,41,91,165,80,304,7,1876,NA,"4/10/24 17:56",25,36,31,22,30,27,13,NA,NA,28,NA,22,33,32,18,29,NA,NA,NA,NA,NA,NA,51,33,90,30,4,4,3,13,17,4,9,NA
"16",465,NA,1056,"SONA","interview","4/10/24 18:40",1,0,21,21,1,0,0.63,-1,"",5,5,4,4,6,6,3,4,4,4,4,3,3,6,3,4,4,6,4,4,6,2,6,6,5,2,2,2,2,2,3,6,3,6,7,6,6,2,2,2,2,6,6,4,4,4,5,5,5,4,4,4,5,5,5,NA,NA,NA,NA,NA,NA,NA,NA,NA,NA,NA,NA,NA,NA,NA,NA,NA,NA,NA,1,1,3,3,1,1,1,1,1,5,6,7,2,3,4,5,8,9,10,1,4,3,5,5,5,1,1,1,1,5,5,6,1,2,3,7,8,9,10,4,1,2,2,1,2,1,2,1,1,1,2,1,1,2,2,2,2,2,1,1,1,1,1,1,1,1,1,2,1,2,1,1,1,1,2,1,1,1,1,2,1,1,2,2,1,2,2,2,1,2,1,1,1,1,2,2,1,2,1,2,1,1,1,1,1,1,2,2,1,1,1,1,1,1,1,1,1,1,1,2,1,3,3,5,1,3,4,5,4,4,4,3,2,5,3,3,3,4,2,3,4,5,5,2,4,3,3,4,5,3,3,4,5,5,4,5,2,1,4,4,3,3,4,2,2,9,8,9,8,1,1,8,8,6,5,5,5,5,5,3,7,8,9,5,5,6,7,6,3,7,3,-9,-9,7,7,6,6,6,6,6,6,5,6,25,1,2,1,1,1,2,1,1,1,"",1,1,19,NA,"18",1,1,2,1,1,1,1,1,1,1,1,1,1,2,1,1,1,2,1,1,1,1,1,1,1,1,1,1,1,1,1,1,2,1,3,2,3,4,4,5,5,5,5,1,2,1,1,1,1,1,1,1,1,1,2,1,1,1,1,1,1,1,2,1,1,1,1,5,5,5,1,1,1,1,1,1,1,2,1,1,2,1,1,1,1,1,1,"",1,2,1,1,1,1,1,1,1,1,1,"5'8","190",2,1,1,1,2,1,1,2,1,2,1,1,1,2,1,1,2,1,1,2,1,1,2,1,2,1,1,2,1,1,2,1,1,2,1,1,2,1,1,1,2,1,2,1,1,1,2,1,2,1,1,1,2,1,2,1,1,2,1,1,1,2,1,2,1,1,1,2,1,1,2,1,1,2,1,1,2,1,1,2,1,2,1,1,2,1,1,27,0,0,1,1,0,1,0,0,0,0,1,0,1,1,0,0,0,0,0,0,0,0,0,0,0,0,0,0,0,0,0,0,1,1,0,1,1,1,0,0,0,0,0,0,0,0,0,1,0,0,0,1,0,1,1,0,1,0,0,0,1,0,0,1,1,0,0,0,1,0,0,0,0,0,0,0,0,0,0,0,0,"0",2,3,3,1,1,1,1,3,1,1,5,4,5,5,1,1,5,1,5,3,3,7,7,7,7,3,5,7,1,5,5,7,6,7,4,4,7,7,7,7,2,1,4,2,2,2,1,5,4,2,4,1,4,6,6,3,7,1,1,6,3,2,1,5,3,5,2,1,7,6,6,1,1,NA,NA,NA,NA,NA,NA,NA,NA,NA,NA,NA,NA,NA,NA,NA,NA,NA,NA,NA,NA,NA,NA,NA,NA,NA,NA,NA,NA,NA,NA,NA,NA,NA,NA,NA,NA,NA,NA,NA,NA,NA,NA,NA,NA,NA,NA,NA,NA,NA,NA,NA,NA,NA,NA,NA,NA,NA,NA,4,1,12,16,23,435,209,168,707,173,99,134,149,322,98,NA,NA,NA,315,63,374,77,3288,NA,"4/10/24 19:36",21,21,23,15,33,26,20,NA,NA,36,NA,19,37,38,11,29,20,34,25,26,11,57,NA,NA,NA,NA,2,4,4,10,12,5,7,NA
"17",483,NA,871,"SONA","interview","4/10/24 21:03",1,0,21,21,0,0,1.6,-1,"",3,4,2,4,6,5,4,5,5,4,5,6,5,6,3,6,5,6,6,5,6,4,1,4,5,4,5,5,6,6,6,4,5,6,6,6,6,2,3,2,2,6,6,5,6,2,5,6,5,5,5,5,3,3,3,7,7,1,7,7,7,7,7,7,7,1,5,1,NA,NA,NA,NA,NA,NA,4,3,4,3,3,2,2,4,2,3,3,7,1,5,4,9,8,2,10,6,2,2,4,4,4,4,4,1,1,3,6,9,2,4,1,7,3,8,10,5,1,2,2,2,2,1,1,1,1,1,1,1,1,2,2,2,2,2,2,2,1,1,1,2,1,1,1,2,2,2,1,2,2,1,2,1,2,2,1,2,1,2,1,2,2,1,2,1,1,2,1,2,2,1,2,2,1,2,1,1,2,2,2,1,2,2,2,1,1,1,1,1,1,2,2,2,1,2,1,2,1,1,1,3,3,4,4,4,3,3,4,2,1,3,4,4,3,4,2,5,5,5,4,4,3,3,2,2,3,4,3,4,3,4,4,3,1,3,4,4,4,2,3,4,3,6,7,5,2,4,2,7,8,1,4,5,4,4,4,7,7,6,6,4,4,5,5,5,3,6,6,1,5,7,5,3,3,1,5,5,5,3,1,26,1,1,1,1,1,1,2,1,1,"",1,1,18,NA,"12",1,1,1,2,1,1,1,1,1,1,1,2,1,2,1,1,2,1,2,1,1,1,1,1,1,1,1,1,1,2,1,1,1,1,5,3,3,4,4,3,6,2,4,2,1,1,1,1,1,1,1,1,1,2,1,1,1,1,1,1,2,1,1,1,1,1,1,5,5,5,1,1,1,1,1,1,1,2,1,1,1,1,1,1,1,2,1,"",1,1,1,1,2,1,1,1,1,1,1,"5'10","203",1,2,1,1,2,1,1,2,1,2,1,1,2,1,1,2,1,1,2,1,1,1,2,1,2,1,1,2,1,1,2,1,1,1,2,1,2,1,1,2,1,1,2,1,1,1,2,1,2,1,1,2,1,1,2,1,1,1,2,1,1,2,1,2,1,1,1,2,1,1,2,1,2,1,1,2,1,1,2,1,1,1,2,1,1,2,1,42,1,1,1,0,0,0,0,0,0,0,0,1,1,0,0,0,0,0,0,0,0,0,0,0,1,1,0,0,1,0,1,1,0,1,1,0,1,0,0,0,1,1,0,0,0,0,1,0,0,0,0,0,0,1,1,1,1,0,1,1,0,0,1,1,1,1,0,0,0,1,0,0,1,0,1,0,0,0,0,0,0,"0",2,4,4,4,4,4,4,2,3,3,3,5,5,5,1,1,4,4,4,3,2,2,2,3,3,2,2,2,1,1,2,3,4,2,5,5,3,5,5,7,5,4,4,4,4,4,4,4,4,4,4,4,4,4,4,4,3,5,3,5,6,2,5,3,3,4,3,6,5,2,4,3,5,NA,NA,NA,NA,NA,NA,NA,NA,NA,NA,NA,NA,NA,NA,NA,NA,NA,NA,NA,NA,NA,NA,NA,NA,NA,NA,NA,NA,NA,NA,NA,NA,NA,NA,NA,NA,NA,NA,NA,NA,NA,NA,NA,NA,NA,NA,NA,NA,NA,NA,NA,NA,NA,NA,NA,NA,NA,NA,7,1,4,10,1,302,93,87,415,195,54,75,104,95,30,NA,NA,NA,186,18,164,4,1837,NA,"4/10/24 21:34",21,30,23,31,35,30,19,38,42,35,NA,14,35,28,18,37,35,30,28,28,23,34,NA,NA,NA,NA,1,3,2,10,15,3,9,NA
"18",488,NA,894,"SONA","interview","4/10/24 21:18",1,0,21,21,0,0,1.88,-1,"",5,4,3,7,3,4,1,1,7,3,3,4,2,5,7,4,4,3,4,6,7,1,4,3,6,5,1,4,4,4,4,6,1,5,6,7,1,1,4,3,4,3,4,5,4,4,3,4,3,2,3,4,3,3,4,NA,NA,NA,NA,NA,NA,NA,NA,NA,NA,NA,NA,NA,NA,NA,NA,NA,NA,NA,3,3,3,4,1,5,1,1,1,1,1,9,5,6,4,2,10,7,8,3,5,3,3,2,5,5,3,1,1,1,5,3,6,4,7,1,2,9,10,8,1,2,2,2,2,1,2,2,1,1,1,1,1,2,2,1,2,1,2,2,1,1,2,2,1,2,1,1,1,2,1,2,1,2,1,2,1,2,1,2,1,1,1,2,1,2,2,1,1,1,1,2,2,1,1,2,2,2,1,1,2,2,2,2,2,1,2,1,1,1,2,1,1,1,2,1,2,1,1,2,1,4,3,3,2,3,2,2,2,2,4,2,2,2,3,2,2,3,3,3,2,2,2,3,2,2,1,1,1,4,1,4,1,1,1,1,1,1,1,2,3,3,4,4,1,8,6,7,5,1,1,1,9,6,8,6,3,1,1,1,1,1,1,4,2,3,2,5,6,3,2,1,2,3,4,5,6,5,4,3,3,2,1,26,2,1,1,1,2,1,1,1,1,"",1,1,19,NA,"Too many have passed to remember ",1,1,1,2,1,1,1,1,1,1,1,1,1,2,1,1,1,1,1,1,2,1,1,2,1,1,1,1,1,1,1,1,1,1,2,1,1,7,1,2,4,1,2,1,1,2,1,1,1,1,1,1,1,1,1,2,1,1,1,1,1,1,1,2,1,1,1,5,5,5,1,1,1,1,1,1,1,2,1,2,1,1,1,1,1,1,1,"",1,2,1,1,1,1,1,1,1,1,1,"6ft","165",1,2,1,2,1,1,1,2,1,2,1,1,1,2,1,2,1,1,2,1,1,2,1,1,1,2,1,2,1,1,2,1,1,1,2,1,2,1,1,2,1,1,1,2,1,1,2,1,2,1,1,1,2,1,2,1,1,2,1,1,2,1,1,2,1,1,2,1,1,1,2,1,2,1,1,1,2,1,1,2,1,1,2,1,2,1,1,38,0,0,1,1,1,0,0,1,1,0,0,1,0,1,1,1,1,0,1,1,0,0,0,1,1,1,1,1,1,1,1,0,0,0,1,1,1,0,0,0,0,1,0,1,1,1,1,1,0,0,0,0,0,1,0,1,1,0,1,1,0,0,1,1,1,0,0,0,0,1,0,0,0,0,0,0,0,0,0,0,0,"0",2,NA,NA,NA,NA,NA,NA,NA,NA,NA,NA,NA,NA,NA,NA,NA,NA,NA,NA,NA,NA,NA,NA,NA,NA,NA,NA,NA,NA,NA,NA,NA,NA,NA,NA,NA,NA,NA,NA,NA,NA,NA,NA,NA,NA,NA,NA,NA,NA,NA,NA,NA,NA,NA,NA,NA,NA,NA,NA,NA,NA,NA,NA,NA,NA,NA,NA,NA,NA,NA,NA,NA,NA,1,1,1,1,1,1,1,2,2,1,2,1,2,3,2,1,2,3,2,1,1,4,4,2,1,1,1,1,5,5,6,6,5,4,3,2,5,3,3,3,2,1,1,1,1,1,2,2,3,2,3,4,5,1,1,1,1,1,5,1,5,7,2,254,74,77,280,77,42,35,NA,NA,NA,59,30,18,145,36,64,5,1210,NA,"4/10/24 21:39",27,23,18,19,35,19,18,NA,NA,24,NA,20,29,20,16,26,NA,NA,NA,NA,NA,NA,46,21,74,36,3,5,5,11,5,2,15,NA
"19",489,NA,1108,"SONA","interview","4/11/24 0:20",1,0,21,21,0,0,0.94,-1,"",2,1,1,1,1,7,1,4,3,2,4,4,5,5,2,6,7,1,3,2,2,4,3,5,5,2,7,6,7,7,7,2,7,4,4,4,5,2,2,3,2,6,6,6,6,3,4,5,5,2,2,2,2,5,5,7,7,1,7,7,7,5,6,4,5,1,2,1,NA,NA,NA,NA,NA,NA,4,2,4,3,5,3,1,5,2,3,5,6,4,7,2,8,10,1,9,3,3,3,4,5,5,5,5,1,3,5,8,7,3,4,2,5,6,10,9,1,2,2,2,1,2,1,2,2,1,1,2,1,2,2,2,2,1,2,2,1,1,2,1,2,2,1,2,2,2,2,1,2,1,2,2,2,2,2,1,2,2,2,2,2,2,2,1,2,2,2,1,2,2,1,2,2,1,2,2,2,2,2,2,1,2,1,2,1,1,1,1,1,1,1,2,2,1,2,1,2,1,3,2,4,4,3,2,4,5,3,4,2,1,5,4,4,3,5,4,5,4,3,2,3,2,3,1,3,1,5,5,4,3,3,4,4,3,4,5,5,5,1,3,5,1,7,4,3,2,5,4,7,6,5,7,9,2,2,3,9,7,5,5,5,5,3,3,5,3,4,3,1,7,1,7,4,2,4,5,3,5,2,1,27,1,2,1,1,1,1,2,1,1,"",1,1,19,NA,"When i was 5, 2 died, and when i was 9, 1 died",1,1,1,2,1,1,1,1,1,1,2,1,1,2,1,1,2,1,2,1,1,1,1,1,1,1,1,1,1,2,1,1,1,1,3,3,3,4,4,4,6,3,3,1,1,1,1,2,1,1,1,1,1,1,1,1,2,1,1,1,1,1,1,1,2,1,1,7,7,7,1,1,1,2,1,1,1,1,1,1,1,1,1,1,1,2,1,"",1,1,1,1,1,2,1,1,1,1,1,"5'7","140",1,2,1,2,1,1,1,2,1,1,2,1,1,2,1,1,2,1,2,1,1,1,2,1,2,1,1,2,1,1,2,1,1,1,2,1,2,1,1,2,1,1,1,2,1,1,2,1,1,2,1,1,2,1,2,1,1,2,1,1,2,1,1,1,2,1,2,1,1,2,1,1,2,1,1,1,2,1,1,2,1,1,2,1,1,2,1,52,1,1,1,1,1,1,0,1,0,0,0,1,0,0,0,0,0,1,0,0,1,0,0,0,0,1,0,1,1,0,0,1,0,0,0,1,0,1,1,1,1,1,0,0,1,0,1,0,0,0,0,0,0,1,0,0,1,0,0,0,1,0,1,1,1,0,0,0,0,1,0,0,1,1,0,0,0,0,1,0,0,"'0 ",3,1,3,2,3,4,3,2,1,3,4,5,5,5,1,1,5,1,5,3,4,3,6,6,1,5,4,1,3,5,5,6,5,2,5,6,7,6,6,3,2,2,7,7,1,2,4,4,4,3,2,2,2,6,4,2,4,4,2,5,2,2,2,3,2,3,2,5,4,3,4,3,5,NA,NA,NA,NA,NA,NA,NA,NA,NA,NA,NA,NA,NA,NA,NA,NA,NA,NA,NA,NA,NA,NA,NA,NA,NA,NA,NA,NA,NA,NA,NA,NA,NA,NA,NA,NA,NA,NA,NA,NA,NA,NA,NA,NA,NA,NA,NA,NA,NA,NA,NA,NA,NA,NA,NA,NA,NA,NA,4,1,25,11,4,299,141,133,430,127,69,77,93,199,78,NA,NA,NA,238,31,337,18,2310,NA,"4/11/24 0:59",25,18,27,37,19,25,18,41,36,34,NA,21,31,25,20,36,26,35,33,20,13,36,NA,NA,NA,NA,5,6,6,13,13,4,15,NA
"20",549,NA,865,"SONA","interview","4/12/24 1:18",1,0,21,21,9,9,0.74,-1,"",5,5,4,3,4,2,4,3,3,3,5,6,3,4,6,5,6,3,6,5,5,5,5,5,5,5,5,5,5,3,6,3,5,6,6,5,6,2,2,1,2,6,6,5,5,2,5,5,6,3,6,5,4,3,3,NA,NA,NA,NA,NA,NA,NA,NA,NA,NA,NA,NA,NA,NA,NA,NA,NA,NA,NA,3,3,4,3,4,2,2,3,4,5,4,5,3,6,2,10,9,8,7,1,1,1,4,4,5,3,1,1,1,4,6,7,4,3,1,5,10,9,8,2,2,2,2,1,2,1,1,1,1,1,1,1,1,2,2,2,1,2,2,2,2,1,1,2,1,1,2,2,1,2,1,2,1,1,2,2,1,1,1,1,2,2,2,2,2,2,1,1,2,2,1,1,1,1,2,2,1,1,1,2,1,1,2,1,2,2,2,2,1,1,1,1,2,1,1,2,1,2,1,2,1,4,4,4,3,3,5,4,4,2,4,2,3,4,4,2,1,4,3,2,4,4,4,4,2,3,3,2,4,4,4,4,4,4,2,4,2,4,2,4,3,2,4,2,3,7,5,5,4,3,3,7,5,4,4,3,6,8,3,3,4,7,6,4,5,3,5,4,3,7,4,1,4,7,6,5,5,4,3,4,4,3,2,27,2,2,1,1,1,2,2,1,1,"",1,2,19,NA,"My grandpa died when I was nine. And my grandma died when I was 16. ",1,1,1,2,1,1,1,1,1,1,2,1,1,2,1,1,2,2,1,1,1,1,1,1,1,1,2,1,1,1,1,1,1,1,3,1,1,6,2,4,2,2,3,1,1,1,1,2,1,1,1,1,1,2,1,1,1,1,1,1,1,1,1,2,1,1,1,5,5,5,1,1,1,1,1,1,1,2,1,1,1,1,1,1,1,1,2,"None",1,2,1,1,1,1,1,1,1,1,1,"5'8","190",1,2,1,1,2,1,1,2,1,1,2,1,1,2,1,2,1,1,2,1,1,1,2,1,2,1,1,2,1,1,1,2,1,1,2,1,2,1,1,2,1,1,2,1,1,1,2,1,2,1,1,2,1,1,2,1,1,2,1,1,2,1,1,1,2,1,2,1,1,1,2,1,2,1,1,1,2,1,1,2,1,1,2,1,1,2,1,38,0,0,1,0,0,0,0,0,0,0,0,1,1,0,0,0,0,0,0,1,0,0,1,1,0,0,0,0,1,1,0,0,1,1,1,1,0,0,0,0,0,0,0,0,0,0,0,1,0,0,0,0,0,1,0,0,0,0,0,0,0,0,1,1,0,0,0,1,0,0,0,0,1,1,0,0,0,0,0,0,0,"0",3,NA,NA,NA,NA,NA,NA,NA,NA,NA,NA,NA,NA,NA,NA,NA,NA,NA,NA,NA,NA,NA,NA,NA,NA,NA,NA,NA,NA,NA,NA,NA,NA,NA,NA,NA,NA,NA,NA,NA,NA,NA,NA,NA,NA,NA,NA,NA,NA,NA,NA,NA,NA,NA,NA,NA,NA,NA,NA,NA,NA,NA,NA,NA,NA,NA,NA,NA,NA,NA,NA,NA,NA,-9,-9,-9,-9,-9,5,-9,-9,-9,-9,2,-9,-9,-9,-9,-9,-9,-9,-9,-9,-9,-9,-9,-9,-9,-9,-9,-9,-9,-9,-9,-9,-9,-9,-9,-9,4,4,4,5,4,2,4,3,4,4,5,5,4,5,3,7,4,4,2,3,3,2,5,1,16,10,16,545,199,211,698,174,107,139,NA,NA,NA,82,45,91,419,70,428,17,3224,NA,"4/12/24 2:13",20,28,28,29,33,18,28,NA,NA,37,NA,17,31,29,17,32,NA,NA,NA,NA,NA,NA,53,32,150,-107,5,3,5,11,7,4,17,NA
"21",578,NA,1079,"SONA","interview","4/12/24 16:39",1,0,21,21,0,0,1.46,-1,"",5,5,5,3,7,5,3,6,3,5,7,6,5,3,3,7,5,2,3,5,2,5,5,5,3,5,5,6,7,5,5,3,7,5,5,3,5,5,3,5,3,6,5,7,7,3,7,5,5,6,6,7,2,2,2,NA,NA,NA,NA,NA,NA,NA,NA,NA,NA,NA,NA,NA,NA,NA,NA,NA,NA,NA,5,5,5,3,5,3,2,2,1,4,5,3,1,7,2,6,8,9,10,4,3,3,5,5,5,1,1,1,1,2,4,5,3,2,1,7,10,9,8,6,1,2,1,2,1,2,2,1,1,1,1,1,1,2,2,2,1,2,2,1,1,1,1,2,1,1,2,2,1,2,2,1,2,1,1,1,2,2,1,2,2,2,2,2,2,2,2,1,2,2,1,2,2,1,2,2,1,2,2,2,2,1,2,1,2,1,2,2,1,1,1,1,1,1,2,2,1,2,1,1,1,4,5,1,4,4,4,2,5,2,5,1,2,2,5,3,4,5,5,5,5,2,4,5,2,2,4,4,2,5,5,4,2,4,5,2,4,5,2,5,5,1,4,5,4,3,7,4,3,6,2,4,8,3,6,1,5,8,8,9,9,6,5,6,7,7,4,3,5,3,1,1,1,2,3,6,6,6,7,7,7,4,1,28,1,2,1,1,1,1,2,1,1,"",1,1,21,NA,"7",1,1,1,1,2,1,1,1,1,1,2,1,1,2,1,1,2,1,2,1,1,1,1,2,1,1,1,1,1,1,1,1,1,1,4,4,3,4,4,5,7,4,3,1,1,2,1,1,1,1,1,2,1,1,1,1,1,1,1,1,2,1,1,1,1,1,1,7,7,7,1,2,1,1,1,1,1,1,1,1,1,1,1,1,1,1,2,"N/a",1,2,1,1,1,1,1,1,1,1,1,"5'4","198",2,1,1,2,1,1,1,2,1,1,2,1,1,2,1,2,1,1,2,1,1,2,1,1,2,1,1,1,2,1,1,2,1,2,1,1,1,2,1,1,2,1,1,2,1,2,1,1,1,2,1,2,1,1,2,1,1,2,1,1,2,1,1,1,2,1,2,1,1,1,2,1,2,1,1,1,2,1,2,1,1,1,2,1,1,2,1,42,1,1,1,0,1,0,1,0,0,0,0,1,1,0,1,0,0,0,0,1,0,0,1,1,0,0,1,0,0,0,1,1,1,1,1,1,1,0,1,0,0,1,0,0,0,1,1,1,0,0,0,0,0,1,0,0,1,0,0,0,1,0,1,1,0,0,0,0,1,0,0,0,1,0,0,0,0,0,1,0,0,"0",2,4,3,3,5,5,5,2,4,4,4,2,4,4,4,2,3,2,4,5,1,3,5,7,1,3,2,1,2,5,4,6,7,3,5,3,7,5,6,1,7,5,7,4,5,3,7,5,7,4,6,1,1,1,1,2,3,5,2,4,7,4,3,3,3,1,1,2,7,4,3,5,5,NA,NA,NA,NA,NA,NA,NA,NA,NA,NA,NA,NA,NA,NA,NA,NA,NA,NA,NA,NA,NA,NA,NA,NA,NA,NA,NA,NA,NA,NA,NA,NA,NA,NA,NA,NA,NA,NA,NA,NA,NA,NA,NA,NA,NA,NA,NA,NA,NA,NA,NA,NA,NA,NA,NA,NA,NA,NA,4,1,6,6,1,150,105,95,402,141,94,220,62,121,54,NA,NA,NA,116,20,220,7,1820,NA,"4/12/24 17:09",24,37,33,34,23,27,22,NA,NA,27,NA,25,25,15,22,42,39,32,46,34,21,34,NA,NA,NA,NA,3,1,2,10,15,5,20,NA
"22",670,NA,895,"SONA","interview","4/14/24 20:00",1,0,21,21,1,0,1.37,-1,"",5,5,5,2,4,4,3,3,3,2,2,2,2,2,6,5,3,5,5,2,6,5,6,6,3,2,2,5,2,2,2,5,2,5,5,5,5,2,2,2,2,5,5,4,3,5,3,3,3,5,5,3,5,5,5,NA,NA,NA,NA,NA,NA,NA,NA,NA,NA,NA,NA,NA,NA,NA,NA,NA,NA,NA,3,3,3,4,2,2,4,5,4,5,10,9,5,2,6,7,4,3,8,1,5,1,5,4,4,3,1,1,1,1,4,10,2,3,1,6,8,7,9,5,2,2,2,1,2,1,1,1,1,1,1,1,1,2,2,2,2,1,2,2,1,1,1,2,1,2,1,2,2,2,1,2,1,1,1,1,2,2,1,2,2,2,1,2,2,2,2,1,1,2,1,2,2,1,2,2,1,2,1,2,2,2,2,1,2,1,2,1,1,1,1,1,1,1,1,2,1,1,1,1,1,4,2,4,1,2,4,4,4,2,5,4,1,5,2,2,3,5,2,2,4,3,4,1,4,2,2,2,4,2,2,2,4,4,4,5,4,2,4,2,4,2,4,2,2,5,7,7,3,3,3,8,6,2,5,9,5,5,5,3,3,5,6,5,5,4,5,7,3,7,7,4,4,1,4,4,5,5,5,3,3,2,2,28,2,1,1,1,1,1,2,2,1,"",1,2,19,NA,"14",1,1,2,1,1,1,1,1,1,1,2,1,1,1,1,1,1,1,1,2,1,1,1,1,1,1,1,1,1,1,2,1,1,1,3,1,1,5,3,6,6,6,6,1,1,1,2,1,1,1,1,1,2,1,1,1,1,1,1,1,1,2,1,1,1,1,1,5,5,5,1,1,1,1,1,1,2,1,1,1,1,1,1,1,1,2,1,"",1,2,1,1,1,1,1,1,1,1,1,"6ft","205",1,2,1,1,2,1,1,2,1,1,2,1,2,1,1,1,2,1,2,1,1,1,2,1,1,2,1,2,1,1,1,2,1,2,1,1,2,1,1,1,2,1,1,2,1,2,1,1,2,1,1,2,1,1,2,1,1,2,1,1,2,1,1,1,2,1,1,2,1,2,1,1,2,1,1,1,2,1,1,2,1,2,1,1,2,1,1,38,0,0,1,0,0,0,0,0,0,0,0,0,0,0,0,0,0,0,0,1,0,0,0,0,1,1,0,0,0,0,1,0,0,1,1,1,0,0,0,1,1,1,0,0,0,0,1,0,0,0,0,0,0,1,0,0,1,0,0,1,NA,0,1,1,1,0,0,0,0,0,0,0,0,1,1,0,0,0,0,0,0,"",4,NA,NA,NA,NA,NA,NA,NA,NA,NA,NA,NA,NA,NA,NA,NA,NA,NA,NA,NA,NA,NA,NA,NA,NA,NA,NA,NA,NA,NA,NA,NA,NA,NA,NA,NA,NA,NA,NA,NA,NA,NA,NA,NA,NA,NA,NA,NA,NA,NA,NA,NA,NA,NA,NA,NA,NA,NA,NA,NA,NA,NA,NA,NA,NA,NA,NA,NA,NA,NA,NA,NA,NA,3,3,3,2,2,3,1,1,6,1,6,2,1,1,1,1,1,1,1,1,1,6,1,1,1,6,6,6,6,5,5,1,6,6,6,6,4,2,1,4,3,2,2,2,2,2,3,5,2,5,5,6,2,4,1,1,4,4,6,1,4,7,2,242,80,96,335,129,67,85,NA,NA,NA,112,44,83,144,22,241,5,1698,NA,"4/14/24 20:29",27,22,32,13,28,14,27,NA,NA,33,NA,26,38,36,11,28,NA,NA,NA,NA,NA,NA,46,28,37,31,4,2,3,11,8,6,14,NA
"23",700,NA,850,"SONA","interview","4/15/24 17:39",1,0,21,21,0,0,0.86,-1,"",2,1,1,7,7,7,1,5,1,5,7,7,3,4,4,4,7,3,2,5,3,4,3,4,6,7,6,5,7,7,7,2,7,5,6,6,7,3,1,5,2,5,5,7,6,1,7,7,7,4,3,3,6,6,6,7,7,1,6,6,6,6,6,6,3,1,1,1,NA,NA,NA,NA,NA,NA,5,3,4,3,5,4,1,5,5,5,6,8,2,7,5,9,10,1,4,3,5,3,5,5,5,5,5,1,1,4,6,7,4,3,1,5,2,10,9,8,2,2,2,1,2,1,1,2,1,1,1,1,2,2,2,1,1,2,1,1,1,1,2,2,1,1,1,2,1,2,1,2,2,1,2,2,2,2,1,1,2,2,1,2,1,2,2,1,2,2,1,2,2,1,2,2,1,2,1,2,1,2,2,1,1,1,2,1,1,1,1,1,1,1,1,2,1,1,1,1,1,4,3,5,5,2,3,4,4,1,5,3,2,5,5,4,2,2,2,5,5,4,5,4,3,2,4,3,4,5,5,5,5,5,4,5,4,3,4,5,4,2,4,5,4,9,4,7,6,3,4,7,5,7,7,5,4,8,9,8,4,8,5,7,4,2,3,6,4,7,1,-9,7,7,7,4,4,4,6,6,6,1,1,29,2,2,1,1,1,2,2,1,1,"",1,2,18,NA,"I have CPTSD so I don't remember anything from childhood ",1,1,2,1,1,1,1,1,1,1,2,1,1,2,1,1,2,1,2,1,1,1,1,1,1,1,1,1,1,1,1,1,2,1,1,1,1,7,1,1,1,1,1,1,1,1,1,1,2,1,1,1,1,1,1,1,1,2,1,1,1,1,1,1,1,2,1,3,2,2,2,1,1,1,1,1,1,1,1,1,2,1,1,1,1,1,1,"",1,1,1,1,1,2,1,1,1,1,1,"5'5","245lb",1,2,1,1,2,1,2,1,1,1,2,1,1,2,1,1,2,1,2,1,1,1,2,1,1,2,1,2,1,1,2,1,1,1,2,1,2,1,1,1,2,1,2,1,1,1,2,1,2,1,1,2,1,1,2,1,1,2,1,1,2,1,1,1,2,1,2,1,1,1,2,1,2,1,1,1,2,1,2,1,1,2,1,1,2,1,1,36,1,1,1,0,0,0,0,0,0,0,0,1,0,0,0,0,0,1,0,1,0,0,0,0,0,1,0,0,1,0,1,0,0,1,1,1,1,0,1,1,1,1,1,0,0,0,0,0,0,0,0,0,0,1,0,0,0,0,0,1,0,0,1,1,0,0,0,0,1,0,1,0,0,1,1,0,0,0,1,0,0,"0",6,NA,NA,NA,NA,NA,NA,NA,NA,NA,NA,NA,NA,NA,NA,NA,NA,NA,NA,NA,NA,NA,NA,NA,NA,NA,NA,NA,NA,NA,NA,NA,NA,NA,NA,NA,NA,NA,NA,NA,NA,NA,NA,NA,NA,NA,NA,NA,NA,NA,NA,NA,NA,NA,NA,NA,NA,NA,NA,NA,NA,NA,NA,NA,NA,NA,NA,NA,NA,NA,NA,NA,NA,7,7,7,7,4,7,7,7,3,1,3,1,2,5,6,1,7,1,1,7,1,7,1,1,1,7,7,7,7,7,7,1,7,7,7,7,2,5,5,5,5,4,2,5,5,5,7,4,5,2,4,7,4,2,2,7,7,2,4,1,16,7,7,382,111,95,436,138,70,127,NA,NA,NA,183,82,121,299,33,316,19,2442,NA,"4/15/24 18:20",17,16,22,41,27,22,6,42,33,32,NA,23,33,32,23,36,NA,NA,NA,NA,NA,NA,65,43,18,87,6,7,7,14,4,1,13,NA
"24",711,NA,869,"SONA","interview","4/15/24 19:33",1,0,21,21,0,0,1.14,-1,"",5,1,1,1,7,7,1,5,7,6,5,2,6,6,2,6,1,7,1,1,6,4,5,5,7,1,1,5,1,1,1,7,1,3,2,2,7,1,1,1,1,7,7,7,4,4,1,1,1,7,7,7,1,1,1,NA,NA,NA,NA,NA,NA,NA,NA,NA,NA,NA,NA,NA,NA,NA,NA,NA,NA,NA,1,5,4,3,1,5,1,5,1,5,8,3,6,5,4,2,10,7,9,1,1,1,5,5,5,5,1,1,1,3,6,7,3,2,1,4,10,9,8,5,2,2,2,2,2,2,2,1,1,1,2,1,1,2,1,2,2,2,2,1,1,2,1,2,1,1,2,2,2,2,1,2,2,1,2,1,2,1,1,2,2,2,2,2,1,1,2,1,2,2,1,2,1,1,2,2,1,1,1,2,1,1,2,1,2,1,2,2,1,1,2,1,2,1,2,2,1,2,1,1,1,5,4,5,1,5,1,5,1,5,5,5,4,5,1,5,5,5,1,1,5,5,5,1,5,5,5,1,5,1,1,5,5,5,5,3,5,1,5,1,5,5,5,1,1,9,9,9,6,5,4,9,9,9,9,9,9,6,6,1,1,7,8,7,7,7,7,7,1,7,7,4,4,4,4,7,7,7,5,1,1,6,7,29,1,1,1,1,1,1,1,1,2,"arab",1,1,19,NA,"13/17",1,1,1,2,1,1,1,1,1,1,2,1,1,1,1,1,1,1,2,1,1,1,1,1,1,1,1,2,1,1,1,1,1,1,2,1,1,6,2,6,4,7,7,2,1,1,1,1,1,1,1,1,1,1,2,1,1,1,1,1,1,1,2,1,1,1,1,5,5,5,1,1,1,1,1,1,2,1,1,1,1,1,1,2,1,1,1,"",1,2,1,1,1,1,1,1,1,1,1,"6'3""","280",1,2,1,1,2,1,1,2,1,1,2,1,1,2,1,1,2,1,2,1,1,1,2,1,2,1,1,1,2,1,1,2,1,1,2,1,2,1,1,1,2,1,2,1,1,2,1,1,2,1,1,2,1,1,2,1,1,1,2,1,2,1,1,2,1,1,2,1,1,1,2,1,2,1,1,2,1,1,1,2,1,2,1,1,1,2,1,44,1,1,1,1,1,1,1,1,0,0,1,1,1,1,0,0,0,1,0,0,0,0,1,1,1,0,0,0,1,0,1,0,0,1,0,0,1,0,1,1,0,0,1,0,1,1,1,1,0,0,0,0,0,1,0,0,1,NA,0,0,1,0,1,1,0,0,0,0,1,1,0,0,1,1,1,0,0,1,1,0,0,"0",4,1,1,1,1,1,1,5,1,1,5,1,5,5,1,1,5,1,5,4,7,7,7,7,7,7,1,7,1,7,7,7,3,7,7,4,7,7,4,7,7,7,7,4,7,1,7,6,7,7,7,7,1,1,2,1,6,2,4,6,6,1,6,6,7,4,6,4,7,7,7,1,1,NA,NA,NA,NA,NA,NA,NA,NA,NA,NA,NA,NA,NA,NA,NA,NA,NA,NA,NA,NA,NA,NA,NA,NA,NA,NA,NA,NA,NA,NA,NA,NA,NA,NA,NA,NA,NA,NA,NA,NA,NA,NA,NA,NA,NA,NA,NA,NA,NA,NA,NA,NA,NA,NA,NA,NA,NA,NA,4,1,8,5,1,520,242,110,558,148,77,78,124,149,104,NA,NA,NA,183,23,322,10,2662,NA,"4/15/24 20:18",36,42,26,6,15,36,12,NA,NA,42,NA,32,39,45,5,36,18,32,48,33,30,59,NA,NA,NA,NA,1,4,4,9,6,6,14,NA
"25",762,NA,NA,"base","interview","4/17/24 0:04",1,0,21,21,0,0,0.91,1,"",1,1,1,7,7,7,1,6,6,5,6,2,4,6,5,7,5,3,4,5,6,5,5,6,5,4,5,6,6,5,5,3,6,5,7,6,6,2,1,1,1,6,6,6,6,2,6,6,6,2,2,2,6,6,6,7,7,1,5,2,3,2,5,2,5,2,3,2,7,6,1,7,1,7,4,2,4,3,4,4,1,5,5,5,8,9,3,4,6,5,10,2,1,7,1,1,5,3,5,3,5,5,1,2,10,9,1,6,4,7,2,3,8,5,2,2,2,1,2,2,2,1,1,2,2,1,2,2,2,2,2,2,2,2,2,2,2,2,1,2,2,2,2,2,2,2,2,2,2,1,2,2,1,2,2,2,1,2,1,2,1,2,2,2,1,2,2,2,2,2,2,2,2,1,2,2,1,1,2,1,2,2,1,2,1,2,2,1,1,2,1,1,1,2,1,5,4,5,4,5,2,5,3,1,5,4,1,5,4,4,5,4,2,4,5,2,4,1,2,4,5,2,5,4,3,2,5,5,2,5,5,2,4,2,4,3,5,5,1,9,8,8,5,4,6,9,8,8,8,5,7,4,2,5,7,5,5,6,5,4,5,4,1,4,1,6,7,7,3,7,5,5,5,7,7,4,4,30,2,2,1,1,1,1,2,1,1,"",1,1,29,23,"12",1,1,1,2,1,1,1,1,1,2,1,1,1,1,1,1,1,1,2,1,1,1,1,1,1,1,1,1,1,2,1,1,1,1,5,2,3,5,3,4,2,2,5,1,1,1,2,1,1,1,1,1,1,2,1,1,1,1,1,1,2,1,1,1,1,1,1,4,5,3,1,1,2,1,1,1,1,1,1,2,1,1,1,1,1,1,1,"",1,1,1,1,1,1,1,2,1,1,1,"5'5""","210",1,2,1,2,1,1,1,2,1,1,2,1,2,1,1,2,1,1,2,1,1,1,2,1,2,1,1,2,1,1,2,1,1,1,2,1,2,1,1,1,2,1,2,1,1,1,2,1,2,1,1,2,1,1,2,1,1,2,1,1,2,1,1,1,2,1,2,1,1,1,2,1,2,1,1,1,2,1,1,2,1,2,1,1,2,1,1,58,0,0,1,0,0,0,1,0,0,0,0,1,0,0,1,0,0,1,0,0,0,0,1,0,0,1,0,1,0,0,0,0,0,0,0,1,0,1,1,1,1,1,0,0,0,0,1,1,1,0,0,0,0,1,0,0,0,0,1,0,1,0,0,1,0,0,1,0,1,0,0,0,0,0,0,1,0,0,0,0,1,"",2,NA,NA,NA,NA,NA,NA,NA,NA,NA,NA,NA,NA,NA,NA,NA,NA,NA,NA,NA,NA,NA,NA,NA,NA,NA,NA,NA,NA,NA,NA,NA,NA,NA,NA,NA,NA,NA,NA,NA,NA,NA,NA,NA,NA,NA,NA,NA,NA,NA,NA,NA,NA,NA,NA,NA,NA,NA,NA,NA,NA,NA,NA,NA,NA,NA,NA,NA,NA,NA,NA,NA,NA,5,6,6,6,6,4,2,4,4,2,2,3,4,2,2,6,5,4,5,4,4,5,4,2,2,3,3,5,5,6,5,2,4,4,7,5,2,4,2,5,4,2,4,5,4,5,7,5,5,3,4,5,6,2,2,4,3,1,3,1,33,6,5,492,281,138,434,164,103,116,NA,NA,NA,146,44,88,171,14,198,15,2448,NA,"4/17/24 0:44",20,12,32,31,33,30,6,38,22,38,41,36,38,37,21,35,NA,NA,NA,NA,NA,NA,53,39,59,77,4,3,2,13,13,4,16,NA
"27",784,NA,1112,"SONA","interview","4/17/24 3:07",1,0,21,21,1,0,0.58,-1,"",5,5,5,1,1,3,5,6,7,7,3,2,7,6,2,7,6,6,2,2,2,7,6,7,2,5,2,6,6,2,5,5,4,6,6,5,7,2,1,1,1,7,7,6,7,1,5,6,5,6,6,5,2,3,2,NA,NA,NA,NA,NA,NA,NA,NA,NA,NA,NA,NA,NA,NA,NA,NA,NA,NA,NA,5,4,5,5,5,5,4,5,3,5,8,9,7,4,3,1,5,6,10,2,3,1,4,3,4,3,1,1,1,5,6,7,3,4,2,5,8,9,10,1,2,2,2,1,2,1,2,1,1,1,2,1,2,2,2,2,2,2,1,2,1,1,1,2,1,2,2,2,2,1,1,2,1,1,2,1,2,2,1,2,1,2,1,2,1,2,2,2,2,2,1,2,2,1,2,2,1,1,2,2,2,1,2,1,2,1,2,1,1,1,1,1,2,1,2,1,1,1,1,2,1,4,1,5,1,3,5,4,2,4,4,4,1,5,2,2,4,4,1,4,4,4,5,2,4,2,4,2,5,3,4,4,5,5,4,5,5,2,4,2,2,1,4,2,1,9,8,9,7,7,7,8,9,8,8,9,8,9,8,3,6,6,6,7,6,6,6,6,3,7,7,-9,-9,7,5,7,2,2,7,4,4,6,3,33,1,2,1,1,1,1,2,1,1,"",1,1,18,NA,"8",1,1,2,1,1,1,1,1,1,1,2,1,1,2,1,1,2,1,1,2,1,1,1,1,1,1,1,1,1,1,1,1,2,1,7,7,6,1,7,7,6,5,6,2,1,1,1,1,1,1,1,1,2,1,1,1,1,1,1,1,1,2,1,1,1,1,1,1,3,2,2,1,1,1,1,1,1,1,1,1,1,1,1,1,1,1,2,"Methodist",1,2,1,1,1,1,1,1,1,1,1,"5'6","145",1,2,1,1,2,1,1,2,1,2,1,1,1,2,1,1,2,1,2,1,1,1,2,1,2,1,1,2,1,1,2,1,1,1,2,1,2,1,1,1,2,1,1,2,1,1,2,1,2,1,1,1,2,1,2,1,1,2,1,1,2,1,1,1,2,1,1,2,1,1,2,1,2,1,1,2,1,1,1,2,1,1,2,1,2,1,1,43,1,1,1,0,0,1,0,0,0,0,1,1,1,0,0,1,0,0,0,1,0,1,0,0,0,1,0,0,1,0,1,0,0,1,0,1,0,1,0,0,0,0,1,0,0,0,1,0,0,0,0,0,0,1,0,0,1,0,1,0,0,0,1,0,1,0,0,1,0,0,1,0,0,0,1,0,0,0,0,0,0,"0",2,1,4,1,2,4,1,1,1,2,5,5,5,5,1,1,5,1,5,1,1,6,7,4,2,6,1,6,7,5,7,7,3,1,7,4,6,6,5,3,6,6,6,7,7,1,1,3,5,2,2,6,1,3,4,6,6,2,4,5,4,1,1,4,2,3,3,5,7,4,6,4,1,NA,NA,NA,NA,NA,NA,NA,NA,NA,NA,NA,NA,NA,NA,NA,NA,NA,NA,NA,NA,NA,NA,NA,NA,NA,NA,NA,NA,NA,NA,NA,NA,NA,NA,NA,NA,NA,NA,NA,NA,NA,NA,NA,NA,NA,NA,NA,NA,NA,NA,NA,NA,NA,NA,NA,NA,NA,NA,7,1,33,12,19,369,236,133,678,457,131,162,148,393,144,NA,NA,NA,314,48,438,23,3722,NA,"4/17/24 4:09",22,34,39,25,23,39,34,NA,NA,41,NA,26,40,41,11,28,22,33,32,25,18,52,NA,NA,NA,NA,1,2,3,8,27,7,13,NA
"28",791,NA,1110,"SONA","interview","4/17/24 5:03",1,0,21,21,0,0,1.35,-1,"",3,2,2,2,4,4,1,4,5,5,4,5,4,4,3,6,7,1,3,2,2,6,5,5,4,7,7,6,7,7,7,1,7,5,5,2,7,1,1,1,1,7,7,6,5,6,7,7,7,5,5,5,6,6,5,6,6,4,7,7,7,5,7,7,7,1,1,4,NA,NA,NA,NA,NA,NA,5,3,5,5,5,4,3,5,5,5,5,10,2,7,3,6,8,4,9,1,3,2,2,5,5,2,1,1,1,5,4,5,6,2,3,7,8,10,9,1,1,2,2,1,1,1,1,1,1,1,1,1,1,2,1,2,1,2,2,1,1,1,1,2,1,1,2,2,2,1,1,2,1,2,2,2,2,2,1,1,1,1,2,2,2,2,2,2,2,2,1,2,2,1,2,2,1,2,1,2,1,2,2,1,1,1,2,1,1,1,1,2,1,1,1,2,1,2,1,1,1,5,3,4,3,3,3,4,4,3,4,4,2,4,3,3,3,4,3,4,4,2,4,3,3,3,2,2,3,4,4,4,4,4,3,4,4,4,4,4,3,4,4,4,4,7,6,7,5,3,2,9,6,6,3,3,2,5,1,9,7,5,3,2,4,3,3,4,6,6,6,1,7,1,7,7,7,7,6,6,6,4,2,34,2,2,1,1,1,2,1,1,1,"",1,1,18,NA,"17",1,1,1,2,1,1,1,1,1,1,2,1,1,2,1,1,2,2,1,1,1,1,1,1,1,2,1,1,1,1,1,1,1,1,3,1,1,4,4,5,6,3,4,1,1,2,1,1,1,1,1,1,1,1,2,1,1,1,1,1,1,1,2,1,1,1,1,6,6,6,1,2,1,1,1,1,1,1,1,1,2,1,1,1,1,1,1,"",1,1,1,1,1,1,2,1,1,1,1,"4'11","125",1,2,1,2,1,1,1,2,1,1,2,1,2,1,1,2,1,1,2,1,1,1,2,1,1,2,1,2,1,1,1,2,1,2,1,1,2,1,1,2,1,1,1,2,1,2,1,1,1,2,1,2,1,1,2,1,1,2,1,1,2,1,1,2,1,1,2,1,1,2,1,1,2,1,1,1,2,1,2,1,1,2,1,1,1,2,1,36,0,0,1,0,0,0,0,0,0,0,0,1,1,0,0,0,0,0,0,1,0,0,1,0,1,1,0,1,1,1,0,1,1,1,1,0,1,1,1,0,1,1,1,0,0,0,0,0,1,0,0,0,0,1,0,0,0,0,0,1,1,0,1,1,0,0,0,0,1,0,0,0,0,0,0,0,0,0,0,0,0,"",3,NA,NA,NA,NA,NA,NA,NA,NA,NA,NA,NA,NA,NA,NA,NA,NA,NA,NA,NA,NA,NA,NA,NA,NA,NA,NA,NA,NA,NA,NA,NA,NA,NA,NA,NA,NA,NA,NA,NA,NA,NA,NA,NA,NA,NA,NA,NA,NA,NA,NA,NA,NA,NA,NA,NA,NA,NA,NA,NA,NA,NA,NA,NA,NA,NA,NA,NA,NA,NA,NA,NA,NA,7,7,7,7,2,7,7,7,3,1,1,2,5,6,7,1,7,1,5,5,2,5,2,2,2,7,7,7,7,7,7,4,6,6,7,7,2,5,5,3,5,4,2,5,5,5,7,7,7,3,6,4,4,2,2,3,6,2,5,1,7,8,5,201,76,433,280,77,54,47,NA,NA,NA,103,28,61,133,27,1546,7,1478,NA,"4/17/24 5:54",20,22,32,42,19,27,19,34,42,42,NA,27,33,29,16,32,NA,NA,NA,NA,NA,NA,53,41,35,93,3,4,4,11,9,5,14,NA
"29",797,NA,NA,"base","interview","4/17/24 5:56",1,0,21,21,0,0,1.11,1,"",1,1,1,7,7,7,1,6,6,4,3,2,6,6,6,6,5,4,2,2,2,6,6,6,2,4,2,6,2,1,4,2,2,6,5,3,7,1,1,1,1,7,6,7,7,1,7,7,7,6,6,5,3,3,2,5,5,1,1,1,1,1,1,2,1,1,6,3,7,7,1,7,1,7,5,4,3,3,3,3,1,5,5,5,4,6,7,5,9,8,10,2,1,3,5,2,4,3,3,3,5,2,1,5,5,4,3,6,7,8,1,9,10,2,2,2,2,2,2,2,2,1,2,1,2,1,2,2,2,2,1,2,2,2,2,2,1,2,2,2,2,2,2,2,1,2,2,2,2,1,2,2,1,2,2,2,2,2,2,2,2,2,2,2,1,2,2,2,2,2,2,2,2,2,2,2,2,2,1,2,2,2,2,2,2,2,2,1,2,2,1,2,1,2,1,4,1,4,2,4,2,4,3,3,4,4,1,4,1,4,3,3,3,3,4,1,5,1,3,4,3,1,3,2,4,2,4,4,3,4,4,1,4,4,1,3,4,4,3,9,9,9,7,5,5,9,4,4,5,5,8,8,6,2,8,6,4,7,5,5,6,3,4,6,6,7,6,7,5,7,7,7,7,6,6,6,6,36,1,2,1,1,1,1,2,1,1,"",1,1,29,23,"12",1,1,1,1,1,1,1,2,1,2,1,1,1,1,1,1,1,1,1,2,1,1,1,1,1,1,1,1,2,1,1,1,1,1,2,1,1,6,2,7,7,7,7,1,1,1,2,1,1,1,1,1,1,1,2,1,1,1,1,1,1,1,2,1,1,1,1,6,6,6,1,2,1,1,1,1,1,1,1,2,1,1,1,1,1,1,1,"",1,1,1,1,1,1,1,1,2,1,1,"5'4","195",2,1,1,1,2,1,1,2,1,1,2,1,2,1,1,2,1,1,2,1,1,1,2,1,2,1,1,2,1,1,1,2,1,1,2,1,2,1,1,2,1,1,1,2,1,2,1,1,2,1,1,2,1,1,2,1,1,1,2,1,2,1,1,2,1,1,2,1,1,2,1,1,2,1,1,1,2,1,1,2,1,2,1,1,1,2,1,67,1,1,1,1,1,1,0,0,0,0,1,0,0,NA,0,0,0,1,0,0,0,0,0,0,0,0,0,0,1,0,0,0,1,0,0,0,0,0,0,0,1,1,1,1,1,0,0,0,0,0,0,0,0,1,0,0,1,0,1,0,0,0,1,1,0,0,0,0,1,0,1,0,1,0,1,0,0,1,0,0,1,"0",3,1,5,5,5,5,5,2,2,2,3,5,5,5,1,1,5,1,5,3,1,1,3,7,1,4,2,1,3,6,4,7,5,3,5,3,7,7,5,7,7,7,2,4,7,4,2,6,3,1,3,3,3,2,5,4,4,3,3,4,4,3,2,5,4,3,2,3,5,6,6,4,2,NA,NA,NA,NA,NA,NA,NA,NA,NA,NA,NA,NA,NA,NA,NA,NA,NA,NA,NA,NA,NA,NA,NA,NA,NA,NA,NA,NA,NA,NA,NA,NA,NA,NA,NA,NA,NA,NA,NA,NA,NA,NA,NA,NA,NA,NA,NA,NA,NA,NA,NA,NA,NA,NA,NA,NA,NA,NA,6,1,38,6,2,576,107,74,361,146,98,117,68,159,65,NA,NA,NA,155,15,182,10,2179,NA,"4/17/24 6:32",18,33,36,16,20,30,6,31,7,41,42,31,40,32,12,33,35,35,22,33,19,46,NA,NA,NA,NA,4,4,4,12,6,7,15,NA
"30",831,NA,NA,"base","interview","4/17/24 15:10",1,0,21,21,0,0,0.79,-1,"Getting married in 3 days! So, engaged ",6,1,1,7,7,7,1,5,3,5,5,5,5,6,3,7,6,3,6,5,3,6,5,6,2,6,6,6,7,6,6,2,7,6,6,6,7,1,1,1,1,7,7,7,6,2,7,6,7,7,6,5,2,2,5,NA,NA,NA,NA,NA,NA,NA,NA,NA,NA,NA,NA,NA,NA,NA,NA,NA,NA,NA,5,5,4,3,5,3,1,5,5,5,4,5,6,8,7,9,10,1,2,3,5,5,4,2,4,3,4,5,3,5,5,7,4,9,6,10,1,2,8,3,2,2,2,1,1,1,1,1,1,1,2,1,2,2,2,2,1,2,1,1,1,1,1,2,1,2,1,2,2,1,1,2,1,1,2,1,2,2,1,2,2,2,2,2,1,2,2,1,1,2,1,2,2,1,2,2,1,2,2,2,2,2,2,1,2,1,2,2,1,1,1,1,1,1,2,2,1,1,1,1,1,5,4,5,2,4,4,5,2,5,4,5,1,5,4,4,4,5,4,2,4,2,5,4,2,3,4,1,2,5,4,1,5,2,5,3,5,2,4,2,4,2,5,5,2,9,7,8,6,5,6,9,5,5,2,5,7,7,7,6,2,3,5,6,6,7,3,3,6,7,3,-9,7,7,7,7,7,7,5,5,5,2,6,37,2,2,1,1,1,1,2,1,1,"",1,1,30,NA,"22",1,1,1,1,1,2,1,1,1,2,1,1,1,1,1,1,1,1,1,1,2,1,1,1,1,1,1,1,1,1,2,1,1,1,7,4,4,1,7,5,3,3,4,2,1,1,1,1,1,1,1,2,1,1,1,1,1,1,1,2,1,1,1,1,1,1,1,3,5,2,2,1,1,1,1,1,1,1,1,2,1,1,1,1,1,1,1,"",1,1,1,1,2,1,1,1,1,1,1,"5'5.5","160",1,2,1,2,1,1,1,2,1,1,2,1,2,1,1,1,2,1,2,1,1,1,2,1,2,1,1,2,1,1,2,1,1,1,2,1,2,1,1,2,1,1,2,1,1,1,2,1,2,1,1,2,1,1,2,1,1,1,2,1,2,1,1,1,2,1,1,2,1,1,2,1,1,2,1,1,2,1,1,2,1,2,1,1,2,1,1,40,0,0,1,1,1,0,0,0,0,0,1,1,1,0,1,0,0,0,0,1,0,0,0,1,0,1,0,0,1,0,1,1,1,1,0,1,0,1,0,1,1,1,0,0,1,1,1,1,0,0,0,0,0,1,0,0,1,0,1,0,0,0,1,1,0,0,0,0,1,1,0,0,0,1,1,0,0,0,1,0,1,"0",5,NA,NA,NA,NA,NA,NA,NA,NA,NA,NA,NA,NA,NA,NA,NA,NA,NA,NA,NA,NA,NA,NA,NA,NA,NA,NA,NA,NA,NA,NA,NA,NA,NA,NA,NA,NA,NA,NA,NA,NA,NA,NA,NA,NA,NA,NA,NA,NA,NA,NA,NA,NA,NA,NA,NA,NA,NA,NA,NA,NA,NA,NA,NA,NA,NA,NA,NA,NA,NA,NA,NA,NA,6,6,4,7,7,6,2,7,1,1,3,6,6,5,6,7,7,2,1,7,5,7,1,1,1,6,7,7,7,7,7,2,6,6,7,5,2,4,1,5,5,2,4,5,5,5,6,4,4,1,1,7,2,2,2,6,7,3,7,1,90,23,95,355,130,107,384,138,99,100,NA,NA,NA,181,60,99,249,25,526,7,2494,NA,"4/17/24 15:55",19,33,36,38,32,29,6,NA,NA,42,NA,34,41,27,13,36,NA,NA,NA,NA,NA,NA,67,42,28,97,1,1,1,9,22,5,12,NA
"31",836,NA,1095,"SONA","interview","4/17/24 16:27",1,0,21,21,0,0,1.86,-1,"",5,6,5,2,4,4,5,3,5,3,5,2,5,3,5,5,2,5,3,4,5,4,6,7,4,4,3,3,3,3,4,3,3,4,4,4,4,4,4,2,3,6,6,5,7,5,4,5,4,4,4,5,4,4,5,NA,NA,NA,NA,NA,NA,NA,NA,NA,NA,NA,NA,NA,NA,NA,NA,NA,NA,NA,5,5,4,4,4,4,4,4,5,5,7,2,5,6,10,9,3,8,4,1,3,3,4,4,3,3,3,3,4,5,10,6,3,5,4,7,8,9,2,1,2,1,2,1,1,1,1,1,1,1,1,1,1,2,2,2,1,1,1,2,1,1,1,1,1,1,1,2,1,1,1,1,1,1,1,1,2,1,1,2,2,2,1,1,1,1,1,2,2,1,1,1,1,1,1,2,1,2,1,1,1,1,2,1,2,1,1,1,1,1,1,1,1,1,1,2,1,1,1,1,1,3,3,3,2,3,3,5,2,3,2,3,3,3,2,3,2,3,2,3,2,3,3,3,4,3,4,2,4,2,4,3,4,3,4,4,4,5,3,4,5,3,5,3,4,5,4,4,6,4,5,3,5,4,5,5,3,5,4,5,6,5,6,4,3,5,3,5,4,6,3,4,5,4,5,4,5,3,7,3,5,6,4,38,2,2,1,1,1,2,1,1,1,"",1,1,22,NA,"22",1,1,1,2,1,1,1,1,1,1,2,1,1,2,1,1,2,1,1,2,1,1,1,2,1,1,1,1,1,1,1,1,1,1,4,5,4,7,1,7,1,4,4,1,1,1,1,2,1,1,1,1,1,1,1,2,1,1,1,1,1,1,2,1,1,1,1,4,5,4,1,1,1,1,1,1,1,2,1,1,1,2,1,1,1,1,1,"",1,2,1,1,1,1,1,1,1,1,1,"5'5","190",2,1,1,1,2,1,1,2,1,2,1,1,1,2,1,1,2,1,1,2,1,1,2,1,2,1,1,1,2,1,1,2,1,2,1,1,1,2,1,2,1,1,1,2,1,2,1,1,1,2,1,1,2,1,1,2,1,1,2,1,2,1,1,2,1,1,2,1,1,2,1,1,2,1,1,1,2,1,2,1,1,1,2,1,1,2,1,18,1,1,1,1,1,1,1,NA,1,1,1,1,1,1,1,1,1,1,1,1,1,1,1,1,1,1,1,1,1,1,1,1,1,1,1,1,1,1,1,1,1,1,1,1,1,1,1,1,1,1,1,1,1,1,0,0,1,0,1,1,1,1,1,1,1,0,0,0,0,0,1,0,0,1,1,0,0,1,1,1,0,"0",1,NA,NA,NA,NA,NA,NA,NA,NA,NA,NA,NA,NA,NA,NA,NA,NA,NA,NA,NA,NA,NA,NA,NA,NA,NA,NA,NA,NA,NA,NA,NA,NA,NA,NA,NA,NA,NA,NA,NA,NA,NA,NA,NA,NA,NA,NA,NA,NA,NA,NA,NA,NA,NA,NA,NA,NA,NA,NA,NA,NA,NA,NA,NA,NA,NA,NA,NA,NA,NA,NA,NA,NA,7,4,5,4,5,6,6,5,6,5,5,5,4,5,5,4,5,5,5,5,5,5,4,4,5,4,4,5,7,5,6,5,5,5,5,5,4,4,2,2,3,3,4,2,3,3,4,4,5,4,3,4,5,5,5,3,4,3,6,1,4,6,2,351,147,60,358,79,45,47,NA,NA,NA,57,12,65,156,8,30,8,1435,NA,"4/17/24 16:51",28,24,29,18,24,22,30,NA,NA,30,NA,25,31,30,12,31,NA,NA,NA,NA,NA,NA,49,28,63,85,5,5,4,14,14,7,13,NA
"32",865,NA,1081,"SONA","interview","4/18/24 5:52",1,0,21,21,0,0,1.08,-1,"",5,5,4,3,5,6,4,6,6,6,4,4,6,6,3,4,4,4,5,4,4,4,4,5,3,4,4,6,4,4,3,4,4,2,4,4,6,3,1,1,1,7,7,7,7,1,5,7,7,7,7,7,1,1,1,NA,NA,NA,NA,NA,NA,NA,NA,NA,NA,NA,NA,NA,NA,NA,NA,NA,NA,NA,5,5,5,5,4,5,4,5,5,5,2,3,7,9,10,8,5,6,4,1,5,5,4,4,4,5,4,5,5,5,2,3,7,8,10,9,5,6,4,1,1,2,2,2,2,1,1,2,1,1,2,1,1,2,2,2,2,2,1,2,1,1,1,2,1,1,2,2,1,2,1,1,1,2,2,2,2,2,1,2,1,2,2,2,2,2,1,1,1,1,1,2,2,1,1,2,1,2,1,2,2,2,2,1,2,2,2,2,1,1,1,1,1,1,2,2,1,2,1,1,1,3,3,4,3,4,4,4,4,2,5,5,2,4,3,3,3,3,3,2,2,3,4,4,4,2,3,2,3,3,3,3,3,3,4,3,3,1,4,3,4,3,3,4,3,4,4,4,4,2,3,3,3,4,4,3,3,4,3,3,4,3,2,3,3,3,2,2,3,3,3,3,3,4,2,3,4,2,2,2,4,3,2,39,1,1,1,1,2,1,1,1,1,"",1,1,21,NA,"6",1,1,1,2,1,1,1,1,1,2,1,1,1,2,1,1,2,1,1,2,1,1,1,1,2,1,1,1,1,1,1,1,1,1,7,5,4,7,1,5,7,3,7,1,1,1,2,1,1,1,1,1,1,1,1,2,1,1,1,1,1,1,1,2,1,1,1,4,4,4,1,1,1,1,1,1,2,1,1,2,1,1,1,1,1,1,1,"",1,1,1,2,1,1,1,1,1,1,1,"5'10","150",1,2,1,2,1,1,2,1,1,2,1,1,1,2,1,1,2,1,2,1,1,1,2,1,1,2,1,2,1,1,2,1,1,1,2,1,2,1,1,2,1,1,2,1,1,2,1,1,1,2,1,2,1,1,2,1,1,2,1,1,2,1,1,2,1,1,2,1,1,2,1,1,2,1,1,2,1,1,2,1,1,2,1,1,2,1,1,42,1,1,1,0,1,1,0,0,0,0,0,1,1,0,0,1,0,0,0,1,0,0,1,1,0,0,0,1,1,0,1,1,0,1,1,1,0,0,0,0,1,1,1,0,0,0,1,1,0,0,0,0,0,1,0,0,1,0,1,0,0,0,1,1,1,0,0,0,0,1,0,0,1,0,1,0,0,0,0,0,0,"0",3,5,3,3,3,3,3,3,3,3,3,3,3,3,3,3,3,3,3,3,4,7,7,7,3,7,3,3,7,7,7,7,4,4,7,4,7,7,3,7,7,7,7,4,4,7,1,7,5,7,1,7,5,1,7,7,7,4,3,7,5,3,2,7,2,5,4,6,7,6,7,3,2,NA,NA,NA,NA,NA,NA,NA,NA,NA,NA,NA,NA,NA,NA,NA,NA,NA,NA,NA,NA,NA,NA,NA,NA,NA,NA,NA,NA,NA,NA,NA,NA,NA,NA,NA,NA,NA,NA,NA,NA,NA,NA,NA,NA,NA,NA,NA,NA,NA,NA,NA,NA,NA,NA,NA,NA,NA,NA,6,1,29,10,5,424,103,127,473,209,105,54,78,382,291,NA,NA,NA,201,19,107,5,2423,NA,"4/18/24 6:35",20,42,28,24,23,35,23,NA,NA,39,NA,25,33,27,14,32,32,27,19,40,19,56,NA,NA,NA,NA,4,5,5,12,17,5,11,NA
"34",903,NA,1111,"SONA","interview","4/18/24 19:21",1,0,21,21,1,0,0.65,-1,"",5,1,2,7,7,6,2,4,5,5,4,4,4,4,4,5,6,5,6,4,4,4,6,4,2,2,6,2,3,4,4,4,5,4,7,6,7,2,2,5,2,7,7,5,4,4,5,6,4,6,7,7,2,4,3,NA,NA,NA,NA,NA,NA,NA,NA,NA,NA,NA,NA,NA,NA,NA,NA,NA,NA,NA,4,3,3,2,4,4,3,5,3,5,4,9,3,7,5,8,10,6,2,1,5,3,5,5,4,4,5,5,1,1,8,7,2,3,1,6,4,5,10,9,1,1,2,1,2,1,1,1,1,2,2,1,1,2,2,2,1,1,2,1,1,1,1,2,1,1,2,2,1,1,1,1,1,1,2,1,2,1,1,2,1,2,1,2,2,1,1,1,2,1,1,1,1,1,2,2,1,1,1,1,1,1,1,1,1,1,2,1,1,1,1,1,1,1,1,2,1,1,1,1,1,2,3,5,4,4,5,5,3,3,5,3,3,5,4,5,3,5,4,4,4,5,5,3,3,3,3,4,3,4,3,4,4,4,4,3,3,3,5,4,4,4,3,5,4,8,7,5,3,2,1,8,8,5,7,6,7,5,3,5,6,5,7,4,6,6,7,7,2,3,5,4,4,7,6,6,4,5,6,6,5,4,4,40,2,1,1,1,1,2,1,1,1,"",1,1,18,NA,"6",1,1,1,2,1,1,1,1,1,1,2,1,1,1,1,1,1,2,1,1,1,1,1,1,1,2,1,1,1,1,1,1,1,1,1,1,1,1,7,2,2,4,4,1,1,2,1,1,1,1,1,1,1,1,1,1,1,2,1,1,1,1,1,2,1,1,1,5,5,5,1,1,1,1,1,1,1,2,1,1,2,1,1,1,1,1,1,"",1,2,1,1,1,1,1,1,1,1,1,"6ft","200",2,1,1,1,2,1,1,2,1,1,2,1,1,2,1,1,2,1,2,1,1,1,2,1,1,2,1,2,1,1,2,1,1,1,2,1,2,1,1,2,1,1,2,1,1,1,2,1,2,1,1,1,2,1,2,1,1,2,1,1,1,2,1,2,1,1,1,2,1,2,1,1,1,2,1,1,2,1,1,2,1,2,1,1,2,1,1,22,0,0,1,1,0,1,0,1,0,0,0,1,1,0,1,0,0,0,0,1,0,0,1,1,0,0,0,0,1,0,0,0,1,1,1,1,0,0,1,0,0,0,0,0,1,1,1,1,0,0,0,0,0,0,0,0,1,0,0,0,1,0,1,1,1,0,0,0,1,0,0,0,0,0,0,0,0,0,0,0,0,"",5,NA,NA,NA,NA,NA,NA,NA,NA,NA,NA,NA,NA,NA,NA,NA,NA,NA,NA,NA,NA,NA,NA,NA,NA,NA,NA,NA,NA,NA,NA,NA,NA,NA,NA,NA,NA,NA,NA,NA,NA,NA,NA,NA,NA,NA,NA,NA,NA,NA,NA,NA,NA,NA,NA,NA,NA,NA,NA,NA,NA,NA,NA,NA,NA,NA,NA,NA,NA,NA,NA,NA,NA,4,4,4,4,4,4,4,4,4,4,2,4,4,2,-9,4,6,4,4,5,4,4,4,4,4,4,4,4,4,4,4,4,4,4,4,4,3,1,3,3,4,3,2,5,5,4,5,5,6,4,4,5,3,4,2,4,5,5,6,1,8,11,3,698503,565,1790,498,152,445,11651,NA,NA,NA,133,411,576,2966,19,115,17,2044,NA,"4/27/24 2:45",22,35,27,26,31,26,9,NA,NA,36,NA,18,33,31,18,37,NA,NA,NA,NA,NA,NA,54,35,71,61,3,7,5,13,10,2,9,NA
"35",983,NA,856,"SONA","interview","4/21/24 4:26",1,0,21,21,0,0,0.8,-1,"",5,3,4,4,5,4,4,3,6,5,7,4,4,6,2,5,5,2,4,3,3,5,6,6,4,3,4,6,5,4,4,4,5,3,5,6,6,2,2,2,2,6,5,6,6,2,5,6,6,6,6,4,5,3,2,NA,NA,NA,NA,NA,NA,NA,NA,NA,NA,NA,NA,NA,NA,NA,NA,NA,NA,NA,5,5,4,4,3,3,2,3,1,4,3,2,4,6,5,7,8,9,10,1,4,3,4,4,4,4,3,3,1,3,1,2,3,4,5,6,7,9,10,8,1,2,2,1,2,1,2,2,1,1,2,1,1,2,2,2,2,2,2,1,1,1,1,2,1,1,2,2,2,2,2,2,2,1,2,2,2,2,1,2,1,1,2,1,2,2,2,1,1,2,1,1,1,1,2,2,1,2,1,1,2,2,2,1,2,2,2,2,1,1,1,1,1,1,2,1,1,2,1,1,1,4,4,4,5,3,4,3,4,3,5,2,3,5,4,4,3,4,3,4,3,3,5,3,3,2,3,3,3,4,4,4,3,3,3,3,2,4,3,3,3,3,5,4,3,7,5,5,4,4,3,7,5,5,5,4,3,3,3,5,6,5,6,4,6,4,4,4,4,6,6,4,-9,7,3,4,6,5,5,5,5,4,2,42,2,1,1,1,1,1,2,1,1,"",1,1,21,NA,"11",1,1,1,1,1,2,1,1,1,1,1,1,1,2,1,1,1,1,2,1,1,1,1,1,1,1,1,1,1,1,2,1,1,1,4,4,3,4,4,2,3,3,4,1,1,1,2,1,1,1,1,1,1,2,1,1,1,1,1,1,1,1,2,1,1,1,1,4,6,4,1,1,2,1,1,1,1,1,1,2,1,1,1,1,1,1,1,"",1,2,1,1,1,1,1,1,1,1,1,"5'11""","160",1,2,1,1,2,1,1,2,1,1,2,1,1,2,1,2,1,1,2,1,1,1,2,1,1,2,1,1,2,1,2,1,1,1,2,1,2,1,1,2,1,1,2,1,1,2,1,1,1,2,1,2,1,1,2,1,1,2,1,1,1,2,1,2,1,1,1,2,1,2,1,1,1,2,1,1,2,1,1,2,1,2,1,1,1,2,1,42,0,0,1,0,0,1,0,1,0,0,0,1,1,0,0,0,0,0,0,1,0,0,1,0,0,1,0,0,1,0,1,0,0,0,0,0,1,0,0,1,0,0,1,0,0,0,1,1,0,0,0,0,0,1,0,0,1,0,0,0,0,0,0,1,1,0,0,0,0,1,0,0,0,0,0,0,0,0,0,0,0,"0",2,NA,NA,NA,NA,NA,NA,NA,NA,NA,NA,NA,NA,NA,NA,NA,NA,NA,NA,NA,NA,NA,NA,NA,NA,NA,NA,NA,NA,NA,NA,NA,NA,NA,NA,NA,NA,NA,NA,NA,NA,NA,NA,NA,NA,NA,NA,NA,NA,NA,NA,NA,NA,NA,NA,NA,NA,NA,NA,NA,NA,NA,NA,NA,NA,NA,NA,NA,NA,NA,NA,NA,NA,5,5,5,4,5,5,3,5,5,4,3,3,3,4,5,2,5,3,3,5,3,5,2,2,2,5,5,5,5,3,5,3,5,4,6,4,3,4,2,4,4,4,3,4,3,3,5,3,5,4,5,5,3,4,2,5,4,3,5,1,3,4,13,2987,117,264,529,165,78,271,NA,NA,NA,422,614,1680,1036,31,651,6,3066,NA,"4/21/24 6:54",21,30,32,26,24,30,22,NA,NA,35,NA,21,30,28,19,33,NA,NA,NA,NA,NA,NA,56,36,54,74,4,3,4,11,15,2,11,NA
"36",991,NA,852,"SONA","interview","4/21/24 19:32",1,0,21,21,1,0,1.23,-1,"",5,5,5,4,5,3,6,5,4,5,4,4,4,5,5,6,5,2,3,3,4,5,4,5,5,5,6,6,6,6,6,3,6,3,4,4,5,5,3,4,4,3,3,4,4,5,4,4,5,5,4,4,6,6,6,NA,NA,NA,NA,NA,NA,NA,NA,NA,NA,NA,NA,NA,NA,NA,NA,NA,NA,NA,2,2,4,3,3,3,3,3,1,3,8,9,2,7,1,3,5,6,10,4,4,4,2,2,5,5,1,1,1,5,5,4,6,7,2,3,10,9,8,1,2,2,2,1,1,1,1,1,1,1,1,1,1,2,2,2,1,2,2,2,1,1,1,2,1,1,2,1,1,1,1,2,2,1,2,1,2,1,1,2,2,2,2,1,1,2,2,1,2,1,1,1,1,1,2,2,1,2,2,2,1,1,2,1,2,1,2,1,1,1,1,1,1,1,2,2,1,1,1,1,1,3,4,4,2,3,4,4,4,1,3,2,2,4,3,3,3,2,3,5,3,2,4,4,1,2,3,4,2,4,4,4,4,4,4,5,3,4,4,4,3,2,4,5,3,7,5,4,2,1,1,2,5,3,2,2,3,1,1,5,8,9,8,5,4,5,2,3,5,5,1,-9,-9,1,6,3,1,1,5,3,5,2,1,43,2,2,1,1,2,1,1,1,1,"",1,1,19,NA,"13",1,1,2,1,1,1,1,1,1,1,2,1,1,2,1,1,2,1,1,2,1,1,1,1,1,1,1,1,1,1,1,1,2,1,4,5,3,2,6,1,1,1,1,1,2,1,1,1,1,1,1,1,2,1,1,1,1,1,1,2,1,1,1,1,1,1,1,6,7,5,1,1,1,1,1,1,1,2,1,1,1,1,1,1,1,1,2,"N/A",1,2,1,1,1,1,1,1,1,1,1,"5”8","300",1,2,1,1,2,1,2,1,1,1,2,1,2,1,1,2,1,1,2,1,1,1,2,1,2,1,1,2,1,1,2,1,1,1,2,1,1,2,1,1,2,1,2,1,1,1,2,1,1,2,1,2,1,1,2,1,1,2,1,1,2,1,1,1,2,1,1,2,1,1,2,1,1,2,1,1,2,1,2,1,1,2,1,1,1,2,1,32,1,1,1,1,0,0,0,0,0,0,0,1,1,0,1,1,0,0,0,1,0,0,1,0,0,1,1,0,1,0,0,0,1,0,0,0,0,0,1,0,0,0,1,0,1,1,1,0,0,0,0,0,0,1,0,0,1,0,0,0,1,0,1,1,0,0,0,0,1,1,0,0,0,0,1,0,0,0,1,0,0,"0",4,NA,NA,NA,NA,NA,NA,NA,NA,NA,NA,NA,NA,NA,NA,NA,NA,NA,NA,NA,NA,NA,NA,NA,NA,NA,NA,NA,NA,NA,NA,NA,NA,NA,NA,NA,NA,NA,NA,NA,NA,NA,NA,NA,NA,NA,NA,NA,NA,NA,NA,NA,NA,NA,NA,NA,NA,NA,NA,NA,NA,NA,NA,NA,NA,NA,NA,NA,NA,NA,NA,NA,NA,7,7,7,7,7,7,7,7,1,2,1,5,4,3,7,5,6,5,7,2,7,3,6,6,6,3,3,2,1,1,1,7,1,1,1,1,2,5,5,3,4,3,2,4,3,4,4,3,5,4,4,5,4,3,5,4,4,4,4,1,5,6,1,255,75,93,496,167,76,112,NA,NA,NA,188,53,72,172,44,227,11,2053,NA,"4/21/24 20:06",24,19,29,34,21,26,28,NA,NA,23,NA,22,28,26,20,29,NA,NA,NA,NA,NA,NA,49,35,115,107,2,2,1,11,18,1,11,NA
"38",1019,NA,1080,"SONA","interview","4/22/24 4:14",1,0,21,21,0,0,1.49,-1,"",3,1,1,7,7,7,1,6,4,5,5,6,5,4,4,6,6,4,4,4,3,6,6,6,2,6,6,6,6,6,6,3,5,4,5,4,7,7,1,1,1,7,7,7,7,1,6,6,6,6,6,4,1,2,2,7,7,1,5,2,5,6,6,6,4,1,2,1,NA,NA,NA,NA,NA,NA,4,4,4,4,4,5,1,5,2,5,4,5,7,6,8,3,10,2,9,1,4,4,4,4,4,4,1,5,2,5,3,4,5,8,7,6,10,2,9,1,1,2,2,2,2,1,1,2,1,1,1,2,1,2,2,2,2,2,2,2,1,1,2,2,1,1,1,1,1,1,1,2,2,1,2,1,2,2,1,2,2,2,2,2,2,2,1,1,2,2,1,2,2,1,2,2,1,2,1,2,2,2,2,1,2,2,2,2,1,1,1,1,1,1,1,2,1,1,1,2,1,5,3,4,1,3,4,4,1,2,4,3,1,5,2,4,4,5,2,3,4,3,4,2,3,3,4,2,4,3,3,4,5,3,4,4,2,2,5,3,4,2,4,2,1,6,5,7,4,5,3,8,7,2,3,6,4,9,6,7,3,5,2,5,5,4,6,7,6,1,7,1,6,7,7,7,7,7,5,5,6,6,4,44,1,2,1,1,1,1,2,1,1,"",1,1,19,NA,"10",1,1,2,1,1,1,1,1,1,1,1,2,1,1,1,1,1,2,1,1,1,1,1,2,1,1,1,1,1,1,1,1,1,1,3,1,1,5,3,6,3,4,6,1,1,1,1,1,2,1,1,1,1,1,1,2,1,1,1,1,1,1,1,1,1,2,1,1,1,1,2,1,1,1,1,1,1,1,1,2,1,1,1,1,1,1,1,"",1,1,1,2,1,1,1,1,1,1,1,"5’3","115",1,2,1,1,2,1,1,2,1,1,2,1,1,2,1,1,2,1,2,1,1,1,2,1,2,1,1,1,2,1,2,1,1,2,1,1,2,1,1,1,2,1,2,1,1,2,1,1,1,2,1,1,2,1,2,1,1,1,2,1,1,2,1,2,1,1,2,1,1,1,2,1,2,1,1,1,2,1,1,2,1,2,1,1,2,1,1,44,0,0,1,0,1,1,0,0,0,0,0,1,0,0,1,0,0,0,0,1,0,0,0,0,0,0,0,0,1,0,1,1,1,1,1,1,0,0,1,0,1,1,1,0,0,0,1,1,0,0,0,0,0,1,0,0,1,0,1,1,1,0,1,1,1,0,0,0,1,0,0,0,0,1,1,0,0,0,0,0,0,"0",4,1,1,1,1,1,1,5,1,1,5,5,5,5,1,1,5,1,5,1,4,7,7,6,6,3,2,5,6,3,7,7,6,7,7,2,7,7,5,7,7,7,2,4,7,6,2,6,1,6,1,2,6,2,6,7,3,6,2,5,2,3,1,3,1,7,1,5,5,4,5,1,4,NA,NA,NA,NA,NA,NA,NA,NA,NA,NA,NA,NA,NA,NA,NA,NA,NA,NA,NA,NA,NA,NA,NA,NA,NA,NA,NA,NA,NA,NA,NA,NA,NA,NA,NA,NA,NA,NA,NA,NA,NA,NA,NA,NA,NA,NA,NA,NA,NA,NA,NA,NA,NA,NA,NA,NA,NA,NA,6,1,4,4,1,251,52,52,253,121,114,103,88,207,87,NA,NA,NA,168,26,288,9,1828,NA,"4/22/24 4:44",21,35,36,35,24,28,6,41,28,36,NA,25,38,38,13,32,18,33,12,42,8,36,NA,NA,NA,NA,6,5,7,12,8,6,11,NA
"39",1028,NA,848,"SONA","interview","4/22/24 17:44",1,0,21,21,0,0,0.92,-1,"",5,4,4,2,4,4,5,2,6,4,3,2,2,1,5,6,2,3,2,2,2,4,6,6,3,2,2,6,5,5,4,4,6,5,4,7,7,1,1,1,1,7,7,6,6,1,5,6,6,5,5,2,6,5,5,NA,NA,NA,NA,NA,NA,NA,NA,NA,NA,NA,NA,NA,NA,NA,NA,NA,NA,NA,4,4,5,3,3,3,4,5,5,5,7,8,3,6,9,5,10,4,2,1,1,1,5,5,5,1,1,1,1,1,5,7,4,2,1,6,8,9,10,3,2,2,2,1,2,1,2,1,1,1,1,1,1,1,2,2,1,2,2,2,1,1,1,1,1,1,1,1,1,1,1,2,1,2,2,1,2,1,1,2,2,2,1,2,2,2,1,1,2,1,1,1,1,1,1,2,1,1,1,2,2,2,2,1,2,1,2,1,1,1,1,1,1,1,2,2,1,1,2,2,1,4,2,4,2,3,3,5,4,3,4,4,3,5,4,5,4,5,1,4,2,4,5,1,4,3,4,3,4,4,1,4,5,5,4,5,5,3,2,4,4,1,5,3,2,9,8,8,6,7,8,9,9,8,8,7,7,9,8,8,3,5,4,4,5,3,4,2,3,7,7,1,3,7,2,7,7,2,7,4,6,1,1,44,2,1,1,1,1,2,1,1,1,"",1,1,20,NA,"8",1,1,1,1,2,1,1,1,1,1,1,1,1,2,1,1,1,1,1,1,2,1,1,1,1,1,1,1,1,1,1,1,2,1,7,7,5,1,7,3,7,6,6,2,1,1,1,1,1,1,1,1,2,1,1,1,1,1,1,2,1,1,1,1,1,1,1,5,5,5,2,1,1,1,1,1,1,1,1,1,2,1,1,1,1,1,1,"",1,2,1,1,1,1,1,1,1,1,1,"5 feet 9 inches","180lbs",1,2,1,1,2,1,1,2,1,2,1,1,2,1,1,2,1,1,1,2,1,1,2,1,2,1,1,2,1,1,2,1,1,1,2,1,1,2,1,1,2,1,2,1,1,1,2,1,1,2,1,1,2,1,2,1,1,2,1,1,1,2,1,1,2,1,1,2,1,1,2,1,1,2,1,1,2,1,1,2,1,2,1,1,2,1,1,32,0,0,1,0,0,0,0,1,0,0,0,0,1,0,0,1,0,0,0,0,0,0,0,0,0,1,0,1,1,0,0,0,0,1,1,1,0,0,1,1,0,0,0,0,0,0,0,0,0,0,0,1,0,1,0,0,1,0,1,1,1,0,1,1,1,0,0,0,0,1,0,0,0,1,1,0,0,0,0,0,0,"0",2,NA,NA,NA,NA,NA,NA,NA,NA,NA,NA,NA,NA,NA,NA,NA,NA,NA,NA,NA,NA,NA,NA,NA,NA,NA,NA,NA,NA,NA,NA,NA,NA,NA,NA,NA,NA,NA,NA,NA,NA,NA,NA,NA,NA,NA,NA,NA,NA,NA,NA,NA,NA,NA,NA,NA,NA,NA,NA,NA,NA,NA,NA,NA,NA,NA,NA,NA,NA,NA,NA,NA,NA,5,5,5,5,5,6,2,6,4,3,5,5,4,5,5,3,3,3,6,2,2,3,5,5,2,6,2,2,6,3,3,4,2,2,6,4,4,3,4,5,5,3,2,3,2,2,1,4,1,3,5,6,5,1,3,2,1,5,5,1,5,7,2,281,143,165,509,183,416,91,NA,NA,NA,337,69,92,163,32,367,21,2544,NA,"4/22/24 18:32",20,20,33,22,22,18,27,NA,NA,42,NA,28,38,35,15,30,NA,NA,NA,NA,NA,NA,35,31,79,77,1,2,1,10,26,3,9,NA
"40",1029,NA,860,"SONA","interview","4/22/24 19:47",1,0,21,21,0,0,0.43,1,"",2,1,1,1,7,7,1,5,6,5,5,4,4,5,6,4,6,3,6,5,7,5,6,6,4,4,1,5,1,1,1,7,2,7,6,7,6,2,2,2,2,6,6,5,6,2,4,4,5,4,5,5,2,3,2,6,5,5,3,2,2,1,1,1,1,5,5,1,7,7,1,2,1,7,4,5,4,3,3,3,1,1,5,5,4,5,3,7,8,6,10,9,1,2,4,4,4,3,3,4,1,1,5,5,3,5,4,8,7,6,10,9,1,2,2,2,2,1,2,2,2,2,2,2,2,2,2,2,1,2,1,2,2,2,1,2,1,2,2,1,2,2,2,2,1,2,1,2,2,2,2,2,1,2,2,1,2,2,2,2,2,2,2,2,1,2,2,1,1,2,2,2,2,2,2,2,2,1,2,1,1,2,1,2,2,2,2,2,2,1,1,2,1,2,1,4,3,5,4,4,4,4,4,4,3,3,2,5,3,4,4,4,2,2,4,5,5,1,5,3,3,4,4,5,4,3,4,4,5,3,4,4,4,4,4,3,4,2,3,9,9,9,9,5,7,7,9,9,7,6,8,6,5,1,5,5,5,7,6,6,6,6,6,6,7,7,4,7,7,6,5,5,6,6,6,5,6,45,1,2,1,1,2,1,1,1,1,"",1,1,47,16,"17",1,1,1,1,1,2,1,1,1,1,2,1,1,2,2,1,3,1,1,2,1,1,1,1,1,2,1,1,1,1,1,1,1,1,7,5,6,1,7,4,4,3,5,2,1,1,1,1,1,1,1,2,1,1,1,1,1,1,1,2,1,1,1,1,1,1,1,5,5,5,1,1,1,1,1,1,1,2,1,1,1,2,1,1,1,1,1,"",1,1,1,1,1,1,1,2,1,1,1,"5'","185",1,2,1,1,2,1,1,2,1,2,1,1,2,1,1,1,2,1,2,1,1,1,2,1,2,1,1,1,2,1,2,1,1,2,1,1,2,1,1,1,2,1,2,1,1,1,2,1,2,1,1,1,2,1,2,1,1,2,1,1,1,2,1,1,2,1,1,2,1,2,1,1,2,1,1,1,2,1,1,2,1,2,1,1,2,1,1,60,1,1,1,1,0,1,1,1,1,1,1,0,1,0,0,0,0,0,0,0,0,0,1,0,1,1,1,1,1,1,1,0,1,1,1,0,0,1,1,0,1,1,1,0,1,1,1,1,1,0,0,0,0,1,1,0,1,0,0,0,1,0,1,1,0,0,0,1,1,1,1,1,1,1,1,0,0,0,0,0,1,"0",1,1,1,1,1,1,1,5,1,1,5,5,5,5,1,1,5,1,5,5,5,7,7,6,7,6,5,4,6,6,6,6,7,7,5,4,7,4,7,7,5,7,5,1,7,1,1,7,4,4,4,4,3,4,4,4,7,1,1,3,1,4,2,4,1,6,1,1,6,5,6,2,5,NA,NA,NA,NA,NA,NA,NA,NA,NA,NA,NA,NA,NA,NA,NA,NA,NA,NA,NA,NA,NA,NA,NA,NA,NA,NA,NA,NA,NA,NA,NA,NA,NA,NA,NA,NA,NA,NA,NA,NA,NA,NA,NA,NA,NA,NA,NA,NA,NA,NA,NA,NA,NA,NA,NA,NA,NA,NA,5,1,114,28,29,809,320,350,844,391,128,217,162,252,304,NA,NA,NA,403,79,535,19,4324,NA,"4/22/24 21:10",24,31,30,15,38,27,12,27,10,36,37,24,32,37,12,35,18,37,30,37,8,45,NA,NA,NA,NA,1,1,1,9,25,4,10,NA
"41",1030,NA,1106,"SONA","interview","4/22/24 21:12",1,0,21,21,0,0,1.12,-1,"",3,2,1,4,2,1,1,6,1,7,5,5,4,4,7,7,3,3,3,2,4,2,6,5,4,3,3,4,2,3,5,6,2,6,5,5,7,1,1,1,1,7,7,6,6,4,4,5,5,2,2,2,6,6,6,7,7,1,1,1,1,2,1,2,1,2,4,1,NA,NA,NA,NA,NA,NA,5,1,5,3,3,4,3,5,5,5,3,10,6,9,7,5,8,4,2,1,5,1,5,3,3,4,3,4,5,5,3,10,5,9,7,6,8,4,2,1,2,2,2,1,1,1,2,1,2,2,1,1,2,2,2,2,1,2,2,1,1,2,1,2,1,1,2,2,2,1,1,2,1,1,2,1,2,2,1,2,1,2,2,2,1,2,2,2,1,2,1,2,2,1,2,2,1,2,2,2,2,2,2,1,1,1,2,2,1,1,1,1,2,1,2,2,1,1,1,1,1,5,1,4,1,3,3,4,3,4,5,5,1,5,3,4,4,4,4,2,2,3,4,4,4,2,3,2,3,4,2,4,4,4,4,4,4,4,5,5,3,4,5,5,4,9,7,8,6,5,5,9,9,4,1,5,6,8,8,3,4,5,5,7,7,7,7,2,7,7,7,4,7,7,4,6,2,7,7,2,7,4,4,45,2,2,1,1,1,2,2,1,1,"",1,2,20,NA,"10",1,1,1,2,1,1,1,1,1,1,2,1,1,2,1,1,2,1,2,1,1,1,1,1,1,1,1,1,1,1,1,1,2,1,7,5,5,1,7,7,6,6,6,2,1,1,1,1,1,1,1,1,2,1,1,1,1,1,1,1,2,1,1,1,1,1,1,2,2,2,2,1,1,1,1,1,1,1,1,2,1,1,1,1,1,1,1,"",1,1,1,2,1,1,1,1,1,1,1,"5'4","138",1,2,1,1,2,1,1,2,1,2,1,1,1,2,1,2,1,1,1,2,1,1,2,1,2,1,1,2,1,1,2,1,1,2,1,1,2,1,1,1,2,1,2,1,1,1,2,1,1,2,1,1,2,1,2,1,1,1,2,1,1,2,1,1,2,1,1,2,1,1,2,1,1,2,1,1,2,1,1,2,1,2,1,1,1,2,1,44,1,1,1,1,0,0,0,0,0,0,0,0,0,0,1,0,0,1,0,0,0,0,0,0,1,1,0,0,0,0,0,0,1,1,0,1,1,1,0,0,0,1,0,0,0,1,0,0,0,0,0,0,0,1,0,0,1,0,1,1,1,0,1,1,1,0,0,0,1,1,1,1,0,0,1,0,0,0,0,0,0,"0",3,NA,NA,NA,NA,NA,NA,NA,NA,NA,NA,NA,NA,NA,NA,NA,NA,NA,NA,NA,NA,NA,NA,NA,NA,NA,NA,NA,NA,NA,NA,NA,NA,NA,NA,NA,NA,NA,NA,NA,NA,NA,NA,NA,NA,NA,NA,NA,NA,NA,NA,NA,NA,NA,NA,NA,NA,NA,NA,NA,NA,NA,NA,NA,NA,NA,NA,NA,NA,NA,NA,NA,NA,1,1,1,1,1,1,1,1,7,1,1,1,1,1,1,1,1,4,1,7,1,7,1,1,1,7,1,6,6,7,7,1,7,7,7,5,4,4,3,1,3,2,1,1,2,2,7,3,5,5,5,6,4,3,3,3,5,4,4,1,5,7,13,715,85,71,465,164,69,99,NA,NA,NA,119,71,112,171,21,262,5,2454,NA,"4/22/24 21:53",26,12,28,16,25,23,21,38,7,42,NA,29,37,29,10,29,NA,NA,NA,NA,NA,NA,53,25,28,27,1,2,2,9,24,7,6,NA
"43",1042,NA,1116,"SONA","interview","4/23/24 1:28",1,0,21,21,0,0,0.94,-1,"",3,2,2,6,6,5,1,5,5,6,5,3,7,7,3,6,7,3,4,3,5,6,6,6,3,6,7,6,7,7,7,1,7,4,6,4,7,1,1,1,1,7,7,6,6,2,6,6,6,4,5,2,6,5,5,7,7,1,7,7,7,6,6,6,6,2,2,1,NA,NA,NA,NA,NA,NA,5,3,4,4,5,4,1,5,4,5,6,9,2,7,3,4,10,5,8,1,5,2,4,2,3,2,2,2,1,4,5,7,1,4,3,6,9,10,8,2,2,2,2,1,2,1,1,1,1,1,2,1,2,2,2,1,1,2,2,2,1,1,1,1,1,1,1,1,1,1,1,2,1,1,2,1,2,1,1,2,1,2,2,2,1,1,1,2,1,1,1,2,2,1,2,2,1,2,2,2,1,2,1,1,2,1,2,1,1,1,1,2,1,1,2,2,1,1,1,1,1,4,4,5,2,2,1,4,2,2,3,4,3,4,4,2,4,4,4,4,4,2,4,4,3,2,2,2,3,4,2,2,4,4,2,2,4,2,4,4,2,2,4,5,2,8,8,8,7,3,7,9,8,5,6,8,5,7,7,9,7,2,2,5,5,6,5,6,6,2,7,1,7,7,6,6,7,7,6,6,6,5,3,46,1,2,1,1,1,2,1,1,1,"",1,1,18,NA,"18",1,1,1,2,1,1,1,1,1,1,1,1,1,2,1,1,1,1,1,2,1,1,1,1,1,1,2,1,1,1,1,1,1,1,5,1,1,6,2,3,2,6,7,1,1,1,2,1,1,1,1,1,1,1,1,1,2,1,1,1,1,1,2,1,1,1,1,6,6,6,1,2,1,1,1,1,1,1,1,1,2,1,1,1,1,1,1,"",1,1,1,2,1,1,1,1,1,1,1,"5'0","125",1,2,1,1,2,1,1,2,1,1,2,1,1,2,1,2,1,1,2,1,1,1,2,1,2,1,1,2,1,1,2,1,1,1,2,1,2,1,1,2,1,1,2,1,1,1,2,1,2,1,1,2,1,1,2,1,1,2,1,1,2,1,1,1,2,1,2,1,1,1,2,1,2,1,1,1,2,1,1,2,1,1,2,1,2,1,1,32,0,0,1,1,0,0,0,0,0,0,1,0,0,0,0,1,0,0,0,0,0,0,0,0,0,1,0,0,1,0,1,0,0,1,0,0,0,1,0,0,1,1,1,0,0,1,1,0,1,0,0,0,0,1,0,0,1,0,0,1,1,0,0,1,1,NA,0,0,1,1,1,0,0,1,0,0,0,0,0,0,0,"0",2,2,4,2,3,3,3,3,1,2,4,5,5,5,2,2,4,2,4,3,1,7,7,5,2,6,3,7,6,6,4,7,7,4,7,7,7,6,5,7,4,6,5,6,4,1,5,4,5,2,5,2,2,4,2,2,6,3,5,6,6,3,2,6,4,3,4,2,4,4,5,1,1,NA,NA,NA,NA,NA,NA,NA,NA,NA,NA,NA,NA,NA,NA,NA,NA,NA,NA,NA,NA,NA,NA,NA,NA,NA,NA,NA,NA,NA,NA,NA,NA,NA,NA,NA,NA,NA,NA,NA,NA,NA,NA,NA,NA,NA,NA,NA,NA,NA,NA,NA,NA,NA,NA,NA,NA,NA,NA,4,1,6,31,2,1045,382,96,434,178,103,101,90,218,65,NA,NA,NA,154,25,235,21,2209,NA,"4/23/24 2:21",20,19,35,41,26,35,12,40,39,42,NA,31,33,29,17,27,27,34,39,26,22,48,NA,NA,NA,NA,4,6,4,14,9,3,17,NA
"44",1043,NA,872,"SONA","interview","4/23/24 2:03",1,0,21,21,0,0,0.67,-1,"",1,1,1,7,7,7,1,1,5,4,3,3,4,4,7,1,4,4,6,7,7,4,4,4,6,2,3,6,1,4,4,7,4,7,7,6,4,4,4,2,2,4,4,6,6,1,7,6,6,5,5,6,1,2,3,7,7,1,2,2,2,5,1,5,1,1,1,1,NA,NA,NA,NA,NA,NA,5,3,2,2,1,1,1,5,5,3,3,4,6,7,9,8,10,1,2,5,5,3,1,1,1,1,1,3,3,4,1,3,6,8,7,9,10,5,4,2,2,1,2,1,2,1,2,2,1,1,1,1,1,2,2,2,2,1,2,2,2,1,1,2,1,1,1,1,1,2,2,2,2,1,1,1,1,1,1,2,2,2,2,2,2,1,1,1,2,2,1,2,2,1,2,2,1,2,2,2,1,1,2,2,2,1,2,2,1,1,1,1,2,1,1,2,1,1,2,2,1,4,3,5,2,4,4,4,4,3,4,5,3,4,2,4,3,1,1,5,5,5,4,2,3,3,3,3,3,4,4,4,5,4,4,3,2,4,2,4,5,5,3,5,2,9,5,5,3,1,2,3,9,6,5,8,5,5,5,1,9,5,5,6,6,7,5,4,3,7,1,7,7,7,7,4,3,3,3,2,2,1,2,47,2,2,2,1,1,2,1,1,1,"",1,2,20,NA,"3 year old",1,1,2,1,1,1,1,1,1,1,2,1,1,1,1,1,1,2,1,1,1,1,1,2,1,1,1,1,1,1,1,1,1,1,1,1,1,7,1,1,1,4,1,1,1,1,1,1,1,2,1,1,1,1,1,1,1,2,1,1,1,1,1,1,1,2,1,4,4,4,1,1,1,1,1,1,2,1,1,1,2,1,1,1,1,1,1,"",1,1,1,1,1,1,2,1,1,1,1,"5'6","204",2,1,1,1,2,1,1,2,1,2,1,1,1,2,1,2,1,1,2,1,1,1,2,1,2,1,1,1,2,1,1,2,1,1,2,1,2,1,1,2,1,1,2,1,1,1,2,1,2,1,1,2,1,1,2,1,1,1,2,1,2,1,1,1,2,1,1,2,1,2,1,1,1,2,1,1,2,1,2,1,1,1,2,1,1,2,1,41,1,1,1,1,1,1,0,1,0,0,0,1,1,1,1,1,0,0,0,1,0,0,0,0,0,1,1,0,0,0,0,0,1,1,1,0,0,0,0,1,1,1,1,0,1,1,1,1,0,0,0,1,0,0,1,1,1,0,0,0,1,1,1,1,1,0,0,1,1,0,1,0,0,1,1,0,0,0,0,1,0,"0",4,NA,NA,NA,NA,NA,NA,NA,NA,NA,NA,NA,NA,NA,NA,NA,NA,NA,NA,NA,NA,NA,NA,NA,NA,NA,NA,NA,NA,NA,NA,NA,NA,NA,NA,NA,NA,NA,NA,NA,NA,NA,NA,NA,NA,NA,NA,NA,NA,NA,NA,NA,NA,NA,NA,NA,NA,NA,NA,NA,NA,NA,NA,NA,NA,NA,NA,NA,NA,NA,NA,NA,NA,1,1,1,1,1,1,1,1,7,1,7,1,1,1,2,1,1,1,5,5,6,2,2,6,6,3,3,5,5,5,5,3,5,4,2,7,5,3,1,1,1,2,1,1,1,1,5,5,5,4,2,3,4,3,4,3,5,1,4,1,37,10,2,593,184,114,546,318,89,343,NA,NA,NA,414,142,181,370,58,529,8,3704,NA,"4/23/24 3:09",18,34,21,18,40,19,6,42,13,26,NA,22,28,30,15,35,NA,NA,NA,NA,NA,NA,52,21,73,19,7,7,7,15,4,1,14,NA
"45",1056,NA,857,"SONA","interview","4/23/24 3:13",1,0,21,21,0,0,0.98,-1,"",2,4,5,5,5,2,1,6,5,7,4,2,7,7,4,4,5,5,4,5,5,3,7,7,4,3,4,5,7,4,5,4,5,7,7,5,7,7,1,1,1,7,7,7,7,1,7,7,7,5,5,3,6,5,5,7,7,1,7,7,7,6,7,7,7,1,1,1,NA,NA,NA,NA,NA,NA,5,3,4,4,3,5,4,5,5,5,4,9,3,6,7,5,10,1,8,2,3,2,4,2,5,2,1,1,1,5,5,6,4,3,1,7,8,9,10,2,2,2,2,1,2,2,2,2,1,2,1,1,2,2,2,2,1,2,2,2,1,2,1,2,2,1,2,2,2,1,1,2,1,2,2,2,2,2,1,2,2,2,2,2,2,2,2,2,2,2,1,2,2,1,2,2,1,1,2,2,2,2,2,1,2,1,2,2,1,2,1,1,1,1,2,2,1,1,1,1,1,5,4,5,5,5,5,4,5,2,5,3,4,5,5,5,4,2,5,4,5,3,2,4,2,4,5,5,4,5,5,4,3,3,2,3,2,4,4,4,3,1,3,4,5,9,7,9,7,7,4,9,9,9,6,6,9,9,9,8,8,3,5,6,5,2,4,3,2,7,7,4,7,7,7,7,7,7,7,6,7,3,4,48,2,2,1,1,1,2,2,1,1,"",1,2,19,NA,"8,11,13,15,17",1,1,1,2,1,1,1,1,1,1,1,2,1,2,1,1,2,1,1,1,2,1,1,1,1,1,1,1,1,1,1,2,1,1,1,1,-9,7,1,7,7,5,5,1,1,1,2,1,1,1,1,1,1,1,1,2,1,1,1,1,1,1,2,1,1,1,1,1,2,2,2,1,1,1,1,1,1,1,1,2,1,1,1,1,1,1,1,"",1,1,1,2,1,1,1,1,1,1,1,"5'3","115",1,2,1,1,2,1,1,2,1,2,1,1,2,1,1,1,2,1,2,1,1,1,2,1,2,1,1,2,1,1,2,1,1,1,2,1,1,2,1,2,1,1,2,1,1,1,2,1,2,1,1,2,1,1,2,1,1,2,1,1,2,1,1,1,2,1,2,1,1,1,2,1,1,2,1,1,2,1,1,2,1,1,2,1,2,1,1,53,1,1,1,0,1,1,0,0,1,0,0,1,1,0,0,0,0,0,0,1,0,0,1,0,1,1,0,1,1,1,0,1,1,1,1,1,0,1,1,0,1,1,0,0,0,1,1,0,0,0,0,0,0,1,0,0,1,0,1,0,1,0,1,1,1,0,1,0,1,1,1,1,0,0,0,0,0,0,1,0,1,"0",4,NA,NA,NA,NA,NA,NA,NA,NA,NA,NA,NA,NA,NA,NA,NA,NA,NA,NA,NA,NA,NA,NA,NA,NA,NA,NA,NA,NA,NA,NA,NA,NA,NA,NA,NA,NA,NA,NA,NA,NA,NA,NA,NA,NA,NA,NA,NA,NA,NA,NA,NA,NA,NA,NA,NA,NA,NA,NA,NA,NA,NA,NA,NA,NA,NA,NA,NA,NA,NA,NA,NA,NA,7,7,2,2,1,7,7,1,2,1,3,1,4,1,7,6,7,1,5,5,6,7,4,2,1,5,4,3,7,7,7,3,5,6,7,7,5,3,3,4,2,2,3,2,3,1,5,2,7,2,1,7,3,7,2,5,5,2,5,1,5,8,5,292,94,143,528,123,59,73,NA,NA,NA,152,1454,153,178,30,249,19,2164,NA,"4/23/24 4:13",18,21,30,28,33,36,22,42,42,36,NA,25,21,27,22,45,NA,NA,NA,NA,NA,NA,72,24,47,73,4,5,4,13,-6,7,14,NA
"46",1171,NA,1078,"SONA","interview","4/25/24 18:44",1,0,21,21,1,1,2.44,-1,"",3,7,1,1,6,3,4,2,2,4,3,4,4,3,5,3,3,5,4,4,3,4,4,5,5,5,3,7,3,7,2,2,7,4,3,5,6,4,3,4,3,4,4,4,3,4,3,4,4,3,4,4,4,4,3,3,3,4,4,3,4,4,4,3,4,4,5,4,NA,NA,NA,NA,NA,NA,5,5,5,5,5,5,5,5,5,5,9,7,1,8,5,2,3,6,10,4,5,5,5,5,5,5,5,5,5,5,10,5,1,8,7,2,9,6,3,4,2,2,2,2,2,1,2,1,1,2,2,1,2,2,2,2,2,2,2,2,2,1,2,2,2,2,2,2,2,2,2,2,2,2,2,1,2,1,2,2,2,2,2,2,1,2,1,2,1,1,1,1,1,1,1,1,1,1,1,1,1,1,1,1,1,1,1,1,1,1,1,1,1,1,1,1,1,1,1,1,1,5,5,5,5,5,5,5,5,5,5,5,5,5,5,5,5,5,5,5,5,5,5,5,5,5,5,5,5,5,5,5,5,5,5,5,5,5,5,5,5,5,5,5,5,9,9,9,9,9,9,9,9,9,9,9,9,9,9,9,9,9,9,7,7,7,7,7,7,7,7,3,7,7,7,7,7,7,7,7,7,7,7,50,2,2,1,1,2,2,1,1,1,"",1,2,18,NA,"",1,1,2,1,1,1,1,1,1,1,1,2,1,1,1,1,1,1,1,2,1,1,1,1,1,1,1,1,2,1,1,1,1,1,7,7,7,7,1,7,7,7,7,2,1,1,1,1,1,1,1,2,1,1,1,1,1,1,1,2,1,1,1,1,1,1,1,2,2,2,2,1,1,1,1,1,1,1,1,2,1,1,1,1,1,1,1,"",1,1,1,1,2,1,1,1,1,1,1,"55","155",2,1,1,2,1,1,2,1,1,2,1,1,2,1,1,2,1,1,2,1,1,2,1,1,2,1,1,2,1,1,2,1,1,2,1,1,2,1,1,2,1,1,2,1,1,2,1,1,2,1,1,2,1,1,2,1,1,2,1,1,2,1,1,2,1,1,2,1,1,2,1,1,2,1,1,2,1,1,2,1,1,2,1,1,1,2,1,39,1,1,1,1,1,1,1,1,1,1,1,1,1,1,1,1,1,1,1,1,1,NA,1,1,1,1,1,1,1,1,1,1,1,1,1,1,1,1,1,1,1,1,1,1,1,1,1,1,1,1,1,1,1,1,1,1,1,1,0,1,1,1,1,1,1,1,0,1,1,1,1,0,1,1,1,0,0,1,0,0,NA,"0",5,NA,NA,NA,NA,NA,NA,NA,NA,NA,NA,NA,NA,NA,NA,NA,NA,NA,NA,NA,NA,NA,NA,NA,NA,NA,NA,NA,NA,NA,NA,NA,NA,NA,NA,NA,NA,NA,NA,NA,NA,NA,NA,NA,NA,NA,NA,NA,NA,NA,NA,NA,NA,NA,NA,NA,NA,NA,NA,NA,NA,NA,NA,NA,NA,NA,NA,NA,NA,NA,NA,NA,NA,7,1,1,1,1,1,1,1,1,1,1,1,1,1,1,1,1,1,1,1,1,1,1,1,1,1,1,1,1,1,1,1,1,1,1,1,1,1,1,1,1,1,1,1,1,1,1,1,1,1,1,1,1,1,1,1,1,1,7,1,17,5,2,73,38,31,155,33,12,19,NA,NA,NA,35,7,10,111,10,37,20,615,NA,"4/25/24 18:54",24,24,26,28,23,18,26,21,22,27,NA,28,29,29,17,42,NA,NA,NA,NA,NA,NA,48,22,90,36,1,1,1,9,22,7,11,NA
"48",1202,NA,1120,"SONA","interview","4/27/24 1:26",1,0,21,21,0,0,0.5,-1,"",3,2,3,4,6,3,2,6,6,7,4,4,5,7,3,5,4,6,3,2,6,4,5,5,5,5,6,6,7,3,6,3,6,4,5,6,7,1,1,1,1,7,6,6,6,2,6,4,5,7,6,5,1,3,3,7,7,2,6,5,6,6,5,4,5,2,1,1,NA,NA,NA,NA,NA,NA,5,5,3,3,3,4,1,5,3,4,5,3,6,8,7,4,10,2,9,1,2,1,4,4,4,3,1,1,1,5,5,7,2,3,4,6,10,8,9,1,1,2,2,2,2,1,1,2,1,2,2,1,1,2,2,2,1,2,1,2,1,2,1,2,1,1,2,2,2,2,1,2,1,2,2,2,2,2,1,2,1,1,2,2,1,1,1,2,2,2,1,2,2,1,2,2,1,2,1,2,2,2,1,1,2,1,2,1,1,1,1,2,1,1,2,2,1,1,1,1,1,3,1,5,1,4,4,5,5,4,5,4,2,5,4,4,4,5,1,5,4,4,5,2,3,2,4,4,4,5,5,4,5,5,3,4,3,2,3,5,3,1,3,5,4,9,8,9,8,6,5,9,5,5,4,8,9,9,9,5,4,5,7,6,7,4,5,5,4,7,7,4,7,7,5,6,7,7,6,7,7,4,7,51,1,2,1,1,1,2,2,1,1,"",1,2,19,NA,"18",1,1,2,1,1,1,1,1,1,1,1,2,1,2,1,1,2,1,1,2,1,1,1,1,1,1,1,1,1,1,1,1,2,1,4,2,5,6,2,5,7,7,7,2,1,1,1,1,1,1,1,1,2,1,1,1,1,1,1,1,1,2,1,1,1,1,1,5,5,5,1,2,1,1,1,1,1,1,1,1,2,1,1,1,1,1,1,"",1,1,1,1,1,2,1,1,1,1,1,"5'4","141",1,2,1,1,2,1,2,1,1,2,1,1,1,2,1,1,2,1,2,1,1,1,2,1,2,1,1,2,1,1,2,1,1,1,2,1,1,2,1,2,1,1,2,1,1,1,2,1,1,2,1,1,2,1,2,1,1,1,2,1,2,1,1,1,2,1,1,2,1,1,2,1,1,2,1,1,2,1,1,2,1,2,1,1,2,1,1,43,0,0,1,1,1,0,0,0,0,0,1,1,1,0,0,0,0,1,0,1,0,0,0,0,0,1,0,1,1,1,1,0,1,1,0,0,0,1,1,1,1,1,1,0,1,0,1,0,1,0,0,0,0,1,0,0,1,0,1,0,1,0,0,1,1,0,0,0,1,1,0,0,0,0,0,0,0,0,1,0,1,"0",4,1,3,2,3,3,4,3,1,1,5,5,5,5,1,2,5,1,5,1,5,6,7,7,2,6,5,5,6,7,4,7,7,7,6,6,7,6,7,4,5,7,4,4,7,4,2,5,4,6,2,1,3,5,5,6,6,2,4,7,4,1,1,6,4,3,3,1,6,5,5,1,1,NA,NA,NA,NA,NA,NA,NA,NA,NA,NA,NA,NA,NA,NA,NA,NA,NA,NA,NA,NA,NA,NA,NA,NA,NA,NA,NA,NA,NA,NA,NA,NA,NA,NA,NA,NA,NA,NA,NA,NA,NA,NA,NA,NA,NA,NA,NA,NA,NA,NA,NA,NA,NA,NA,NA,NA,NA,NA,6,1,36,11,53,1095,2208,155,1231,2379,72,664,7031,383,91,NA,NA,NA,290,34,402,11,2813,NA,"4/27/24 5:55",23,35,28,31,26,36,18,40,31,41,NA,24,38,33,15,38,26,34,24,38,17,55,NA,NA,NA,NA,1,2,3,8,13,5,9,NA
"49",1207,NA,1118,"SONA","interview","4/27/24 5:16",1,0,21,21,0,0,2.26,-1,"",5,1,1,1,1,1,1,1,1,1,1,1,1,1,1,1,1,1,1,1,1,1,1,1,1,1,1,1,1,1,1,1,1,1,1,1,1,1,1,1,1,1,1,1,1,1,1,1,1,1,1,1,1,1,1,NA,NA,NA,NA,NA,NA,NA,NA,NA,NA,NA,NA,NA,NA,NA,NA,NA,NA,NA,1,1,1,1,1,1,1,1,1,1,10,1,2,8,3,5,4,6,7,9,1,1,1,1,1,1,1,1,1,1,8,1,2,5,3,9,6,10,4,7,2,1,1,1,1,1,1,1,1,1,1,1,1,1,2,1,1,1,1,1,1,1,1,1,1,1,1,2,1,1,1,1,1,1,1,1,1,1,1,1,1,1,1,1,1,1,1,1,1,1,1,1,1,1,1,1,1,1,1,1,1,1,1,1,1,1,1,1,1,1,1,1,1,1,1,1,1,1,1,1,1,1,1,1,1,1,1,1,1,1,1,1,1,1,1,1,1,1,1,1,1,1,1,1,1,1,1,1,1,1,1,1,1,1,1,1,1,1,1,1,1,1,1,1,1,1,1,1,1,1,1,1,1,1,1,1,1,1,1,1,1,1,1,1,1,1,1,1,1,1,1,1,1,1,1,1,1,1,1,1,1,1,1,52,2,1,1,1,2,1,1,1,1,"",1,1,18,NA,"",1,1,1,2,1,1,1,1,1,1,1,1,1,2,1,1,1,1,2,1,1,1,1,1,1,1,1,1,1,1,1,1,2,1,1,1,1,1,7,1,1,1,1,2,1,1,1,1,1,1,1,2,1,1,1,1,1,1,1,2,1,1,1,1,1,1,1,1,1,1,1,1,1,1,1,1,1,2,1,2,1,1,1,1,1,1,1,"",1,2,1,1,1,1,1,1,1,1,1,"1'2","200",1,2,1,1,2,1,1,2,1,1,2,1,1,2,1,1,2,1,2,1,1,1,2,1,2,1,1,1,2,1,1,2,1,2,1,1,1,2,1,1,2,1,2,1,1,2,1,1,2,1,1,2,1,1,2,1,1,1,2,1,2,1,1,1,2,1,1,2,1,2,1,1,1,2,1,2,1,1,1,2,1,1,2,1,2,1,1,3,0,0,0,0,0,0,0,0,0,0,0,0,0,0,0,0,0,0,0,0,0,0,0,0,0,0,0,0,0,0,0,0,0,0,0,0,0,0,0,0,0,0,0,0,0,0,0,0,0,0,0,0,0,0,0,0,0,0,0,0,0,0,0,0,0,0,0,0,0,0,0,0,0,0,0,0,0,0,0,0,0,"",6,NA,NA,NA,NA,NA,NA,NA,NA,NA,NA,NA,NA,NA,NA,NA,NA,NA,NA,NA,NA,NA,NA,NA,NA,NA,NA,NA,NA,NA,NA,NA,NA,NA,NA,NA,NA,NA,NA,NA,NA,NA,NA,NA,NA,NA,NA,NA,NA,NA,NA,NA,NA,NA,NA,NA,NA,NA,NA,NA,NA,NA,NA,NA,NA,NA,NA,NA,NA,NA,NA,NA,NA,1,1,1,1,1,1,1,1,1,1,1,1,1,1,1,1,1,1,1,1,1,1,1,1,1,1,1,1,1,1,1,1,1,1,1,1,1,1,1,1,1,1,1,1,1,1,1,1,1,1,1,1,1,1,1,1,1,1,9,1,5,72,2,165,72,121,212,48,19,18,NA,NA,NA,49,11,30,106,8,43,4,922,NA,"4/27/24 5:33",24,24,12,6,6,12,24,NA,NA,24,NA,20,25,25,13,18,NA,NA,NA,NA,NA,NA,48,22,90,30,1,1,1,9,10,1,15,NA
"50",1208,NA,1121,"SONA","interview","4/27/24 5:47",1,0,21,21,0,0,1.1,-1,"",5,4,4,4,5,4,4,2,2,2,2,4,4,4,5,4,3,4,5,5,4,4,4,4,5,4,4,5,2,2,4,5,2,5,6,6,7,2,2,2,2,7,7,7,6,2,5,5,6,6,6,4,6,6,6,NA,NA,NA,NA,NA,NA,NA,NA,NA,NA,NA,NA,NA,NA,NA,NA,NA,NA,NA,4,4,4,4,2,3,3,3,3,5,4,6,3,5,10,9,8,7,2,1,4,5,5,5,5,5,1,1,1,5,5,8,2,3,4,6,10,9,7,1,1,2,2,1,1,2,2,1,1,1,1,1,1,2,2,1,1,1,1,2,1,1,1,2,1,1,2,2,2,2,1,2,1,1,2,1,1,1,1,1,2,2,2,2,1,2,1,2,2,2,1,2,1,1,1,2,1,2,2,1,1,1,2,1,1,1,2,1,1,1,1,1,1,1,1,2,1,1,2,1,1,4,3,4,1,4,4,4,3,3,4,4,3,4,3,4,4,4,2,4,4,3,4,2,4,4,3,3,4,3,4,2,4,4,3,4,2,2,4,4,4,4,4,3,4,9,7,7,5,5,5,5,8,5,7,7,7,5,7,5,8,5,7,5,5,6,6,6,4,7,7,1,1,1,6,6,6,6,5,5,5,4,3,53,2,2,1,1,1,2,1,1,1,"",1,1,18,NA,"14",1,1,1,2,1,1,1,1,1,1,1,1,1,2,1,1,1,1,1,2,1,1,1,1,1,1,1,2,1,1,1,1,1,1,4,2,2,4,4,5,4,5,5,1,1,2,1,1,1,1,1,1,1,2,1,1,1,1,1,1,1,1,1,2,1,1,1,1,1,3,1,1,1,1,1,1,2,1,1,1,1,2,1,1,1,1,1,"",1,2,1,1,1,1,1,1,1,1,1,"5'8","160",1,2,1,1,2,1,1,2,1,2,1,1,2,1,1,2,1,1,2,1,1,1,2,1,2,1,1,2,1,1,2,1,1,1,2,1,2,1,1,1,2,1,2,1,1,1,2,1,2,1,1,1,2,1,2,1,1,1,2,1,1,2,1,1,2,1,1,2,1,1,2,1,1,2,1,1,2,1,1,2,1,2,1,1,2,1,1,30,0,0,1,1,0,0,1,1,0,0,0,0,0,0,0,0,0,0,0,0,0,0,1,0,1,1,0,0,1,0,1,0,0,1,0,1,0,1,1,0,1,0,0,0,0,1,0,0,0,0,0,0,0,0,0,0,1,0,0,0,0,0,1,1,0,0,0,0,0,0,0,0,0,0,0,0,0,0,1,0,0,"0",3,NA,NA,NA,NA,NA,NA,NA,NA,NA,NA,NA,NA,NA,NA,NA,NA,NA,NA,NA,NA,NA,NA,NA,NA,NA,NA,NA,NA,NA,NA,NA,NA,NA,NA,NA,NA,NA,NA,NA,NA,NA,NA,NA,NA,NA,NA,NA,NA,NA,NA,NA,NA,NA,NA,NA,NA,NA,NA,NA,NA,NA,NA,NA,NA,NA,NA,NA,NA,NA,NA,NA,NA,1,1,1,1,1,1,1,1,5,1,5,1,1,1,1,1,1,1,1,4,5,5,1,1,1,5,5,5,5,5,5,5,1,1,4,5,5,3,3,4,2,3,2,1,1,1,4,4,5,4,1,5,1,5,4,5,5,1,7,1,101,4,2,251,119,101,356,158,81,73,NA,NA,NA,122,59,101,177,31,232,21,1895,NA,"4/27/24 6:21",23,22,24,17,31,17,23,NA,NA,39,NA,26,33,34,13,36,NA,NA,NA,NA,NA,NA,62,23,60,22,3,3,5,9,12,5,9,NA
"52",1241,NA,1124,"SONA","interview","4/29/24 22:12",1,0,21,21,1,1,0.82,-1,"",1,1,1,7,7,6,6,1,7,7,3,1,6,7,7,4,4,7,6,2,2,4,5,4,4,2,2,5,1,1,6,7,1,7,7,7,7,1,1,1,1,7,7,3,2,7,2,4,1,4,7,2,2,2,2,7,7,2,5,5,5,6,5,3,3,3,3,2,NA,NA,NA,NA,NA,NA,1,5,3,2,1,4,1,5,5,5,9,8,4,6,7,5,10,1,3,2,1,1,5,2,1,4,1,5,5,5,2,1,8,5,4,6,3,10,9,7,1,2,2,2,1,1,2,2,1,1,2,1,1,2,2,2,2,1,2,2,1,1,1,2,1,1,1,1,1,2,2,1,2,1,1,2,2,1,1,1,2,1,1,2,2,2,2,2,2,2,1,1,1,1,1,1,1,1,1,1,1,1,1,1,1,1,1,1,1,1,1,1,1,1,2,1,1,1,1,1,1,1,4,4,1,4,5,1,1,5,5,3,4,5,5,5,4,1,4,1,4,5,5,5,4,1,5,5,4,5,5,5,1,4,5,4,4,5,5,5,5,5,3,5,3,9,9,9,9,9,9,9,9,9,9,9,9,9,9,9,9,9,9,7,1,7,7,7,3,7,7,1,7,3,4,7,7,7,7,7,7,1,7,54,1,1,1,1,2,1,1,1,1,"",1,1,21,NA,"",1,1,1,2,1,1,1,1,1,1,1,1,1,2,1,1,1,1,1,2,1,1,1,1,1,1,1,1,1,1,1,1,2,1,3,1,1,7,1,3,2,3,7,1,1,2,1,1,1,1,1,1,1,1,1,1,1,2,1,1,1,1,1,1,1,2,1,4,4,4,1,1,1,1,1,1,2,1,1,2,1,1,1,1,1,1,1,"",1,1,1,1,1,2,1,1,1,1,1,"6'3","200",1,2,1,1,2,1,1,2,1,1,2,1,1,2,1,1,2,1,2,1,1,2,1,1,2,1,1,1,2,1,1,2,1,1,2,1,2,1,1,1,2,1,2,1,1,2,1,1,2,1,1,2,1,1,2,1,1,2,1,1,2,1,1,2,1,1,2,1,1,2,1,1,2,1,1,2,1,1,1,2,1,2,1,1,2,1,1,27,0,0,1,1,0,0,0,0,1,0,0,0,0,0,1,1,0,0,0,0,0,0,0,0,0,1,0,0,0,0,0,0,0,0,0,0,0,0,0,0,0,1,0,0,0,0,0,0,0,0,0,NA,NA,0,0,0,0,0,1,0,1,0,1,NA,1,0,0,0,1,0,0,0,1,0,0,0,0,0,0,0,0,"",1,5,5,4,5,5,5,3,2,5,2,5,5,5,2,2,5,2,4,5,1,7,7,7,1,7,1,5,3,7,2,7,7,2,7,7,1,7,4,5,3,5,1,5,7,7,1,5,1,3,1,3,7,4,7,3,7,1,1,7,3,1,1,3,1,5,3,7,7,5,7,7,1,NA,NA,NA,NA,NA,NA,NA,NA,NA,NA,NA,NA,NA,NA,NA,NA,NA,NA,NA,NA,NA,NA,NA,NA,NA,NA,NA,NA,NA,NA,NA,NA,NA,NA,NA,NA,NA,NA,NA,NA,NA,NA,NA,NA,NA,NA,NA,NA,NA,NA,NA,NA,NA,NA,NA,NA,NA,NA,6,1,9,6,2,938,242,98,915,320,46,673,191,786,100,NA,NA,NA,120,19,450,270,2743,NA,"4/29/24 23:39",29,31,26,11,31,29,12,36,26,42,NA,20,17,31,10,35,41,37,7,28,16,57,NA,NA,NA,NA,3,7,7,11,6,3,16,NA
"53",1244,NA,1125,"SONA","interview","4/29/24 23:09",1,0,21,21,0,0,1.67,-1,"",3,4,2,2,3,3,3,2,3,2,3,2,3,3,2,3,2,3,2,3,2,3,3,2,3,2,3,2,3,2,3,3,2,3,2,3,2,3,2,3,2,3,2,3,3,2,3,2,3,2,3,2,3,2,3,2,3,2,3,2,3,2,3,2,3,2,3,2,NA,NA,NA,NA,NA,NA,5,5,5,4,5,5,3,5,3,5,3,4,1,5,6,2,10,7,9,8,5,5,5,5,5,5,5,1,2,5,2,3,4,5,1,6,9,10,8,7,2,1,1,1,2,1,2,2,1,1,2,1,1,1,2,1,1,1,2,1,1,2,2,2,1,1,1,1,1,1,1,1,1,2,1,1,1,1,1,2,2,2,1,1,2,1,1,1,2,1,1,1,1,1,1,1,1,1,1,1,2,2,1,1,1,1,1,1,1,1,1,1,1,1,1,1,1,1,1,2,1,2,2,2,2,2,2,2,2,2,2,2,2,2,2,3,3,3,2,2,2,3,3,3,2,2,2,3,3,2,2,2,2,3,3,3,2,2,2,2,3,3,3,3,3,3,3,3,3,3,3,3,3,3,3,3,3,3,3,3,3,3,3,3,3,3,3,3,3,3,3,3,3,3,2,2,3,2,3,3,3,3,3,54,2,1,1,1,1,2,1,1,1,"",1,1,19,NA,"",1,1,2,1,1,1,1,1,1,1,1,1,2,2,1,1,2,1,1,2,1,1,1,1,1,1,1,2,1,1,1,1,1,1,4,4,3,4,4,4,3,4,5,1,1,1,2,1,1,1,1,1,1,1,2,1,1,1,1,1,1,1,2,1,1,1,1,4,4,4,1,1,1,1,2,1,1,1,1,1,1,1,2,1,1,1,1,"",1,1,1,1,2,1,1,1,1,1,1,"5,9","150",1,2,1,1,2,1,1,2,1,2,1,1,2,1,1,2,1,1,1,2,1,2,1,1,1,2,1,2,1,1,1,2,1,2,1,1,1,2,1,2,1,1,2,1,1,2,1,1,2,1,1,2,1,1,2,1,1,2,1,1,2,1,1,1,2,1,2,1,1,2,1,1,2,1,1,2,1,1,2,1,1,1,2,1,2,1,1,19,0,0,1,1,1,1,1,1,1,1,1,1,1,1,1,1,1,1,1,1,1,1,1,1,1,1,1,1,1,1,1,1,1,1,1,1,1,1,1,1,1,1,1,1,1,1,1,1,1,1,1,1,1,1,1,1,1,1,1,1,1,1,1,1,1,1,1,1,1,1,1,1,1,1,1,0,0,0,0,0,0,"",5,NA,NA,NA,NA,NA,NA,NA,NA,NA,NA,NA,NA,NA,NA,NA,NA,NA,NA,NA,NA,NA,NA,NA,NA,NA,NA,NA,NA,NA,NA,NA,NA,NA,NA,NA,NA,NA,NA,NA,NA,NA,NA,NA,NA,NA,NA,NA,NA,NA,NA,NA,NA,NA,NA,NA,NA,NA,NA,NA,NA,NA,NA,NA,NA,NA,NA,NA,NA,NA,NA,NA,NA,1,2,3,4,4,3,5,4,4,3,4,4,4,4,3,4,4,3,4,4,4,3,3,4,3,3,4,4,4,4,3,3,3,4,4,4,3,2,3,3,3,3,3,3,2,4,4,5,4,4,4,3,4,4,4,4,4,4,7,1,5,8,3,273,76,72,200,511,17,19,NA,NA,NA,48,35,194,319,144,60,3,1538,NA,"4/29/24 23:42",24,23,18,14,15,19,25,28,16,23,NA,22,28,26,14,25,NA,NA,NA,NA,NA,NA,46,29,73,63,4,4,4,12,15,4,14,NA
"54",1245,NA,1123,"SONA","interview","4/29/24 23:25",1,0,21,21,1,1,0.82,-1,"",3,2,1,7,7,7,1,5,1,3,7,7,2,2,7,5,5,7,6,5,7,2,1,1,7,2,7,5,5,2,6,6,3,6,6,5,5,6,6,5,5,3,6,6,6,2,6,6,6,5,5,6,5,2,2,7,7,2,6,5,5,5,5,5,5,2,2,1,NA,NA,NA,NA,NA,NA,5,3,3,1,2,1,1,5,1,3,1,4,3,10,9,6,8,2,7,5,2,2,4,4,4,4,4,5,1,3,1,8,3,4,5,6,10,9,7,2,2,2,2,1,1,1,1,2,1,1,1,1,2,2,2,2,1,2,1,2,1,1,1,2,1,1,1,1,2,2,1,2,2,1,2,2,2,2,1,1,2,2,2,2,2,1,2,1,1,2,1,2,2,1,2,2,1,2,2,1,2,2,1,1,2,1,2,2,1,1,1,2,2,1,2,1,1,2,1,1,1,5,5,4,5,2,2,2,5,1,5,4,2,5,5,4,4,4,4,5,5,2,1,5,2,2,2,1,4,2,5,5,4,2,4,5,4,4,5,2,4,5,2,5,5,5,7,5,5,2,1,2,9,7,6,1,9,9,7,6,9,5,5,7,7,5,6,5,6,6,3,-9,6,1,7,3,3,3,3,3,3,3,3,55,1,2,1,1,1,2,1,1,1,"",1,1,18,NA,"16",1,1,1,2,1,1,1,1,1,1,1,2,1,2,1,1,2,1,2,1,1,1,1,1,2,1,1,1,1,1,1,1,1,1,5,2,5,5,3,5,7,3,5,1,1,1,2,1,1,1,1,1,1,1,1,2,1,1,1,1,1,2,1,1,1,1,1,6,6,6,1,2,1,1,1,1,1,1,1,1,1,1,1,1,1,1,2,"Eastern Orothodx",1,1,1,1,2,1,1,1,1,1,1,"5'ft","135",2,1,1,1,2,1,2,1,1,1,2,1,1,2,1,1,2,1,2,1,1,1,2,1,1,2,1,2,1,1,2,1,1,1,2,1,2,1,1,1,2,1,1,2,1,1,2,1,1,2,1,2,1,1,2,1,1,2,1,1,2,1,1,2,1,1,1,2,1,2,1,1,1,2,1,1,2,1,1,2,1,2,1,1,1,2,1,41,1,1,1,0,0,0,0,0,0,0,0,0,0,0,0,0,0,0,0,0,0,0,0,0,1,1,1,0,1,0,1,1,1,1,1,0,1,0,0,0,1,1,0,0,0,0,1,1,1,0,0,0,0,1,1,0,0,0,1,1,0,0,0,1,0,0,0,0,0,1,1,0,1,1,1,0,0,0,0,0,0,"",4,1,1,1,1,2,1,5,1,1,5,5,5,5,1,1,5,1,5,4,2,6,7,7,5,5,2,2,7,7,7,7,7,7,7,7,7,7,6,2,7,7,7,6,7,5,1,1,3,5,1,5,1,5,6,7,1,1,-9,6,7,5,2,5,2,6,1,6,5,2,5,5,4,NA,NA,NA,NA,NA,NA,NA,NA,NA,NA,NA,NA,NA,NA,NA,NA,NA,NA,NA,NA,NA,NA,NA,NA,NA,NA,NA,NA,NA,NA,NA,NA,NA,NA,NA,NA,NA,NA,NA,NA,NA,NA,NA,NA,NA,NA,NA,NA,NA,NA,NA,NA,NA,NA,NA,NA,NA,NA,4,1,4,9,5,498,154,129,498,218,120,119,111,329,143,NA,NA,NA,280,35,410,17,3079,NA,"4/30/24 0:16",20,31,15,24,35,14,7,39,31,21,NA,28,25,25,24,34,19,36,24,28,8,38,NA,NA,NA,NA,4,5,3,14,15,5,9,NA
"55",1292,NA,NA,"base","interview","5/29/24 18:27",1,0,21,21,1,1,1.62,-1,"",5,7,7,4,3,1,7,4,6,5,4,2,5,7,3,6,4,7,4,7,5,2,5,7,5,3,3,5,6,3,3,7,5,7,7,7,7,1,1,1,1,7,7,7,7,5,7,7,7,7,7,4,6,7,7,NA,NA,NA,NA,NA,NA,NA,NA,NA,NA,NA,NA,NA,NA,NA,NA,NA,NA,NA,5,3,5,3,3,3,5,5,5,5,7,6,4,8,5,9,2,1,10,3,1,1,5,5,5,5,5,5,1,5,8,9,4,5,3,7,1,2,10,6,2,2,2,1,2,1,2,2,1,1,2,1,2,2,2,2,2,2,2,2,2,2,2,2,2,1,2,2,2,2,2,2,2,2,2,2,2,2,1,2,2,2,2,2,2,2,2,2,2,2,1,2,2,1,2,2,1,2,2,1,2,2,2,1,2,2,2,2,1,2,2,1,2,2,2,2,1,2,1,2,1,5,4,5,5,5,3,4,5,3,5,5,3,5,5,4,5,5,5,3,4,1,4,5,4,4,5,1,4,5,5,2,5,5,5,5,5,5,5,3,5,4,5,4,4,9,9,6,5,4,6,6,6,7,4,6,7,7,7,8,8,8,9,6,6,6,-9,7,5,7,2,1,1,1,6,7,7,7,7,7,7,7,1,56,1,2,1,1,2,1,1,1,1,"",1,1,31,NA,"3",1,1,1,1,1,2,1,1,1,1,1,2,1,1,1,1,1,1,1,2,1,1,1,1,1,1,1,1,2,1,1,1,1,1,7,7,7,1,7,1,4,1,3,2,1,1,1,1,1,1,1,2,1,1,1,1,1,1,1,2,1,1,1,1,1,1,1,7,7,7,1,2,1,1,1,1,1,1,1,2,1,1,1,1,1,1,1,"",1,2,1,1,1,1,1,1,1,1,1,"5'11","140",1,2,1,1,2,1,1,2,1,1,2,1,2,1,1,2,1,1,2,1,1,2,1,1,2,1,1,2,1,1,2,1,1,1,2,1,2,1,1,2,1,1,1,2,1,1,2,1,2,1,1,2,1,1,2,1,1,2,1,1,1,2,1,2,1,1,1,2,1,1,2,1,2,1,1,1,2,1,1,2,1,1,2,1,2,1,1,64,0,0,1,1,NA,0,0,0,1,0,0,1,1,0,1,0,0,1,1,1,0,0,0,0,0,0,1,1,1,1,1,1,0,1,0,1,1,1,1,0,0,0,1,0,1,1,1,0,0,0,0,0,0,1,NA,1,0,0,0,1,0,NA,1,1,0,0,0,1,0,0,1,0,1,0,0,0,0,0,0,0,0,"",5,5,5,5,5,5,5,2,5,5,4,5,5,5,1,1,5,1,5,5,1,1,7,7,1,1,2,1,4,7,1,1,7,1,4,3,7,5,5,1,3,7,1,7,1,5,1,1,1,1,1,1,1,1,5,1,5,4,2,7,3,4,7,7,2,2,1,5,7,7,5,7,4,NA,NA,NA,NA,NA,NA,NA,NA,NA,NA,NA,NA,NA,NA,NA,NA,NA,NA,NA,NA,NA,NA,NA,NA,NA,NA,NA,NA,NA,NA,NA,NA,NA,NA,NA,NA,NA,NA,NA,NA,NA,NA,NA,NA,NA,NA,NA,NA,NA,NA,NA,NA,NA,NA,NA,NA,NA,NA,7,1,4,4,2,242,97,70,348,86,53,59,62,129,59,NA,NA,NA,98,26,193,4,1536,NA,"5/29/24 18:52",22,22,28,24,37,32,37,NA,NA,42,NA,37,34,29,18,39,46,37,17,25,22,50,NA,NA,NA,NA,1,1,1,9,28,1,14,NA
"56",1307,NA,NA,"base","interview","5/29/24 21:35",1,0,21,21,0,0,1.18,-1,"",1,1,1,7,7,7,1,7,4,1,3,3,5,5,7,7,3,6,5,3,4,6,6,5,2,3,2,4,2,1,2,6,2,6,7,6,7,1,1,1,1,7,7,7,7,1,7,7,7,1,3,2,6,5,4,7,7,1,1,1,1,1,1,1,1,1,7,1,NA,NA,NA,NA,NA,NA,5,3,3,3,2,4,1,5,1,5,2,8,4,6,5,7,9,1,10,3,2,1,4,3,5,4,3,5,1,5,7,9,2,5,1,6,8,4,10,3,2,2,2,1,2,1,2,1,2,2,2,2,1,2,2,2,2,2,2,2,1,2,1,2,1,2,2,2,2,1,1,2,2,2,1,1,2,2,1,2,1,2,2,2,2,2,1,2,1,2,1,2,2,1,2,2,1,2,2,1,2,1,1,2,2,2,2,1,2,2,2,1,2,1,1,2,1,1,2,2,1,3,2,5,1,5,3,5,2,5,5,3,1,5,1,5,4,4,1,3,5,3,3,2,5,4,3,1,5,1,4,3,5,5,5,2,4,1,4,1,4,4,5,2,4,9,8,9,5,4,5,6,6,5,5,5,5,5,2,1,7,4,3,6,7,6,7,2,4,7,5,1,7,7,5,7,6,6,4,5,5,3,1,57,1,1,1,1,1,1,2,1,1,"",1,1,39,NA,"10",1,1,1,1,2,1,1,1,1,2,1,1,1,1,1,1,1,1,1,2,1,1,1,1,1,1,1,1,1,2,1,1,1,1,7,5,4,2,6,4,4,4,4,1,1,2,1,1,1,1,1,1,2,1,1,1,1,1,1,1,2,1,1,1,1,1,1,6,6,6,1,2,1,1,1,1,1,1,1,1,1,1,1,1,1,1,2,"Unknown",1,1,1,1,1,1,1,2,1,1,1,"5'2""","135",1,2,1,2,1,1,1,2,1,1,2,1,1,2,1,1,2,1,2,1,1,1,2,1,2,1,1,1,2,1,1,2,1,1,2,1,2,1,1,2,1,1,2,1,1,1,2,1,2,1,1,2,1,1,2,1,1,2,1,1,2,1,1,1,2,1,1,2,1,1,2,1,2,1,1,1,2,1,1,2,1,2,1,1,2,1,1,53,0,0,1,0,0,0,0,0,0,0,0,0,1,1,0,0,0,0,0,1,0,0,0,1,1,1,0,1,0,0,0,0,0,0,0,1,0,0,0,0,1,1,0,0,1,0,1,0,0,0,0,0,0,1,0,0,0,0,1,0,1,0,0,1,0,0,1,1,0,0,0,1,0,0,0,0,0,0,1,0,1,"0",2,1,1,1,3,2,1,2,1,1,3,5,5,5,1,1,5,1,5,3,1,3,5,7,1,2,4,4,1,6,2,5,4,4,5,5,7,6,5,4,4,5,4,4,7,4,3,2,3,1,2,6,4,6,6,1,7,1,2,6,3,1,1,7,4,1,1,4,7,7,7,1,1,NA,NA,NA,NA,NA,NA,NA,NA,NA,NA,NA,NA,NA,NA,NA,NA,NA,NA,NA,NA,NA,NA,NA,NA,NA,NA,NA,NA,NA,NA,NA,NA,NA,NA,NA,NA,NA,NA,NA,NA,NA,NA,NA,NA,NA,NA,NA,NA,NA,NA,NA,NA,NA,NA,NA,NA,NA,NA,6,1,6,6,3,349,119,99,344,350,88,93,62,129,46,NA,NA,NA,129,22,162,4,2011,NA,"5/29/24 22:08",18,15,34,13,31,23,6,36,6,42,NA,26,41,41,7,42,16,35,22,17,12,62,NA,NA,NA,NA,3,2,2,11,22,4,17,NA
"57",1443,NA,1149,"SONA","interview","9/29/24 0:09",1,0,21,21,0,0,1.03,-1,"",5,7,7,2,4,2,6,6,6,6,6,5,5,2,3,6,6,6,2,2,4,6,6,7,6,6,4,7,5,5,6,4,5,4,5,5,7,2,7,2,2,6,6,6,6,2,2,7,5,5,6,6,3,6,3,NA,NA,NA,NA,NA,NA,NA,NA,NA,NA,NA,NA,NA,NA,NA,NA,NA,NA,NA,5,3,5,5,5,5,5,5,5,5,2,10,6,5,8,7,3,1,9,4,5,1,3,5,2,1,1,1,1,5,3,5,1,4,6,7,9,10,8,2,2,2,2,1,1,1,1,1,1,1,1,1,1,2,2,2,1,2,1,1,1,1,1,1,1,1,1,2,2,1,1,1,1,1,2,1,1,1,1,2,2,2,1,1,1,1,1,1,1,1,1,1,1,1,1,1,1,1,1,1,1,1,1,1,1,1,2,1,1,1,1,1,1,1,2,1,1,1,1,2,1,4,4,5,1,5,3,5,2,5,5,5,3,5,3,3,5,5,1,5,5,4,5,1,5,4,4,2,5,2,3,5,5,5,5,5,5,2,5,2,5,5,5,4,1,8,8,8,8,7,7,9,8,8,8,8,8,8,8,8,8,9,6,6,6,6,6,5,5,7,7,6,7,7,3,6,6,6,6,6,6,5,3,57,2,2,1,1,1,1,2,1,1,"",1,1,18,NA,"",1,1,1,2,1,1,1,1,1,1,1,1,1,2,1,1,1,1,2,1,1,1,1,1,1,2,1,1,1,1,1,1,1,1,5,1,1,5,3,3,2,2,4,1,1,1,2,1,1,1,1,1,1,2,1,1,1,1,1,1,1,1,2,1,1,1,1,4,4,4,1,1,1,1,1,1,1,2,1,1,2,1,1,1,1,1,1,"",1,2,1,1,1,1,1,1,1,1,1,"5'6","250",1,2,1,2,1,1,1,2,1,2,1,1,1,2,1,2,1,1,2,1,1,1,2,1,2,1,1,2,1,1,2,1,1,1,2,1,2,1,1,2,1,1,2,1,1,1,2,1,2,1,1,2,1,1,2,1,1,2,1,1,2,1,1,1,2,1,1,2,1,2,1,1,1,2,1,2,1,1,1,2,1,1,2,1,1,2,1,16,1,1,1,1,0,0,0,0,0,0,0,1,0,0,0,0,0,0,0,0,0,0,0,0,0,1,0,0,0,0,0,0,0,0,0,0,0,0,0,0,0,0,0,0,0,0,0,0,0,0,0,0,0,1,0,0,1,0,0,0,1,0,0,1,1,1,0,0,1,1,0,0,0,1,1,0,0,0,0,0,0,"0",5,NA,NA,NA,NA,NA,NA,NA,NA,NA,NA,NA,NA,NA,NA,NA,NA,NA,NA,NA,NA,NA,NA,NA,NA,NA,NA,NA,NA,NA,NA,NA,NA,NA,NA,NA,NA,NA,NA,NA,NA,NA,NA,NA,NA,NA,NA,NA,NA,NA,NA,NA,NA,NA,NA,NA,NA,NA,NA,NA,NA,NA,NA,NA,NA,NA,NA,NA,NA,NA,NA,NA,NA,5,4,4,4,7,7,4,6,4,5,7,4,7,6,6,6,4,2,5,5,2,7,7,5,4,4,4,7,7,7,7,5,7,7,7,7,4,4,4,4,4,2,4,4,4,4,4,4,6,5,6,5,5,6,5,5,6,6,4,1,39,6,20,667,113,71,370,294,76,128,NA,NA,NA,159,50,46,150,36,184,7,2399,NA,"9/29/24 0:49",24,29,34,31,22,30,36,NA,NA,32,NA,29,38,41,11,33,NA,NA,NA,NA,NA,NA,49,32,48,86,4,3,4,11,10,3,13,NA
"58",1445,NA,1159,"SONA","interview","9/29/24 0:25",1,0,21,21,0,0,1.11,-1,"",5,1,3,7,7,5,1,7,7,6,7,6,7,7,2,7,6,4,6,5,3,6,7,7,5,7,7,7,7,7,7,3,6,7,7,7,7,1,2,1,3,7,7,7,7,4,7,7,7,7,7,7,1,5,3,NA,NA,NA,NA,NA,NA,NA,NA,NA,NA,NA,NA,NA,NA,NA,NA,NA,NA,NA,5,5,5,4,4,5,2,4,3,3,3,2,6,5,7,4,9,10,8,1,4,4,4,4,4,4,2,2,3,4,5,6,1,2,3,7,8,9,10,4,2,2,2,2,2,1,1,2,1,1,2,1,2,2,2,2,1,1,2,1,1,2,2,2,1,1,1,2,2,2,1,2,1,1,2,2,2,2,1,2,2,2,1,1,1,1,1,1,2,1,1,1,1,1,2,2,1,2,1,2,1,1,2,1,2,1,2,1,1,1,1,1,1,1,1,1,1,2,2,1,1,3,3,4,3,2,2,4,1,2,5,3,3,5,5,5,3,5,3,5,5,5,5,5,4,5,5,2,5,5,5,5,5,5,5,5,4,5,3,5,5,5,5,5,3,9,7,8,3,2,2,7,2,5,9,3,3,3,6,4,8,8,5,7,7,7,7,7,2,1,1,1,1,1,7,7,7,7,5,5,6,2,7,58,2,2,1,1,2,1,1,1,1,"",1,1,18,NA,"11",1,1,1,2,1,1,1,1,1,1,2,1,1,2,1,1,2,1,2,1,1,1,1,1,2,1,1,1,1,1,1,1,1,1,2,1,1,7,1,4,2,3,7,1,1,1,1,1,2,1,1,2,1,1,1,1,1,1,1,1,1,1,1,1,1,2,1,2,3,3,1,2,1,1,1,1,1,1,1,2,1,1,1,1,1,1,1,"",1,2,1,1,1,1,1,1,1,1,1,"5'6","138",1,2,1,1,2,1,1,2,1,1,2,1,1,2,1,1,2,1,2,1,1,1,2,1,1,2,1,1,2,1,2,1,1,1,2,1,2,1,1,2,1,1,2,1,1,1,2,1,2,1,1,1,2,1,2,1,1,2,1,1,1,2,1,1,2,1,2,1,1,1,2,1,2,1,1,1,2,1,1,2,1,1,2,1,2,1,1,36,1,1,1,1,1,1,0,0,0,0,1,1,1,0,1,0,0,1,1,1,0,0,0,0,1,0,0,0,1,1,1,0,0,1,0,0,0,0,1,0,0,0,1,0,1,1,1,0,0,0,0,0,0,1,0,0,1,0,0,0,1,0,1,1,1,0,0,0,1,0,1,0,1,1,1,0,0,0,1,1,1,"0",4,NA,NA,NA,NA,NA,NA,NA,NA,NA,NA,NA,NA,NA,NA,NA,NA,NA,NA,NA,NA,NA,NA,NA,NA,NA,NA,NA,NA,NA,NA,NA,NA,NA,NA,NA,NA,NA,NA,NA,NA,NA,NA,NA,NA,NA,NA,NA,NA,NA,NA,NA,NA,NA,NA,NA,NA,NA,NA,NA,NA,NA,NA,NA,NA,NA,NA,NA,NA,NA,NA,NA,NA,7,7,7,7,7,7,7,7,3,3,3,5,7,2,7,7,7,7,7,4,7,5,5,1,1,3,6,7,4,2,3,1,3,2,2,4,3,5,5,5,5,5,2,5,5,5,7,2,7,1,1,7,2,7,1,7,7,1,5,1,7,7,6,214,216,116,410,146,79,57,NA,NA,NA,140,32,74,284,30,208,11,2037,NA,"9/29/24 0:59",21,36,37,40,35,40,10,NA,NA,41,NA,24,35,32,19,37,NA,NA,NA,NA,NA,NA,82,43,73,111,6,1,7,8,5,4,14,NA
"59",1446,NA,1153,"SONA","interview","9/29/24 0:26",1,0,21,21,0,0,1.25,-1,"",2,2,2,7,6,7,1,4,4,4,3,4,5,4,3,4,5,4,5,4,4,3,4,5,4,3,3,4,5,5,4,4,5,5,6,4,7,2,4,3,3,5,4,6,6,3,7,6,6,3,3,4,4,4,3,6,6,2,6,5,6,4,6,6,6,2,2,2,NA,NA,NA,NA,NA,NA,4,3,3,3,3,4,1,5,2,3,1,5,3,8,6,7,10,2,9,4,2,2,5,3,5,3,3,3,1,5,5,4,2,6,3,7,10,9,8,1,1,2,2,1,1,1,2,1,2,2,1,1,1,2,1,1,1,2,2,2,1,1,2,2,1,1,2,2,2,2,1,1,1,1,2,1,2,1,1,2,2,2,2,2,1,2,1,1,2,2,1,2,2,1,2,2,1,2,2,2,2,2,2,1,1,1,2,2,1,2,1,1,1,1,1,2,1,1,1,1,1,3,2,3,4,4,4,4,4,1,5,2,1,3,3,3,3,4,4,4,4,4,4,3,3,3,3,2,4,4,3,3,4,3,3,3,3,2,4,4,3,3,3,4,2,5,5,5,2,3,2,2,7,2,2,4,2,2,2,6,4,3,4,5,5,4,5,6,6,3,3,1,5,7,7,6,5,4,5,5,6,3,4,58,1,2,1,1,1,1,2,1,1,"",1,1,25,NA,"22",1,1,1,2,1,1,1,1,1,1,2,1,1,1,1,1,1,2,1,1,1,1,1,1,2,1,1,1,1,1,1,1,1,1,4,2,2,5,3,3,4,4,6,1,1,1,1,2,1,1,1,1,1,1,2,1,1,1,1,1,1,1,2,1,1,1,1,4,4,4,1,1,2,1,1,1,1,1,1,1,1,1,1,1,1,1,2,"Methodist ",1,1,1,1,2,1,1,1,1,1,1,"5'8","260",1,2,1,1,2,1,1,2,1,1,2,1,1,2,1,2,1,1,2,1,1,1,2,1,2,1,1,1,2,1,2,1,1,1,2,1,1,2,1,2,1,1,1,2,1,1,2,1,2,1,1,2,1,1,2,1,1,2,1,1,1,2,1,2,1,1,1,2,1,1,2,1,2,1,1,2,1,1,1,2,1,2,1,1,2,1,1,39,0,0,1,1,0,0,0,0,0,0,NA,1,1,0,0,1,0,0,0,1,0,0,0,1,0,0,0,0,0,0,1,0,1,1,0,0,0,0,1,0,0,1,1,0,1,1,0,1,0,0,0,0,0,1,0,0,0,0,1,1,0,0,1,1,0,0,0,0,1,0,0,0,0,0,0,0,0,0,1,0,1,"0",4,2,3,3,2,3,3,4,3,3,4,5,5,5,2,1,5,2,5,4,6,7,7,6,7,6,6,6,6,7,5,7,6,6,6,6,7,7,7,6,6,6,7,5,7,1,3,4,5,5,4,5,4,4,5,7,4,4,5,5,5,4,4,4,4,6,4,5,5,5,6,3,4,NA,NA,NA,NA,NA,NA,NA,NA,NA,NA,NA,NA,NA,NA,NA,NA,NA,NA,NA,NA,NA,NA,NA,NA,NA,NA,NA,NA,NA,NA,NA,NA,NA,NA,NA,NA,NA,NA,NA,NA,NA,NA,NA,NA,NA,NA,NA,NA,NA,NA,NA,NA,NA,NA,NA,NA,NA,NA,5,1,13,7,1,328,134,68,401,129,66,113,98,218,86,NA,NA,NA,161,26,244,6,2099,NA,"9/29/24 1:01",20,23,24,26,28,26,9,36,35,31,NA,21,36,26,19,33,30,36,33,32,25,41,NA,NA,NA,NA,5,4,4,13,11,3,15,NA
"60",1453,NA,1146,"SONA","interview","9/29/24 18:38",1,0,21,21,1,1,1.66,-1,"",3,6,1,1,4,4,1,5,5,4,5,3,4,4,4,5,5,3,3,3,6,6,6,6,2,2,4,4,5,5,5,4,5,5,6,4,7,1,1,1,1,7,7,5,5,3,5,4,5,2,3,3,5,6,6,6,6,2,2,2,2,4,1,2,1,1,2,1,NA,NA,NA,NA,NA,NA,3,3,4,4,4,4,1,5,5,5,8,9,4,5,7,6,10,1,3,2,3,3,2,2,4,5,1,5,5,5,8,5,9,7,6,3,10,1,2,4,1,2,2,1,2,1,1,1,1,1,1,1,1,2,2,2,1,2,2,2,1,2,1,2,1,2,2,1,2,1,1,2,1,2,2,1,1,1,1,2,2,2,1,1,1,2,2,1,2,2,1,2,2,1,1,2,1,2,2,2,2,2,2,1,1,1,2,2,1,1,1,1,1,1,2,2,1,2,1,2,1,5,3,4,2,3,3,5,2,2,3,3,3,4,4,4,4,4,2,5,4,3,4,3,4,3,2,3,1,4,1,2,4,4,2,4,4,3,3,3,3,2,4,2,2,6,6,6,5,5,5,8,7,4,2,5,7,8,8,2,5,5,5,4,4,4,4,5,-9,7,7,-9,7,7,7,5,4,5,4,4,4,4,3,59,2,2,1,1,1,1,2,1,1,"",1,1,18,NA,"15",1,1,2,1,1,1,1,1,1,1,2,1,1,1,1,1,1,1,1,1,2,1,1,1,1,1,1,1,1,1,1,2,1,1,5,5,4,1,7,6,6,6,6,1,1,1,1,1,1,2,1,1,1,1,1,1,2,1,1,1,2,1,1,1,1,1,1,5,5,2,2,1,1,1,1,1,1,1,1,2,1,1,1,1,1,1,1,"",1,1,1,1,1,1,2,1,1,1,1,"5'5","150",1,2,1,1,2,1,1,2,1,2,1,1,1,2,1,1,2,1,2,1,1,1,2,1,2,1,1,2,1,1,2,1,1,2,1,1,2,1,1,2,1,1,2,1,1,1,2,1,2,1,1,2,1,1,2,1,1,2,1,1,2,1,1,1,2,1,1,2,1,2,1,1,1,2,1,2,1,1,1,2,1,2,1,1,2,1,1,39,0,0,1,1,0,0,0,0,0,0,0,1,1,0,1,1,0,1,0,1,0,1,0,0,1,1,0,1,1,0,0,0,0,0,0,1,0,0,1,1,1,1,1,0,1,1,0,1,0,0,0,0,0,1,0,0,1,0,1,1,1,0,1,1,1,0,0,0,1,1,0,0,1,1,1,0,0,0,1,0,0,"0",4,NA,NA,NA,NA,NA,NA,NA,NA,NA,NA,NA,NA,NA,NA,NA,NA,NA,NA,NA,NA,NA,NA,NA,NA,NA,NA,NA,NA,NA,NA,NA,NA,NA,NA,NA,NA,NA,NA,NA,NA,NA,NA,NA,NA,NA,NA,NA,NA,NA,NA,NA,NA,NA,NA,NA,NA,NA,NA,NA,NA,NA,NA,NA,NA,NA,NA,NA,NA,NA,NA,NA,NA,1,1,1,1,1,1,1,1,6,1,5,1,1,2,1,3,5,1,1,7,1,7,1,1,1,7,7,7,7,7,7,5,-9,7,7,7,3,2,3,3,4,4,4,3,3,3,4,3,3,4,4,3,4,3,5,-9,2,1,6,1,4,7,2,262,64,63,343,147,45,63,NA,NA,NA,220,37,45,100,13,131,4,1550,NA,"9/29/24 19:04",23,15,33,26,27,26,23,38,10,42,NA,28,33,31,17,29,NA,NA,NA,NA,NA,NA,33,30,38,28,7,6,2,19,21,6,10,NA
"61",1455,NA,1188,"SONA","interview","9/29/24 22:45",1,0,21,21,0,0,0.75,-1,"",3,1,1,1,7,3,1,6,6,5,3,3,4,5,2,5,3,2,5,2,2,5,7,7,3,2,3,6,2,2,5,6,2,5,7,5,7,1,1,1,1,7,7,6,7,1,6,6,6,2,5,2,5,6,6,7,7,1,3,1,1,3,2,2,1,1,1,1,NA,NA,NA,NA,NA,NA,5,3,5,3,3,4,1,5,5,5,4,9,5,7,6,8,10,2,3,1,2,4,5,5,5,4,1,5,5,2,7,9,1,4,3,8,10,2,6,5,2,2,2,1,1,1,2,1,1,2,2,1,2,2,2,2,1,1,1,2,1,1,1,2,1,1,2,1,1,2,2,2,2,1,2,1,2,1,1,2,1,1,2,2,2,2,2,1,2,2,1,2,2,1,2,2,1,2,2,2,1,1,2,1,1,1,2,1,1,1,1,1,1,1,1,2,1,2,1,1,1,5,4,5,1,4,4,4,4,1,3,4,1,5,1,5,4,5,1,5,3,4,5,2,4,1,3,1,5,4,4,5,5,5,1,5,5,4,4,3,3,4,5,1,4,8,6,8,5,7,6,9,7,5,6,7,6,8,2,4,2,3,3,6,5,3,6,7,5,7,4,1,7,7,7,5,5,6,6,7,7,6,7,60,1,2,1,1,1,2,2,1,1,"",1,2,18,NA,"14",1,1,1,2,1,1,1,1,1,1,1,1,1,2,1,1,1,1,1,2,1,1,1,1,1,1,1,1,1,1,1,1,2,1,4,3,3,5,3,5,6,5,6,1,1,1,1,1,2,1,1,1,1,1,1,2,1,1,1,1,1,1,1,2,1,1,1,1,1,1,2,1,1,1,1,1,1,1,1,2,1,1,1,1,1,1,1,"",1,1,1,2,1,1,1,1,1,1,1,"5'8""","145lbs",1,2,1,1,2,1,1,2,1,1,2,1,2,1,1,2,1,1,2,1,1,1,2,1,2,1,1,2,1,1,2,1,1,1,2,1,1,2,1,2,1,1,1,2,1,1,2,1,2,1,1,1,2,1,2,1,1,2,1,1,1,2,1,1,2,1,1,2,1,2,1,1,1,2,1,1,2,1,2,1,1,1,2,1,1,2,1,38,0,0,1,1,1,1,0,0,0,0,1,0,1,0,0,0,0,0,0,0,0,0,1,0,0,1,1,0,1,0,1,0,1,1,1,1,1,0,1,0,1,1,0,0,1,1,1,1,0,0,0,0,0,1,1,1,1,0,0,0,1,0,1,1,1,0,0,0,1,0,1,0,1,0,0,0,0,0,1,0,1,"0",3,1,1,1,1,1,1,5,1,1,4,5,5,5,1,1,5,1,5,1,5,7,4,5,6,3,5,7,4,6,7,3,7,7,4,5,7,2,7,6,3,3,3,5,6,2,2,2,4,2,2,2,3,5,3,1,6,2,2,7,3,2,1,6,1,1,1,2,5,6,7,2,1,NA,NA,NA,NA,NA,NA,NA,NA,NA,NA,NA,NA,NA,NA,NA,NA,NA,NA,NA,NA,NA,NA,NA,NA,NA,NA,NA,NA,NA,NA,NA,NA,NA,NA,NA,NA,NA,NA,NA,NA,NA,NA,NA,NA,NA,NA,NA,NA,NA,NA,NA,NA,NA,NA,NA,NA,NA,NA,6,1,6,23,2,522,219,166,685,202,116,134,301,309,117,NA,NA,NA,231,31,292,24,3168,NA,"9/29/24 23:42",20,16,35,14,26,32,16,42,10,42,NA,26,38,40,14,30,17,33,27,20,10,56,NA,NA,NA,NA,6,5,5,14,13,5,13,NA
"62",1457,NA,1182,"SONA","interview","9/30/24 14:15",1,0,21,21,0,0,1.58,-1,"",3,1,1,1,1,1,1,5,5,5,4,3,4,5,5,6,5,3,1,1,3,5,5,5,3,5,5,5,5,5,5,3,5,4,5,3,6,1,1,1,1,7,7,5,5,4,5,5,5,5,5,5,3,3,3,7,7,1,6,4,6,3,6,6,2,1,3,1,NA,NA,NA,NA,NA,NA,3,2,3,2,2,2,1,5,2,5,3,5,4,7,6,8,10,2,9,1,1,1,1,1,1,1,1,1,1,4,2,6,8,7,3,5,10,9,4,1,2,2,2,2,2,2,2,2,2,2,2,2,2,2,2,2,1,2,2,2,1,2,1,2,1,2,2,2,2,2,2,2,1,2,2,2,2,2,1,2,2,2,1,2,1,2,1,2,2,2,1,2,2,1,1,2,1,2,2,2,2,2,2,1,1,1,2,2,1,1,2,1,1,2,2,2,1,1,2,2,1,4,2,4,4,4,4,4,4,4,5,2,1,5,4,5,3,2,4,5,5,2,4,3,1,2,4,5,4,5,2,2,4,4,5,5,4,3,4,5,3,4,5,5,2,5,7,7,5,4,4,6,6,3,7,6,2,5,5,7,7,8,5,3,4,3,2,6,2,7,1,1,7,7,7,5,5,6,5,2,4,2,1,61,1,2,1,1,1,1,2,1,1,"",1,1,22,NA,"8",1,1,1,2,1,1,1,1,1,2,1,1,1,1,1,1,1,1,1,2,1,1,1,1,1,1,1,2,1,1,1,1,1,1,2,2,2,6,2,5,5,3,3,1,1,1,1,1,1,2,1,1,1,1,1,1,1,2,1,1,1,1,1,1,1,2,1,5,5,5,1,1,2,1,1,1,1,1,1,1,1,1,1,1,1,2,1,"",1,1,1,1,1,2,1,1,1,1,1,"5'7","210",1,2,1,1,2,1,1,2,1,1,2,1,1,2,1,1,2,1,2,1,1,2,1,1,2,1,1,1,2,1,2,1,1,1,2,1,2,1,1,2,1,1,2,1,1,2,1,1,2,1,1,2,1,1,2,1,1,2,1,1,1,2,1,1,2,1,2,1,1,1,2,1,2,1,1,1,2,1,2,1,1,1,2,1,2,1,1,58,1,1,1,1,1,1,0,1,1,1,0,0,1,0,1,0,0,0,0,0,0,0,0,1,1,1,0,1,1,0,0,0,0,1,0,1,0,1,1,1,1,1,0,0,1,1,0,1,0,1,0,1,0,1,1,1,1,0,1,0,1,0,1,1,1,1,0,1,0,1,1,1,1,1,1,0,0,1,0,1,1,"0",4,1,1,1,1,2,1,5,1,1,5,5,5,5,1,1,5,1,5,1,6,4,5,6,2,5,5,4,6,5,4,6,6,5,6,5,4,6,6,6,7,6,6,4,5,1,5,6,6,7,6,3,1,1,1,6,3,3,4,4,5,3,5,4,5,5,5,3,3,4,4,5,4,NA,NA,NA,NA,NA,NA,NA,NA,NA,NA,NA,NA,NA,NA,NA,NA,NA,NA,NA,NA,NA,NA,NA,NA,NA,NA,NA,NA,NA,NA,NA,NA,NA,NA,NA,NA,NA,NA,NA,NA,NA,NA,NA,NA,NA,NA,NA,NA,NA,NA,NA,NA,NA,NA,NA,NA,NA,NA,4,1,4,6,2,177,81,83,309,88,87,50,94,124,47,NA,NA,NA,88,12,296,15,1563,NA,"9/30/24 14:41",23,30,31,30,17,27,24,40,30,41,NA,27,32,29,20,31,19,33,44,41,29,36,NA,NA,NA,NA,7,7,7,15,8,5,17,NA
"64",1459,NA,1148,"SONA","interview","10/1/24 18:06",1,0,21,21,0,0,1.06,-1,"",5,6,5,4,5,3,2,5,4,4,4,3,3,5,5,5,4,1,2,2,2,6,6,6,2,4,5,5,5,4,6,4,5,3,6,4,7,1,2,2,2,6,6,3,4,4,5,5,5,6,6,3,5,4,4,NA,NA,NA,NA,NA,NA,NA,NA,NA,NA,NA,NA,NA,NA,NA,NA,NA,NA,NA,4,3,5,5,5,3,3,3,4,5,5,7,2,3,4,10,8,6,9,1,5,2,5,5,5,5,1,1,1,4,4,7,3,6,1,2,9,10,8,5,2,2,2,1,2,1,2,2,1,1,2,1,1,2,2,2,1,2,1,1,1,1,1,2,1,1,1,1,1,2,1,2,1,1,2,2,2,2,1,2,1,1,2,2,1,2,2,2,2,2,1,2,2,1,2,2,1,2,1,2,1,2,2,1,2,2,2,1,1,2,1,1,1,1,2,2,1,2,1,1,1,3,2,5,4,4,5,4,4,2,2,3,2,4,5,5,3,4,5,5,5,4,4,4,2,3,3,3,3,4,4,4,5,2,2,1,4,4,4,4,3,4,3,5,2,6,6,5,5,2,5,6,7,4,5,3,5,6,6,6,7,5,6,5,5,4,5,3,4,7,6,1,1,7,7,4,4,2,5,6,7,5,6,62,2,2,1,1,1,1,2,1,1,"",1,1,18,NA,"6",1,1,1,2,1,1,1,1,1,1,1,1,1,2,2,1,2,1,1,2,1,1,1,1,1,1,1,1,1,1,1,1,2,1,5,3,4,3,5,2,5,2,4,2,1,1,1,1,1,1,1,1,1,2,1,1,1,1,1,1,2,1,1,1,1,1,1,5,6,4,1,1,1,1,1,1,2,1,1,1,1,2,1,1,1,1,1,"",1,2,1,1,1,1,1,1,1,1,1,"5'7","155",1,2,1,2,1,1,1,2,1,1,2,1,1,2,1,2,1,1,2,1,1,1,2,1,2,1,1,2,1,1,2,1,1,1,2,1,1,2,1,1,2,1,2,1,1,1,2,1,2,1,1,1,2,1,2,1,1,2,1,1,2,1,1,1,2,1,1,2,1,1,2,1,2,1,1,1,2,1,1,2,1,2,1,1,2,1,1,41,0,0,1,1,0,0,0,1,0,0,1,1,1,0,0,0,0,0,0,1,0,0,0,0,0,1,0,0,1,0,1,1,1,1,0,1,1,1,1,0,1,1,0,0,0,0,1,0,0,0,0,0,0,1,0,0,1,0,0,0,1,0,1,1,1,0,0,0,1,1,0,0,1,1,0,0,0,0,1,0,0,"0",4,NA,NA,NA,NA,NA,NA,NA,NA,NA,NA,NA,NA,NA,NA,NA,NA,NA,NA,NA,NA,NA,NA,NA,NA,NA,NA,NA,NA,NA,NA,NA,NA,NA,NA,NA,NA,NA,NA,NA,NA,NA,NA,NA,NA,NA,NA,NA,NA,NA,NA,NA,NA,NA,NA,NA,NA,NA,NA,NA,NA,NA,NA,NA,NA,NA,NA,NA,NA,NA,NA,NA,NA,5,5,5,5,5,5,4,5,3,1,4,3,5,3,4,3,5,3,5,4,7,2,5,7,6,4,3,4,5,5,5,6,1,1,3,5,3,4,2,4,5,3,2,3,2,4,5,4,4,5,3,5,4,3,3,4,4,4,6,1,5,6,3,261,107,140,417,134,56,129,NA,NA,NA,183,76,5285,175,35,412,5,2235,NA,"10/1/24 20:10",20,26,34,27,19,24,25,NA,NA,38,NA,21,33,24,22,35,NA,NA,NA,NA,NA,NA,50,36,90,75,1,3,2,10,17,2,16,NA
"65",1460,NA,1139,"SONA","interview","10/1/24 18:10",1,0,21,21,0,0,0.6,-1,"",3,2,1,7,4,7,1,7,6,7,7,7,5,4,4,7,6,1,3,1,1,6,7,7,1,6,6,6,2,6,6,4,5,6,6,5,7,7,1,1,1,7,7,6,7,3,6,7,7,4,5,5,5,5,3,7,7,1,6,5,5,5,4,6,1,1,1,1,NA,NA,NA,NA,NA,NA,5,5,5,5,5,5,1,5,5,5,5,6,3,8,2,7,10,4,9,1,2,2,5,1,1,1,1,1,1,5,4,3,1,6,5,9,8,7,10,2,2,2,2,2,2,1,2,1,1,1,2,1,2,2,2,2,2,2,1,2,1,1,1,2,1,1,2,2,2,2,2,2,2,1,2,1,2,2,1,2,2,2,2,2,2,2,2,2,1,1,1,2,2,1,2,2,1,1,1,2,1,1,2,1,2,1,2,2,1,1,1,1,1,1,2,2,1,1,1,2,1,4,5,5,4,2,4,5,3,1,5,5,3,5,5,1,4,5,5,5,4,5,5,2,5,2,5,3,5,4,2,5,5,5,4,5,5,4,2,5,5,5,5,1,1,9,7,9,9,6,7,9,3,8,6,8,1,9,9,9,7,9,9,5,7,7,7,7,7,7,4,1,7,7,7,7,7,7,7,7,7,7,7,62,1,2,1,1,1,1,2,1,1,"",1,1,18,NA,"17",1,1,1,2,1,1,1,1,1,1,1,1,1,2,1,1,1,1,2,1,1,1,1,1,1,1,1,1,1,1,2,1,1,1,7,7,7,7,1,7,7,3,5,2,1,1,1,1,1,1,1,2,1,1,1,1,1,1,1,2,1,1,1,1,1,1,1,1,1,1,2,1,1,1,1,1,1,1,1,2,1,1,1,1,1,1,1,"",1,1,1,1,1,1,2,1,1,1,1,"5'9","180",1,2,1,1,2,1,2,1,1,2,1,1,1,2,1,1,2,1,1,2,1,1,2,1,1,2,1,2,1,1,2,1,1,2,1,1,2,1,1,1,2,1,2,1,1,1,2,1,2,1,1,2,1,1,2,1,1,1,2,1,1,2,1,1,2,1,1,2,1,1,2,1,1,2,1,2,1,1,2,1,1,2,1,1,1,2,1,46,0,0,1,0,1,0,0,1,0,0,0,0,1,0,0,1,0,0,0,1,0,0,0,0,1,0,0,0,1,0,0,0,0,1,0,1,1,0,1,0,1,1,1,0,0,0,1,1,0,0,0,0,0,1,1,0,1,0,0,0,1,0,1,1,1,0,0,0,1,1,1,0,0,0,1,0,0,0,1,0,1,"0",5,1,5,1,1,1,1,1,1,1,5,5,5,5,1,1,5,1,5,5,5,1,6,4,3,1,1,1,3,5,6,7,1,7,7,7,7,7,5,7,7,2,7,7,1,1,1,1,1,1,1,7,3,6,3,3,7,1,5,7,6,1,1,7,4,7,7,5,7,6,7,1,1,NA,NA,NA,NA,NA,NA,NA,NA,NA,NA,NA,NA,NA,NA,NA,NA,NA,NA,NA,NA,NA,NA,NA,NA,NA,NA,NA,NA,NA,NA,NA,NA,NA,NA,NA,NA,NA,NA,NA,NA,NA,NA,NA,NA,NA,NA,NA,NA,NA,NA,NA,NA,NA,NA,NA,NA,NA,NA,5,1,8,13,10,538,270,217,1282,300,113,92,230,366,88,NA,NA,NA,251,134,953,16,3259,NA,"10/1/24 19:32",20,25,40,31,22,33,10,42,27,36,NA,27,34,35,20,24,18,37,27,11,24,62,NA,NA,NA,NA,1,1,1,9,22,7,4,NA
"66",1462,NA,1142,"SONA","interview","10/1/24 18:29",1,0,21,21,11,10,1.05,-1,"",5,5,5,3,4,2,5,1,1,2,6,6,2,2,6,3,4,6,7,6,6,2,2,4,5,2,2,3,2,2,3,6,2,7,7,7,7,1,7,1,1,7,7,5,5,3,3,5,5,3,2,2,3,6,6,NA,NA,NA,NA,NA,NA,NA,NA,NA,NA,NA,NA,NA,NA,NA,NA,NA,NA,NA,2,2,3,1,2,1,3,3,1,5,6,7,2,8,5,10,3,4,9,1,4,4,5,3,4,4,1,1,1,5,6,7,1,5,3,4,8,9,10,2,1,2,2,2,1,1,1,1,1,2,1,1,1,1,2,2,1,2,2,2,1,2,1,2,1,1,1,2,2,1,2,2,1,1,2,1,1,1,1,2,1,1,2,2,1,1,1,1,2,2,1,1,1,1,2,1,1,1,1,1,1,1,2,1,1,1,2,2,1,1,1,1,1,1,1,2,1,2,1,2,1,1,1,5,4,3,5,4,4,5,4,2,1,5,4,2,2,5,4,1,2,5,4,2,4,2,1,4,4,2,4,5,5,5,4,4,1,3,4,2,4,5,4,2,1,8,6,6,3,3,3,6,8,2,4,4,3,3,3,2,6,4,4,6,6,7,5,6,5,7,7,-9,-9,7,-9,5,7,5,5,2,-9,3,5,63,2,1,1,1,1,1,2,1,1,"",1,1,19,NA,"",1,1,1,2,1,1,1,1,1,1,2,1,1,2,1,1,2,1,1,2,1,1,1,1,1,1,1,1,1,1,1,1,2,1,7,4,4,1,7,6,3,3,3,1,1,1,1,1,1,2,1,1,1,1,1,1,2,1,1,1,2,1,1,1,1,1,1,5,4,7,1,1,1,1,1,1,2,1,1,2,1,1,1,1,1,1,1,"",1,2,1,1,1,1,1,1,1,1,1,"5'9""","145",1,2,1,1,2,1,1,2,1,1,2,1,2,1,1,2,1,1,2,1,1,1,2,1,2,1,1,2,1,1,2,1,1,1,2,1,1,2,1,1,2,1,1,2,1,1,2,1,2,1,1,2,1,1,2,1,1,2,1,1,1,2,1,1,2,1,1,2,1,1,2,1,2,1,1,1,2,1,2,1,1,2,1,1,2,1,1,28,0,0,1,0,0,0,0,0,0,0,0,0,1,0,0,0,0,1,0,1,0,0,0,1,1,1,0,0,1,0,0,0,1,1,0,0,0,0,0,0,0,0,0,0,0,0,0,1,0,0,0,0,0,1,0,1,1,0,0,0,0,0,1,1,0,0,0,0,1,0,0,0,1,0,0,0,0,0,1,0,1,"",3,NA,NA,NA,NA,NA,NA,NA,NA,NA,NA,NA,NA,NA,NA,NA,NA,NA,NA,NA,NA,NA,NA,NA,NA,NA,NA,NA,NA,NA,NA,NA,NA,NA,NA,NA,NA,NA,NA,NA,NA,NA,NA,NA,NA,NA,NA,NA,NA,NA,NA,NA,NA,NA,NA,NA,NA,NA,NA,NA,NA,NA,NA,NA,NA,NA,NA,NA,NA,NA,NA,NA,NA,-9,-9,-9,-9,-9,-9,-9,-9,-9,-9,-9,-9,-9,-9,-9,-9,-9,-9,-9,-9,-9,-9,-9,-9,-9,-9,-9,-9,-9,-9,-9,-9,-9,-9,-9,-9,5,4,5,2,2,1,5,2,2,1,1,7,4,6,7,2,6,1,5,1,2,1,6,1,16,7,15,1906,119,101,417,138,71,93,NA,NA,NA,46,47,81,178,25,350,13,2063,NA,"10/1/24 19:29",24,16,17,14,40,10,30,NA,NA,36,NA,10,37,35,12,25,NA,NA,NA,NA,NA,NA,27,17,150,-110,7,6,2,19,22,6,15,NA
"67",1463,NA,1156,"SONA","interview","10/1/24 19:38",1,0,21,21,0,0,1,-1,"",2,1,1,7,7,1,1,6,5,4,5,5,1,4,6,6,6,5,5,2,2,4,6,6,2,5,5,6,6,6,6,4,6,6,6,6,7,1,1,1,1,7,7,5,6,2,6,6,5,6,5,2,6,6,4,6,6,2,5,2,2,2,2,2,3,1,3,1,NA,NA,NA,NA,NA,NA,5,4,4,4,4,3,1,5,5,5,1,8,5,7,6,9,10,3,4,2,2,2,4,4,5,1,1,1,3,5,6,7,3,2,1,8,10,9,5,4,1,2,2,2,1,1,1,1,2,2,2,1,2,2,2,2,1,2,1,2,1,1,2,2,1,1,2,2,1,2,1,2,1,1,2,2,2,1,1,2,1,2,2,2,2,2,2,2,2,2,1,2,2,1,2,2,1,2,1,2,2,2,2,1,2,2,1,1,1,1,1,1,1,1,1,2,1,1,1,1,1,4,4,5,1,3,3,4,4,5,5,5,1,5,5,2,4,4,2,1,4,3,5,3,4,3,4,3,2,5,4,4,5,5,5,5,5,5,5,3,4,3,4,5,1,7,5,5,6,2,4,8,8,8,8,3,6,4,3,5,5,7,7,6,5,5,5,7,7,6,6,1,5,7,7,7,5,5,6,6,6,5,4,64,1,2,1,1,1,1,2,1,1,"",1,1,18,NA,"10",1,1,1,2,1,1,1,1,1,1,2,1,1,2,1,1,2,1,1,2,1,1,1,1,1,1,1,1,1,1,1,1,2,1,5,2,2,2,6,5,7,7,7,1,2,1,1,1,1,1,1,1,2,1,1,1,1,1,1,1,2,1,1,1,1,1,1,1,1,1,2,1,1,1,1,1,1,1,1,1,1,1,1,1,1,1,2,"lutheran",1,1,1,1,1,1,2,1,1,1,1,"5'7","140",1,2,1,1,2,1,2,1,1,2,1,1,1,2,1,2,1,1,2,1,1,1,2,1,2,1,1,1,2,1,2,1,1,1,2,1,2,1,1,2,1,1,2,1,1,1,2,1,2,1,1,1,2,1,2,1,1,2,1,1,2,1,1,1,2,1,1,2,1,1,2,1,1,2,1,1,2,1,1,2,1,1,2,1,2,1,1,43,0,0,1,1,1,0,0,0,0,1,1,1,1,0,0,0,0,0,1,1,0,0,0,0,0,0,0,0,1,1,0,0,1,1,1,1,1,1,1,1,1,1,1,0,1,0,1,0,0,0,0,0,0,1,0,NA,1,0,1,1,1,0,1,1,1,1,0,0,1,0,1,0,0,0,1,0,0,0,0,0,1,"0",4,1,1,1,1,1,1,5,1,1,5,5,5,5,1,1,5,1,5,1,4,6,6,6,4,1,3,7,5,4,3,5,7,7,6,5,7,2,6,7,2,4,3,5,7,4,1,3,4,4,1,5,2,6,3,1,5,4,4,6,2,1,2,6,5,2,1,4,6,1,2,3,3,NA,NA,NA,NA,NA,NA,NA,NA,NA,NA,NA,NA,NA,NA,NA,NA,NA,NA,NA,NA,NA,NA,NA,NA,NA,NA,NA,NA,NA,NA,NA,NA,NA,NA,NA,NA,NA,NA,NA,NA,NA,NA,NA,NA,NA,NA,NA,NA,NA,NA,NA,NA,NA,NA,NA,NA,NA,NA,6,1,6,10,3,322,153,91,527,197,70,211,86,174,131,NA,NA,NA,145,23,373,9,2531,NA,"10/1/24 20:20",20,21,34,34,27,22,12,37,16,42,NA,30,33,32,10,30,18,33,24,20,17,42,NA,NA,NA,NA,2,2,2,10,15,5,13,NA
"68",1464,NA,1179,"SONA","interview","10/1/24 19:44",1,0,21,21,1,0,0.7,-1,"",2,1,1,6,6,7,1,5,5,6,6,3,5,6,6,7,6,2,5,4,2,6,7,7,2,6,7,5,4,6,7,1,6,6,7,5,6,1,1,1,1,7,7,6,5,2,4,5,6,6,7,5,3,2,2,7,7,1,6,3,4,5,7,5,5,1,1,1,NA,NA,NA,NA,NA,NA,4,4,5,4,4,2,1,5,5,5,8,7,3,4,5,6,10,2,9,1,1,2,4,3,5,5,1,1,1,4,7,6,3,5,1,2,9,10,8,4,2,2,2,1,2,1,1,1,1,1,2,1,2,2,2,2,1,2,1,1,1,2,1,2,1,1,2,2,2,2,1,2,1,2,2,1,1,1,1,2,2,2,2,2,1,2,2,1,1,2,1,2,2,1,2,2,1,2,1,1,2,2,1,1,1,1,2,1,1,1,1,1,1,1,1,2,1,1,1,1,1,5,4,5,1,3,1,3,2,1,4,3,2,5,5,5,4,5,3,5,5,2,4,4,1,3,3,2,4,5,4,2,5,5,4,5,4,2,5,3,3,1,3,4,1,8,8,6,4,1,4,9,7,8,5,5,9,9,8,8,7,5,5,4,7,5,5,6,5,7,7,-9,7,7,7,7,7,6,7,7,5,4,4,64,2,2,1,1,1,1,2,1,1,"",1,1,18,NA,"11",1,1,1,2,1,1,1,1,1,1,2,1,1,2,1,1,2,1,1,2,1,1,1,1,1,1,1,1,1,1,2,1,1,1,5,4,4,4,4,3,5,1,2,2,1,1,1,1,1,1,1,1,2,1,1,1,1,1,1,1,2,1,1,1,1,1,1,2,2,2,2,1,1,1,1,1,1,1,1,2,1,1,1,1,1,1,1,"",1,1,1,1,1,2,1,1,1,1,1,"5'5","150",1,2,1,1,2,1,1,2,1,2,1,1,1,2,1,2,1,1,2,1,1,1,2,1,2,1,1,2,1,1,2,1,1,1,2,1,2,1,1,1,2,1,2,1,1,1,2,1,1,2,1,1,2,1,2,1,1,2,1,1,2,1,1,1,2,1,2,1,1,1,2,1,1,2,1,1,2,1,1,2,1,1,2,1,1,2,1,36,1,1,1,1,0,1,0,0,0,0,1,0,1,0,0,0,0,1,0,0,0,0,1,0,1,1,0,1,1,0,0,0,0,1,0,1,0,0,0,0,1,1,0,0,1,0,0,0,0,0,0,0,0,1,0,0,1,0,1,0,0,0,0,1,1,0,0,1,1,0,1,0,0,1,0,0,0,0,1,0,0,"",5,NA,NA,NA,NA,NA,NA,NA,NA,NA,NA,NA,NA,NA,NA,NA,NA,NA,NA,NA,NA,NA,NA,NA,NA,NA,NA,NA,NA,NA,NA,NA,NA,NA,NA,NA,NA,NA,NA,NA,NA,NA,NA,NA,NA,NA,NA,NA,NA,NA,NA,NA,NA,NA,NA,NA,NA,NA,NA,NA,NA,NA,NA,NA,NA,NA,NA,NA,NA,NA,NA,NA,NA,5,4,4,7,6,7,4,1,2,2,2,1,1,2,1,5,5,7,2,6,5,6,2,1,1,4,6,6,7,7,7,2,5,6,7,4,2,5,4,5,4,2,2,3,4,4,4,2,5,2,1,7,2,4,1,6,6,3,5,1,65,14,9,421,221,170,490,162,104,179,NA,NA,NA,230,147,119,179,37,338,10,2837,NA,"10/1/24 20:32",22,35,38,35,29,29,8,42,30,41,NA,32,34,35,21,34,NA,NA,NA,NA,NA,NA,69,37,38,74,1,2,2,9,17,3,12,NA
"70",1467,NA,1154,"SONA","interview","10/3/24 18:09",1,0,21,21,1,0,0.77,-1,"",2,2,2,6,6,6,2,5,5,4,3,3,3,5,5,6,6,2,5,3,3,6,6,6,2,6,6,6,6,5,6,2,6,6,6,5,6,2,2,2,2,6,6,6,3,3,6,6,6,6,6,6,2,2,3,7,7,1,5,6,6,3,5,6,4,1,1,1,NA,NA,NA,NA,NA,NA,5,4,5,4,5,3,1,5,4,5,5,6,3,7,4,9,10,1,8,2,3,1,5,4,5,2,1,1,1,4,5,7,1,3,2,6,10,9,8,4,1,2,2,2,2,1,1,2,1,2,2,1,2,2,2,2,1,2,1,2,1,2,1,2,1,1,2,2,2,1,2,2,2,1,2,2,1,1,1,2,1,1,2,2,2,2,2,2,1,2,1,2,2,1,2,2,1,1,1,1,1,1,2,1,2,1,2,2,1,1,1,1,1,1,2,2,1,1,1,2,1,4,5,5,1,2,4,4,4,2,4,3,1,5,2,3,4,5,1,5,3,4,4,2,3,2,2,2,4,4,4,4,5,4,2,5,3,2,5,5,3,4,4,4,2,6,8,9,7,7,7,9,6,6,3,5,8,8,4,4,3,5,5,2,1,4,4,2,3,1,1,-9,1,1,1,2,1,1,1,1,1,3,1,66,2,2,1,1,1,1,2,1,1,"",1,1,19,NA,"8",1,1,1,2,1,1,1,1,1,1,2,1,1,1,1,1,1,1,1,1,2,1,1,1,1,1,1,1,1,2,1,1,1,1,1,1,1,4,4,6,1,5,4,1,2,1,1,1,1,1,1,1,1,2,1,1,1,1,1,1,1,2,1,1,1,1,1,2,2,2,2,1,1,1,1,1,1,1,1,2,1,1,1,1,1,1,1,"",1,1,1,1,1,1,2,1,1,1,1,"5'8","135",1,2,1,1,2,1,2,1,1,1,2,1,2,1,1,2,1,1,2,1,1,1,2,1,2,1,1,1,2,1,2,1,1,1,2,1,1,2,1,1,2,1,1,2,1,1,2,1,1,2,1,1,2,1,2,1,1,2,1,1,1,2,1,2,1,1,2,1,1,1,2,1,1,2,1,1,2,1,1,2,1,2,1,1,1,2,1,42,1,1,1,1,0,1,0,0,0,0,0,0,0,0,1,0,0,0,0,0,0,0,0,0,0,0,0,0,1,1,0,0,1,0,0,0,1,0,0,1,0,0,1,0,0,0,1,0,0,0,0,1,0,1,0,0,1,0,0,0,0,0,1,1,1,0,0,0,1,1,1,0,1,0,0,0,0,0,0,0,0,"",4,NA,NA,NA,NA,NA,NA,NA,NA,NA,NA,NA,NA,NA,NA,NA,NA,NA,NA,NA,NA,NA,NA,NA,NA,NA,NA,NA,NA,NA,NA,NA,NA,NA,NA,NA,NA,NA,NA,NA,NA,NA,NA,NA,NA,NA,NA,NA,NA,NA,NA,NA,NA,NA,NA,NA,NA,NA,NA,NA,NA,NA,NA,NA,NA,NA,NA,NA,NA,NA,NA,NA,NA,4,4,6,3,6,2,6,6,4,7,3,7,5,7,7,3,6,7,7,2,7,2,7,7,7,4,6,2,2,2,2,7,2,3,1,3,3,4,4,5,4,3,2,4,5,4,6,3,4,2,3,6,2,4,2,5,5,2,6,1,2,10,5,525,134,123,97006,64355,119,125,NA,NA,NA,508,153,140,251,41,439,8,2869,NA,"10/5/24 15:42",18,35,36,35,28,25,12,42,32,36,NA,22,36,36,15,26,NA,NA,NA,NA,NA,NA,64,38,107,95,2,3,3,10,7,6,11,NA
"72",1470,NA,1158,"SONA","interview","10/7/24 22:17",1,0,21,21,0,0,0.71,-1,"",2,1,1,7,7,7,7,4,4,4,3,2,4,4,3,6,5,2,2,3,4,6,6,6,3,4,5,5,4,5,5,3,6,3,4,3,7,4,2,2,2,6,4,7,7,2,6,6,7,4,4,2,4,5,4,7,7,2,1,2,2,4,2,4,2,1,2,1,NA,NA,NA,NA,NA,NA,5,5,4,4,5,3,1,5,3,5,4,1,5,7,6,8,10,2,9,3,3,3,5,5,5,3,1,1,1,5,6,7,3,4,2,5,10,9,8,1,2,2,2,2,1,1,1,1,1,1,1,1,1,2,1,2,1,2,2,2,1,1,1,1,1,1,1,1,1,2,1,1,1,1,2,1,2,2,1,1,1,1,2,2,2,1,1,1,1,2,1,2,2,1,2,2,1,2,1,2,1,1,1,1,1,1,2,1,1,1,1,1,1,1,1,2,1,1,1,1,1,4,3,5,1,5,3,5,1,2,5,3,1,4,2,4,5,5,1,4,5,2,5,2,3,5,3,1,5,2,5,4,4,5,3,5,3,2,5,4,5,3,5,2,1,7,8,9,7,5,6,9,7,9,5,6,8,5,6,8,4,7,7,7,7,7,7,5,6,7,2,1,7,1,7,3,6,7,5,5,5,4,6,67,1,2,1,1,1,2,1,1,1,"",1,1,18,NA,"11",1,1,2,1,1,1,1,1,1,1,1,2,1,1,1,1,1,1,1,2,1,1,1,1,1,1,1,1,2,1,1,1,1,1,5,1,1,5,3,4,6,4,7,1,1,1,2,1,1,1,1,1,1,1,2,1,1,1,1,1,1,1,2,1,1,1,1,6,6,3,1,2,1,1,1,1,1,1,1,1,2,1,1,1,1,1,1,"",1,1,1,1,1,2,1,1,1,1,1,"5,5","140",1,2,1,1,2,1,1,2,1,1,2,1,1,2,1,1,2,1,2,1,1,1,2,1,2,1,1,2,1,1,2,1,1,1,2,1,2,1,1,2,1,1,2,1,1,1,2,1,2,1,1,1,2,1,2,1,1,2,1,1,1,2,1,2,1,1,1,2,1,1,2,1,2,1,1,1,2,1,2,1,1,2,1,1,1,2,1,25,1,1,1,0,1,0,0,0,0,0,0,1,1,0,0,0,0,0,0,0,0,0,0,0,0,0,0,0,1,0,0,0,1,1,1,0,0,0,0,0,1,1,0,0,1,0,0,0,0,0,0,0,0,1,0,0,0,0,0,0,1,0,NA,1,0,0,0,0,1,0,0,0,0,0,0,0,0,0,0,0,0,"",3,1,1,1,1,1,1,1,1,1,5,5,5,5,1,1,5,1,5,5,6,7,6,7,6,5,5,7,4,6,7,7,7,7,6,6,7,5,7,7,6,5,4,1,3,2,1,2,1,4,1,1,3,2,4,4,5,3,2,4,5,2,1,4,4,1,2,5,2,3,6,1,2,NA,NA,NA,NA,NA,NA,NA,NA,NA,NA,NA,NA,NA,NA,NA,NA,NA,NA,NA,NA,NA,NA,NA,NA,NA,NA,NA,NA,NA,NA,NA,NA,NA,NA,NA,NA,NA,NA,NA,NA,NA,NA,NA,NA,NA,NA,NA,NA,NA,NA,NA,NA,NA,NA,NA,NA,NA,NA,3,1,35,12,6,408,148,138,792,198,85,255,104,282,129,NA,NA,NA,184,34,488,17,3315,NA,"10/7/24 23:12",21,21,34,29,19,25,12,40,13,33,NA,27,41,42,14,39,14,37,22,35,15,41,NA,NA,NA,NA,4,4,4,12,10,4,10,NA
"73",1471,NA,1151,"SONA","interview","10/8/24 17:39",1,0,21,21,7,7,0.56,-1,"",2,1,1,4,7,7,1,5,5,4,6,4,3,4,6,6,2,6,6,6,6,6,6,7,4,1,4,4,5,5,6,4,4,6,6,6,7,1,1,7,1,7,7,5,5,2,4,4,4,2,5,7,1,1,1,6,6,6,1,1,1,1,1,1,1,7,4,1,NA,NA,NA,NA,NA,NA,5,5,3,3,4,5,1,3,1,5,2,3,5,6,7,9,10,4,8,1,5,1,5,5,5,5,1,1,1,5,5,7,3,1,4,6,9,10,8,2,2,2,2,1,2,2,2,1,1,1,2,2,2,2,2,2,2,2,2,2,2,2,2,2,2,2,2,2,2,2,2,2,2,2,2,2,2,2,1,2,2,2,2,2,2,2,2,2,2,1,1,2,2,1,2,2,1,2,2,2,1,1,2,1,2,2,2,2,1,1,2,1,2,2,2,2,1,2,2,2,1,5,1,5,1,3,3,2,1,3,4,4,3,5,3,3,4,2,4,4,4,3,4,4,4,3,4,3,4,4,4,2,4,3,3,4,4,4,4,4,4,3,4,4,2,9,9,9,7,5,5,9,9,9,9,9,7,6,1,1,8,9,9,7,7,7,7,7,1,7,7,4,7,1,7,1,4,4,4,5,5,7,3,68,1,2,1,1,1,2,1,1,1,"",1,1,19,NA,"14",1,1,1,1,2,1,1,1,1,1,2,1,1,1,1,1,1,2,1,1,1,1,1,1,1,1,1,1,1,2,1,1,1,1,3,1,1,1,7,1,1,1,1,1,1,1,1,2,1,1,1,1,1,1,1,2,1,1,1,1,1,1,1,1,2,1,1,5,4,6,1,2,1,1,1,1,1,1,1,1,2,1,1,1,1,1,1,"",1,1,1,2,1,1,1,1,1,1,1,"5'3","165",2,1,1,1,2,1,1,2,1,1,2,1,1,2,1,2,1,1,2,1,1,1,2,1,1,2,1,1,2,1,2,1,1,1,2,1,2,1,1,1,2,1,2,1,1,1,2,1,2,1,1,2,1,1,2,1,1,2,1,1,2,1,1,1,2,1,1,2,1,2,1,1,2,1,1,1,2,1,1,2,1,1,2,1,1,2,1,64,1,1,1,1,1,1,1,1,1,0,1,1,1,0,0,0,0,1,0,1,0,1,1,1,1,0,1,1,1,1,1,0,1,1,1,1,1,1,1,0,1,1,0,0,1,1,1,0,0,0,0,0,0,NA,NA,NA,NA,NA,NA,NA,NA,NA,NA,NA,NA,NA,NA,NA,NA,NA,NA,NA,NA,NA,NA,NA,NA,NA,NA,NA,NA,"",5,2,2,2,1,1,1,5,1,3,5,5,5,5,1,5,2,5,5,5,7,4,7,7,4,4,3,7,4,4,7,7,4,7,7,4,7,7,7,4,7,7,7,4,7,7,1,4,4,7,4,1,4,7,5,7,6,6,1,7,7,7,4,7,1,4,1,1,7,7,7,7,1,NA,NA,NA,NA,NA,NA,NA,NA,NA,NA,NA,NA,NA,NA,NA,NA,NA,NA,NA,NA,NA,NA,NA,NA,NA,NA,NA,NA,NA,NA,NA,NA,NA,NA,NA,NA,NA,NA,NA,NA,NA,NA,NA,NA,NA,NA,NA,NA,NA,NA,NA,NA,NA,NA,NA,NA,NA,NA,3,1,87,11,3,383,335,199,460,1045,133,2425,327,925,149,NA,NA,NA,169,182,396,12,2678,NA,"10/8/24 19:40",24,35,33,21,36,23,9,26,6,36,NA,31,29,32,13,32,23,34,24,37,21,51,NA,NA,NA,NA,5,5,6,12,12,1,15,NA
"74",1472,NA,1160,"SONA","interview","10/9/24 1:27",1,0,21,21,0,0,0.69,-1,"",5,5,6,5,6,5,6,7,6,7,5,2,7,7,2,7,5,2,2,2,2,7,7,7,1,6,5,6,6,6,6,1,7,2,3,2,7,1,2,1,6,5,6,2,1,7,1,1,1,6,6,6,6,1,2,NA,NA,NA,NA,NA,NA,NA,NA,NA,NA,NA,NA,NA,NA,NA,NA,NA,NA,NA,1,5,5,5,4,4,4,3,2,5,9,1,4,7,3,2,5,6,10,8,4,4,3,3,5,5,2,2,1,5,2,6,5,7,1,4,8,9,10,3,1,2,2,2,1,1,1,1,1,1,1,1,2,2,2,2,1,2,1,2,1,2,1,2,1,1,1,1,1,2,1,2,1,1,2,2,1,1,1,2,2,1,2,2,1,2,2,2,1,2,1,1,1,1,2,2,1,1,1,1,1,1,1,1,2,1,2,1,1,1,1,1,1,1,1,2,1,1,1,1,1,5,1,5,4,5,2,5,2,1,5,5,1,5,3,5,4,5,2,5,4,2,5,2,2,5,1,1,1,1,5,1,5,4,2,1,5,1,4,3,4,1,5,5,5,9,7,9,7,3,5,9,6,5,6,6,7,8,6,1,3,5,5,5,7,3,6,5,2,1,7,1,1,7,7,5,5,6,7,7,7,7,5,68,2,2,1,1,1,1,2,1,1,"",1,1,19,NA,"15",1,1,2,1,1,1,1,1,1,1,2,1,1,1,1,1,1,1,1,2,1,1,1,1,1,1,1,1,2,1,1,1,1,1,6,2,1,5,3,6,4,6,7,1,1,2,1,1,1,1,1,1,1,1,1,1,1,2,1,1,1,2,1,1,1,1,1,5,5,5,1,1,1,1,1,1,1,2,1,1,1,2,1,1,1,1,1,"",1,2,1,1,1,1,1,1,1,1,1,"5'5""","160",2,1,1,2,1,1,1,2,1,1,2,1,2,1,1,2,1,1,2,1,1,1,2,1,2,1,1,1,2,1,2,1,1,2,1,1,2,1,1,1,2,1,1,2,1,2,1,1,2,1,1,2,1,1,2,1,1,2,1,1,2,1,1,2,1,1,1,2,1,2,1,1,2,1,1,1,2,1,1,2,1,1,2,1,1,2,1,28,0,0,1,0,1,0,0,0,0,0,0,1,1,0,0,1,0,1,0,1,0,0,0,0,0,1,1,0,0,0,0,0,1,1,0,1,1,1,0,1,0,0,0,0,0,0,1,0,0,0,0,0,0,1,1,0,1,0,0,0,0,0,1,1,0,0,0,0,1,0,1,0,0,1,0,0,0,0,0,0,0,"0",3,NA,NA,NA,NA,NA,NA,NA,NA,NA,NA,NA,NA,NA,NA,NA,NA,NA,NA,NA,NA,NA,NA,NA,NA,NA,NA,NA,NA,NA,NA,NA,NA,NA,NA,NA,NA,NA,NA,NA,NA,NA,NA,NA,NA,NA,NA,NA,NA,NA,NA,NA,NA,NA,NA,NA,NA,NA,NA,NA,NA,NA,NA,NA,NA,NA,NA,NA,NA,NA,NA,NA,NA,1,1,1,1,1,7,1,1,1,1,1,1,1,1,1,1,7,1,1,7,3,7,1,1,1,1,1,1,1,1,1,1,1,1,1,1,1,5,5,1,5,5,5,5,3,4,1,7,6,7,1,7,7,7,7,7,7,1,3,1,6,12,3,1432,168,284,1840,314,97,208,NA,NA,NA,160,87,175,162,31,599,13,2949,NA,"10/9/24 3:01",31,33,41,35,13,40,25,NA,NA,38,NA,33,45,32,21,48,NA,NA,NA,NA,NA,NA,53,35,80,42,3,7,3,15,12,6,16,NA
"76",1482,NA,1164,"SONA","interview","10/10/24 19:36",1,0,21,21,1,0,0.86,-1,"",5,6,6,3,3,2,5,6,5,2,2,2,5,5,3,5,2,6,6,6,5,2,2,2,7,3,3,3,6,2,2,6,5,6,7,7,7,1,1,1,1,7,7,7,7,1,6,7,7,5,6,6,2,2,3,NA,NA,NA,NA,NA,NA,NA,NA,NA,NA,NA,NA,NA,NA,NA,NA,NA,NA,NA,5,4,2,1,4,1,5,5,5,5,6,7,8,10,5,9,4,2,3,1,5,1,5,5,5,4,1,1,3,5,1,7,2,5,3,8,9,10,6,4,1,2,2,2,2,1,1,1,1,1,2,2,2,2,2,2,1,2,2,2,1,1,1,2,1,1,1,2,2,1,1,2,1,1,1,1,2,1,1,2,2,2,2,2,2,1,2,1,1,2,1,2,2,1,2,2,1,2,2,2,1,1,2,1,2,1,2,2,1,1,1,1,1,1,1,2,1,1,2,1,1,4,5,5,4,4,5,4,4,2,4,2,1,5,5,5,4,1,1,5,5,5,1,1,1,4,4,5,5,5,4,3,5,5,2,2,3,4,4,4,4,2,2,4,4,9,9,7,3,5,2,9,9,6,4,7,3,3,1,7,9,8,5,7,6,7,7,7,4,7,1,7,5,7,7,7,7,7,5,2,3,5,7,70,1,2,2,1,1,1,2,1,1,"",1,2,19,NA,"n/a",1,1,1,2,1,1,1,1,1,1,2,1,1,1,1,1,1,2,1,1,1,1,1,1,2,1,1,1,1,1,1,1,1,1,5,1,2,6,2,6,1,1,6,1,1,1,1,1,1,2,1,1,1,1,1,1,1,2,1,1,1,1,1,1,1,2,1,5,5,5,1,1,1,1,1,1,2,1,1,2,1,1,1,1,1,1,1,"",1,2,1,1,1,1,1,1,1,1,1,"5'4","150",1,2,1,2,1,1,1,2,1,1,2,1,2,1,1,2,1,1,2,1,1,1,2,1,2,1,1,1,2,1,2,1,1,1,2,1,2,1,1,1,2,1,1,2,1,1,2,1,2,1,1,2,1,1,2,1,1,2,1,1,2,1,1,1,2,1,1,2,1,2,1,1,2,1,1,1,2,1,2,1,1,1,2,1,2,1,1,39,0,0,1,1,1,0,0,0,0,0,1,0,1,0,0,0,0,0,0,1,0,0,0,0,1,0,0,0,0,0,1,0,1,1,1,0,0,0,0,0,1,1,0,0,1,1,1,1,0,0,0,0,0,1,0,0,0,0,0,0,1,0,1,1,0,0,0,0,1,0,1,1,0,1,1,0,0,0,0,1,0,"",2,1,2,1,3,1,4,4,4,1,5,5,5,-9,1,1,3,1,5,1,5,7,3,7,7,7,5,7,2,7,6,2,6,6,5,7,7,7,6,7,7,7,6,1,7,2,5,7,6,1,1,1,1,2,4,6,3,1,4,5,3,3,1,2,3,7,1,6,6,4,6,2,6,NA,NA,NA,NA,NA,NA,NA,NA,NA,NA,NA,NA,NA,NA,NA,NA,NA,NA,NA,NA,NA,NA,NA,NA,NA,NA,NA,NA,NA,NA,NA,NA,NA,NA,NA,NA,NA,NA,NA,NA,NA,NA,NA,NA,NA,NA,NA,NA,NA,NA,NA,NA,NA,NA,NA,NA,NA,NA,7,1,9,10,7,319,124,132,522,186,91,120,185,234,90,NA,NA,NA,211,42,300,10,2592,NA,"10/10/24 20:19",19,34,15,21,37,28,33,NA,NA,42,NA,22,22,38,23,42,26,17,35,41,14,40,NA,NA,NA,NA,7,7,7,15,10,6,18,NA
"77",1483,NA,1175,"SONA","interview","10/11/24 17:45",1,0,21,21,0,0,1.04,-1,"",5,5,5,2,6,2,3,6,5,6,3,2,6,7,3,7,5,6,5,2,6,2,5,6,5,5,2,6,2,1,3,6,2,6,7,5,7,1,1,1,1,7,7,5,5,3,5,5,5,6,6,3,2,5,5,NA,NA,NA,NA,NA,NA,NA,NA,NA,NA,NA,NA,NA,NA,NA,NA,NA,NA,NA,4,3,4,4,4,4,2,4,5,5,10,7,6,4,5,3,8,9,2,1,2,1,4,4,5,4,1,1,1,3,4,7,3,2,1,6,9,10,8,5,1,2,2,2,2,1,1,1,1,2,1,1,1,2,2,2,1,2,1,1,1,1,1,2,1,1,1,1,1,1,1,2,2,2,2,2,2,2,1,2,1,2,2,2,2,2,2,2,1,2,1,2,1,1,2,2,1,2,1,2,2,2,2,2,2,2,2,2,1,1,1,1,1,1,2,2,1,1,1,2,1,3,2,4,2,4,4,4,4,4,4,3,1,4,4,4,4,5,4,2,4,3,4,4,1,2,4,4,4,1,2,4,5,4,4,2,4,1,4,3,4,4,4,3,4,7,7,8,7,6,7,7,7,7,5,6,6,6,7,2,6,7,8,5,6,5,5,4,5,7,7,1,5,6,7,7,5,5,6,6,6,5,5,70,2,1,1,1,1,1,2,1,1,"",1,1,20,NA,"18",1,1,2,1,1,1,1,1,1,1,2,1,1,2,1,1,2,1,1,1,2,1,1,1,1,1,1,1,1,1,1,2,1,1,6,6,4,5,3,5,7,6,6,2,1,1,1,1,1,1,1,2,1,1,1,1,1,1,1,1,2,1,1,1,1,1,1,4,5,3,1,1,2,1,1,1,1,1,1,1,1,1,1,1,1,1,2,"Methodist Christian",1,2,1,1,1,1,1,1,1,1,1,"6 feet","165",1,2,1,1,2,1,1,2,1,1,2,1,2,1,1,1,2,1,1,2,1,2,1,1,2,1,1,2,1,1,2,1,1,1,2,1,2,1,1,1,2,1,2,1,1,1,2,1,2,1,1,2,1,1,2,1,1,2,1,1,2,1,1,1,2,1,2,1,1,1,2,1,2,1,1,2,1,1,2,1,1,2,1,1,2,1,1,42,0,0,1,1,1,1,0,0,0,0,0,0,1,0,0,0,0,0,0,1,0,0,0,0,0,1,0,0,0,1,0,1,1,1,1,0,1,0,0,1,1,1,1,0,1,0,1,0,0,0,0,0,0,1,0,0,1,0,1,1,0,1,1,1,1,0,0,0,1,0,0,0,0,0,1,0,0,0,1,0,1,"0",2,NA,NA,NA,NA,NA,NA,NA,NA,NA,NA,NA,NA,NA,NA,NA,NA,NA,NA,NA,NA,NA,NA,NA,NA,NA,NA,NA,NA,NA,NA,NA,NA,NA,NA,NA,NA,NA,NA,NA,NA,NA,NA,NA,NA,NA,NA,NA,NA,NA,NA,NA,NA,NA,NA,NA,NA,NA,NA,NA,NA,NA,NA,NA,NA,NA,NA,NA,NA,NA,NA,NA,NA,2,2,2,2,2,2,3,1,2,3,2,3,2,2,2,3,3,2,2,3,2,3,3,3,1,2,2,2,3,3,2,2,2,3,3,2,4,4,4,3,3,4,5,5,1,2,3,5,4,6,5,5,2,4,2,3,4,5,8,1,5,21,16,812,125,135,471,165,168,95,NA,NA,NA,69,25,82,158,18,245,18,2628,NA,"10/11/24 18:29",22,27,29,17,31,35,27,NA,NA,42,NA,25,38,29,15,34,NA,NA,NA,NA,NA,NA,46,27,79,48,1,1,2,8,19,5,12,NA
"78",1484,NA,1145,"SONA","interview","10/15/24 15:51",1,0,21,21,0,0,0.69,-1,"",5,6,6,1,2,2,5,4,4,3,4,4,4,5,6,7,7,2,1,1,1,7,6,6,2,5,7,6,7,7,7,1,7,2,2,2,5,3,5,5,3,1,3,3,6,6,3,3,6,1,2,1,7,6,6,NA,NA,NA,NA,NA,NA,NA,NA,NA,NA,NA,NA,NA,NA,NA,NA,NA,NA,NA,4,3,5,4,5,3,4,5,4,3,6,10,3,7,2,8,4,1,5,9,4,1,5,2,5,1,1,1,1,4,3,7,1,5,2,9,10,8,6,4,1,2,2,2,1,1,2,1,1,2,2,1,1,1,2,2,1,2,2,1,1,1,1,1,1,1,1,2,1,2,1,2,2,1,2,1,2,1,1,2,1,1,2,2,1,2,2,2,1,2,1,1,1,1,2,1,1,2,1,2,1,1,2,1,2,1,2,1,1,1,1,1,1,1,1,2,1,1,1,1,1,4,1,3,3,5,3,5,5,2,5,5,1,4,4,5,5,5,5,5,5,3,5,5,3,5,1,1,1,3,5,5,5,3,5,3,4,1,3,4,5,1,5,5,5,9,8,8,5,2,7,3,7,3,7,7,7,6,2,8,6,4,7,4,6,6,4,3,2,2,4,4,4,7,7,5,4,3,7,6,5,7,5,71,2,1,1,1,1,1,2,1,1,"",1,1,18,NA,"",1,1,2,1,1,1,1,1,1,1,1,2,1,2,1,1,2,1,1,2,1,1,1,1,1,1,1,1,2,1,1,1,1,1,6,2,1,4,4,1,5,5,7,1,1,1,1,2,1,1,1,1,1,2,1,1,1,1,1,1,1,1,1,2,1,1,1,6,6,5,1,1,1,1,1,1,2,1,1,1,2,1,1,1,1,1,1,"",1,2,1,1,1,1,1,1,1,1,1,"6'2""","167",2,1,1,1,2,1,2,1,1,1,2,1,2,1,1,2,1,1,1,2,1,1,2,1,1,2,1,2,1,1,2,1,1,1,2,1,2,1,1,1,2,1,2,1,1,1,2,1,1,2,1,2,1,1,2,1,1,1,2,1,1,2,1,2,1,1,1,2,1,1,2,1,1,2,1,1,2,1,1,2,1,2,1,1,2,1,1,30,0,0,1,0,0,0,0,1,0,0,1,0,1,0,1,0,0,0,0,0,0,0,0,0,0,0,1,0,1,0,0,0,1,1,0,1,1,1,0,1,0,0,1,0,1,0,1,0,0,0,0,0,0,1,1,1,1,0,0,0,1,0,1,1,1,0,0,0,1,0,0,0,0,0,0,0,0,0,0,0,1,"0",3,NA,NA,NA,NA,NA,NA,NA,NA,NA,NA,NA,NA,NA,NA,NA,NA,NA,NA,NA,NA,NA,NA,NA,NA,NA,NA,NA,NA,NA,NA,NA,NA,NA,NA,NA,NA,NA,NA,NA,NA,NA,NA,NA,NA,NA,NA,NA,NA,NA,NA,NA,NA,NA,NA,NA,NA,NA,NA,NA,NA,NA,NA,NA,NA,NA,NA,NA,NA,NA,NA,NA,NA,5,6,5,7,5,5,3,5,2,2,2,4,1,6,3,2,5,1,1,7,2,6,1,1,1,5,3,6,6,7,6,2,6,6,5,5,1,5,1,5,5,5,1,5,5,5,1,6,2,1,6,1,7,2,6,1,1,6,4,1,8,9,24,503,206,1566,809,263,111,120,NA,NA,NA,10611,35,113,5600,43,235,8,2905,NA,"10/15/24 21:28",27,9,38,40,9,22,36,NA,NA,20,NA,26,45,18,19,48,NA,NA,NA,NA,NA,NA,24,50,36,77,5,3,5,11,13,1,6,NA
"79",1485,NA,1172,"SONA","interview","10/16/24 21:05",1,0,21,21,1,0,0.71,-1,"",5,5,4,3,4,2,6,5,4,6,5,5,4,4,6,6,7,3,5,3,3,7,6,6,4,6,6,5,5,3,5,4,5,4,4,3,7,2,2,2,2,6,6,6,5,4,6,6,6,4,4,5,3,2,3,NA,NA,NA,NA,NA,NA,NA,NA,NA,NA,NA,NA,NA,NA,NA,NA,NA,NA,NA,5,4,4,5,4,2,3,5,4,5,8,6,2,3,9,10,5,4,7,1,3,3,5,5,5,1,1,1,1,4,5,6,3,1,2,10,7,8,9,4,1,2,2,1,1,1,2,1,1,1,2,1,1,2,2,2,1,2,2,1,1,1,1,2,1,1,1,2,2,2,1,2,2,1,2,1,1,1,1,2,1,1,2,1,1,1,2,1,2,2,1,1,1,1,2,2,1,2,1,1,1,1,1,1,2,1,2,2,1,1,1,1,1,1,1,2,1,1,1,1,1,5,3,3,1,3,5,4,3,2,4,5,3,4,3,3,5,4,4,5,5,5,5,4,3,3,3,3,4,5,5,5,5,2,2,4,4,4,2,5,5,5,5,5,4,7,6,5,3,2,2,8,5,3,3,7,9,7,5,7,8,5,5,2,3,3,4,4,5,6,6,-9,-9,7,6,5,5,3,5,2,2,3,5,71,1,2,1,1,2,1,1,1,1,"",1,1,20,NA,"10",1,1,1,2,1,1,1,1,1,1,2,1,1,1,1,1,1,1,1,2,1,1,1,1,1,1,1,1,1,1,1,1,2,1,6,3,4,5,3,5,7,5,5,1,1,2,1,1,1,1,1,1,1,1,1,2,1,1,1,1,1,2,1,1,1,1,1,2,5,3,1,1,1,1,1,1,1,2,1,1,2,1,1,1,1,1,1,"",1,2,1,1,1,1,1,1,1,1,1,"5'4","130",1,2,1,1,2,1,2,1,1,1,2,1,1,2,1,1,2,1,2,1,1,1,2,1,2,1,1,1,2,1,2,1,1,2,1,1,2,1,1,1,2,1,1,2,1,1,2,1,1,2,1,1,2,1,2,1,1,2,1,1,1,2,1,2,1,1,2,1,1,1,2,1,1,2,1,1,2,1,1,2,1,1,2,1,2,1,1,28,0,0,1,0,0,0,0,0,0,0,0,1,1,0,1,0,0,0,0,1,0,0,0,1,1,0,0,0,1,0,0,0,1,0,0,0,1,0,1,0,0,0,1,0,1,0,1,1,0,0,0,0,0,1,0,0,0,0,0,0,0,1,0,1,1,0,0,0,1,1,0,0,0,0,0,0,0,0,1,0,0,"0",3,1,1,1,1,1,1,5,1,1,4,5,5,1,2,2,3,1,4,3,2,7,7,4,6,5,3,7,5,6,7,7,3,7,4,3,7,7,4,6,6,7,4,4,7,5,3,3,4,5,2,2,5,3,6,5,4,3,3,5,4,3,1,5,3,6,3,3,4,3,4,2,3,NA,NA,NA,NA,NA,NA,NA,NA,NA,NA,NA,NA,NA,NA,NA,NA,NA,NA,NA,NA,NA,NA,NA,NA,NA,NA,NA,NA,NA,NA,NA,NA,NA,NA,NA,NA,NA,NA,NA,NA,NA,NA,NA,NA,NA,NA,NA,NA,NA,NA,NA,NA,NA,NA,NA,NA,NA,NA,5,1,6,28,25,329,147,106,473,169,103,412,75224,231,343,NA,NA,NA,180,31,324,19,2434,NA,"10/17/24 18:48",21,29,34,32,22,25,30,NA,NA,37,NA,25,34,23,16,35,17,30,21,35,16,40,NA,NA,NA,NA,3,5,3,13,16,5,11,NA
"80",1486,NA,1206,"SONA","interview","10/17/24 1:23",1,0,21,21,0,0,1.27,-1,"",5,7,7,1,1,1,7,7,6,6,1,1,6,6,1,7,7,1,7,6,5,6,3,4,7,7,7,5,7,7,7,1,7,7,7,7,7,1,1,1,1,7,7,7,7,1,7,7,7,7,7,7,1,1,1,NA,NA,NA,NA,NA,NA,NA,NA,NA,NA,NA,NA,NA,NA,NA,NA,NA,NA,NA,5,5,5,3,5,4,5,5,5,5,9,3,6,5,2,8,1,10,7,4,5,3,5,5,5,3,1,1,1,5,4,7,3,2,1,8,10,9,6,5,2,2,2,2,1,1,2,1,1,1,1,1,1,2,2,2,2,2,2,1,1,2,1,2,1,1,1,2,1,2,1,1,1,1,2,2,1,1,1,1,2,1,2,1,1,2,2,1,2,2,1,1,1,1,2,2,1,2,1,2,1,1,2,1,2,1,2,2,1,1,1,1,1,1,2,1,1,2,1,1,1,5,5,5,5,3,5,5,5,1,5,3,1,5,5,3,5,5,4,5,5,5,5,4,2,2,1,3,2,5,4,5,5,3,2,5,2,1,4,5,3,4,4,5,4,9,6,8,4,3,3,9,9,4,2,2,5,5,5,9,9,9,5,7,7,7,4,7,7,7,1,1,1,4,2,5,5,5,6,5,7,4,6,72,2,2,2,1,2,1,2,1,1,"",1,3,18,NA,"7",1,1,1,2,1,1,1,1,1,1,2,1,1,2,1,1,2,1,2,1,1,1,1,1,1,1,1,1,2,1,1,1,1,1,2,1,1,7,1,5,1,1,5,1,1,1,1,2,1,1,1,1,1,1,1,2,1,1,1,1,1,1,1,2,1,1,1,7,7,7,1,2,1,1,1,1,1,1,1,2,1,1,1,1,1,1,1,"",1,2,1,1,1,1,1,1,1,1,1,"5'4","N/A",2,1,1,2,1,1,2,1,1,1,2,1,2,1,1,2,1,1,2,1,1,1,2,1,2,1,1,2,1,1,1,2,1,2,1,1,2,1,1,1,2,1,2,1,1,2,1,1,1,2,1,1,2,1,2,1,1,2,1,1,2,1,1,2,1,1,2,1,1,1,2,1,2,1,1,1,2,1,2,1,1,1,2,1,2,1,1,33,0,0,1,0,1,0,0,0,0,0,0,1,1,1,1,0,0,1,0,0,0,0,0,1,0,0,0,0,0,0,0,0,1,0,0,0,0,0,1,1,0,0,1,0,0,0,0,0,0,0,0,0,0,1,0,0,1,0,0,0,1,0,1,1,0,0,0,0,1,1,0,0,0,0,0,0,0,0,0,0,0,"",5,NA,NA,NA,NA,NA,NA,NA,NA,NA,NA,NA,NA,NA,NA,NA,NA,NA,NA,NA,NA,NA,NA,NA,NA,NA,NA,NA,NA,NA,NA,NA,NA,NA,NA,NA,NA,NA,NA,NA,NA,NA,NA,NA,NA,NA,NA,NA,NA,NA,NA,NA,NA,NA,NA,NA,NA,NA,NA,NA,NA,NA,NA,NA,NA,NA,NA,NA,NA,NA,NA,NA,NA,7,7,7,7,2,7,7,7,1,2,1,7,7,7,7,7,7,4,5,4,7,6,6,4,4,4,4,4,4,4,4,5,4,3,5,3,1,5,5,5,5,2,3,5,5,5,4,4,3,5,5,3,5,3,4,3,3,5,5,1,8,11,8,167,79,79,276,97,85,61,NA,NA,NA,126,33,97,156,27,152,17,1479,NA,"10/17/24 1:48",18,42,26,42,39,38,42,NA,NA,42,NA,19,38,25,24,32,NA,NA,NA,NA,NA,NA,39,41,78,113,5,5,5,13,5,5,14,NA
"82",1488,NA,1174,"SONA","interview","10/17/24 18:20",1,0,21,21,11,10,1.01,-1,"",5,5,4,4,5,4,5,5,4,4,2,2,6,4,5,7,7,3,6,2,7,5,6,6,2,6,5,6,5,6,7,3,6,6,7,7,7,2,6,4,2,6,6,5,4,4,5,4,5,5,5,4,3,3,4,NA,NA,NA,NA,NA,NA,NA,NA,NA,NA,NA,NA,NA,NA,NA,NA,NA,NA,NA,5,5,3,4,4,2,3,3,3,4,4,7,6,3,2,8,10,9,5,1,5,1,5,3,1,1,1,1,1,1,7,6,1,3,2,5,10,9,8,4,1,2,2,1,2,1,1,1,1,1,1,1,1,2,1,2,1,2,2,1,1,1,1,2,1,1,1,1,1,1,1,1,1,1,2,1,1,1,1,1,2,1,1,1,1,1,1,1,1,2,1,1,1,1,2,1,1,1,1,2,1,1,2,1,1,1,1,1,1,1,1,1,1,1,1,1,1,1,1,1,1,1,1,4,1,4,5,3,3,3,4,2,1,4,3,3,3,3,1,5,5,5,3,4,3,3,3,3,4,3,3,5,4,4,4,4,2,2,2,4,5,3,4,5,3,9,8,8,8,2,2,6,8,4,1,1,6,4,2,4,3,6,5,4,5,4,5,6,7,7,2,-9,-9,-9,-9,3,1,1,5,3,4,2,1,73,2,2,1,1,2,1,2,1,1,"",1,2,20,NA,"",1,1,2,1,1,1,1,1,1,1,2,1,1,2,1,1,2,2,1,1,1,1,1,1,1,1,2,1,1,1,1,1,1,1,1,1,1,7,1,3,2,1,4,1,1,2,1,1,1,1,1,1,2,1,1,1,1,1,1,1,1,1,1,2,1,1,1,7,7,7,1,2,1,1,1,1,1,1,1,1,1,1,1,1,1,1,2,"agnostic",1,2,1,1,1,1,1,1,1,1,1,"65 cm","215",1,2,1,1,2,1,1,2,1,1,2,1,1,2,1,2,1,1,2,1,1,1,2,1,2,1,1,1,2,1,2,1,1,1,2,1,2,1,1,1,2,1,2,1,1,1,2,1,1,2,1,2,1,1,2,1,1,2,1,1,2,1,1,1,2,1,1,2,1,1,2,1,2,1,1,1,2,1,2,1,1,1,2,1,2,1,1,14,0,0,0,0,0,0,0,0,0,0,0,0,1,0,0,0,0,0,0,0,0,0,0,0,0,0,0,0,1,0,0,0,1,0,0,0,0,0,0,0,0,0,0,0,0,0,0,0,0,0,0,0,0,1,0,0,0,0,0,0,1,0,0,0,0,0,0,1,0,0,0,0,0,1,0,0,0,0,0,0,0,"",3,NA,NA,NA,NA,NA,NA,NA,NA,NA,NA,NA,NA,NA,NA,NA,NA,NA,NA,NA,NA,NA,NA,NA,NA,NA,NA,NA,NA,NA,NA,NA,NA,NA,NA,NA,NA,NA,NA,NA,NA,NA,NA,NA,NA,NA,NA,NA,NA,NA,NA,NA,NA,NA,NA,NA,NA,NA,NA,NA,NA,NA,NA,NA,NA,NA,NA,NA,NA,NA,NA,NA,NA,-9,-9,-9,-9,-9,-9,-9,-9,-9,-9,-9,-9,-9,-9,-9,-9,-9,-9,-9,-9,-9,-9,-9,-9,-9,-9,-9,-9,-9,-9,-9,-9,-9,-9,-9,-9,4,1,3,4,3,2,4,3,4,4,2,5,2,6,7,5,6,1,4,2,2,3,4,1,26,8,2,372,126,91,290,169,82,97,NA,NA,NA,27,56,1856,192,36,607,25,2297,NA,"10/17/24 19:28",23,28,36,35,35,26,25,NA,NA,31,NA,14,34,29,15,35,NA,NA,NA,NA,NA,NA,31,28,150,-110,3,2,5,8,4,3,16,NA
"83",1495,NA,1162,"SONA","interview","10/21/24 20:55",1,0,21,21,0,0,0.59,-1,"",5,2,3,5,6,5,5,5,6,4,5,5,5,5,5,3,3,4,6,6,6,3,5,4,3,3,4,4,5,4,3,6,4,7,6,6,7,7,1,1,1,6,7,4,5,3,5,4,4,6,4,3,5,4,4,NA,NA,NA,NA,NA,NA,NA,NA,NA,NA,NA,NA,NA,NA,NA,NA,NA,NA,NA,4,4,3,2,2,3,2,2,3,5,2,4,5,6,7,3,9,10,8,1,2,2,4,4,4,3,1,1,1,4,5,6,2,3,4,7,9,10,8,1,1,2,2,1,1,1,2,1,1,1,2,1,2,2,1,1,1,1,1,1,1,1,1,2,1,1,2,2,2,2,2,2,2,1,2,1,1,1,1,2,1,2,1,2,1,2,1,2,1,2,1,1,1,1,2,2,1,1,2,2,1,1,1,1,1,1,2,2,1,1,1,1,1,1,1,2,1,1,1,1,1,3,1,5,1,2,4,5,2,2,4,2,1,5,3,4,3,4,3,4,2,3,5,2,4,2,3,2,4,4,3,4,5,4,3,4,2,1,3,4,2,5,4,4,2,9,5,4,5,3,1,9,7,6,4,2,4,5,4,1,5,5,7,6,6,5,4,3,5,7,7,1,1,7,7,5,5,5,5,5,5,2,5,73,1,2,1,1,1,2,1,1,1,"",1,1,19,NA,"17",1,1,1,2,1,1,1,1,1,2,1,1,1,1,1,1,1,1,2,1,1,1,1,1,2,1,1,1,1,1,1,1,1,1,1,1,1,7,1,4,4,6,6,1,1,1,1,2,1,1,1,1,1,1,1,2,1,1,1,1,1,1,1,2,1,1,1,2,2,2,1,1,1,1,1,1,1,2,1,1,2,1,1,1,1,1,1,"",1,2,1,1,1,1,1,1,1,1,1,"5'8","140",2,1,1,1,2,1,2,1,1,1,2,1,2,1,1,2,1,1,1,2,1,1,2,1,1,2,1,2,1,1,2,1,1,1,2,1,2,1,1,2,1,1,2,1,1,1,2,1,2,1,1,2,1,1,2,1,1,2,1,1,1,2,1,1,2,1,1,2,1,1,2,1,1,2,1,1,2,1,1,2,1,2,1,1,2,1,1,28,0,0,1,1,0,0,0,0,0,0,1,1,0,0,0,0,0,0,0,0,0,0,0,0,1,1,1,0,0,0,0,0,0,0,0,1,0,1,0,0,NA,0,0,0,0,0,0,1,0,0,0,0,0,1,1,1,1,0,0,0,1,0,0,1,0,0,0,0,1,0,1,0,0,1,1,0,0,0,0,0,0,"0",5,1,1,1,3,3,1,4,1,1,4,4,3,4,2,3,3,3,4,3,5,7,7,7,5,3,6,7,4,7,6,6,7,7,7,7,7,6,7,3,4,7,2,6,7,4,1,4,2,3,2,1,4,5,2,4,6,3,2,5,5,4,2,4,2,2,2,3,4,3,5,1,4,NA,NA,NA,NA,NA,NA,NA,NA,NA,NA,NA,NA,NA,NA,NA,NA,NA,NA,NA,NA,NA,NA,NA,NA,NA,NA,NA,NA,NA,NA,NA,NA,NA,NA,NA,NA,NA,NA,NA,NA,NA,NA,NA,NA,NA,NA,NA,NA,NA,NA,NA,NA,NA,NA,NA,NA,NA,NA,5,1,25,12,12,417,145,221,558,494,127,121,166,333,418,NA,NA,NA,220,31,597,39,3295,NA,"10/21/24 22:00",23,24,24,23,37,28,18,NA,NA,35,NA,20,42,34,14,24,20,29,21,30,14,40,NA,NA,NA,NA,5,5,5,13,4,4,9,NA
"84",1496,NA,1213,"SONA","interview","10/22/24 18:34",1,0,21,21,0,0,1.73,-1,"",5,4,1,5,7,4,4,7,7,4,4,5,7,4,3,4,4,4,7,7,3,4,5,7,3,4,4,4,7,4,4,4,4,5,7,7,7,7,1,1,1,1,7,7,7,7,7,7,7,4,4,4,4,4,7,NA,NA,NA,NA,NA,NA,NA,NA,NA,NA,NA,NA,NA,NA,NA,NA,NA,NA,NA,5,3,3,5,3,3,5,5,1,5,2,7,6,4,5,3,9,8,10,1,5,1,5,5,5,5,1,1,1,5,5,8,1,2,3,4,9,10,6,7,1,2,2,1,1,1,2,2,1,1,2,1,1,2,2,2,2,2,2,2,2,2,1,2,1,1,1,2,2,2,1,2,1,1,2,1,2,2,1,2,2,2,1,2,1,1,1,1,1,1,1,2,2,1,2,2,1,1,1,2,2,2,2,1,2,1,2,1,1,1,1,1,1,1,1,1,1,1,1,1,1,4,3,3,3,4,4,4,5,4,2,1,3,5,5,5,5,5,2,5,5,5,5,3,5,5,5,5,5,5,3,5,5,5,5,5,1,1,2,5,5,1,5,5,1,9,9,9,9,9,9,9,9,9,9,9,9,9,9,9,9,9,9,7,7,4,7,7,7,7,7,7,7,7,7,7,7,7,7,7,7,7,7,74,2,2,1,1,1,2,1,1,1,"",1,1,19,NA,"18",1,1,1,2,1,1,1,1,1,1,2,1,1,2,1,1,2,1,2,1,1,1,1,2,1,1,1,1,1,1,1,1,1,1,1,1,1,7,1,1,1,1,7,1,1,1,1,1,1,2,1,1,1,1,1,1,1,2,1,1,1,1,2,1,1,1,1,3,4,4,1,2,1,1,1,1,1,1,1,1,2,1,1,1,1,1,1,"",1,1,2,1,1,1,1,1,1,1,1,"4'11","135",1,2,1,1,2,1,1,2,1,2,1,1,1,2,1,2,1,1,1,2,1,1,2,1,2,1,1,1,2,1,1,2,1,1,2,1,2,1,1,1,2,1,2,1,1,1,2,1,2,1,1,1,2,1,2,1,1,2,1,1,1,2,1,1,2,1,1,2,1,1,2,1,2,1,1,1,2,1,1,2,1,2,1,1,2,1,1,36,0,0,1,1,0,0,0,1,1,0,1,1,1,1,0,0,0,1,0,1,0,0,0,1,1,0,0,0,1,1,1,1,1,1,1,1,0,1,0,0,1,1,1,0,0,0,1,1,0,0,0,0,0,1,1,1,1,0,1,1,1,0,1,1,1,0,0,0,1,0,1,0,0,1,1,0,0,0,1,0,0,"0",2,NA,NA,NA,NA,NA,NA,NA,NA,NA,NA,NA,NA,NA,NA,NA,NA,NA,NA,NA,NA,NA,NA,NA,NA,NA,NA,NA,NA,NA,NA,NA,NA,NA,NA,NA,NA,NA,NA,NA,NA,NA,NA,NA,NA,NA,NA,NA,NA,NA,NA,NA,NA,NA,NA,NA,NA,NA,NA,NA,NA,NA,NA,NA,NA,NA,NA,NA,NA,NA,NA,NA,NA,7,7,7,7,7,7,7,7,7,7,7,7,7,7,7,7,7,7,7,7,7,7,7,7,7,7,7,7,7,7,7,7,7,7,7,7,5,5,5,5,3,3,3,5,5,5,7,7,4,5,4,5,5,4,4,4,4,4,4,1,3,6,5,216,93,63,285,115,27,51,NA,NA,NA,32,30,49,126,24,191,7,1323,NA,"10/22/24 18:56",24,21,29,27,36,34,17,NA,NA,30,NA,20,36,29,16,36,NA,NA,NA,NA,NA,NA,47,36,54,114,7,7,4,18,4,1,13,NA
"85",1497,NA,1193,"SONA","interview","10/23/24 1:50",1,0,21,21,1,1,0.66,-1,"",3,2,1,4,7,7,1,6,4,5,4,3,5,6,5,6,4,5,5,5,3,5,2,4,7,6,6,4,5,5,5,4,5,5,6,6,6,2,2,2,1,5,5,5,6,2,7,6,6,6,6,6,2,2,2,7,7,5,6,5,5,7,4,5,6,3,2,1,NA,NA,NA,NA,NA,NA,5,5,3,3,3,4,1,5,1,4,1,2,5,8,7,6,9,3,10,4,5,5,4,4,4,2,1,1,1,2,1,2,4,5,3,7,8,9,10,6,1,2,2,2,1,1,1,2,1,1,2,1,2,2,2,2,1,2,2,2,1,2,1,2,1,1,2,2,1,2,1,1,1,1,2,2,2,2,1,2,2,2,2,2,1,1,2,2,2,2,1,2,2,1,2,2,1,1,1,2,2,2,2,1,2,1,2,2,1,1,1,2,1,1,2,2,1,2,1,2,1,4,4,5,3,4,2,4,3,4,2,2,2,5,4,4,3,2,1,4,3,4,5,5,4,3,4,3,5,5,3,4,4,5,4,5,3,4,5,4,3,3,4,4,3,9,9,9,6,5,5,7,9,4,3,7,9,9,9,7,9,4,2,7,6,6,5,6,3,5,2,1,7,7,7,6,5,5,4,5,7,4,2,74,1,2,1,1,1,2,2,1,1,"",1,2,18,NA,"7",1,1,2,1,1,1,1,1,1,1,1,1,1,2,1,1,1,2,1,1,1,1,1,1,1,1,1,1,2,1,1,1,1,1,2,1,1,4,4,2,4,6,7,1,1,2,1,1,1,1,1,1,1,2,1,1,1,1,1,1,1,1,2,1,1,1,1,5,5,5,1,1,1,1,1,1,1,2,1,1,1,1,1,1,1,1,2,"christian",1,1,1,1,2,1,1,1,1,1,1,"5'2","129",1,2,1,1,2,1,1,2,1,1,2,1,1,2,1,2,1,1,2,1,1,1,2,1,1,2,1,1,2,1,2,1,1,1,2,1,2,1,1,2,1,1,2,1,1,2,1,1,2,1,1,2,1,1,2,1,1,2,1,1,2,1,1,1,2,1,2,1,1,1,2,1,1,2,1,1,2,1,2,1,1,2,1,1,2,1,1,46,0,0,1,0,1,0,0,1,0,0,0,1,1,0,1,0,0,0,0,0,0,0,1,0,0,0,0,0,1,1,1,0,1,1,0,0,0,0,1,0,1,0,0,0,0,0,1,0,0,0,0,0,0,1,0,0,1,0,0,1,0,0,1,1,1,0,0,0,0,0,1,0,0,1,1,NA,NA,NA,1,NA,NA,"",5,1,1,1,1,1,1,3,2,1,4,4,4,4,2,3,4,1,5,2,4,7,7,7,5,3,2,7,7,4,7,7,5,7,7,4,7,6,5,7,7,5,4,7,7,3,5,3,3,2,4,4,2,4,3,1,5,4,5,5,3,2,1,5,6,1,2,4,5,5,6,6,3,NA,NA,NA,NA,NA,NA,NA,NA,NA,NA,NA,NA,NA,NA,NA,NA,NA,NA,NA,NA,NA,NA,NA,NA,NA,NA,NA,NA,NA,NA,NA,NA,NA,NA,NA,NA,NA,NA,NA,NA,NA,NA,NA,NA,NA,NA,NA,NA,NA,NA,NA,NA,NA,NA,NA,NA,NA,NA,6,1,7,30,7,1237,137,151,595,303,54,173,377,219,89,NA,NA,NA,297,36,2158,27,2811,NA,"10/23/24 3:28",18,36,22,31,30,29,10,35,31,34,NA,24,30,36,15,29,16,33,32,20,23,46,NA,NA,NA,NA,3,3,4,10,8,2,16,NA
"86",1498,NA,1214,"SONA","interview","10/24/24 17:02",1,0,21,21,0,0,1.84,-1,"",3,1,1,1,1,2,1,1,7,4,2,1,4,1,1,5,1,1,7,7,3,7,7,6,6,1,1,3,3,1,3,3,3,2,2,2,4,4,3,3,3,1,3,3,2,3,3,4,5,2,3,3,3,2,4,1,7,1,7,4,3,6,2,5,4,2,7,2,NA,NA,NA,NA,NA,NA,4,2,4,4,3,5,4,3,4,5,1,10,9,8,5,6,7,2,3,4,4,2,4,2,5,4,2,4,2,4,2,3,1,8,6,9,7,5,4,10,1,2,2,1,1,1,1,2,1,1,1,1,2,2,2,2,1,1,2,2,1,1,1,2,1,1,1,2,2,2,1,2,1,1,2,1,2,2,1,2,2,2,1,2,2,2,2,2,2,1,1,1,1,1,1,2,1,1,1,1,2,2,2,1,1,2,2,1,1,1,1,1,1,1,2,2,1,1,1,1,1,5,5,5,5,5,4,3,4,4,4,3,4,4,3,5,4,4,3,4,3,4,4,3,4,4,3,2,3,4,3,3,4,4,4,3,4,4,4,3,4,3,4,4,4,2,3,3,4,5,6,7,7,6,5,4,3,3,3,4,5,6,7,7,6,4,3,2,2,2,2,3,4,5,4,2,2,4,4,5,5,1,2,75,1,2,1,1,2,1,1,1,1,"",1,1,18,NA,"17",1,1,2,1,1,1,1,1,1,2,2,1,1,1,1,1,2,2,1,1,1,1,1,1,1,1,2,1,1,1,1,1,1,1,2,5,5,4,4,5,5,4,5,1,1,1,1,2,1,1,1,1,1,1,2,1,1,1,1,1,1,1,2,1,1,1,1,7,6,6,1,1,1,1,1,1,1,2,1,2,1,1,1,1,1,1,1,"",1,1,2,1,1,1,1,1,1,1,1,"5'3","115",1,2,1,2,1,1,2,1,1,1,2,1,1,2,1,2,1,1,1,2,1,2,1,1,1,2,1,2,1,1,1,2,1,1,2,1,2,1,1,2,1,1,2,1,1,1,2,1,2,1,1,2,1,1,2,1,1,1,2,1,1,2,1,2,1,1,1,2,1,1,2,1,1,2,1,2,1,1,2,1,1,1,2,1,2,1,1,34,1,1,1,1,1,1,1,1,1,1,1,1,1,1,1,1,1,1,1,1,1,1,1,1,1,1,NA,1,1,1,1,1,1,1,1,1,1,1,1,1,1,1,1,1,1,1,1,1,1,1,1,1,1,0,1,1,1,1,1,1,1,1,1,1,1,1,1,1,0,1,1,1,1,1,1,0,0,0,1,1,0,"0",1,1,2,3,2,3,4,3,2,2,5,3,2,3,5,2,2,5,3,5,4,7,7,7,1,4,4,1,7,7,4,6,4,4,5,7,7,4,7,7,7,7,7,7,7,7,7,6,6,7,6,5,5,7,7,6,4,5,1,7,7,3,4,7,7,4,4,4,4,5,4,5,6,NA,NA,NA,NA,NA,NA,NA,NA,NA,NA,NA,NA,NA,NA,NA,NA,NA,NA,NA,NA,NA,NA,NA,NA,NA,NA,NA,NA,NA,NA,NA,NA,NA,NA,NA,NA,NA,NA,NA,NA,NA,NA,NA,NA,NA,NA,NA,NA,NA,NA,NA,NA,NA,NA,NA,NA,NA,NA,4,1,4,9,2,245,55,120,519,2979,27,21,16,149,156,NA,NA,NA,94,6,26,4,1632,NA,"10/24/24 18:15",20,23,30,10,23,24,23,28,25,22,NA,26,28,30,16,38,27,26,31,31,28,41,NA,NA,NA,NA,5,4,4,13,16,5,10,NA
"87",1499,NA,1215,"SONA","interview","10/24/24 18:07",1,0,21,21,1,1,1.2,-1,"",5,6,7,2,3,1,6,7,7,7,4,3,7,7,1,7,7,4,3,1,1,6,5,5,5,7,6,7,7,7,7,1,6,1,6,4,7,1,2,2,3,6,6,6,7,1,5,5,7,4,6,6,2,1,1,NA,NA,NA,NA,NA,NA,NA,NA,NA,NA,NA,NA,NA,NA,NA,NA,NA,NA,NA,5,5,5,4,5,5,4,5,1,5,2,1,3,9,4,5,6,7,10,8,4,5,5,5,5,5,1,1,1,2,5,1,3,4,2,7,8,9,10,6,1,2,2,2,2,1,2,1,1,1,2,1,2,2,2,2,1,2,2,1,1,2,1,2,1,1,2,2,2,2,2,2,1,1,2,2,2,2,1,2,1,2,2,2,2,2,2,1,2,2,1,2,2,1,2,2,1,2,2,2,2,2,2,1,2,2,2,1,1,1,1,1,1,1,2,2,1,2,1,1,1,4,1,5,2,4,4,5,1,3,4,4,1,5,4,5,5,4,1,5,4,3,5,1,4,4,4,1,5,3,5,3,5,5,3,5,5,2,5,5,5,2,5,3,5,7,9,7,8,6,6,6,7,5,5,6,6,7,7,8,7,6,4,6,7,7,7,7,4,5,3,-9,-9,7,7,4,4,6,7,7,7,5,-9,75,2,2,1,1,1,1,2,1,1,"",1,1,18,NA,"2018",1,1,1,2,1,1,1,1,1,1,2,1,1,2,1,1,2,1,1,2,1,1,1,1,1,1,1,1,2,1,1,1,1,1,5,3,4,4,4,7,6,5,5,1,1,1,1,2,1,1,1,1,1,1,1,2,1,1,1,1,1,1,1,1,2,1,1,5,6,4,1,1,2,1,1,1,1,1,1,1,1,1,1,1,1,1,2,"Agnostic",1,2,1,1,1,1,1,1,1,1,1,"5'3","140",1,2,1,1,2,1,1,2,1,1,2,1,1,2,1,1,2,1,2,1,1,1,2,1,1,2,1,2,1,1,2,1,1,1,2,1,2,1,1,1,2,1,2,1,1,1,2,1,1,2,1,2,1,1,2,1,1,2,1,1,2,1,1,1,2,1,1,2,1,2,1,1,2,1,1,2,1,1,1,2,1,1,2,1,2,1,1,49,0,0,1,1,1,0,0,0,0,0,0,1,1,0,0,0,0,1,0,1,0,0,0,1,1,0,0,0,1,0,1,0,1,1,1,0,1,0,1,1,1,1,0,0,1,1,0,0,0,0,0,0,0,1,0,0,1,0,1,1,1,0,1,1,1,0,0,0,0,0,1,0,1,0,1,0,0,0,1,0,0,"",5,NA,NA,NA,NA,NA,NA,NA,NA,NA,NA,NA,NA,NA,NA,NA,NA,NA,NA,NA,NA,NA,NA,NA,NA,NA,NA,NA,NA,NA,NA,NA,NA,NA,NA,NA,NA,NA,NA,NA,NA,NA,NA,NA,NA,NA,NA,NA,NA,NA,NA,NA,NA,NA,NA,NA,NA,NA,NA,NA,NA,NA,NA,NA,NA,NA,NA,NA,NA,NA,NA,NA,NA,7,6,6,7,7,7,7,7,1,5,1,4,5,1,6,5,7,5,2,6,7,7,1,1,1,5,5,6,6,6,6,1,6,5,7,5,1,5,5,5,5,4,1,5,5,5,7,7,3,6,7,7,2,2,3,4,5,4,6,1,11,9,8,186,164,124,431,148,64,63,NA,NA,NA,165,44,79,138,23,228,4,1889,NA,"10/24/24 18:39",21,36,33,40,16,42,37,NA,NA,38,NA,30,43,43,16,41,NA,NA,NA,NA,NA,NA,47,45,39,106,5,5,6,12,16,7,12,NA
"88",1500,NA,1170,"SONA","interview","10/24/24 18:08",1,0,21,21,0,0,0.78,-1,"",3,1,1,7,7,7,7,5,5,4,3,3,4,4,4,5,6,4,5,3,3,3,2,4,7,4,3,4,6,6,6,3,5,5,5,5,5,5,3,5,4,4,3,5,7,2,6,6,6,6,6,5,3,3,2,7,7,2,6,7,6,5,6,6,4,1,2,1,NA,NA,NA,NA,NA,NA,5,5,4,3,4,3,1,5,1,3,2,6,4,8,3,7,10,1,9,5,5,5,4,3,5,5,2,2,1,4,6,5,3,4,1,7,8,10,9,2,1,2,2,1,1,1,1,1,1,1,1,1,1,2,2,2,1,2,2,2,1,2,1,2,1,1,1,2,1,2,2,2,2,1,2,1,2,2,1,2,1,1,2,2,2,2,1,1,1,2,1,2,2,1,2,2,1,2,2,2,1,1,1,1,2,1,2,1,1,1,1,1,1,1,2,2,1,1,1,1,1,5,3,4,1,3,2,4,3,2,4,4,2,4,4,3,3,4,2,4,4,2,4,3,2,3,3,4,3,4,3,4,4,4,2,4,3,4,4,4,3,2,4,4,2,6,6,5,5,5,4,2,6,5,5,6,6,8,8,7,7,5,5,5,5,3,4,5,5,5,3,1,7,7,7,4,2,2,6,6,6,4,1,76,1,2,1,1,1,1,2,1,1,"",1,1,18,NA,"11",1,1,1,2,1,1,1,1,1,1,2,1,1,1,1,1,1,1,2,1,1,1,1,1,1,1,1,2,1,1,1,1,1,1,3,2,2,5,3,4,3,3,3,1,1,2,1,1,1,1,1,1,1,2,1,1,1,1,1,1,1,1,2,1,1,1,1,6,6,5,1,2,1,1,1,1,1,1,1,2,1,1,1,1,1,1,1,"",1,1,2,1,1,1,1,1,1,1,1,"5'7","130",1,2,1,2,1,1,1,2,1,2,1,1,1,2,1,2,1,1,2,1,1,2,1,1,2,1,1,2,1,1,2,1,1,1,2,1,2,1,1,2,1,1,2,1,1,1,2,1,1,2,1,2,1,1,2,1,1,1,2,1,2,1,1,1,2,1,2,1,1,1,2,1,2,1,1,1,2,1,1,2,1,2,1,1,1,2,1,35,0,0,1,1,0,0,0,0,0,0,0,0,1,0,1,1,0,1,0,0,0,0,0,1,0,0,1,0,1,0,1,1,1,1,1,0,0,0,0,0,0,0,0,0,1,1,1,0,0,0,0,0,0,1,1,1,1,0,0,0,1,0,0,1,1,0,0,1,0,1,0,0,0,0,0,0,0,0,0,0,0,"0",3,2,4,2,2,2,2,5,2,2,5,5,5,5,2,3,5,2,5,3,4,2,6,5,1,1,2,1,2,5,6,7,5,4,5,6,7,7,7,2,7,6,3,6,7,5,2,2,3,3,3,6,5,4,4,4,5,4,4,6,4,4,3,3,3,3,3,3,5,4,4,6,3,NA,NA,NA,NA,NA,NA,NA,NA,NA,NA,NA,NA,NA,NA,NA,NA,NA,NA,NA,NA,NA,NA,NA,NA,NA,NA,NA,NA,NA,NA,NA,NA,NA,NA,NA,NA,NA,NA,NA,NA,NA,NA,NA,NA,NA,NA,NA,NA,NA,NA,NA,NA,NA,NA,NA,NA,NA,NA,5,1,15,15,5,838,80,82,525,202,105,121,451,221,216,NA,NA,NA,262,39,280,11,3120,NA,"10/24/24 19:06",20,33,19,30,26,26,12,40,35,23,NA,28,31,31,17,31,28,37,21,23,23,40,NA,NA,NA,NA,3,3,4,10,10,4,13,NA
"89",1501,NA,1217,"SONA","interview","10/24/24 23:26",1,0,21,21,0,0,0.65,-1,"",3,1,1,7,7,7,1,2,3,2,4,4,4,4,6,7,7,2,4,3,4,4,5,6,3,5,6,4,7,7,7,1,7,4,4,4,7,7,2,4,2,6,6,5,5,2,6,5,5,2,3,2,6,6,6,7,7,1,7,7,7,6,7,6,7,1,1,1,NA,NA,NA,NA,NA,NA,4,2,4,3,5,2,1,5,5,5,6,8,4,7,5,9,10,1,3,2,4,3,5,3,5,1,2,2,1,5,4,9,1,6,3,5,7,8,10,2,2,2,2,1,1,1,1,1,1,1,1,1,2,2,2,1,1,2,1,2,1,1,1,1,1,1,1,1,1,1,1,1,1,1,2,1,2,2,1,2,1,1,2,2,1,2,1,2,2,2,1,2,2,1,2,2,1,1,1,2,2,2,1,1,2,1,2,1,1,1,1,1,1,1,1,2,1,1,1,1,1,5,3,1,3,2,4,5,4,1,4,3,2,4,4,5,3,5,5,5,5,4,5,5,2,3,3,3,2,4,5,4,5,3,2,4,3,4,3,4,4,4,4,5,4,9,5,7,5,3,6,8,7,4,2,5,6,7,8,9,5,7,4,7,6,3,4,3,7,7,7,1,6,1,2,6,7,7,5,6,6,3,3,76,2,2,1,1,2,1,2,1,1,"",1,2,18,NA,"8",1,1,2,1,1,1,1,1,1,1,1,1,1,2,1,1,1,1,2,1,1,1,1,1,1,1,1,1,1,1,1,1,2,1,3,5,2,7,1,6,7,1,3,1,1,2,1,1,1,1,1,1,1,1,2,1,1,1,1,1,1,1,1,2,1,1,1,5,5,5,1,1,1,1,1,1,1,2,1,2,1,1,1,1,1,1,1,"",1,1,1,2,1,1,1,1,1,1,1,"5'4","120",1,2,1,2,1,1,1,2,1,1,2,1,1,2,1,1,2,1,2,1,1,1,2,1,2,1,1,2,1,1,2,1,1,2,1,1,2,1,1,1,2,1,1,2,1,1,2,1,1,2,1,2,1,1,2,1,1,2,1,1,2,1,1,1,2,1,1,2,1,1,2,1,2,1,1,2,1,1,1,2,1,1,2,1,2,1,1,28,0,0,1,0,0,0,0,0,0,0,0,1,0,0,0,0,0,0,0,0,0,0,0,0,1,0,0,0,1,0,0,1,1,1,0,1,0,1,1,0,0,1,0,0,0,0,1,0,0,0,0,0,0,1,0,0,1,0,1,0,1,0,0,1,1,0,0,0,1,0,1,0,0,0,0,0,0,0,1,0,0,"0",3,NA,NA,NA,NA,NA,NA,NA,NA,NA,NA,NA,NA,NA,NA,NA,NA,NA,NA,NA,NA,NA,NA,NA,NA,NA,NA,NA,NA,NA,NA,NA,NA,NA,NA,NA,NA,NA,NA,NA,NA,NA,NA,NA,NA,NA,NA,NA,NA,NA,NA,NA,NA,NA,NA,NA,NA,NA,NA,NA,NA,NA,NA,NA,NA,NA,NA,NA,NA,NA,NA,NA,NA,7,7,7,7,7,7,7,7,1,3,1,4,7,7,7,2,6,1,5,5,1,6,5,1,1,7,7,5,6,7,5,3,6,6,7,5,1,5,5,5,5,3,3,4,5,5,4,4,4,4,4,6,4,4,2,4,4,3,6,1,10,19,7,633,227,315,558,231,86,133,NA,NA,NA,195,99,111,222,60,380,18,3095,NA,"10/25/24 0:21",20,13,31,39,23,17,6,42,41,30,NA,23,36,18,21,36,NA,NA,NA,NA,NA,NA,53,41,40,107,3,4,5,10,11,6,14,NA
"90",1505,NA,1223,"SONA","interview","10/29/24 17:16",1,0,21,21,0,0,1.34,-1,"",2,1,1,1,7,7,1,2,5,5,2,5,4,5,6,6,6,5,5,5,5,5,6,6,5,5,5,5,3,3,5,5,5,5,5,6,6,2,2,2,2,6,6,6,6,7,6,6,6,6,6,5,5,5,5,7,7,1,3,1,1,2,1,1,1,1,1,1,NA,NA,NA,NA,NA,NA,4,3,5,4,4,4,1,5,5,5,4,5,2,8,7,6,10,1,9,3,4,5,5,5,5,5,4,4,1,5,5,9,2,3,4,6,7,8,10,1,1,2,2,1,1,1,1,1,1,1,2,1,1,2,2,2,1,2,1,1,1,1,1,2,1,1,2,2,2,1,1,2,1,1,2,1,2,2,1,2,2,2,1,1,1,1,1,1,1,2,1,2,2,1,2,1,1,2,1,1,1,2,2,1,2,1,2,2,1,1,1,1,1,1,1,2,1,1,1,1,1,5,4,5,1,4,4,4,4,2,4,4,2,5,4,2,4,4,2,4,2,2,4,4,2,2,2,2,4,4,4,2,4,4,3,4,4,4,4,4,2,2,4,4,2,9,9,8,8,7,7,8,7,6,5,5,9,9,6,2,1,5,3,7,6,5,5,7,7,6,5,-9,7,7,7,6,5,3,5,5,5,6,6,77,2,2,1,1,1,1,2,1,1,"",1,1,18,NA,"",1,1,1,2,1,1,1,1,1,1,1,1,1,2,1,1,1,1,1,2,1,1,1,1,1,1,1,1,1,2,1,1,1,1,7,7,7,1,7,7,7,7,7,1,2,1,1,1,1,1,1,1,2,1,1,1,1,1,1,1,2,1,1,1,1,1,1,4,4,4,2,1,1,1,1,1,1,1,1,1,1,1,1,1,1,1,2,"christian",1,1,1,1,1,1,2,1,1,1,1,"5'1""","120",2,1,1,2,1,1,1,2,1,2,1,1,1,2,1,2,1,1,2,1,1,1,2,1,2,1,1,2,1,1,2,1,1,2,1,1,2,1,1,2,1,1,2,1,1,2,1,1,2,1,1,2,1,1,2,1,1,2,1,1,2,1,1,2,1,1,2,1,1,2,1,1,2,1,1,2,1,1,2,1,1,2,1,1,2,1,1,29,0,0,1,1,0,0,0,0,0,0,1,1,1,0,0,0,0,0,0,1,0,0,1,1,1,1,0,0,1,0,0,0,0,0,0,0,1,0,0,0,1,1,0,0,0,0,1,1,0,0,0,0,0,1,0,0,1,0,0,1,1,0,1,1,0,0,0,0,1,0,0,0,0,1,0,0,0,0,1,0,0,"0",5,NA,NA,NA,NA,NA,NA,NA,NA,NA,NA,NA,NA,NA,NA,NA,NA,NA,NA,NA,NA,NA,NA,NA,NA,NA,NA,NA,NA,NA,NA,NA,NA,NA,NA,NA,NA,NA,NA,NA,NA,NA,NA,NA,NA,NA,NA,NA,NA,NA,NA,NA,NA,NA,NA,NA,NA,NA,NA,NA,NA,NA,NA,NA,NA,NA,NA,NA,NA,NA,NA,NA,NA,1,1,1,2,3,2,1,1,7,1,7,2,1,1,1,2,1,1,1,7,1,7,1,1,1,7,7,7,7,7,7,1,7,7,7,7,2,4,3,4,4,2,4,4,4,4,6,3,3,4,3,4,3,2,6,3,4,5,6,1,4,466,3,200,56,57,537,92,47,216,NA,NA,NA,1130,214,81,117,11,338,3,1977,NA,"10/29/24 18:16",25,26,31,27,31,23,12,42,8,36,NA,29,32,32,17,28,NA,NA,NA,NA,NA,NA,46,35,18,24,2,2,2,10,28,7,14,NA
"92",1507,NA,910,"SONA","interview","10/29/24 21:12",1,0,21,21,0,0,0.96,-1,"",5,6,7,3,2,2,7,6,4,3,2,2,6,6,3,7,6,2,1,1,1,7,6,6,4,5,6,5,6,7,7,2,6,2,5,2,6,5,3,4,2,6,5,6,6,2,5,6,6,6,3,3,3,5,5,NA,NA,NA,NA,NA,NA,NA,NA,NA,NA,NA,NA,NA,NA,NA,NA,NA,NA,NA,4,2,5,5,5,3,5,5,4,4,9,10,3,7,4,8,1,2,6,5,5,5,5,5,5,5,1,1,1,2,6,3,2,4,1,5,8,9,10,7,1,2,2,1,2,1,1,2,1,2,1,1,1,2,2,2,2,2,1,2,1,1,1,2,1,1,1,2,2,1,1,2,2,2,2,2,2,2,1,2,2,2,1,2,2,2,2,2,2,2,1,2,2,1,1,2,1,1,1,1,2,2,2,1,2,2,2,1,1,1,1,1,1,1,2,2,1,1,1,2,1,4,1,4,5,4,2,5,2,1,4,4,1,4,5,4,4,5,4,5,5,4,5,5,5,4,2,2,4,4,4,2,5,4,4,3,5,2,5,4,4,5,5,5,2,9,6,7,7,5,6,4,6,6,6,7,5,5,6,8,8,5,7,5,7,7,5,6,3,7,4,1,1,7,6,7,6,5,7,6,6,5,2,78,2,1,1,1,1,1,2,1,1,"",1,1,19,NA,"10",1,1,1,2,1,1,1,1,1,1,1,1,1,2,1,1,1,1,1,2,1,1,1,1,1,1,1,1,1,1,1,1,2,1,5,2,3,2,6,5,6,3,5,1,1,1,1,2,1,1,1,1,1,2,1,1,1,1,1,1,1,2,1,1,1,1,1,5,5,5,1,1,1,1,1,1,2,1,1,2,1,1,1,1,1,1,1,"",1,2,1,1,1,1,1,1,1,1,1,"6'3""","205",1,2,1,2,1,1,1,2,1,2,1,1,2,1,1,1,2,1,2,1,1,1,2,1,2,1,1,2,1,1,2,1,1,2,1,1,2,1,1,1,2,1,1,2,1,1,2,1,2,1,1,2,1,1,2,1,1,1,2,1,2,1,1,1,2,1,2,1,1,1,2,1,2,1,1,1,2,1,1,2,1,1,2,1,2,1,1,43,0,0,0,0,0,0,0,0,0,0,0,1,1,0,0,1,0,0,0,1,0,0,0,0,1,0,0,1,0,0,1,1,0,0,1,1,1,1,1,0,1,1,1,0,0,0,1,0,0,0,0,0,0,1,0,0,1,0,1,1,0,0,1,0,1,1,0,0,1,1,0,0,0,0,0,0,0,1,0,0,0,"0",3,NA,NA,NA,NA,NA,NA,NA,NA,NA,NA,NA,NA,NA,NA,NA,NA,NA,NA,NA,NA,NA,NA,NA,NA,NA,NA,NA,NA,NA,NA,NA,NA,NA,NA,NA,NA,NA,NA,NA,NA,NA,NA,NA,NA,NA,NA,NA,NA,NA,NA,NA,NA,NA,NA,NA,NA,NA,NA,NA,NA,NA,NA,NA,NA,NA,NA,NA,NA,NA,NA,NA,NA,5,5,5,6,7,6,4,6,5,2,5,4,3,5,3,3,6,3,3,7,3,7,1,1,1,7,7,6,7,7,6,1,6,6,7,4,2,4,2,2,4,4,2,4,4,4,3,5,5,4,5,5,3,3,5,3,5,4,6,1,6,9,8,257,79,80,381,213,88,125,NA,NA,NA,194,92,308,182,39,446,6,2296,NA,"10/29/24 21:53",21,23,35,36,12,30,37,NA,NA,29,NA,29,43,29,21,35,NA,NA,NA,NA,NA,NA,46,38,29,79,5,3,3,13,16,5,14,NA
"93",1509,NA,1234,"SONA","interview","11/5/24 22:45",1,0,21,21,0,0,0.65,-1,"",3,1,1,7,7,7,1,7,7,7,5,4,5,5,5,7,7,4,5,5,6,6,7,6,5,7,6,7,5,5,6,3,4,7,7,5,7,1,1,1,1,7,7,7,7,4,6,7,7,7,7,5,2,3,4,7,7,1,5,1,1,1,1,5,1,1,1,1,NA,NA,NA,NA,NA,NA,5,5,4,3,4,5,1,5,1,5,5,8,7,3,4,1,9,2,10,6,1,1,3,5,5,1,1,1,1,3,6,7,4,1,2,5,9,8,10,3,1,2,2,1,1,1,2,1,1,1,1,1,2,2,2,2,2,2,1,2,1,1,1,1,1,1,2,1,2,2,1,2,1,1,2,2,2,2,1,2,2,1,2,1,1,2,2,2,2,2,1,2,1,1,2,2,1,1,1,1,2,2,1,1,2,1,2,1,1,1,1,1,1,1,1,2,1,1,1,1,1,5,1,4,1,3,3,5,4,3,5,4,1,5,1,4,4,5,4,5,5,1,1,4,5,3,5,1,4,4,5,5,5,4,4,5,4,4,5,4,5,1,5,4,1,9,6,6,6,3,3,9,6,6,6,6,6,9,9,4,1,2,2,7,7,7,7,5,7,7,1,1,7,1,7,7,7,7,5,7,7,5,3,79,2,2,1,1,1,1,2,1,1,"",1,1,20,NA,"16",1,1,2,1,1,1,1,1,1,1,1,1,2,2,1,1,2,1,1,2,1,1,1,1,1,1,1,1,1,1,1,1,2,1,3,1,1,5,3,1,5,1,7,1,1,1,2,1,1,1,1,1,1,1,1,1,1,2,1,1,1,1,2,1,1,1,1,2,2,2,2,1,1,1,1,1,1,1,1,1,2,1,1,1,1,1,1,"",1,1,1,1,2,1,1,1,1,1,1,"5'4","120",1,2,1,1,2,1,2,1,1,2,1,1,1,2,1,2,1,1,2,1,1,1,2,1,1,2,1,1,2,1,2,1,1,2,1,1,1,2,1,1,2,1,1,2,1,1,2,1,1,2,1,2,1,1,2,1,1,2,1,1,2,1,1,1,2,1,1,2,1,2,1,1,2,1,1,1,2,1,1,2,1,2,1,1,1,2,1,34,0,0,0,0,0,0,0,1,0,0,0,1,1,0,0,1,0,0,0,1,0,0,1,0,1,1,0,0,0,0,1,0,0,1,0,0,1,0,1,0,1,1,1,0,0,0,1,0,0,0,0,0,0,1,1,0,1,0,1,1,0,0,0,1,1,0,0,0,1,0,1,0,0,0,0,0,0,0,0,0,0,"0",2,NA,NA,NA,NA,NA,NA,NA,NA,NA,NA,NA,NA,NA,NA,NA,NA,NA,NA,NA,NA,NA,NA,NA,NA,NA,NA,NA,NA,NA,NA,NA,NA,NA,NA,NA,NA,NA,NA,NA,NA,NA,NA,NA,NA,NA,NA,NA,NA,NA,NA,NA,NA,NA,NA,NA,NA,NA,NA,NA,NA,NA,NA,NA,NA,NA,NA,NA,NA,NA,NA,NA,NA,1,2,1,3,1,3,2,1,7,1,7,1,1,1,1,1,7,1,1,7,4,7,1,1,1,7,7,7,7,7,7,4,5,3,7,7,4,1,1,5,5,4,5,4,4,4,3,1,7,1,1,7,1,1,1,7,7,3,4,1,94,56,9,452,185,118,659,181,106,93,NA,NA,NA,192,77,165,262,34,339,41,2929,NA,"11/5/24 23:36",22,34,36,34,35,34,6,42,14,42,NA,31,38,30,11,37,NA,NA,NA,NA,NA,NA,72,35,30,30,4,7,4,15,8,1,12,NA
"94",1512,NA,1169,"SONA","interview","11/7/24 18:15",1,0,21,21,0,0,0.87,-1,"",2,1,1,7,7,7,1,6,5,7,5,6,5,5,5,7,6,2,5,3,3,2,5,5,5,5,3,5,6,5,5,3,6,5,6,5,7,2,1,2,2,6,6,3,4,4,5,4,4,4,5,3,6,6,5,7,7,2,5,5,5,6,5,5,4,1,1,1,NA,NA,NA,NA,NA,NA,4,4,4,3,4,4,1,5,4,5,5,7,3,9,6,8,10,2,4,1,4,3,5,4,5,3,1,1,2,5,3,5,2,7,4,6,9,10,8,1,2,2,2,1,2,1,2,1,1,2,1,1,1,2,2,1,2,2,2,2,1,1,1,2,1,1,2,2,2,2,1,1,1,1,2,1,2,2,1,2,1,2,2,2,2,2,2,1,2,2,1,2,2,1,2,2,1,2,1,2,1,2,2,1,2,1,2,1,1,1,1,1,1,1,2,2,1,1,1,1,1,4,4,5,2,3,5,5,2,1,3,3,1,5,3,5,4,5,4,5,3,4,5,4,2,3,3,1,4,3,4,5,5,4,3,5,2,4,4,5,4,2,5,4,4,8,5,7,4,3,3,7,7,5,4,4,6,7,7,8,5,6,3,5,4,3,5,6,6,2,5,1,7,1,7,5,4,5,6,6,7,3,5,80,2,2,1,1,1,1,2,1,1,"",1,1,18,NA,"15",1,1,1,2,1,1,1,1,1,1,2,1,1,1,1,1,1,1,1,1,2,1,1,1,1,1,1,1,1,1,1,1,2,1,5,3,4,4,4,5,5,5,6,1,1,1,1,2,1,1,1,1,1,2,1,1,1,1,1,1,1,1,1,2,1,1,1,2,4,3,2,1,1,1,1,1,1,1,1,2,1,1,1,1,1,1,1,"",1,1,1,1,1,2,1,1,1,1,1,"5'2","155",1,2,1,2,1,1,1,2,1,2,1,1,1,2,1,2,1,1,2,1,1,2,1,1,2,1,1,2,1,1,2,1,1,1,2,1,1,2,1,1,2,1,1,2,1,1,2,1,1,2,1,2,1,1,2,1,1,2,1,1,2,1,1,2,1,1,1,2,1,1,2,1,1,2,1,1,2,1,1,2,1,2,1,1,1,2,1,41,0,0,1,1,0,0,0,1,0,0,0,1,0,0,0,0,0,0,0,0,0,0,1,0,1,0,0,0,0,0,0,0,1,1,1,1,1,0,1,1,1,1,1,0,0,0,1,0,0,0,0,0,0,1,0,0,1,0,0,1,1,0,1,1,0,0,0,0,1,1,0,0,0,0,1,0,0,0,1,0,1,"0",3,NA,NA,NA,NA,NA,NA,NA,NA,NA,NA,NA,NA,NA,NA,NA,NA,NA,NA,NA,NA,NA,NA,NA,NA,NA,NA,NA,NA,NA,NA,NA,NA,NA,NA,NA,NA,NA,NA,NA,NA,NA,NA,NA,NA,NA,NA,NA,NA,NA,NA,NA,NA,NA,NA,NA,NA,NA,NA,NA,NA,NA,NA,NA,NA,NA,NA,NA,NA,NA,NA,NA,NA,5,5,3,5,6,6,4,5,3,2,2,6,5,5,5,3,5,2,3,7,4,6,2,1,1,6,6,7,7,7,7,2,5,5,7,6,4,4,4,5,4,3,2,4,3,4,5,4,3,4,5,4,3,3,2,5,5,4,5,1,4,10,2,652,105,85,3849,182,79,193,NA,NA,NA,197,65,113,331,28,362,24,2894,NA,"11/7/24 19:59",22,19,27,31,27,31,6,41,29,38,NA,20,39,32,19,34,NA,NA,NA,NA,NA,NA,51,35,33,83,5,3,5,11,16,5,13,NA
"95",1513,NA,1231,"SONA","interview","11/7/24 18:34",1,0,21,21,1,1,0.98,-1,"",2,1,1,1,7,6,1,5,5,5,6,6,3,3,6,6,6,3,6,5,6,3,5,5,3,3,3,5,2,5,5,2,5,5,6,5,6,2,2,3,2,5,5,5,6,3,5,5,5,6,5,6,2,2,2,7,7,1,2,1,2,2,2,2,2,2,3,1,NA,NA,NA,NA,NA,NA,3,4,3,3,3,2,1,5,1,3,3,2,4,5,6,8,10,1,9,7,4,1,4,4,4,4,1,1,1,4,6,7,1,2,3,4,9,8,10,5,1,2,1,1,1,1,2,1,1,1,1,1,2,2,2,2,1,2,2,1,1,1,1,2,1,1,1,2,2,1,1,2,1,1,1,1,1,1,1,1,2,1,2,2,2,2,2,1,2,2,1,2,2,1,1,1,1,1,1,2,1,1,2,1,1,1,2,1,1,1,1,1,1,1,1,2,1,2,1,1,1,4,1,4,2,2,4,5,4,2,4,5,1,5,4,4,4,5,2,5,5,1,5,2,2,2,4,1,4,2,4,2,5,4,2,4,4,2,2,2,4,4,5,5,4,9,5,5,4,3,1,5,8,4,4,1,3,5,2,7,8,1,1,5,5,5,6,4,5,1,1,-9,6,1,6,4,2,2,5,5,7,3,1,80,1,2,1,1,1,2,1,1,1,"",1,1,18,NA,"",1,1,1,2,1,1,1,1,1,1,1,1,1,2,1,1,1,1,2,1,1,1,1,1,1,1,2,1,1,1,1,1,1,1,2,1,1,6,2,7,6,7,7,1,1,1,2,1,1,1,1,1,1,2,1,1,1,1,1,1,1,1,2,1,1,1,1,5,5,5,1,2,1,1,1,1,1,1,1,1,1,1,1,1,1,2,1,"",1,1,1,1,1,2,1,1,1,1,1,"5'0","110",2,1,1,2,1,1,1,2,1,1,2,1,1,2,1,2,1,1,2,1,1,1,2,1,2,1,1,1,2,1,2,1,1,1,2,1,2,1,1,1,2,1,2,1,1,1,2,1,2,1,1,2,1,1,2,1,1,2,1,1,2,1,1,1,2,1,1,2,1,1,2,1,2,1,1,1,2,1,1,2,1,1,2,1,2,1,1,27,0,0,1,0,0,0,0,1,1,0,0,1,1,0,1,0,0,0,0,1,0,0,0,1,1,1,0,0,0,0,0,0,1,1,1,1,1,0,1,1,1,1,0,0,0,0,0,0,0,0,0,0,0,1,0,0,1,0,0,0,1,0,1,1,1,0,0,0,0,0,1,NA,1,0,0,0,0,0,0,0,0,"",3,1,1,1,2,1,1,5,1,1,5,5,5,5,1,1,5,1,5,3,5,2,7,7,3,1,5,2,3,7,4,6,5,6,5,6,7,7,5,7,2,4,1,2,6,1,1,4,1,4,1,2,7,3,7,4,4,4,1,6,1,3,1,6,1,3,1,2,3,3,6,1,2,NA,NA,NA,NA,NA,NA,NA,NA,NA,NA,NA,NA,NA,NA,NA,NA,NA,NA,NA,NA,NA,NA,NA,NA,NA,NA,NA,NA,NA,NA,NA,NA,NA,NA,NA,NA,NA,NA,NA,NA,NA,NA,NA,NA,NA,NA,NA,NA,NA,NA,NA,NA,NA,NA,NA,NA,NA,NA,6,1,49,11,7,313,117,106,420,176,67,84,80,177,93,NA,NA,NA,161,23,244,16,2102,NA,"11/7/24 19:10",23,35,29,24,33,23,13,39,11,33,NA,32,44,30,19,33,19,35,13,33,6,43,NA,NA,NA,NA,4,3,4,11,6,7,18,NA
"96",1514,NA,1216,"SONA","interview","11/7/24 18:36",1,0,21,21,7,7,1.58,-1,"",3,2,1,7,7,6,1,4,4,5,6,4,4,5,5,6,5,5,6,6,6,5,6,4,5,4,4,5,4,4,3,3,3,7,7,7,7,7,4,4,3,3,3,5,7,5,5,7,7,4,6,5,6,6,6,7,7,2,2,4,2,4,3,3,2,4,6,1,NA,NA,NA,NA,NA,NA,5,4,3,3,2,1,1,3,2,4,7,3,8,1,5,9,4,10,2,6,4,2,2,2,2,2,2,4,2,3,10,2,6,4,1,8,5,7,3,9,2,2,1,2,2,1,2,1,1,1,1,2,1,2,2,1,1,2,2,2,2,1,1,2,1,1,2,2,1,2,1,2,1,2,2,1,2,1,1,1,1,2,1,2,2,2,1,2,2,2,1,2,2,1,1,2,1,1,2,1,1,2,2,1,2,1,2,1,1,1,2,1,1,1,1,2,1,2,1,1,1,5,2,5,2,3,2,2,3,4,4,4,3,4,4,3,4,2,2,3,2,4,1,2,3,3,4,4,4,4,4,5,5,5,4,3,5,3,5,5,5,4,5,5,2,1,6,7,7,5,5,5,8,6,7,3,6,7,7,3,9,5,5,7,7,7,7,7,2,5,2,1,-9,3,6,4,5,3,4,4,5,4,4,81,1,2,1,1,1,2,1,1,1,"",1,1,18,NA,"15",1,1,2,1,1,1,1,1,1,1,1,2,1,1,1,1,1,1,1,2,1,1,1,1,1,1,1,1,1,1,1,1,2,1,-9,-9,-9,-9,17,-9,-9,-9,-9,1,1,2,1,1,1,1,1,1,1,2,1,1,1,1,1,1,1,1,2,1,1,1,1,7,7,7,1,2,1,1,1,1,1,1,1,1,1,2,1,1,1,1,1,"",1,1,2,1,1,1,1,1,1,1,1,"5'1","117",1,2,1,1,2,1,2,1,1,1,2,1,1,2,1,2,1,1,2,1,1,2,1,1,1,2,1,2,1,1,2,1,1,1,2,1,2,1,1,2,1,1,2,1,1,2,1,1,2,1,1,1,2,1,2,1,1,2,1,1,1,2,1,2,1,1,1,2,1,2,1,1,1,2,1,1,2,1,2,1,1,1,2,1,1,2,1,38,1,1,1,0,1,1,0,1,0,0,0,1,0,0,1,1,1,1,0,1,0,0,NA,1,0,1,0,1,1,0,1,0,0,1,1,1,0,1,1,1,1,1,1,0,1,1,1,0,0,0,0,0,0,1,1,0,0,0,0,1,1,0,1,1,1,0,0,0,0,0,NA,1,1,0,1,0,0,0,1,0,0,"0",4,1,1,1,1,1,1,1,1,1,5,5,4,4,2,2,4,2,4,4,5,7,7,-9,7,6,6,7,7,6,7,7,7,7,7,7,7,6,5,7,7,7,5,4,7,7,1,7,5,6,2,1,6,2,6,-9,-9,-9,-9,-9,-9,-9,-9,-9,-9,-9,-9,-9,-9,-9,-9,-9,-9,NA,NA,NA,NA,NA,NA,NA,NA,NA,NA,NA,NA,NA,NA,NA,NA,NA,NA,NA,NA,NA,NA,NA,NA,NA,NA,NA,NA,NA,NA,NA,NA,NA,NA,NA,NA,NA,NA,NA,NA,NA,NA,NA,NA,NA,NA,NA,NA,NA,NA,NA,NA,NA,NA,NA,NA,NA,NA,5,1,2,7,2,283,90,129,418,103,76,98,67,187,4,NA,NA,NA,135,16,118,6,1741,NA,"11/7/24 19:05",22,21,29,24,39,25,8,33,16,22,NA,29,27,35,14,31,14,33,18,28,-54,-3,NA,NA,NA,NA,3,3,4,10,-10,-9,10,NA
"97",1515,NA,1238,"SONA","interview","11/7/24 20:21",1,0,21,21,0,0,1.52,-1,"",5,6,6,2,1,1,7,5,6,7,3,2,5,2,3,5,6,4,2,5,4,2,3,5,7,7,5,4,6,3,5,3,7,4,4,6,7,4,3,5,4,6,7,2,5,6,4,7,7,5,7,3,6,5,2,NA,NA,NA,NA,NA,NA,NA,NA,NA,NA,NA,NA,NA,NA,NA,NA,NA,NA,NA,3,2,4,5,3,5,3,2,4,4,10,8,5,4,6,9,7,1,2,3,4,3,3,5,4,3,2,1,4,5,9,8,6,4,5,7,10,1,2,3,1,2,2,2,1,1,1,2,1,1,1,1,1,2,2,1,2,1,2,1,1,1,1,2,1,1,2,2,1,1,1,2,1,2,1,1,2,2,1,2,2,2,1,2,1,1,1,1,1,2,1,1,2,1,1,2,1,1,1,2,2,2,1,1,1,1,1,1,1,1,1,1,1,1,1,1,1,2,1,2,1,4,2,4,2,4,3,2,4,1,3,2,5,3,4,4,5,3,1,2,4,2,4,5,5,3,4,3,3,2,4,4,3,2,2,3,3,4,3,5,2,3,3,4,4,6,5,3,3,5,7,5,6,5,5,3,6,5,8,5,3,6,6,3,6,6,4,5,3,5,4,3,4,4,2,5,3,5,3,7,5,6,4,81,2,1,1,1,1,1,2,1,1,"",1,1,18,NA,"8",1,1,1,2,1,1,1,1,1,1,2,1,1,1,1,1,1,1,1,2,1,1,1,2,1,1,1,1,1,1,1,1,1,1,1,3,5,4,4,4,6,1,3,1,1,2,1,1,1,1,1,1,2,1,1,1,1,1,1,1,1,1,2,1,1,1,1,1,3,2,1,2,1,1,1,1,1,1,1,2,1,1,1,1,1,1,1,"",1,1,2,1,1,1,1,1,1,1,1,"5 foot 10 inches","168",2,1,1,1,2,1,1,2,1,2,1,1,1,2,1,2,1,1,1,2,1,2,1,1,1,2,1,1,2,1,2,1,1,1,2,1,2,1,1,1,2,1,2,1,1,1,2,1,2,1,1,1,2,1,2,1,1,1,2,1,2,1,1,1,2,1,1,2,1,1,2,1,2,1,1,1,2,1,2,1,1,1,2,1,2,1,1,27,0,0,0,1,1,0,1,1,0,0,1,1,0,0,0,1,0,0,0,1,0,0,1,1,0,1,0,1,0,0,1,1,1,0,0,1,1,0,0,1,1,1,1,0,1,1,0,1,0,0,0,0,0,1,1,0,1,1,0,0,0,1,1,1,0,0,0,1,1,1,0,1,0,1,1,0,0,0,1,0,0,"0",4,NA,NA,NA,NA,NA,NA,NA,NA,NA,NA,NA,NA,NA,NA,NA,NA,NA,NA,NA,NA,NA,NA,NA,NA,NA,NA,NA,NA,NA,NA,NA,NA,NA,NA,NA,NA,NA,NA,NA,NA,NA,NA,NA,NA,NA,NA,NA,NA,NA,NA,NA,NA,NA,NA,NA,NA,NA,NA,NA,NA,NA,NA,NA,NA,NA,NA,NA,NA,NA,NA,NA,NA,3,4,7,4,5,3,3,4,6,5,4,2,4,5,5,3,5,2,6,3,5,3,4,5,3,2,6,6,5,6,4,2,3,4,2,6,1,2,4,2,5,3,2,4,4,3,3,5,3,4,4,1,4,3,4,2,4,5,3,1,7,12,10,653,139,117,588,204,29,33,NA,NA,NA,59,22,23,193,27,111,6,2233,NA,"11/7/24 20:58",19,26,20,34,25,30,39,NA,NA,32,NA,27,25,25,14,34,NA,NA,NA,NA,NA,NA,38,34,71,70,3,2,4,9,13,4,12,NA
"98",1516,NA,1187,"SONA","interview","11/9/24 22:57",1,0,21,21,0,0,0.84,-1,"",5,2,5,3,6,5,3,6,6,5,2,2,2,6,6,6,5,3,6,5,6,3,3,3,6,5,5,4,5,6,5,3,6,6,6,6,5,3,3,5,5,3,3,6,6,2,6,6,6,4,4,3,5,5,5,NA,NA,NA,NA,NA,NA,NA,NA,NA,NA,NA,NA,NA,NA,NA,NA,NA,NA,NA,5,3,5,2,4,1,2,1,1,5,2,5,3,7,4,9,6,8,10,1,3,2,5,5,5,3,1,1,1,4,5,6,1,3,2,7,8,9,10,4,2,2,2,1,2,1,2,1,1,2,1,1,2,2,2,2,1,2,2,2,1,2,1,2,1,1,1,2,2,2,1,2,1,2,2,1,2,1,1,2,1,2,2,2,2,2,1,1,2,2,1,2,2,1,2,2,1,2,1,2,2,2,2,1,2,1,2,2,1,1,1,1,1,1,1,2,1,1,1,2,1,2,2,5,2,4,4,4,3,4,2,2,1,5,3,3,2,5,1,4,2,5,5,4,4,2,2,1,4,4,2,4,4,4,4,5,2,3,4,4,4,2,2,4,2,7,6,6,4,4,4,3,8,4,4,4,7,8,7,3,7,6,5,5,5,4,5,5,5,3,3,7,7,7,3,7,5,5,4,5,5,3,2,82,2,2,1,1,1,2,2,1,1,"",1,2,21,NA,"19",1,1,1,2,1,1,1,1,1,1,2,1,1,2,1,1,2,1,2,1,1,1,1,1,1,1,2,1,1,1,1,1,1,1,3,3,2,5,3,6,4,1,5,1,1,1,1,1,2,1,1,1,1,1,1,1,2,1,1,1,1,1,2,1,1,1,1,7,7,7,1,2,1,1,1,1,1,1,1,1,2,1,1,1,1,1,1,"",1,2,1,1,1,1,1,1,1,1,1,"5'6","160",2,1,1,2,1,1,1,2,1,2,1,1,2,1,1,2,1,1,2,1,1,1,2,1,2,1,1,2,1,1,1,2,1,1,2,1,2,1,1,1,2,1,2,1,1,1,2,1,2,1,1,2,1,1,2,1,1,2,1,1,2,1,1,1,2,1,1,2,1,2,1,1,2,1,1,1,2,1,1,2,1,1,2,1,2,1,1,44,0,0,1,0,0,0,0,0,0,0,0,1,0,0,1,0,0,1,0,0,0,0,0,0,0,1,0,0,1,0,0,0,0,1,0,1,0,0,1,0,0,0,1,0,1,0,1,0,0,0,0,0,0,1,0,0,0,0,0,1,1,0,1,1,1,0,0,1,0,0,1,0,0,0,0,0,0,0,1,0,0,"",4,NA,NA,NA,NA,NA,NA,NA,NA,NA,NA,NA,NA,NA,NA,NA,NA,NA,NA,NA,NA,NA,NA,NA,NA,NA,NA,NA,NA,NA,NA,NA,NA,NA,NA,NA,NA,NA,NA,NA,NA,NA,NA,NA,NA,NA,NA,NA,NA,NA,NA,NA,NA,NA,NA,NA,NA,NA,NA,NA,NA,NA,NA,NA,NA,NA,NA,NA,NA,NA,NA,NA,NA,6,6,6,6,5,6,2,2,5,2,2,2,2,2,6,3,6,1,2,6,7,3,6,4,4,4,4,6,5,6,6,4,3,3,6,5,2,4,4,4,4,2,4,4,3,4,5,5,2,2,5,5,2,3,2,5,5,3,5,1,24,7,6,498,209,168,484,313,91,89,NA,NA,NA,167,45,97,173,57,260,10,2698,NA,"11/9/24 23:42",20,20,21,32,35,27,20,NA,NA,24,NA,15,37,34,13,26,NA,NA,NA,NA,NA,NA,54,33,66,72,6,6,4,16,11,6,16,NA
"99",1526,NA,1218,"SONA","interview","11/12/24 16:14",1,0,21,21,0,0,0.77,-1,"",5,5,6,3,4,2,5,5,6,6,3,2,4,7,5,5,6,2,2,2,4,5,4,5,5,5,3,7,2,2,6,5,2,6,4,5,7,1,1,1,1,7,6,5,5,3,3,5,5,2,2,2,6,6,6,NA,NA,NA,NA,NA,NA,NA,NA,NA,NA,NA,NA,NA,NA,NA,NA,NA,NA,NA,2,2,5,4,3,4,3,3,2,5,7,6,2,4,3,5,8,9,10,1,3,2,5,4,4,4,3,2,1,5,7,6,2,4,3,5,8,9,10,1,2,2,2,1,1,1,2,1,1,1,2,1,1,2,1,2,1,2,2,1,1,2,1,2,1,1,2,2,2,2,1,2,2,2,2,1,2,2,1,2,2,2,2,2,2,1,2,2,1,1,1,2,2,1,2,2,1,2,2,1,2,1,2,1,2,2,2,2,1,2,1,1,2,1,2,2,1,2,1,1,2,4,3,5,1,4,3,5,5,5,5,4,1,5,4,5,5,5,2,4,4,3,4,2,4,3,3,1,5,2,5,2,5,5,4,4,4,2,5,2,4,5,4,4,3,9,9,7,7,7,6,7,9,8,7,8,8,7,8,7,6,6,5,5,6,7,7,6,2,5,5,4,4,5,4,6,5,7,7,7,7,5,5,83,2,1,1,1,1,2,1,1,1,"",1,1,18,NA,"18",1,1,1,2,1,1,1,1,1,1,2,1,1,2,1,1,2,1,1,2,1,1,1,1,2,1,1,1,1,1,1,1,1,1,7,2,4,2,6,7,7,7,7,1,2,1,1,1,1,1,1,1,1,1,1,1,2,1,1,1,1,1,2,1,1,1,1,7,7,7,1,2,1,1,1,1,1,1,1,1,2,1,1,1,1,1,1,"",1,2,1,1,1,1,1,1,1,1,1,"5'8","205",1,2,1,1,2,1,1,2,1,2,1,1,1,2,1,2,1,1,2,1,1,1,2,1,1,2,1,2,1,1,2,1,1,1,2,1,2,1,1,2,1,1,2,1,1,1,2,1,2,1,1,2,1,1,2,1,1,2,1,1,2,1,1,1,2,1,2,1,1,1,2,1,1,2,1,2,1,1,2,1,1,2,1,1,2,1,1,47,1,1,1,0,0,0,0,0,0,0,0,1,1,0,0,0,0,1,0,0,0,0,0,0,0,0,0,1,0,0,0,0,1,0,1,0,1,1,0,0,0,0,1,0,1,0,1,1,0,0,0,0,0,1,1,0,1,0,1,0,0,0,1,1,0,1,0,0,1,1,0,0,1,1,1,0,0,0,0,0,0,"0",5,NA,NA,NA,NA,NA,NA,NA,NA,NA,NA,NA,NA,NA,NA,NA,NA,NA,NA,NA,NA,NA,NA,NA,NA,NA,NA,NA,NA,NA,NA,NA,NA,NA,NA,NA,NA,NA,NA,NA,NA,NA,NA,NA,NA,NA,NA,NA,NA,NA,NA,NA,NA,NA,NA,NA,NA,NA,NA,NA,NA,NA,NA,NA,NA,NA,NA,NA,NA,NA,NA,NA,NA,5,3,2,2,2,6,1,3,5,1,2,2,4,3,1,1,1,1,1,7,5,7,1,1,1,5,6,6,6,6,6,5,6,6,7,7,5,2,3,5,4,4,3,3,2,1,3,7,1,6,6,5,5,2,5,4,5,4,4,1,3,7,4,369,117,1667,604,399,71,1472,NA,NA,NA,532,209,359,521,52,365,6,2689,NA,"11/12/24 18:07",24,12,29,20,23,31,31,NA,NA,41,NA,30,40,36,12,36,NA,NA,NA,NA,NA,NA,35,28,35,47,2,6,4,12,19,7,12,NA
"100",1529,NA,1229,"SONA","interview","11/12/24 22:18",1,0,21,21,0,0,0.95,-1,"",5,1,5,2,7,7,7,7,7,7,7,3,5,2,1,3,3,5,6,7,7,6,6,6,2,2,5,6,6,2,5,3,7,7,7,7,7,1,1,7,1,7,7,7,5,3,5,5,5,6,6,6,2,1,2,NA,NA,NA,NA,NA,NA,NA,NA,NA,NA,NA,NA,NA,NA,NA,NA,NA,NA,NA,5,5,4,5,4,5,4,4,5,5,5,4,7,8,6,2,9,10,3,1,4,4,4,5,2,2,1,1,3,5,8,9,5,7,6,3,1,2,4,10,2,2,2,2,2,1,1,2,1,1,1,1,1,1,2,2,2,2,1,1,2,2,2,2,1,1,1,2,2,2,1,2,1,1,2,1,2,2,1,2,2,1,2,2,1,2,2,2,2,2,1,2,1,1,2,2,1,1,1,2,1,1,2,2,2,2,2,2,1,2,1,1,1,1,1,2,1,2,1,1,1,5,2,4,4,4,4,4,4,4,4,4,1,5,4,5,5,5,5,5,5,5,5,4,1,5,5,1,4,4,5,5,5,5,5,5,5,5,5,5,5,5,5,5,5,9,9,9,9,1,1,9,1,9,9,7,9,6,5,1,7,1,3,4,5,5,5,4,5,7,7,7,7,7,7,7,7,7,7,7,7,7,7,83,1,2,1,2,1,1,1,1,1,"",1,1,28,NA,"14",1,1,1,1,1,1,1,2,1,1,1,2,1,1,1,1,1,2,1,1,1,1,1,2,1,1,1,1,1,1,1,1,1,1,7,6,2,6,2,1,1,1,1,1,2,1,1,1,1,1,1,1,1,2,1,1,1,1,1,1,1,1,1,1,2,1,1,1,1,1,1,2,1,1,1,1,1,1,1,1,1,1,1,1,2,1,1,"",1,2,1,1,1,1,1,1,1,1,1,"5'3","106",2,1,1,2,1,1,2,1,1,2,1,1,1,2,1,2,1,1,2,1,1,1,2,1,2,1,1,2,1,1,1,2,1,1,2,1,2,1,1,1,2,1,1,2,1,2,1,1,2,1,1,2,1,1,2,1,1,2,1,1,2,1,1,1,2,1,1,2,1,2,1,1,2,1,1,1,2,1,1,2,1,1,2,1,2,1,1,43,0,0,1,1,1,0,0,0,0,0,0,0,1,0,0,0,1,1,0,1,0,0,0,1,0,1,1,1,0,0,1,1,1,1,0,1,1,1,1,1,0,0,0,0,0,1,1,1,0,0,0,0,0,1,1,0,1,0,0,0,0,1,1,1,1,1,1,1,1,0,0,0,1,0,1,0,0,0,1,0,0,"0",4,1,1,1,1,3,3,1,1,1,5,5,5,5,1,5,5,1,1,1,5,5,6,6,5,4,3,6,1,6,7,7,7,7,6,6,7,7,5,7,7,7,2,1,7,5,1,7,1,7,1,5,2,7,7,7,6,2,2,7,5,2,2,6,3,5,5,5,6,6,6,4,4,NA,NA,NA,NA,NA,NA,NA,NA,NA,NA,NA,NA,NA,NA,NA,NA,NA,NA,NA,NA,NA,NA,NA,NA,NA,NA,NA,NA,NA,NA,NA,NA,NA,NA,NA,NA,NA,NA,NA,NA,NA,NA,NA,NA,NA,NA,NA,NA,NA,NA,NA,NA,NA,NA,NA,NA,NA,NA,2,1,4,10,1142,518,331,505,825,105,53,68,75,193,82,NA,NA,NA,185,33,252,22,2660,NA,"11/12/24 23:32",24,37,33,25,41,35,21,NA,NA,36,NA,28,39,29,20,40,18,33,15,39,21,53,NA,NA,NA,NA,2,3,6,7,17,1,18,NA
"101",1530,NA,1242,"SONA","interview","11/13/24 20:38",1,0,21,21,0,0,1.17,-1,"",2,1,1,7,7,7,1,7,6,5,4,2,3,5,6,7,7,2,1,2,4,7,7,7,3,7,5,6,5,3,7,1,5,7,4,4,7,1,1,1,1,7,7,7,7,1,7,7,7,3,4,6,3,2,3,7,7,1,2,1,1,5,2,5,3,1,2,1,NA,NA,NA,NA,NA,NA,5,4,5,5,5,3,1,5,4,5,4,7,5,6,3,8,10,2,9,1,2,1,2,4,3,1,1,1,1,5,2,6,4,5,3,7,9,10,8,1,1,2,2,2,1,1,2,1,1,1,2,1,2,2,2,2,1,2,1,1,1,1,1,2,1,1,2,1,2,2,1,2,1,1,2,2,2,2,1,2,1,1,2,2,2,2,1,2,1,2,1,2,2,1,2,2,1,1,1,2,1,1,2,1,2,2,2,2,1,1,1,1,1,1,2,2,1,1,1,1,1,5,2,4,1,2,4,4,3,2,4,4,2,5,4,4,4,5,2,5,4,2,5,2,4,1,1,2,2,5,5,2,5,4,3,1,5,2,5,4,4,2,5,5,1,8,6,7,6,1,4,9,6,5,7,5,6,9,9,7,4,3,3,4,5,6,6,6,4,5,6,1,7,7,7,6,5,4,7,7,7,7,7,84,1,2,1,1,1,1,2,1,1,"",1,1,18,NA,"9",1,1,2,1,1,1,1,1,1,1,2,1,1,2,1,1,2,1,1,2,1,1,1,1,1,1,1,1,2,1,1,1,1,1,2,1,1,5,3,4,4,5,6,1,1,1,1,2,1,1,1,1,1,1,1,2,1,1,1,1,2,1,1,1,1,1,1,2,2,2,2,1,1,1,1,1,1,1,1,1,1,2,1,1,1,1,1,"",1,1,1,1,1,2,1,1,1,1,1,"5'3","105",1,2,1,1,2,1,1,2,1,2,1,1,2,1,1,1,2,1,2,1,1,1,2,1,2,1,1,2,1,1,2,1,1,1,2,1,2,1,1,1,2,1,2,1,1,1,2,1,1,2,1,1,2,1,2,1,1,2,1,1,2,1,1,1,2,1,2,1,1,1,2,1,1,2,1,2,1,1,1,2,1,1,2,1,2,1,1,38,0,0,1,1,1,0,0,1,0,0,0,1,1,0,0,0,0,0,0,1,0,0,1,0,1,1,0,0,1,1,0,1,1,1,1,0,0,0,0,1,1,1,0,0,0,0,1,1,0,0,0,0,0,1,0,0,1,0,0,0,1,0,1,1,0,0,0,0,0,1,1,0,0,0,0,0,0,0,1,0,0,"0",5,1,1,1,1,1,1,5,1,1,5,5,5,5,1,1,5,1,5,1,6,7,7,7,6,4,6,7,7,7,7,7,7,7,7,5,7,5,7,7,6,7,5,6,6,1,7,6,7,1,6,6,1,1,1,1,7,1,1,3,1,2,1,3,1,1,1,3,5,4,3,1,1,NA,NA,NA,NA,NA,NA,NA,NA,NA,NA,NA,NA,NA,NA,NA,NA,NA,NA,NA,NA,NA,NA,NA,NA,NA,NA,NA,NA,NA,NA,NA,NA,NA,NA,NA,NA,NA,NA,NA,NA,NA,NA,NA,NA,NA,NA,NA,NA,NA,NA,NA,NA,NA,NA,NA,NA,NA,NA,5,1,3,11,5,815,102,95,449,187,75,70,77,158,73,NA,NA,NA,153,25,312,6,2616,NA,"11/13/24 21:22",18,29,39,32,22,28,6,41,14,42,NA,29,40,32,16,34,18,33,46,26,6,45,NA,NA,NA,NA,5,5,2,16,7,4,10,NA
"102",1531,NA,1191,"SONA","interview","11/15/24 2:41",1,0,21,21,0,0,1.89,-1,"",3,4,1,7,7,4,1,7,7,7,4,2,7,7,1,7,4,7,4,5,4,7,7,7,7,4,4,7,1,1,1,1,1,7,7,4,7,1,1,1,1,7,7,7,7,4,4,4,5,7,7,7,1,4,4,7,7,1,1,1,1,1,1,1,1,1,1,1,NA,NA,NA,NA,NA,NA,5,5,5,5,5,5,3,5,5,5,9,8,6,3,5,2,10,4,7,1,5,5,5,5,5,5,5,5,5,5,7,6,8,3,1,10,9,4,5,2,1,2,2,2,2,1,1,2,1,1,1,1,1,2,2,2,1,2,1,1,1,2,1,2,1,1,2,2,2,2,1,1,1,2,2,2,2,2,2,2,2,1,1,2,2,1,1,1,2,1,1,2,2,1,1,1,1,1,1,1,2,2,2,2,2,2,2,2,1,1,1,1,1,1,2,2,1,2,2,1,1,2,1,5,1,5,5,5,3,5,5,5,1,5,1,5,5,5,1,1,5,2,5,2,5,5,5,1,1,1,5,1,5,5,5,5,5,1,5,2,5,5,5,1,5,9,9,9,9,9,9,9,9,9,8,8,9,9,8,1,7,1,5,7,7,7,7,7,1,7,7,7,7,7,7,7,7,7,7,7,7,7,1,84,2,1,1,1,1,2,1,1,1,"",1,1,19,NA,"",1,1,1,2,1,1,1,1,1,2,2,1,1,1,1,1,2,1,2,1,1,1,1,1,1,1,1,2,1,1,1,1,1,1,4,1,1,3,5,5,4,7,7,2,1,1,1,1,1,1,1,2,1,1,1,1,1,1,1,1,1,1,1,2,1,1,1,5,5,5,1,1,1,1,1,1,2,1,1,1,1,1,1,1,1,1,2,"None",1,1,1,1,1,1,2,1,1,1,1,"5'9","160",2,1,1,1,2,1,1,2,1,2,1,1,2,1,1,1,2,1,1,2,1,1,2,1,2,1,1,2,1,1,1,2,1,2,1,1,2,1,1,1,2,1,1,2,1,1,2,1,2,1,1,2,1,1,2,1,1,1,2,1,2,1,1,1,2,1,1,2,1,1,2,1,2,1,1,2,1,1,1,2,1,2,1,1,1,2,1,40,0,0,0,0,1,1,1,0,0,0,0,0,0,0,0,0,0,1,0,1,0,0,1,1,1,0,0,1,0,0,0,0,1,1,1,0,0,0,0,0,0,0,0,0,0,0,1,0,0,0,0,0,0,1,0,0,1,0,1,1,0,0,1,1,1,1,0,0,0,1,0,0,1,1,1,0,0,0,1,1,0,"0",3,NA,NA,NA,NA,NA,NA,NA,NA,NA,NA,NA,NA,NA,NA,NA,NA,NA,NA,NA,NA,NA,NA,NA,NA,NA,NA,NA,NA,NA,NA,NA,NA,NA,NA,NA,NA,NA,NA,NA,NA,NA,NA,NA,NA,NA,NA,NA,NA,NA,NA,NA,NA,NA,NA,NA,NA,NA,NA,NA,NA,NA,NA,NA,NA,NA,NA,NA,NA,NA,NA,NA,NA,1,1,1,1,1,1,1,1,1,1,1,1,1,1,1,1,1,1,1,1,1,7,7,1,1,1,7,7,1,1,7,1,7,7,7,7,1,1,5,5,5,3,3,3,3,1,1,1,1,1,1,1,1,1,1,1,1,1,7,1,2,7,3,257,71,40,341,136,52,33,NA,NA,NA,66,27,60,139,33,59,3,1329,NA,"11/15/24 3:03",29,36,36,15,31,42,12,42,6,42,NA,32,45,38,5,42,NA,NA,NA,NA,NA,NA,48,30,48,30,1,1,5,5,11,5,9,NA
"103",1532,NA,1244,"SONA","interview","11/15/24 5:24",1,0,21,21,0,0,1.12,-1,"",2,1,1,7,1,7,7,5,4,5,6,7,7,7,7,4,5,5,4,3,5,3,5,3,5,4,5,4,2,3,4,6,5,6,6,6,7,2,2,2,2,6,6,4,5,5,2,2,2,4,5,5,2,4,6,7,7,2,5,2,2,3,4,5,3,2,3,1,NA,NA,NA,NA,NA,NA,2,2,4,2,3,4,1,5,4,5,9,10,3,7,6,5,8,2,4,1,4,1,2,5,5,4,1,1,1,4,2,10,6,5,1,4,7,9,8,3,2,2,2,1,2,1,1,1,1,1,2,1,1,2,2,1,1,2,2,1,1,1,1,2,1,1,2,2,2,1,2,1,1,1,2,1,2,2,1,2,1,2,2,2,1,2,2,2,1,2,1,2,2,1,2,2,1,2,1,1,1,1,1,1,1,1,2,2,1,1,1,1,1,1,1,1,1,1,1,1,1,4,1,4,1,3,5,4,5,3,4,3,3,5,4,3,4,4,1,1,2,5,5,1,5,3,3,2,4,2,2,5,5,5,5,5,3,1,4,3,2,2,4,5,1,9,5,5,5,1,1,7,7,5,5,2,5,5,7,5,6,5,5,5,6,6,6,6,5,7,7,1,5,6,7,4,2,3,5,2,7,4,4,85,2,2,1,1,1,2,1,1,1,"",2,2,19,NA,"3 years old",1,1,1,2,1,1,1,1,1,1,2,1,1,2,1,1,2,1,2,1,1,1,1,1,2,1,1,1,1,1,1,1,1,1,3,1,1,5,3,2,5,4,4,1,1,2,1,1,1,1,1,1,1,1,2,1,1,1,1,1,2,1,1,1,1,1,1,5,5,5,1,1,1,1,1,1,1,2,1,1,2,1,1,1,1,1,1,"",1,1,1,2,1,1,1,1,1,1,1,"5'1","110",1,2,1,1,2,1,1,2,1,1,2,1,1,2,1,2,1,1,2,1,1,1,2,1,1,2,1,1,2,1,2,1,1,1,2,1,2,1,1,2,1,1,2,1,1,2,1,1,2,1,1,2,1,1,1,2,1,1,2,1,2,1,1,1,2,1,1,2,1,1,2,1,2,1,1,2,1,1,1,2,1,1,2,1,2,1,1,32,0,0,1,1,0,0,0,0,0,0,1,1,0,0,1,0,0,0,0,0,0,0,1,0,1,0,0,0,1,0,1,1,1,1,0,0,1,1,0,0,1,1,1,0,1,0,0,1,0,0,0,0,0,1,0,0,1,0,0,0,1,0,0,0,0,0,0,0,0,0,0,0,0,1,1,0,0,0,0,0,0,"0",4,NA,NA,NA,NA,NA,NA,NA,NA,NA,NA,NA,NA,NA,NA,NA,NA,NA,NA,NA,NA,NA,NA,NA,NA,NA,NA,NA,NA,NA,NA,NA,NA,NA,NA,NA,NA,NA,NA,NA,NA,NA,NA,NA,NA,NA,NA,NA,NA,NA,NA,NA,NA,NA,NA,NA,NA,NA,NA,NA,NA,NA,NA,NA,NA,NA,NA,NA,NA,NA,NA,NA,NA,4,3,3,7,2,2,2,3,6,2,6,3,6,2,7,2,5,2,5,5,4,3,5,3,3,3,3,5,5,6,6,5,3,2,5,5,3,3,3,4,4,3,3,3,3,3,3,3,4,4,4,4,4,4,4,5,7,3,3,1,7,23,7,494,449,112,383,130,52,91,NA,NA,NA,178,15,128,144,22,164,8,2070,NA,"11/15/24 6:04",32,26,22,24,30,29,18,38,21,37,NA,20,39,34,10,25,NA,NA,NA,NA,NA,NA,53,32,70,59,3,4,2,13,8,2,15,NA
"105",1535,NA,1144,"SONA","interview","11/19/24 17:35",1,0,21,21,1,0,0.92,-1,"",2,1,1,1,1,1,1,5,6,5,3,2,4,5,6,7,6,2,3,2,1,6,7,7,4,3,4,7,6,5,6,3,4,6,4,3,7,1,1,1,1,7,7,4,4,5,2,4,4,5,6,4,2,5,5,7,7,1,1,1,1,5,1,6,1,1,1,1,NA,NA,NA,NA,NA,NA,3,2,5,4,3,2,1,5,4,5,7,6,2,4,8,9,10,1,5,3,4,1,5,3,5,1,1,1,2,4,4,8,1,5,2,6,10,9,7,3,1,2,2,2,2,1,2,1,1,2,2,1,1,2,2,2,1,2,1,2,1,1,1,2,1,1,2,1,2,2,2,2,2,1,2,1,2,2,1,2,1,1,1,2,2,2,2,2,2,2,1,2,2,1,2,2,1,2,1,2,1,1,2,1,2,2,2,2,1,1,1,1,1,1,1,2,1,1,1,2,1,5,3,5,1,4,2,4,5,5,5,5,1,5,2,3,5,5,5,2,4,2,4,3,4,4,5,1,5,3,4,2,5,3,5,3,4,2,5,1,5,3,4,5,5,8,8,7,6,5,6,9,8,8,8,6,7,7,8,1,5,3,6,5,5,6,7,7,3,7,7,-9,7,7,-9,7,4,5,6,6,6,6,7,86,2,1,1,1,1,1,2,1,1,"",1,1,19,NA,"9",1,1,2,1,1,1,1,1,1,1,2,1,1,2,1,1,2,1,1,2,1,1,1,1,1,1,1,1,1,1,1,1,2,1,7,5,3,1,7,5,3,7,6,2,1,1,1,1,1,1,1,1,1,2,1,1,1,1,1,1,1,1,2,1,1,1,1,2,2,1,2,1,1,1,1,1,1,1,1,2,1,1,1,1,1,1,1,"",1,1,1,1,2,1,1,1,1,1,1,"6'0""","165lbs",1,2,1,1,2,1,1,2,1,2,1,1,2,1,1,1,2,1,2,1,1,1,2,1,2,1,1,2,1,1,2,1,1,2,1,1,2,1,1,1,2,1,2,1,1,1,2,1,1,2,1,1,2,1,2,1,1,2,1,1,2,1,1,1,2,1,1,2,1,1,2,1,2,1,1,2,1,1,1,2,1,2,1,1,2,1,1,43,0,0,1,0,0,0,0,1,0,0,1,0,1,0,0,0,0,0,0,1,0,0,1,0,1,0,0,0,0,0,0,1,0,0,1,1,1,1,1,1,1,1,0,0,1,0,1,1,0,0,0,0,0,1,0,0,1,0,0,0,1,0,1,1,1,0,0,0,1,0,0,0,0,0,0,0,0,0,0,0,1,"0",3,NA,NA,NA,NA,NA,NA,NA,NA,NA,NA,NA,NA,NA,NA,NA,NA,NA,NA,NA,NA,NA,NA,NA,NA,NA,NA,NA,NA,NA,NA,NA,NA,NA,NA,NA,NA,NA,NA,NA,NA,NA,NA,NA,NA,NA,NA,NA,NA,NA,NA,NA,NA,NA,NA,NA,NA,NA,NA,NA,NA,NA,NA,NA,NA,NA,NA,NA,NA,NA,NA,NA,NA,2,1,1,4,1,1,1,1,7,1,6,1,1,1,1,1,1,1,1,7,2,7,1,1,1,7,7,7,7,7,7,1,7,6,7,7,3,2,4,5,3,2,1,3,3,2,6,5,4,5,2,1,6,1,5,3,4,5,4,1,7,15,14,283,129,110,427,129,76,121,NA,NA,NA,184,53,91,163,30,268,22,2122,NA,"11/19/24 18:10",27,27,38,28,19,27,24,42,11,42,NA,36,39,29,8,40,NA,NA,NA,NA,NA,NA,39,30,20,23,1,3,4,8,22,5,8,NA
"106",1536,NA,1247,"SONA","interview","11/19/24 20:13",1,0,21,21,0,0,0.78,-1,"",3,4,4,1,6,5,4,5,5,4,4,5,2,4,4,6,2,6,5,3,3,7,5,6,2,2,2,5,4,2,5,3,3,6,6,6,7,2,1,1,1,7,7,7,7,2,7,7,7,7,6,5,2,4,4,7,7,2,6,2,2,5,2,6,2,3,5,1,NA,NA,NA,NA,NA,NA,5,4,4,4,3,3,3,4,5,5,2,9,4,8,7,6,10,5,3,1,1,1,5,5,5,5,1,1,1,5,6,7,1,3,5,4,9,10,8,2,2,2,2,1,1,1,2,1,1,1,2,1,2,2,2,2,1,2,1,2,1,1,1,2,1,1,2,2,2,2,1,2,1,1,2,2,2,1,1,2,2,2,2,2,1,2,1,1,2,2,1,2,1,1,2,2,1,2,1,1,2,2,2,1,2,1,2,2,1,1,1,1,1,1,2,2,1,1,1,1,1,3,4,4,4,5,4,4,5,2,4,2,2,4,4,4,3,4,4,5,5,5,5,5,3,3,3,4,4,5,2,5,4,4,4,4,3,3,4,5,4,2,4,5,3,9,4,9,6,5,5,9,7,4,9,5,3,9,7,7,4,4,1,7,6,6,5,6,4,7,7,4,7,7,7,6,6,7,6,5,7,6,6,87,1,2,1,1,1,1,2,1,1,"",1,1,18,NA,"4",1,1,2,1,1,1,1,1,1,1,2,1,1,1,1,1,1,1,1,2,1,1,1,1,1,1,1,1,1,1,1,1,2,1,5,5,4,4,4,5,3,1,3,1,1,2,1,1,1,1,1,1,1,2,1,1,1,1,1,1,1,1,2,1,1,1,1,3,3,3,2,1,1,1,1,1,1,1,1,1,1,1,1,1,1,1,2,"Christain",1,1,1,1,1,2,1,1,1,1,1,"5'2","120",1,2,1,1,2,1,2,1,1,2,1,1,1,2,1,2,1,1,2,1,1,2,1,1,2,1,1,1,2,1,2,1,1,1,2,1,2,1,1,1,2,1,2,1,1,1,2,1,2,1,1,1,2,1,1,2,1,2,1,1,1,2,1,1,2,1,1,2,1,1,2,1,1,2,1,1,2,1,2,1,1,2,1,1,2,1,1,40,1,1,1,0,0,0,0,0,0,0,1,1,1,0,0,1,0,0,0,1,0,0,0,0,1,1,0,0,1,1,0,0,0,1,0,1,0,0,1,0,1,0,0,0,0,0,0,0,0,0,0,0,0,1,0,0,1,0,NA,1,1,0,1,1,1,0,0,0,1,1,1,0,0,1,0,0,0,0,1,0,0,"0",6,1,1,1,1,1,1,4,1,1,5,5,5,5,1,1,5,2,5,3,6,7,7,6,2,6,5,7,7,5,5,7,3,7,7,7,7,7,4,7,7,7,7,2,6,1,3,4,5,7,7,3,1,1,2,3,5,3,3,7,6,2,4,6,2,4,5,2,5,3,2,6,1,NA,NA,NA,NA,NA,NA,NA,NA,NA,NA,NA,NA,NA,NA,NA,NA,NA,NA,NA,NA,NA,NA,NA,NA,NA,NA,NA,NA,NA,NA,NA,NA,NA,NA,NA,NA,NA,NA,NA,NA,NA,NA,NA,NA,NA,NA,NA,NA,NA,NA,NA,NA,NA,NA,NA,NA,NA,NA,5,1,13,8,9,390,134,97,363,221,481,247,281,255,199,NA,NA,NA,186,22,235,15,2752,NA,"11/19/24 21:06",19,32,35,15,29,24,24,35,20,41,NA,18,32,25,20,36,17,34,42,39,26,46,NA,NA,NA,NA,3,3,4,10,18,5,11,NA
"107",1537,NA,1248,"SONA","interview","11/19/24 21:52",1,0,21,21,1,1,2.12,-1,"",3,6,6,6,6,2,2,6,6,2,2,2,6,6,2,2,2,2,2,2,2,2,6,6,6,6,6,2,2,2,2,2,2,2,2,2,2,2,2,2,6,6,6,6,6,6,6,6,6,6,6,6,6,6,6,2,6,6,6,6,2,6,2,2,6,6,6,6,NA,NA,NA,NA,NA,NA,5,5,5,5,5,5,5,5,5,5,3,1,6,7,10,4,5,9,2,8,5,1,5,1,1,1,5,1,1,5,3,7,9,1,2,6,4,5,8,10,1,1,1,1,1,1,1,1,1,1,1,1,1,1,1,1,1,1,1,1,1,1,1,1,1,1,1,1,1,1,1,1,2,2,2,2,2,2,1,1,1,1,1,1,1,1,1,1,1,1,1,1,1,1,1,1,1,1,1,1,1,1,1,1,1,1,1,1,1,1,1,1,1,1,1,1,1,1,1,1,1,2,3,3,3,5,4,3,2,3,4,3,2,2,3,4,3,2,1,2,3,4,3,2,1,2,3,4,5,5,5,5,5,4,3,2,1,2,3,5,4,3,2,1,2,6,6,6,5,5,4,3,3,4,5,4,4,3,3,4,5,6,6,4,4,3,3,3,4,4,5,4,4,3,3,3,3,3,4,4,4,4,5,87,2,1,1,1,2,1,1,1,1,"",1,1,18,NA,"",1,1,2,1,1,1,1,1,1,1,1,2,1,1,1,1,1,1,1,2,1,1,1,1,1,1,1,2,1,1,1,1,1,1,3,3,3,4,4,5,5,5,5,1,1,1,1,1,1,2,1,1,1,1,1,1,1,2,1,1,1,1,1,2,1,1,1,1,3,4,1,1,1,2,1,1,1,1,1,2,1,1,1,1,1,1,1,"",1,2,1,1,1,1,1,1,1,1,1,"6'3","210",1,2,1,1,2,1,1,2,1,2,1,1,1,2,1,2,1,1,2,1,1,1,2,1,1,2,1,1,2,1,1,2,1,2,1,1,2,1,1,1,2,1,1,2,1,1,2,1,2,1,1,1,2,1,1,2,1,2,1,1,2,1,1,1,2,1,1,2,1,1,2,1,2,1,1,2,1,1,2,1,1,2,1,1,1,2,1,6,1,1,1,1,1,1,1,1,1,1,1,1,1,1,1,1,1,1,1,1,1,1,1,1,1,1,1,1,1,1,1,1,1,1,1,1,1,1,1,NA,1,1,1,1,1,1,1,1,1,1,1,1,1,1,1,1,1,1,1,1,1,1,1,1,1,1,1,1,1,1,1,1,1,1,0,0,0,1,0,1,0,"",3,NA,NA,NA,NA,NA,NA,NA,NA,NA,NA,NA,NA,NA,NA,NA,NA,NA,NA,NA,NA,NA,NA,NA,NA,NA,NA,NA,NA,NA,NA,NA,NA,NA,NA,NA,NA,NA,NA,NA,NA,NA,NA,NA,NA,NA,NA,NA,NA,NA,NA,NA,NA,NA,NA,NA,NA,NA,NA,NA,NA,NA,NA,NA,NA,NA,NA,NA,NA,NA,NA,NA,NA,2,3,4,5,5,5,5,5,4,3,2,3,3,4,5,4,3,2,1,2,3,4,3,2,1,2,3,4,3,2,2,2,2,-9,3,3,1,1,1,1,2,3,3,3,3,3,4,5,4,5,4,4,5,4,4,3,2,1,6,1,56,15,2,280,42,47,120,63,29,35,NA,NA,NA,122,17,21,109,15,48,5,977,NA,"11/19/24 22:09",24,24,20,20,12,32,24,16,24,32,NA,17,28,35,16,36,NA,NA,NA,NA,NA,NA,45,29,87,71,7,7,5,17,13,5,12,NA
"108",1538,NA,1235,"SONA","interview","11/20/24 5:44",1,0,21,21,1,1,0.61,-1,"",5,2,4,3,5,3,2,3,2,2,4,4,4,6,3,5,3,2,4,2,4,5,3,5,5,4,2,2,6,2,3,5,6,3,5,4,5,2,3,2,5,5,6,2,4,4,5,4,4,2,2,5,2,4,6,NA,NA,NA,NA,NA,NA,NA,NA,NA,NA,NA,NA,NA,NA,NA,NA,NA,NA,NA,3,3,4,3,4,3,3,1,1,4,5,4,2,8,1,6,7,9,10,3,1,1,5,4,5,1,4,2,1,4,8,7,2,4,1,9,5,6,10,3,1,2,1,1,2,1,1,2,1,1,1,1,1,2,2,2,1,2,2,1,1,1,1,1,1,1,1,1,1,2,1,2,2,1,2,2,2,1,1,2,1,2,2,1,1,2,2,1,1,2,1,1,1,1,2,2,1,2,1,1,1,1,2,1,1,2,2,2,1,1,1,1,1,1,1,2,1,1,2,2,1,4,2,3,2,3,4,1,2,3,4,3,2,4,4,3,1,4,3,3,4,3,4,5,3,2,3,3,4,2,4,3,2,2,3,3,1,5,1,5,5,1,2,4,1,5,7,4,3,6,2,5,3,5,5,5,5,4,3,6,3,5,7,4,6,5,5,3,6,1,7,-9,-9,7,-9,5,6,2,3,4,3,1,1,88,1,1,1,1,1,1,2,1,1,"",1,1,19,NA,"7",1,1,1,2,1,1,1,1,1,1,1,1,1,2,1,1,1,1,1,2,1,1,1,1,1,1,1,1,1,1,1,1,2,1,4,2,2,6,2,5,6,1,7,2,1,1,1,1,1,1,1,1,2,1,1,1,1,1,1,1,2,1,1,1,1,1,1,3,3,3,1,1,2,1,1,1,1,1,1,1,2,1,1,1,1,1,1,"",1,2,1,1,1,1,1,1,1,1,1,"6,3","210",1,2,1,1,2,1,1,2,1,2,1,1,2,1,1,2,1,1,2,1,1,1,2,1,1,2,1,2,1,1,2,1,1,2,1,1,2,1,1,2,1,1,2,1,1,1,2,1,2,1,1,1,2,1,2,1,1,2,1,1,1,2,1,1,2,1,1,2,1,1,2,1,1,2,1,2,1,1,1,2,1,2,1,1,1,2,1,30,0,0,0,0,0,0,0,0,0,0,0,1,1,0,0,0,0,0,0,0,0,0,0,0,0,0,0,0,0,0,0,0,0,0,0,0,0,0,0,0,0,0,0,0,0,0,0,0,0,0,0,0,0,1,0,0,1,0,0,0,0,0,1,1,1,0,0,0,0,0,0,0,0,1,0,0,0,0,0,0,0,"n/a",4,2,3,2,3,3,4,3,3,2,3,4,5,3,2,1,4,2,5,3,6,2,5,7,3,5,6,1,4,7,1,5,7,2,4,6,6,1,4,3,6,5,2,1,7,6,2,2,2,4,1,3,6,4,6,4,2,3,1,6,4,4,2,4,1,3,1,6,2,2,5,-9,4,NA,NA,NA,NA,NA,NA,NA,NA,NA,NA,NA,NA,NA,NA,NA,NA,NA,NA,NA,NA,NA,NA,NA,NA,NA,NA,NA,NA,NA,NA,NA,NA,NA,NA,NA,NA,NA,NA,NA,NA,NA,NA,NA,NA,NA,NA,NA,NA,NA,NA,NA,NA,NA,NA,NA,NA,NA,NA,6,1,110,12,32,445,273,162,470,279,131,119,160,328,124,NA,NA,NA,284,40,343,26,3206,NA,"11/20/24 6:40",21,21,23,23,22,22,21,NA,NA,33,NA,20,25,24,15,34,28,31,13,31,0,34,NA,NA,NA,NA,1,2,2,9,10,5,6,NA
"109",1540,NA,1246,"SONA","interview","11/20/24 21:05",1,0,21,21,0,0,0.83,-1,"",3,2,2,6,6,3,1,5,6,6,2,2,4,4,4,5,5,5,3,4,3,4,6,6,4,3,5,6,3,3,4,3,3,5,5,5,6,5,4,3,4,5,3,5,5,3,6,6,6,5,4,3,5,6,6,7,7,2,5,2,4,7,4,7,2,2,2,1,NA,NA,NA,NA,NA,NA,2,1,4,3,3,3,1,4,1,2,6,8,3,1,7,5,9,2,10,4,2,1,4,5,5,3,5,5,1,3,7,6,1,3,2,5,4,9,10,8,1,2,2,1,2,1,2,2,1,1,1,1,1,2,2,2,1,2,2,2,1,1,1,2,1,1,2,2,2,2,2,2,2,1,2,2,1,2,1,2,2,2,2,2,2,2,2,2,2,2,1,2,2,1,2,2,1,2,2,2,2,2,2,2,2,2,2,1,1,2,1,1,1,1,2,2,1,1,1,1,1,5,3,4,2,3,2,2,4,3,4,4,4,4,4,4,4,2,3,5,3,2,5,3,2,2,5,4,3,5,2,2,4,4,2,2,5,4,3,4,4,2,4,4,2,7,8,6,7,3,6,3,8,8,6,5,8,8,8,6,4,5,5,5,3,3,4,3,2,5,1,4,6,7,3,2,2,4,5,4,5,5,2,88,2,2,1,1,1,1,2,1,1,"",1,1,20,NA,"5",1,1,1,1,2,1,1,1,1,1,2,1,1,2,1,1,2,1,1,2,1,1,1,1,1,1,1,1,1,1,1,1,2,1,2,2,1,5,3,5,3,2,4,1,1,1,1,2,1,1,1,1,1,1,1,2,1,1,1,1,1,1,2,1,1,1,1,3,3,2,2,1,1,1,1,1,1,1,1,1,1,2,1,1,1,1,1,"",1,1,1,1,1,2,1,1,1,1,1,"5'5","150",1,2,1,1,2,1,1,2,1,1,2,1,2,1,1,1,2,1,2,1,1,1,2,1,1,2,1,1,2,1,1,2,1,1,2,1,1,2,1,2,1,1,1,2,1,2,1,1,1,2,1,2,1,1,2,1,1,2,1,1,2,1,1,1,2,1,2,1,1,1,2,1,1,2,1,1,2,1,1,2,1,1,2,1,2,1,1,50,0,0,1,0,1,1,0,0,1,0,0,1,1,0,0,0,0,0,0,1,0,0,1,0,0,1,0,0,1,1,0,0,0,0,0,1,1,1,1,0,1,1,0,0,0,0,1,0,0,0,0,0,0,1,1,0,1,0,1,0,1,0,1,1,1,1,0,0,0,1,0,0,0,1,1,0,0,0,0,0,0,"",4,NA,NA,NA,NA,NA,NA,NA,NA,NA,NA,NA,NA,NA,NA,NA,NA,NA,NA,NA,NA,NA,NA,NA,NA,NA,NA,NA,NA,NA,NA,NA,NA,NA,NA,NA,NA,NA,NA,NA,NA,NA,NA,NA,NA,NA,NA,NA,NA,NA,NA,NA,NA,NA,NA,NA,NA,NA,NA,NA,NA,NA,NA,NA,NA,NA,NA,NA,NA,NA,NA,NA,NA,3,4,4,4,6,5,5,4,3,2,5,5,3,6,2,4,2,4,4,5,2,4,1,1,1,3,2,5,5,6,5,5,5,3,7,4,4,3,2,3,4,3,2,3,4,3,6,5,3,3,5,5,4,5,4,4,3,5,5,1,4,135,2,630,160,103,1006,194,52,172,NA,NA,NA,603,53,133,253,33,286,18,2717,NA,"11/20/24 22:09",19,19,31,22,25,29,14,39,24,26,NA,35,26,28,18,32,NA,NA,NA,NA,NA,NA,48,33,56,71,5,5,4,14,8,5,17,NA
"110",1541,NA,1252,"SONA","interview","11/21/24 16:12",1,0,21,21,0,0,1.22,-1,"",3,1,1,5,5,5,1,4,4,4,5,5,5,4,4,6,7,1,5,4,4,6,4,7,4,7,7,5,4,7,7,4,6,4,4,4,7,1,1,1,1,7,7,4,4,4,4,4,4,4,4,4,5,5,4,7,7,5,6,6,6,6,5,6,3,1,1,1,NA,NA,NA,NA,NA,NA,3,3,5,5,5,5,1,5,4,5,8,9,2,5,6,7,10,1,4,3,3,3,5,5,5,5,1,5,5,5,9,8,3,4,6,7,10,1,5,2,2,2,2,1,2,1,2,1,1,1,1,1,2,2,2,2,1,2,1,2,1,1,1,2,1,1,1,1,1,1,1,2,1,1,2,1,2,2,1,2,1,2,2,2,2,1,1,2,2,2,1,2,2,1,1,2,1,1,1,2,2,2,1,1,2,1,2,1,1,1,1,1,1,1,2,2,1,1,1,2,1,5,3,4,4,3,3,4,3,2,2,5,2,5,3,2,2,2,3,4,3,3,4,3,2,3,3,3,3,4,3,1,3,3,3,4,5,3,5,5,3,3,5,5,1,9,6,7,5,2,5,9,6,6,5,5,7,8,8,5,6,5,7,4,4,4,5,5,4,7,7,1,7,1,4,4,4,4,6,6,6,4,1,89,1,2,1,1,1,1,2,1,1,"",1,1,18,NA,"16",1,1,2,1,1,1,1,1,1,1,1,1,1,2,1,1,1,1,1,2,1,1,1,1,1,1,1,1,1,1,1,1,2,1,3,4,4,6,2,1,2,3,4,2,1,1,1,1,1,1,1,2,1,1,1,1,1,1,1,1,1,1,2,1,1,1,1,5,5,5,1,1,1,1,1,1,1,2,1,2,1,1,1,1,1,1,1,"",1,1,1,1,1,1,2,1,1,1,1,"5'9","131",1,2,1,1,2,1,2,1,1,2,1,1,1,2,1,1,2,1,2,1,1,1,2,1,2,1,1,1,2,1,1,2,1,2,1,1,2,1,1,2,1,1,2,1,1,1,2,1,1,2,1,2,1,1,2,1,1,1,2,1,2,1,1,1,2,1,1,2,1,1,2,1,1,2,1,2,1,1,1,2,1,1,2,1,2,1,1,35,1,1,1,1,0,1,0,0,0,0,0,1,1,0,0,1,0,0,0,1,0,0,0,0,0,0,0,0,1,0,0,0,1,1,0,1,1,1,1,1,1,1,1,0,1,0,0,0,0,0,0,0,0,1,0,0,1,0,1,0,1,0,0,0,1,0,0,0,0,1,0,0,0,0,1,0,0,0,1,0,0,"0",2,1,1,1,1,1,1,1,1,1,1,5,5,5,1,1,5,1,5,1,7,7,7,7,1,1,1,3,5,4,7,5,3,5,7,6,7,7,7,5,5,4,6,6,7,4,4,2,5,1,4,6,1,1,3,4,5,1,1,5,4,1,4,2,1,5,4,4,5,5,4,1,1,NA,NA,NA,NA,NA,NA,NA,NA,NA,NA,NA,NA,NA,NA,NA,NA,NA,NA,NA,NA,NA,NA,NA,NA,NA,NA,NA,NA,NA,NA,NA,NA,NA,NA,NA,NA,NA,NA,NA,NA,NA,NA,NA,NA,NA,NA,NA,NA,NA,NA,NA,NA,NA,NA,NA,NA,NA,NA,6,1,3,9,3,363,113,74,382,144,69,844,109,183,108,NA,NA,NA,164,18,113,8,1972,NA,"11/21/24 16:57",24,22,32,38,25,25,12,38,32,42,NA,31,31,30,19,25,10,33,35,22,15,47,NA,NA,NA,NA,1,1,4,6,13,1,10,NA
"111",1542,NA,1178,"SONA","interview","11/21/24 16:28",1,0,21,21,1,0,0.25,-1,"",2,2,2,6,6,6,2,4,3,4,3,5,1,2,6,5,2,5,3,2,5,4,6,5,3,3,5,6,3,2,6,2,2,6,6,5,6,6,2,2,1,5,5,7,7,1,5,7,7,6,5,5,2,3,5,7,7,5,5,5,4,5,5,4,4,6,5,1,NA,NA,NA,NA,NA,NA,5,5,5,3,3,1,1,5,4,5,5,4,1,7,8,9,10,3,6,2,2,2,5,5,5,4,2,5,4,4,10,7,3,1,2,8,9,6,5,4,1,2,2,2,1,1,1,1,1,1,1,1,1,2,1,1,2,2,1,1,1,1,1,2,1,1,1,1,1,2,1,1,1,2,2,2,2,2,1,2,2,2,2,2,2,2,2,1,2,1,1,2,1,1,2,2,1,1,1,2,2,2,2,1,2,1,2,1,1,1,1,1,1,1,2,1,1,2,1,1,1,4,4,5,2,4,4,5,4,2,4,2,1,4,4,4,4,4,4,4,4,4,4,4,2,3,5,4,4,5,5,4,5,5,4,4,4,2,4,4,4,4,4,5,5,6,7,8,3,5,2,5,8,5,5,5,7,9,7,5,4,8,7,5,7,7,6,5,4,2,2,-9,7,7,7,3,5,4,7,7,7,2,5,89,2,2,1,1,1,2,1,1,1,"",1,1,18,NA,"12",1,1,1,2,1,1,1,1,1,1,2,1,1,1,1,1,1,1,1,2,1,1,1,1,1,1,1,1,2,1,1,1,1,1,7,4,7,4,4,3,2,5,7,1,1,1,2,1,1,1,1,1,1,1,2,1,1,1,1,2,1,1,1,1,1,1,1,6,7,4,1,2,1,1,1,1,1,1,1,2,1,1,1,1,1,1,1,"",1,1,1,1,1,1,2,1,1,1,1,"5'7","220",1,2,1,1,2,1,1,2,1,1,2,1,1,2,1,1,2,1,2,1,1,1,2,1,1,2,1,1,2,1,2,1,1,2,1,1,1,2,1,2,1,1,2,1,1,1,2,1,1,2,1,2,1,1,2,1,1,2,1,1,1,2,1,2,1,1,2,1,1,1,2,1,2,1,1,2,1,1,1,2,1,2,1,1,2,1,1,33,0,0,1,1,0,0,0,0,0,0,0,1,0,0,0,0,0,0,0,1,0,0,0,1,0,0,0,1,1,1,1,0,1,1,1,0,1,0,1,0,1,1,0,0,0,1,1,0,0,0,0,0,0,1,1,0,1,0,1,1,1,0,1,1,0,0,NA,0,1,1,0,0,1,1,0,0,0,0,0,0,0,"0",3,NA,NA,NA,NA,NA,NA,NA,NA,NA,NA,NA,NA,NA,NA,NA,NA,NA,NA,NA,NA,NA,NA,NA,NA,NA,NA,NA,NA,NA,NA,NA,NA,NA,NA,NA,NA,NA,NA,NA,NA,NA,NA,NA,NA,NA,NA,NA,NA,NA,NA,NA,NA,NA,NA,NA,NA,NA,NA,NA,NA,NA,NA,NA,NA,NA,NA,NA,NA,NA,NA,NA,NA,5,2,2,6,6,3,2,4,7,2,2,1,2,1,1,4,3,5,5,5,5,7,2,3,4,6,6,7,7,7,7,2,5,7,5,4,5,3,3,4,3,2,4,1,2,1,7,7,7,5,3,7,2,6,2,5,6,1,5,1,39,24,23,758,190,114,34931,3433,73541,1896,NA,NA,NA,3942,93,508,12845,63,68537,68,2789,NA,"11/24/24 0:18",20,30,31,17,27,16,12,29,27,30,NA,25,35,29,18,37,NA,NA,NA,NA,NA,NA,66,22,44,56,4,4,1,15,22,3,11,NA
"112",1543,NA,1253,"SONA","interview","11/21/24 17:12",1,0,21,21,0,0,0.71,-1,"",5,3,4,5,7,5,1,4,6,5,4,2,1,4,6,2,4,6,5,4,6,4,6,6,2,1,2,1,1,1,4,7,1,1,7,7,6,1,1,1,1,7,7,2,4,4,1,2,6,1,1,1,6,6,4,NA,NA,NA,NA,NA,NA,NA,NA,NA,NA,NA,NA,NA,NA,NA,NA,NA,NA,NA,3,3,4,3,3,3,2,5,5,4,4,5,1,9,10,6,7,3,8,2,3,3,5,2,2,2,3,4,4,5,3,5,1,9,10,8,6,4,7,2,1,2,2,1,1,1,1,1,1,1,1,1,1,2,1,1,1,2,1,1,2,1,1,2,1,1,2,2,2,2,1,2,2,1,2,2,1,1,1,2,2,1,2,1,1,1,2,1,1,1,1,1,1,1,2,2,1,1,1,2,1,1,2,1,2,1,2,1,1,1,1,1,1,1,1,2,1,1,1,1,1,4,4,5,1,3,4,4,4,5,4,4,2,5,3,4,4,4,2,2,3,3,5,2,4,2,5,3,2,3,4,2,4,5,4,4,4,4,4,2,3,1,3,3,2,9,8,8,5,3,6,8,9,8,6,8,3,7,7,2,7,2,3,7,6,5,6,6,3,6,6,1,1,7,7,6,5,5,7,6,7,5,7,90,1,2,1,1,2,1,1,1,1,"",1,1,18,NA,"10",1,1,1,2,1,1,1,1,1,1,2,1,1,2,1,1,2,2,1,1,1,1,1,1,1,2,1,1,1,1,1,1,1,1,5,2,2,6,2,7,6,5,6,1,2,1,1,1,1,1,1,1,2,1,1,1,1,1,1,1,1,1,1,2,1,1,1,5,5,5,1,1,1,1,1,1,1,2,1,2,1,1,1,1,1,1,1,"",1,2,1,1,1,1,1,1,1,1,1,"5'6","155",1,2,1,1,2,1,1,2,1,1,2,1,1,2,1,1,2,1,2,1,1,1,2,1,1,2,1,1,2,1,2,1,1,1,2,1,2,1,1,1,2,1,2,1,1,1,2,1,1,2,1,2,1,1,2,1,1,2,1,1,2,1,1,1,2,1,1,2,1,1,2,1,1,2,1,1,2,1,2,1,1,2,1,1,2,1,1,25,0,0,1,0,0,0,0,0,0,0,0,1,0,0,0,0,0,0,0,0,0,0,1,1,1,0,0,0,0,1,0,0,0,0,0,1,1,0,0,0,0,0,1,0,0,0,1,0,0,0,0,0,0,1,0,0,1,0,0,0,1,0,1,1,0,0,0,0,0,0,0,0,0,1,0,0,0,0,0,0,0,"0",4,1,1,1,1,1,1,5,1,1,5,5,5,5,1,1,5,1,5,3,2,6,7,7,3,2,2,6,1,1,3,2,4,2,1,4,1,6,3,2,3,5,2,2,6,7,3,5,3,6,2,5,6,5,6,2,5,3,5,6,4,2,2,4,4,2,5,2,6,4,4,5,2,NA,NA,NA,NA,NA,NA,NA,NA,NA,NA,NA,NA,NA,NA,NA,NA,NA,NA,NA,NA,NA,NA,NA,NA,NA,NA,NA,NA,NA,NA,NA,NA,NA,NA,NA,NA,NA,NA,NA,NA,NA,NA,NA,NA,NA,NA,NA,NA,NA,NA,NA,NA,NA,NA,NA,NA,NA,NA,5,1,21,5,5,316,258,533,2167,202,121,104,103,5179,224,NA,NA,NA,214,21,331,25,2730,NA,"11/21/24 19:55",25,11,25,10,30,22,15,NA,NA,41,NA,30,31,34,9,32,18,35,15,30,25,46,NA,NA,NA,NA,2,2,5,7,11,7,12,NA
"115",1546,NA,1256,"SONA","interview","11/22/24 19:12",1,0,21,21,0,0,0.66,-1,"",2,2,2,4,6,6,2,4,4,4,5,5,4,5,5,4,3,3,4,2,4,2,4,4,4,2,5,6,5,5,4,5,3,6,4,5,7,1,1,1,1,7,7,5,5,4,4,5,5,4,6,5,3,2,3,7,7,2,7,7,6,4,7,5,7,3,2,1,NA,NA,NA,NA,NA,NA,4,4,5,2,3,4,2,5,5,5,5,7,4,8,9,6,10,2,3,1,4,1,5,5,5,4,1,1,3,4,1,8,2,3,5,6,9,10,7,4,2,2,2,2,2,1,1,1,1,1,2,1,2,2,2,2,1,2,1,1,1,1,1,2,1,1,1,2,2,2,1,1,1,1,2,2,2,2,1,2,1,2,2,2,1,1,2,1,2,2,1,2,2,1,2,2,1,2,2,2,2,2,2,1,2,1,2,2,1,1,1,1,1,1,2,2,1,1,1,2,1,4,3,4,2,4,5,5,3,1,4,3,2,4,4,5,3,5,3,5,2,4,5,4,2,3,3,3,4,5,5,5,5,5,2,3,2,1,3,4,3,2,4,4,2,9,6,8,5,3,2,9,7,7,4,4,7,7,7,9,8,8,2,7,7,6,6,4,4,6,6,-9,6,7,7,5,7,7,7,7,7,3,3,91,2,2,1,1,1,2,1,1,1,"",1,1,19,NA,"8",1,1,2,1,1,1,1,1,1,1,2,1,1,2,1,1,2,2,1,1,1,1,1,1,1,1,2,1,1,1,1,1,1,1,4,1,2,3,5,3,4,4,5,1,1,1,2,1,1,1,1,1,1,2,1,1,1,1,1,1,1,2,1,1,1,1,1,5,3,3,1,1,1,1,1,1,1,2,1,1,2,1,1,1,1,1,1,"",1,1,1,1,1,2,1,1,1,1,1,"5'0","110",1,2,1,1,2,1,1,2,1,2,1,1,1,2,1,1,2,1,2,1,1,1,2,1,2,1,1,1,2,1,2,1,1,1,2,1,2,1,1,2,1,1,2,1,1,1,2,1,2,1,1,1,2,1,2,1,1,2,1,1,1,2,1,1,2,1,2,1,1,1,2,1,2,1,1,1,2,1,1,2,1,1,2,1,2,1,1,42,0,0,1,0,1,0,0,0,0,0,1,1,1,0,0,0,0,0,0,1,0,0,0,1,1,0,0,0,1,1,0,0,1,1,1,0,1,0,1,1,1,1,1,0,1,0,1,1,0,0,0,0,0,1,0,0,1,0,1,0,1,0,1,1,0,0,0,0,1,1,1,0,0,1,1,0,0,0,1,0,0,"0",5,NA,NA,NA,NA,NA,NA,NA,NA,NA,NA,NA,NA,NA,NA,NA,NA,NA,NA,NA,NA,NA,NA,NA,NA,NA,NA,NA,NA,NA,NA,NA,NA,NA,NA,NA,NA,NA,NA,NA,NA,NA,NA,NA,NA,NA,NA,NA,NA,NA,NA,NA,NA,NA,NA,NA,NA,NA,NA,NA,NA,NA,NA,NA,NA,NA,NA,NA,NA,NA,NA,NA,NA,7,7,7,7,7,6,7,6,1,5,5,5,2,2,3,4,6,4,3,5,6,6,5,1,1,6,6,5,4,4,3,1,2,2,2,4,4,3,2,3,2,3,3,2,3,2,7,4,5,7,4,7,3,4,2,6,5,5,3,1,24,18,8,422,145,133,578,236,78,162,NA,NA,NA,225,128,126,240,33,352,48,2919,NA,"11/22/24 20:01",24,31,24,23,25,24,14,38,39,42,NA,19,39,30,20,35,NA,NA,NA,NA,NA,NA,57,27,64,95,4,3,3,12,12,3,14,NA
"116",1547,NA,1257,"SONA","interview","11/22/24 22:19",1,0,21,21,0,0,1.83,-1,"",2,2,1,1,1,6,1,4,6,6,5,3,5,3,6,6,7,6,5,5,6,3,4,5,3,1,4,6,5,5,3,6,5,7,6,6,6,1,1,3,1,6,6,7,7,2,3,6,6,7,7,6,1,1,1,6,6,1,4,6,6,6,6,6,5,1,2,1,NA,NA,NA,NA,NA,NA,4,5,3,2,2,4,1,5,4,4,9,4,8,7,5,6,10,1,3,2,5,5,4,5,5,5,1,1,1,4,7,5,4,2,1,6,9,10,8,3,2,2,2,2,2,1,2,2,1,2,2,2,1,2,2,1,2,2,2,1,1,2,1,2,1,1,2,2,2,1,1,2,1,1,2,2,2,2,1,2,2,2,1,2,2,2,1,1,1,2,1,2,2,1,1,2,1,1,2,2,2,2,2,1,2,2,2,2,1,1,1,1,1,2,2,2,1,1,1,1,1,3,3,4,2,3,3,2,3,4,4,4,3,5,4,3,3,4,2,4,3,5,4,2,2,4,2,2,5,5,4,3,4,2,3,2,4,3,4,5,2,5,5,2,2,6,6,6,6,4,5,5,7,7,7,6,5,7,4,4,6,5,5,5,5,3,6,6,4,5,3,2,5,6,4,6,3,6,2,6,5,4,3,92,1,1,1,1,1,2,1,1,1,"",1,1,20,NA,"10",1,1,2,1,1,1,1,1,1,2,1,1,1,2,1,1,2,1,1,1,2,1,1,1,1,1,1,1,1,1,1,2,1,1,7,5,4,5,3,6,5,5,6,1,1,1,1,2,1,1,1,1,1,1,2,1,1,1,1,1,1,1,1,2,1,1,1,4,4,4,2,1,1,1,1,1,1,1,1,2,1,1,1,1,1,1,1,"",1,1,1,1,2,1,1,1,1,1,1,"5'11","230",1,2,1,2,1,1,2,1,1,2,1,1,1,2,1,2,1,1,2,1,1,1,2,1,2,1,1,1,2,1,1,2,1,1,2,1,2,1,1,2,1,1,2,1,1,1,2,1,1,2,1,2,1,1,2,1,1,1,2,1,1,2,1,1,2,1,2,1,1,1,2,1,2,1,1,1,2,1,2,1,1,1,2,1,1,2,1,47,1,1,1,1,1,1,0,1,1,0,0,1,0,1,1,0,0,1,0,1,0,0,1,1,1,1,0,0,1,1,1,1,0,1,1,1,0,0,0,1,1,1,0,0,0,0,1,1,0,1,0,0,0,1,0,0,1,0,1,1,1,0,1,1,1,1,0,0,0,1,0,0,0,1,1,0,0,0,1,0,1,"0",3,4,2,4,2,5,2,5,3,2,5,3,5,3,2,4,4,5,4,3,5,3,2,2,1,-9,4,5,5,3,4,3,3,4,5,3,6,7,7,2,2,7,4,5,6,6,5,5,6,4,5,5,6,6,5,6,6,6,5,3,6,5,3,4,3,7,5,4,6,4,6,6,6,NA,NA,NA,NA,NA,NA,NA,NA,NA,NA,NA,NA,NA,NA,NA,NA,NA,NA,NA,NA,NA,NA,NA,NA,NA,NA,NA,NA,NA,NA,NA,NA,NA,NA,NA,NA,NA,NA,NA,NA,NA,NA,NA,NA,NA,NA,NA,NA,NA,NA,NA,NA,NA,NA,NA,NA,NA,NA,6,1,5,10,3,295,92,63,328,110,50,33,31,78,24,NA,NA,NA,110,12,41,24,1309,NA,"11/22/24 22:41",25,41,29,27,35,26,20,39,33,37,NA,23,32,35,16,30,34,29,27,30,28,36,NA,NA,NA,NA,5,4,5,12,19,6,14,NA
"117",1556,NA,1240,"SONA","interview","11/25/24 16:32",1,0,21,21,1,1,1.2,-1,"",5,5,6,4,4,4,5,3,5,7,4,5,5,3,4,6,7,2,5,1,5,5,6,6,5,7,7,6,6,3,4,5,5,6,7,6,6,3,3,2,2,6,6,6,6,2,5,6,6,7,7,6,2,1,5,NA,NA,NA,NA,NA,NA,NA,NA,NA,NA,NA,NA,NA,NA,NA,NA,NA,NA,NA,5,5,4,4,3,5,4,4,3,5,8,6,4,10,5,1,2,9,7,3,3,1,5,5,5,4,1,1,1,4,5,7,2,4,1,6,9,10,8,3,1,2,2,2,1,1,1,2,1,1,2,2,2,2,2,2,1,2,1,1,1,1,1,2,1,1,2,2,2,2,1,1,1,1,2,2,2,1,1,2,2,2,2,1,1,2,2,1,1,2,1,1,1,1,2,2,1,2,2,2,1,1,2,1,2,1,2,2,1,1,1,1,1,1,2,2,1,1,1,1,1,5,5,5,3,4,2,4,3,2,4,2,5,5,5,5,2,3,4,5,5,5,5,5,2,2,3,5,4,5,1,5,5,4,3,5,2,4,3,5,4,4,4,3,1,8,8,8,4,1,5,9,7,4,5,5,9,7,7,3,5,8,1,4,3,4,7,7,6,7,3,1,1,7,7,5,4,4,6,6,-9,3,5,92,2,2,1,1,2,1,1,1,1,"",1,1,18,NA,"17",1,1,2,1,1,1,1,1,1,1,2,1,1,1,1,1,1,1,1,2,1,1,1,1,1,2,1,1,1,1,1,1,1,1,6,4,5,3,5,4,4,5,7,1,1,2,1,1,1,1,1,1,1,1,1,2,1,1,1,1,2,1,1,1,1,1,1,5,5,5,1,1,1,1,1,1,1,2,1,2,1,1,1,1,1,1,1,"",1,2,1,1,1,1,1,1,1,1,1,"5'2''","240",1,2,1,1,2,1,1,2,1,1,2,1,1,2,1,1,2,1,2,1,1,1,2,1,2,1,1,2,1,1,2,1,1,2,1,1,2,1,1,2,1,1,1,2,1,1,2,1,1,2,1,2,1,1,2,1,1,2,1,1,2,1,1,1,2,1,1,2,1,1,2,1,2,1,1,2,1,1,1,2,1,1,2,1,1,2,1,37,0,0,1,1,1,0,0,0,0,0,1,1,1,0,0,0,0,0,0,1,0,0,1,1,1,0,0,0,1,1,1,0,1,0,0,1,1,0,0,1,0,0,1,0,1,1,1,1,0,0,0,0,0,1,1,0,1,0,0,0,1,0,1,1,1,0,0,0,1,1,1,1,1,1,1,0,0,0,1,0,0,"0",4,NA,NA,NA,NA,NA,NA,NA,NA,NA,NA,NA,NA,NA,NA,NA,NA,NA,NA,NA,NA,NA,NA,NA,NA,NA,NA,NA,NA,NA,NA,NA,NA,NA,NA,NA,NA,NA,NA,NA,NA,NA,NA,NA,NA,NA,NA,NA,NA,NA,NA,NA,NA,NA,NA,NA,NA,NA,NA,NA,NA,NA,NA,NA,NA,NA,NA,NA,NA,NA,NA,NA,NA,1,1,1,1,1,1,1,1,1,1,4,1,2,2,4,4,1,1,1,4,6,6,5,1,1,4,4,4,4,2,2,6,4,4,4,4,4,3,2,5,4,1,2,2,4,4,7,5,4,5,5,6,4,-9,2,2,2,5,7,1,4,5,7,348,146,68,374,132,70,75,NA,NA,NA,180,100,74,339,27,255,4,2208,NA,"11/25/24 17:09",21,36,32,35,30,27,28,NA,NA,34,NA,20,26,30,21,29,NA,NA,NA,NA,NA,NA,34,33,70,35,3,5,2,14,20,4,12,NA
"118",1557,NA,1249,"SONA","interview","11/25/24 16:53",1,0,21,21,0,0,0.91,-1,"",2,1,1,7,7,7,1,6,5,5,3,2,6,6,3,6,7,7,4,4,7,5,3,4,6,6,7,4,5,4,4,4,6,6,5,5,6,2,2,5,3,4,5,5,6,2,7,6,6,4,4,2,5,5,6,7,7,1,2,2,2,2,1,5,1,1,2,1,NA,NA,NA,NA,NA,NA,5,4,3,3,4,4,1,5,4,4,3,6,8,9,2,5,10,1,7,4,3,1,5,5,5,1,1,1,1,5,5,7,3,2,4,6,10,9,8,1,1,2,2,1,2,1,1,1,1,1,1,1,2,2,1,2,1,2,2,2,1,1,1,1,1,1,1,2,1,2,1,2,2,1,2,1,2,2,1,1,1,2,1,2,2,2,1,1,2,2,1,2,2,1,2,2,1,2,2,2,2,2,2,1,1,1,1,1,1,1,1,1,1,1,1,1,1,1,1,1,1,4,5,5,3,5,4,5,3,1,4,4,1,5,4,5,3,5,3,5,4,4,5,3,3,3,2,3,5,4,5,4,5,5,4,5,4,1,4,4,3,2,4,3,3,8,7,7,4,3,3,5,7,5,4,4,6,6,7,5,8,5,8,6,4,4,6,7,6,5,3,-9,7,7,7,5,4,5,4,4,4,4,2,93,2,2,1,1,2,1,1,1,1,"",1,1,18,NA,"16",1,1,2,1,1,1,1,1,1,1,2,1,1,2,1,1,2,1,1,2,1,1,1,1,1,1,2,1,1,1,1,1,1,1,2,1,1,6,2,5,4,3,6,1,1,1,1,1,1,2,1,1,1,1,1,1,1,2,1,1,1,1,1,1,1,2,1,6,4,6,1,2,1,1,1,1,1,1,1,1,1,1,1,1,1,1,2,"Not sure ",1,1,1,1,1,2,1,1,1,1,1,"5'9","160",1,2,1,2,1,1,1,2,1,1,2,1,1,2,1,1,2,1,2,1,1,1,2,1,1,2,1,1,2,1,2,1,1,1,2,1,2,1,1,2,1,1,1,2,1,2,1,1,2,1,1,2,1,1,2,1,1,2,1,1,2,1,1,1,2,1,1,2,1,2,1,1,2,1,1,1,2,1,2,1,1,2,1,1,2,1,1,32,0,0,1,0,0,0,0,0,0,0,0,1,0,0,0,0,0,0,0,0,0,0,0,0,0,1,0,0,1,0,0,0,0,0,0,1,0,0,1,0,1,1,0,0,0,1,0,0,0,0,0,0,0,1,0,0,1,0,1,1,1,0,1,0,0,0,0,0,0,0,1,0,0,0,1,0,0,0,0,0,0,"0",2,NA,NA,NA,NA,NA,NA,NA,NA,NA,NA,NA,NA,NA,NA,NA,NA,NA,NA,NA,NA,NA,NA,NA,NA,NA,NA,NA,NA,NA,NA,NA,NA,NA,NA,NA,NA,NA,NA,NA,NA,NA,NA,NA,NA,NA,NA,NA,NA,NA,NA,NA,NA,NA,NA,NA,NA,NA,NA,NA,NA,NA,NA,NA,NA,NA,NA,NA,NA,NA,NA,NA,NA,5,5,2,2,4,3,2,2,3,1,6,1,1,3,1,1,2,2,1,7,2,7,1,1,1,7,7,7,7,7,7,3,5,6,7,7,2,4,4,4,4,4,3,3,3,4,4,5,6,1,3,7,1,5,1,7,6,6,7,1,8,17,2,353,105,83,370,259,14024,513,NA,NA,NA,153,108,66,168,26,191,17,2112,NA,"11/25/24 21:27",18,18,24,35,31,33,6,41,13,30,NA,23,38,36,20,37,NA,NA,NA,NA,NA,NA,66,35,24,44,7,7,7,15,6,5,17,NA
"119",1558,NA,792,"SONA","interview","11/25/24 17:48",1,0,21,21,0,0,0.94,-1,"",2,1,2,6,7,6,2,3,1,1,4,4,3,1,7,7,7,7,3,1,4,1,1,1,7,1,3,4,5,2,3,2,3,4,4,4,7,3,1,2,1,6,6,7,7,1,7,7,7,6,6,6,1,5,4,7,7,2,7,7,7,7,7,7,7,1,1,1,NA,NA,NA,NA,NA,NA,5,4,4,1,4,1,2,5,5,5,3,2,6,10,8,9,7,5,1,4,5,5,4,1,4,2,2,5,5,5,4,2,5,10,7,8,9,6,1,3,2,2,2,1,2,1,2,1,1,1,2,1,2,2,2,2,1,2,2,2,1,2,1,2,1,2,2,2,2,2,1,2,1,1,2,2,2,2,1,2,2,2,2,2,2,2,2,2,2,1,1,2,2,1,2,2,2,2,1,1,2,2,2,1,2,1,2,2,1,1,1,2,1,1,2,2,1,2,1,2,1,1,4,5,5,3,5,5,3,1,3,1,1,5,4,2,3,1,2,5,2,5,3,3,2,3,4,3,3,5,2,5,5,5,3,5,1,4,4,5,3,3,3,4,3,9,8,8,8,5,6,6,6,8,4,7,9,9,9,9,9,8,5,6,6,5,5,7,7,2,6,1,6,6,2,4,4,2,5,6,6,1,4,93,1,2,1,1,2,1,1,1,1,"",1,1,20,NA,"13",1,1,1,2,1,1,1,1,1,1,2,1,1,1,1,1,1,1,2,1,1,1,1,1,2,1,1,1,1,1,1,1,1,1,4,2,3,5,3,3,2,5,5,1,1,1,1,2,1,1,1,1,1,1,2,1,1,1,1,1,1,1,2,1,1,1,1,5,5,5,1,1,1,1,1,1,2,1,1,1,1,1,1,1,1,1,2,"Christian",1,1,1,1,1,2,1,1,1,1,1,"5'5","205",1,2,1,1,2,1,1,2,1,1,2,1,2,1,1,2,1,1,2,1,1,1,2,1,1,2,1,2,1,1,1,2,1,2,1,1,2,1,1,1,2,1,2,1,1,1,2,1,2,1,1,1,2,1,2,1,1,2,1,1,1,2,1,2,1,1,2,1,1,1,2,1,2,1,1,1,2,1,1,2,1,1,2,1,2,1,1,52,1,1,1,1,0,0,0,1,0,0,1,0,1,0,1,0,0,0,0,1,0,1,0,1,0,0,0,0,1,1,1,0,1,1,1,1,0,0,0,0,1,1,1,1,1,0,1,1,1,0,0,0,0,1,0,0,1,0,1,1,0,0,1,1,0,0,0,0,1,1,1,0,1,1,1,0,0,0,1,0,0,"never married",4,4,5,4,3,4,2,-9,3,4,2,5,5,5,1,1,5,1,5,1,4,7,7,7,5,5,2,4,7,7,7,7,6,2,7,7,7,7,7,5,7,7,6,2,7,2,3,5,6,2,4,1,5,1,3,3,4,1,3,6,7,3,2,3,2,5,4,2,3,4,4,5,3,NA,NA,NA,NA,NA,NA,NA,NA,NA,NA,NA,NA,NA,NA,NA,NA,NA,NA,NA,NA,NA,NA,NA,NA,NA,NA,NA,NA,NA,NA,NA,NA,NA,NA,NA,NA,NA,NA,NA,NA,NA,NA,NA,NA,NA,NA,NA,NA,NA,NA,NA,NA,NA,NA,NA,NA,NA,NA,4,1,6,7,2,331,146,162,582,199,50,100,111,153,596,NA,NA,NA,360,25,839,15,2599,NA,"11/25/24 18:49",18,32,15,21,20,10,10,41,42,37,NA,13,29,34,23,25,22,33,33,37,23,41,NA,NA,NA,NA,5,4,4,13,12,3,12,NA
"120",1561,NA,1255,"SONA","interview","11/29/24 20:54",1,0,21,21,0,0,1.65,-1,"",2,4,4,4,3,2,4,1,6,6,6,4,5,6,4,6,6,7,7,7,5,6,6,6,4,7,5,7,7,7,7,2,6,7,7,7,7,1,1,1,1,7,7,6,6,2,6,6,6,6,7,6,2,1,1,7,7,5,2,2,2,4,2,2,6,4,4,1,NA,NA,NA,NA,NA,NA,4,4,4,4,4,4,2,3,5,5,8,9,4,5,3,7,10,6,2,1,5,1,5,3,5,3,5,5,1,2,6,7,1,5,2,8,3,4,10,9,2,2,2,2,2,1,2,1,1,1,1,2,2,2,2,2,1,2,1,1,1,2,1,2,1,1,2,2,1,1,1,1,1,2,2,2,2,2,1,2,2,2,2,2,1,2,2,2,2,2,1,2,2,1,2,2,1,2,1,2,2,2,2,1,2,1,2,2,1,1,1,2,1,1,2,2,1,1,1,1,1,3,1,5,4,1,3,5,2,3,5,3,1,5,3,5,3,4,3,5,2,4,5,4,2,1,2,3,3,4,4,4,4,5,3,4,4,4,5,5,1,3,4,3,3,8,8,8,8,1,2,9,9,5,1,4,9,8,8,1,2,5,5,7,7,5,4,7,3,6,1,4,5,5,7,7,6,6,6,6,6,6,3,95,1,2,1,1,2,1,1,1,1,"",1,1,21,NA,"9",1,1,1,2,1,1,1,1,1,1,2,1,1,1,1,1,1,2,1,1,1,1,1,2,1,1,1,1,1,1,1,1,1,1,1,1,1,7,1,5,4,7,7,1,1,2,1,1,1,1,1,1,1,1,1,1,2,1,1,1,1,1,1,2,1,1,1,7,7,7,1,1,1,2,1,1,1,1,1,1,1,1,1,1,1,1,2,"Spirtual ",1,1,1,1,1,1,2,1,1,1,1,"5'1","130",2,1,1,2,1,1,1,2,1,1,2,1,2,1,1,2,1,1,2,1,1,2,1,1,2,1,1,2,1,1,2,1,1,2,1,1,2,1,1,2,1,1,2,1,1,1,2,1,2,1,1,2,1,1,1,2,1,2,1,1,2,1,1,2,1,1,2,1,1,2,1,1,1,2,1,2,1,1,2,1,1,1,2,1,2,1,1,46,0,0,1,1,0,0,0,0,0,0,0,1,1,0,0,0,0,1,0,1,0,0,1,1,0,0,0,1,1,1,0,0,0,0,0,1,1,1,1,1,1,1,0,0,0,0,1,1,1,0,0,0,0,1,0,0,1,0,1,1,0,0,1,1,0,0,0,0,0,1,0,0,0,1,0,0,0,0,0,0,0,"",1,2,4,2,3,3,5,3,4,4,5,4,4,4,1,1,4,1,5,5,1,4,7,7,1,4,3,1,1,7,6,7,7,4,7,4,4,7,4,5,6,7,5,7,7,1,1,4,6,2,2,1,2,3,4,4,6,1,3,7,4,1,1,4,2,7,4,4,1,7,7,2,2,NA,NA,NA,NA,NA,NA,NA,NA,NA,NA,NA,NA,NA,NA,NA,NA,NA,NA,NA,NA,NA,NA,NA,NA,NA,NA,NA,NA,NA,NA,NA,NA,NA,NA,NA,NA,NA,NA,NA,NA,NA,NA,NA,NA,NA,NA,NA,NA,NA,NA,NA,NA,NA,NA,NA,NA,NA,NA,4,1,2,5,2,273,125,119,286,135,55,73,76,188,71,NA,NA,NA,130,17,79,3,1639,NA,"11/29/24 21:21",20,39,35,38,40,28,27,32,16,42,NA,22,37,35,19,27,35,33,31,30,16,52,NA,NA,NA,NA,3,6,5,12,4,5,13,NA
"121",1562,NA,1196,"SONA","interview","12/1/24 1:56",1,0,21,21,1,1,0.97,-1,"",2,2,2,7,7,6,1,7,6,6,4,2,7,7,6,7,7,3,3,2,3,6,6,6,3,6,6,6,7,6,6,6,6,4,6,4,6,2,4,2,2,6,6,6,6,3,3,6,6,6,6,3,6,6,7,7,7,1,2,2,2,2,2,1,1,1,1,1,NA,NA,NA,NA,NA,NA,4,4,4,4,5,5,1,5,4,4,2,3,5,7,8,6,10,1,4,9,4,4,3,4,5,5,3,4,5,2,5,7,1,10,4,2,8,6,3,9,1,2,2,1,2,1,2,2,1,1,2,1,2,2,2,2,1,2,2,2,2,2,1,2,1,2,1,2,2,2,2,2,2,1,2,2,2,2,1,2,2,2,1,2,2,2,2,1,1,2,1,2,2,2,1,2,1,1,1,2,2,2,2,1,1,2,1,2,1,1,2,1,2,1,1,1,1,1,1,1,1,4,3,5,1,4,3,5,1,5,3,5,3,5,3,3,4,5,1,5,1,1,5,3,5,1,3,2,5,2,5,2,5,5,4,5,5,1,5,2,2,2,5,1,1,4,3,1,2,4,1,4,4,4,3,4,4,4,4,1,4,4,4,3,3,3,3,4,1,4,4,4,4,4,4,4,2,4,6,5,7,7,1,95,2,2,1,1,1,1,2,1,1,"",1,1,19,NA,"13",1,1,1,1,2,1,1,1,1,1,2,1,1,1,1,1,1,1,1,1,2,1,1,1,1,1,1,1,1,2,1,1,1,1,7,7,7,1,7,6,7,1,7,2,1,1,1,1,1,1,1,2,1,1,1,1,1,1,1,2,1,1,1,1,1,1,1,4,4,4,2,1,1,1,1,1,1,1,1,1,2,1,1,1,1,1,1,"",1,1,1,1,2,1,1,1,1,1,1,"5","180",1,2,1,1,2,1,1,2,1,1,2,1,2,1,1,1,2,1,2,1,1,1,2,1,2,1,1,1,2,1,2,1,1,1,2,1,2,1,1,1,2,1,1,2,1,1,2,1,2,1,1,1,2,1,2,1,1,2,1,1,1,2,1,1,2,1,1,2,1,1,2,1,1,2,1,1,2,1,2,1,1,2,1,1,1,2,1,47,0,0,0,0,NA,0,0,0,0,0,1,1,1,0,1,1,0,1,0,NA,0,0,0,1,1,1,1,0,0,0,0,0,0,1,1,1,1,0,0,1,1,1,0,0,0,0,0,1,0,0,0,0,0,1,0,0,1,0,1,1,0,0,1,1,1,0,0,0,0,0,1,0,0,1,1,0,0,1,0,0,0,"0",1,NA,NA,NA,NA,NA,NA,NA,NA,NA,NA,NA,NA,NA,NA,NA,NA,NA,NA,NA,NA,NA,NA,NA,NA,NA,NA,NA,NA,NA,NA,NA,NA,NA,NA,NA,NA,NA,NA,NA,NA,NA,NA,NA,NA,NA,NA,NA,NA,NA,NA,NA,NA,NA,NA,NA,NA,NA,NA,NA,NA,NA,NA,NA,NA,NA,NA,NA,NA,NA,NA,NA,NA,5,5,2,5,5,1,5,5,7,3,2,2,4,7,6,3,7,2,4,6,3,5,3,3,3,6,6,-9,6,6,6,2,6,6,5,6,5,3,2,4,5,5,3,5,5,5,4,3,6,2,6,7,6,5,3,6,3,6,8,1,4,7,1,417,77,86,665,463,87,146,NA,NA,NA,261,101,279,189,40,565,20,3220,NA,"12/1/24 2:53",24,20,36,38,22,35,9,42,10,34,NA,33,40,43,11,25,NA,NA,NA,NA,NA,NA,53,40,59,74,1,1,1,9,28,6,11,NA
"123",1566,NA,1161,"SONA","interview","12/3/24 15:59",1,0,21,21,0,0,1.22,-1,"",5,2,4,5,7,6,4,6,6,6,4,4,2,2,6,6,6,3,2,2,2,6,6,6,2,6,6,6,2,2,6,6,4,6,6,2,6,2,2,2,2,6,6,6,6,2,6,6,6,6,6,6,2,2,2,NA,NA,NA,NA,NA,NA,NA,NA,NA,NA,NA,NA,NA,NA,NA,NA,NA,NA,NA,5,5,5,5,5,5,2,2,2,5,7,4,3,6,5,8,9,10,1,2,1,1,5,5,5,5,1,1,1,4,7,5,2,1,3,4,9,10,8,6,2,2,2,2,2,1,1,1,1,1,2,1,2,2,2,2,1,2,1,2,1,1,1,2,1,1,2,1,2,1,1,2,1,1,1,1,1,1,1,2,2,2,1,1,1,2,2,1,2,2,1,1,1,1,2,2,1,1,1,1,1,1,2,1,1,1,2,2,1,1,1,1,1,1,1,2,1,1,1,1,1,5,4,4,1,3,2,5,2,4,4,5,3,5,5,3,5,5,3,4,5,3,5,4,5,3,5,4,5,4,3,3,5,5,5,5,5,1,4,3,4,5,5,5,1,9,9,9,9,2,8,9,9,9,9,9,5,5,5,8,9,5,5,6,7,5,6,7,4,5,2,1,1,7,7,6,6,6,7,4,7,6,7,96,1,2,1,1,1,1,2,1,1,"",1,1,20,NA,"14",1,1,1,2,1,1,1,1,1,1,2,1,1,2,1,1,2,1,1,2,1,1,1,1,1,1,1,1,1,1,1,2,1,1,5,4,4,4,4,2,1,1,1,1,2,1,1,1,1,1,1,1,1,2,1,1,1,1,1,1,1,1,2,1,1,1,1,1,1,1,2,1,1,1,1,1,1,1,1,1,2,1,1,1,1,1,1,"",1,2,1,1,1,1,1,1,1,1,1,"5""4","145",1,2,1,1,2,1,2,1,1,1,2,1,1,2,1,2,1,1,2,1,1,1,2,1,2,1,1,1,2,1,2,1,1,1,2,1,2,1,1,1,2,1,1,2,1,1,2,1,2,1,1,1,2,1,2,1,1,2,1,1,2,1,1,1,2,1,1,2,1,1,2,1,2,1,1,1,2,1,2,1,1,2,1,1,2,1,1,29,1,1,1,0,1,1,0,0,0,0,0,1,1,0,0,1,0,0,0,1,0,0,1,0,0,1,0,0,0,0,0,0,0,0,0,0,0,0,1,1,0,0,1,0,0,0,0,1,0,0,0,0,0,1,0,0,1,0,0,0,0,0,1,1,1,0,0,0,1,0,1,0,0,1,1,0,0,0,1,0,0,"0",3,1,1,1,1,1,1,5,1,1,5,5,5,5,1,2,-9,1,5,1,7,7,4,7,7,6,6,7,5,7,7,3,7,7,6,5,7,4,5,7,6,6,7,1,6,1,6,6,7,6,6,2,1,1,1,7,6,2,1,6,1,4,1,5,1,6,1,6,6,6,6,2,1,NA,NA,NA,NA,NA,NA,NA,NA,NA,NA,NA,NA,NA,NA,NA,NA,NA,NA,NA,NA,NA,NA,NA,NA,NA,NA,NA,NA,NA,NA,NA,NA,NA,NA,NA,NA,NA,NA,NA,NA,NA,NA,NA,NA,NA,NA,NA,NA,NA,NA,NA,NA,NA,NA,NA,NA,NA,NA,5,1,2,8,1359,157,86,74,306,125,51,68,90,1643,93,NA,NA,NA,159,29,252,69,1726,NA,"12/3/24 17:15",20,36,36,26,20,24,16,NA,NA,36,NA,35,37,33,13,28,18,20,47,45,7,52,NA,NA,NA,NA,2,3,4,9,17,2,15,NA
"124",1567,NA,1192,"SONA","interview","12/3/24 22:58",1,0,21,21,0,0,2.17,-1,"",3,4,5,4,3,5,4,5,3,4,3,3,3,4,4,6,5,4,3,4,5,4,3,5,3,3,4,3,5,5,4,4,3,2,1,1,2,7,4,3,6,5,3,3,5,4,2,7,7,7,2,5,2,3,4,4,3,4,4,3,4,5,5,4,4,4,2,2,NA,NA,NA,NA,NA,NA,5,5,5,5,5,5,4,5,5,5,5,7,3,10,4,6,9,8,2,1,5,5,5,5,5,3,3,3,2,5,1,7,2,5,3,6,9,10,8,4,2,2,2,1,2,1,1,1,1,1,2,1,1,2,2,2,2,2,2,1,1,1,2,2,1,1,2,2,2,2,1,2,2,1,2,2,2,2,1,1,1,2,2,2,2,2,1,1,2,2,1,2,2,1,2,1,1,2,2,2,1,1,2,1,2,2,2,1,1,1,1,1,1,1,1,2,1,1,1,2,1,3,3,3,3,3,3,3,3,3,3,3,3,3,3,3,3,3,3,3,3,3,3,3,3,3,3,3,3,3,3,3,3,3,3,3,3,3,3,3,3,3,3,3,3,5,5,5,5,5,5,5,5,5,5,5,5,5,5,5,5,5,5,4,4,4,4,4,4,4,4,4,4,4,4,4,4,4,4,4,4,4,4,97,2,2,2,1,2,1,2,1,1,"",1,3,19,NA,"",1,1,2,1,1,1,1,1,1,1,1,2,1,1,1,1,1,1,1,2,1,1,1,1,1,1,1,1,1,1,1,1,2,1,4,4,4,4,4,4,4,4,4,1,1,1,2,1,1,1,1,1,1,1,2,1,1,1,1,1,1,1,2,1,1,1,1,5,5,5,1,2,1,1,1,1,1,1,1,1,1,1,1,1,1,1,2,"idk",1,1,1,1,1,2,1,1,1,1,1,"5'8-5'9","148",1,2,1,2,1,1,1,2,1,1,2,1,2,1,1,2,1,1,2,1,1,1,2,1,1,2,1,1,2,1,1,2,1,2,1,1,2,1,1,1,2,1,1,2,1,1,2,1,1,2,1,2,1,1,1,2,1,2,1,1,2,1,1,2,1,1,1,2,1,2,1,1,1,2,1,1,2,1,2,1,1,1,2,1,1,2,1,42,1,1,1,1,1,1,1,1,1,1,1,1,1,1,1,1,1,1,1,1,1,1,1,1,1,1,0,0,0,0,0,0,0,0,0,0,0,0,0,0,0,0,0,0,0,0,0,0,0,0,0,0,0,1,0,0,0,0,0,0,1,0,1,1,1,1,0,0,0,0,0,0,0,0,1,0,0,0,1,0,0,"0",2,NA,NA,NA,NA,NA,NA,NA,NA,NA,NA,NA,NA,NA,NA,NA,NA,NA,NA,NA,NA,NA,NA,NA,NA,NA,NA,NA,NA,NA,NA,NA,NA,NA,NA,NA,NA,NA,NA,NA,NA,NA,NA,NA,NA,NA,NA,NA,NA,NA,NA,NA,NA,NA,NA,NA,NA,NA,NA,NA,NA,NA,NA,NA,NA,NA,NA,NA,NA,NA,NA,NA,NA,4,4,4,4,4,4,4,4,4,4,4,4,4,4,4,4,4,4,4,4,4,4,4,4,4,4,4,4,4,4,4,4,4,4,4,4,3,3,3,3,3,3,3,3,3,3,4,4,4,4,4,4,4,4,4,4,4,4,5,1,1121,11,3,120,72,61,262,29,9,11,NA,NA,NA,20,8,10,96,12,46,6,783,NA,"12/3/24 23:30",20,29,26,25,16,23,25,27,24,20,NA,24,27,27,15,30,NA,NA,NA,NA,NA,NA,48,30,72,72,4,4,4,12,16,4,13,NA
"125",1568,NA,1262,"SONA","interview","12/4/24 2:28",1,0,21,21,0,0,1.6,-1,"",3,2,2,4,3,4,5,2,4,4,4,3,4,4,3,5,3,4,4,4,6,3,2,4,4,3,2,3,5,5,4,4,3,3,2,3,3,4,5,3,3,4,2,4,3,5,4,3,3,4,3,3,3,5,3,2,2,3,6,5,2,3,4,4,6,2,2,4,NA,NA,NA,NA,NA,NA,4,4,5,4,2,2,4,5,1,5,9,10,5,4,7,6,2,3,8,1,4,4,5,2,2,2,4,4,1,5,10,9,4,5,6,7,2,3,8,1,2,2,2,2,2,1,2,2,1,1,2,1,1,2,2,2,2,2,2,2,1,1,2,2,1,1,2,2,2,2,1,2,1,1,2,2,1,2,1,2,1,2,2,2,2,2,2,2,2,2,1,2,2,1,2,2,1,2,1,2,2,2,2,1,2,1,2,1,1,1,1,1,1,2,2,2,1,1,1,1,1,4,1,4,5,3,3,5,2,1,3,2,1,4,5,5,2,5,3,5,2,5,5,3,4,3,2,2,4,2,2,3,5,4,4,4,5,1,4,2,2,1,4,3,1,8,8,6,6,3,4,4,5,6,7,6,8,9,4,9,8,7,7,6,5,4,3,4,6,3,4,5,5,2,6,3,4,6,6,2,7,7,4,97,1,1,1,1,2,2,2,2,1,"",1,4,18,NA,"3",1,1,1,2,1,1,1,1,1,1,1,1,1,2,1,1,1,1,1,2,1,1,1,2,1,1,1,1,1,1,1,1,1,1,3,4,3,5,3,6,2,4,3,1,1,1,2,1,1,1,1,1,1,1,1,2,1,1,1,1,1,1,1,2,1,1,1,4,4,5,1,1,1,1,1,1,2,1,1,1,2,1,1,1,1,1,1,"",1,1,2,1,1,1,1,1,1,1,1,"5'8","154",2,1,1,1,2,1,1,2,1,2,1,1,2,1,1,1,2,1,2,1,1,2,1,1,2,1,1,1,2,1,1,2,1,2,1,1,1,2,1,2,1,1,2,1,1,1,2,1,1,2,1,2,1,1,2,1,1,1,2,1,1,2,1,2,1,1,1,2,1,2,1,1,1,2,1,1,2,1,1,2,1,2,1,1,2,1,1,49,0,0,1,1,1,0,0,0,0,0,1,0,0,0,0,1,NA,0,1,1,0,0,0,1,1,0,0,0,0,0,0,1,0,0,1,1,1,0,0,0,1,1,0,0,1,0,1,0,0,1,0,0,0,1,1,0,1,0,1,1,1,1,1,1,1,1,0,0,1,1,0,0,0,0,1,0,0,0,1,0,0,"0",3,3,3,2,2,4,3,1,4,4,5,3,2,2,4,4,5,2,3,2,4,5,5,4,6,3,6,4,2,5,6,5,2,4,4,6,3,3,3,5,5,3,4,5,2,5,3,3,4,6,2,3,4,2,5,3,4,3,4,7,4,3,5,-9,3,4,5,4,4,5,3,3,4,NA,NA,NA,NA,NA,NA,NA,NA,NA,NA,NA,NA,NA,NA,NA,NA,NA,NA,NA,NA,NA,NA,NA,NA,NA,NA,NA,NA,NA,NA,NA,NA,NA,NA,NA,NA,NA,NA,NA,NA,NA,NA,NA,NA,NA,NA,NA,NA,NA,NA,NA,NA,NA,NA,NA,NA,NA,NA,5,1,23,9,2,172952,130,81,584,156,129,125,32,46,18,NA,NA,NA,144,10,76,4,1915,NA,"12/6/24 2:56",26,23,21,21,22,23,22,25,27,21,NA,22,43,33,22,28,31,29,23,29,24,28,NA,NA,NA,NA,4,5,5,12,13,6,9,NA
"126",1586,NA,1263,"SONA","interview","12/5/24 6:50",1,0,21,21,0,0,2.07,-1,"",5,6,6,3,5,5,4,6,6,3,4,4,4,5,5,5,6,5,5,6,4,5,5,5,3,5,5,5,6,3,5,5,5,6,5,5,7,1,1,1,1,7,7,5,5,3,5,5,5,5,5,5,3,3,3,NA,NA,NA,NA,NA,NA,NA,NA,NA,NA,NA,NA,NA,NA,NA,NA,NA,NA,NA,4,4,3,4,3,3,3,4,5,5,5,6,8,7,10,4,9,3,2,1,5,2,2,2,4,3,4,3,3,5,4,8,7,6,2,10,3,9,5,1,2,2,2,1,2,1,2,1,1,1,1,1,1,2,2,1,1,2,1,1,1,1,1,2,1,1,2,2,2,2,1,1,1,1,2,2,1,1,1,2,1,1,2,1,1,1,1,1,1,2,1,1,1,1,2,1,1,2,2,1,1,1,1,2,2,1,2,1,1,1,1,1,1,1,1,2,1,1,1,1,1,3,3,4,2,3,4,5,4,5,4,3,3,4,3,3,3,4,4,3,4,4,4,3,5,3,3,3,3,3,3,4,4,4,4,4,3,2,3,2,3,3,3,3,2,6,5,5,4,5,5,5,6,5,5,5,5,5,5,6,6,4,5,5,4,4,5,4,4,4,4,3,5,5,5,4,4,4,3,4,4,5,4,98,2,1,1,1,2,1,1,1,1,"",1,1,19,NA,"",1,1,1,2,1,1,1,1,1,1,2,1,1,1,1,1,1,1,1,2,1,1,1,1,1,1,1,1,2,1,1,1,1,1,4,4,5,4,4,4,3,4,4,1,1,2,1,1,1,1,1,1,1,2,1,1,1,1,1,1,1,2,1,1,1,1,1,5,5,5,1,1,1,1,1,1,1,2,1,1,1,1,1,2,1,1,1,"",1,2,1,1,1,1,1,1,1,1,1,"6'2","200",1,2,1,2,1,1,2,1,1,2,1,1,1,2,1,2,1,1,1,2,1,1,2,1,1,2,1,2,1,1,2,1,1,2,1,1,2,1,1,1,2,1,1,2,1,2,1,1,2,1,1,2,1,1,1,2,1,2,1,1,1,2,1,1,2,1,1,2,1,1,2,1,1,2,1,1,2,1,2,1,1,1,2,1,2,1,1,25,1,1,1,1,0,1,0,1,0,0,0,1,0,0,0,0,0,0,0,0,0,0,1,1,1,0,0,0,1,1,0,0,1,0,0,0,0,0,0,1,0,0,0,0,1,1,1,0,0,0,0,0,0,1,0,0,1,0,0,0,0,0,0,1,0,0,0,0,0,0,0,0,0,0,0,0,0,0,0,0,0,"",2,NA,NA,NA,NA,NA,NA,NA,NA,NA,NA,NA,NA,NA,NA,NA,NA,NA,NA,NA,NA,NA,NA,NA,NA,NA,NA,NA,NA,NA,NA,NA,NA,NA,NA,NA,NA,NA,NA,NA,NA,NA,NA,NA,NA,NA,NA,NA,NA,NA,NA,NA,NA,NA,NA,NA,NA,NA,NA,NA,NA,NA,NA,NA,NA,NA,NA,NA,NA,NA,NA,NA,NA,4,4,4,5,5,3,3,3,4,4,4,4,4,4,4,4,5,5,4,5,5,3,3,3,3,4,5,4,4,4,4,4,4,3,5,4,3,3,3,4,4,4,4,4,4,4,4,5,5,4,4,4,4,4,3,4,3,3,6,1,4,12,2,239,76,63,329,158,24,21,NA,NA,NA,37,14,20,74,22,53,5,1153,NA,"12/5/24 7:09",22,30,30,30,31,27,27,NA,NA,42,NA,21,33,28,10,30,NA,NA,NA,NA,NA,NA,49,35,69,73,3,3,3,11,17,4,12,NA
"127",1587,NA,1259,"SONA","interview","12/5/24 17:48",1,0,21,21,0,0,1.1,-1,"",2,1,1,1,7,4,1,5,6,5,3,2,5,7,2,4,4,2,5,4,3,5,3,5,6,4,4,2,3,5,4,5,6,6,5,5,5,5,2,5,2,5,5,7,6,1,7,7,6,4,5,6,2,4,2,7,7,1,6,6,6,4,6,5,4,1,1,1,NA,NA,NA,NA,NA,NA,5,4,4,3,4,4,1,5,3,4,4,5,3,7,8,6,10,1,9,2,1,1,5,4,5,2,1,1,1,3,6,7,2,3,1,4,9,10,8,5,1,2,2,1,2,1,2,2,1,1,1,2,2,2,2,2,1,2,1,2,1,2,1,2,1,1,2,2,2,2,2,2,1,1,2,2,1,2,1,2,2,2,2,2,2,2,2,2,2,2,1,2,2,1,2,2,1,2,2,2,2,2,2,1,2,1,2,2,1,1,1,1,1,1,1,1,1,1,1,1,1,4,4,5,3,3,2,5,2,2,4,3,1,5,4,4,3,5,3,5,4,4,5,2,2,1,4,2,4,4,4,3,4,5,4,5,5,3,4,4,4,3,4,3,2,7,6,5,5,3,3,6,9,7,5,6,1,1,4,5,6,8,2,3,6,6,6,5,5,4,4,1,7,7,7,6,5,6,6,6,7,5,4,98,1,2,1,1,1,1,2,2,1,"",1,2,19,NA,"7",1,1,1,2,1,1,1,1,1,1,2,1,1,2,1,1,2,1,2,1,1,1,1,1,1,1,1,1,1,1,1,1,2,1,4,3,3,4,4,5,2,2,4,1,1,1,1,2,1,1,1,1,1,1,1,2,1,1,1,1,1,1,2,1,1,1,1,5,5,5,1,1,1,1,1,1,2,1,1,1,1,1,1,1,1,1,2,"Agnostic",1,1,1,1,1,1,2,1,1,1,1,"5'4","195",1,2,1,1,2,1,1,2,1,1,2,1,1,2,1,2,1,1,2,1,1,1,2,1,2,1,1,2,1,1,2,1,1,1,2,1,2,1,1,1,2,1,2,1,1,2,1,1,2,1,1,1,2,1,2,1,1,1,2,1,1,2,1,1,2,1,1,2,1,1,2,1,2,1,1,1,2,1,2,1,1,2,1,1,1,2,1,47,0,0,1,0,0,1,0,1,0,0,0,1,1,0,0,0,0,1,0,1,0,0,1,1,1,1,1,0,1,1,0,0,1,1,1,0,1,0,1,1,1,1,1,0,1,0,1,1,0,0,0,0,0,1,1,1,1,0,1,1,1,0,1,1,0,0,0,0,1,0,1,1,0,1,1,0,0,1,0,0,0,"0",3,1,1,1,1,2,1,5,1,1,5,5,5,5,1,3,5,1,5,3,4,5,6,7,2,4,3,2,6,7,6,7,7,6,7,6,7,7,7,3,4,6,4,5,6,7,1,4,1,2,1,2,7,3,7,4,4,5,3,7,4,4,1,6,2,4,3,5,4,6,7,4,4,NA,NA,NA,NA,NA,NA,NA,NA,NA,NA,NA,NA,NA,NA,NA,NA,NA,NA,NA,NA,NA,NA,NA,NA,NA,NA,NA,NA,NA,NA,NA,NA,NA,NA,NA,NA,NA,NA,NA,NA,NA,NA,NA,NA,NA,NA,NA,NA,NA,NA,NA,NA,NA,NA,NA,NA,NA,NA,4,1,4,9,2,291,91,89,462,272,63,109,82,199,361,NA,NA,NA,210,32,679,5,2691,NA,"12/5/24 18:37",18,31,21,26,28,34,15,42,33,27,NA,28,37,37,20,30,19,37,10,30,17,45,NA,NA,NA,NA,5,5,4,14,14,5,12,NA
"128",1588,NA,1264,"SONA","interview","12/5/24 18:58",1,0,21,21,1,1,1.39,-1,"",5,4,5,3,4,4,5,5,4,4,5,3,4,6,4,6,4,3,4,5,3,2,5,5,3,3,3,5,5,4,4,3,5,5,5,6,6,1,1,1,1,7,7,6,6,1,5,7,7,7,7,7,1,1,1,NA,NA,NA,NA,NA,NA,NA,NA,NA,NA,NA,NA,NA,NA,NA,NA,NA,NA,NA,5,5,5,5,5,5,4,5,4,5,2,3,4,10,7,8,5,6,9,1,4,2,5,5,5,3,1,1,1,5,2,7,1,4,5,6,10,9,8,3,2,2,2,2,2,2,2,2,1,2,2,1,1,2,2,2,1,2,2,1,1,2,1,2,1,1,2,2,2,2,2,2,1,2,2,2,2,2,1,2,2,2,2,2,2,2,2,2,1,2,1,2,1,1,2,2,1,2,2,2,1,1,2,1,1,1,2,2,1,2,1,1,2,1,1,2,1,1,1,1,1,5,3,5,3,5,4,5,2,3,4,4,2,4,2,4,4,3,2,4,4,3,4,3,4,2,4,3,4,4,5,4,5,5,3,5,4,2,3,2,5,2,5,4,5,7,7,7,5,6,6,8,8,6,5,4,7,8,8,6,6,3,3,4,5,5,5,5,4,4,4,-9,-9,6,6,4,3,3,5,5,5,5,5,99,1,2,1,1,1,1,1,1,2,"Middle Eastern/ North African",1,1,19,NA,"14",1,1,1,2,1,1,1,1,1,1,2,1,1,1,1,1,1,1,2,1,1,1,1,1,1,1,2,1,1,1,1,1,1,1,6,3,3,4,4,6,5,6,6,2,1,1,1,1,1,1,1,1,2,1,1,1,1,1,1,1,2,1,1,1,1,1,1,4,4,4,1,1,1,1,2,1,1,1,1,1,1,1,1,2,1,1,1,"",1,2,1,1,1,1,1,1,1,1,1,"5'2","117",2,1,1,1,2,1,1,2,1,1,2,1,1,2,1,2,1,1,2,1,1,1,2,1,2,1,1,2,1,1,1,2,1,1,2,1,1,2,1,1,2,1,1,2,1,2,1,1,2,1,1,2,1,1,2,1,1,2,1,1,2,1,1,1,2,1,1,2,1,2,1,1,1,2,1,1,2,1,1,2,1,1,2,1,2,1,1,50,0,0,1,1,1,0,1,1,0,0,0,1,1,0,0,0,0,0,0,1,0,0,0,0,0,1,0,1,1,0,1,1,1,1,1,0,1,1,0,1,0,0,0,0,0,1,1,1,0,0,0,0,0,1,0,0,1,0,0,0,1,0,NA,1,1,1,0,1,1,0,0,0,1,0,0,0,0,0,1,0,0,"",4,2,3,2,2,4,2,4,2,2,4,4,-9,4,2,2,4,2,4,4,2,4,5,6,2,5,3,2,6,6,4,4,5,5,6,4,7,4,4,2,6,5,3,3,5,6,2,4,2,2,2,2,6,4,7,4,5,2,4,7,3,2,2,7,3,3,2,3,6,6,7,6,3,NA,NA,NA,NA,NA,NA,NA,NA,NA,NA,NA,NA,NA,NA,NA,NA,NA,NA,NA,NA,NA,NA,NA,NA,NA,NA,NA,NA,NA,NA,NA,NA,NA,NA,NA,NA,NA,NA,NA,NA,NA,NA,NA,NA,NA,NA,NA,NA,NA,NA,NA,NA,NA,NA,NA,NA,NA,NA,7,1,4,14,3,198,141,161,750,433,40,55,55,133,55,NA,NA,NA,91,15,292,5,2445,NA,"12/5/24 19:39",18,42,28,24,28,27,27,NA,NA,41,NA,28,36,34,14,39,27,19,14,30,20,55,NA,NA,NA,NA,1,2,2,9,16,6,19,NA
"131",1592,NA,1199,"SONA","interview","12/5/24 23:23",1,0,21,21,1,1,0.52,-1,"",5,3,5,3,6,5,4,3,3,3,5,6,3,4,5,4,3,3,4,2,2,5,5,5,2,5,4,5,3,5,5,4,5,5,6,5,7,1,1,1,1,7,6,6,5,2,5,5,5,4,4,3,3,4,4,NA,NA,NA,NA,NA,NA,NA,NA,NA,NA,NA,NA,NA,NA,NA,NA,NA,NA,NA,4,3,4,2,3,2,3,3,3,5,6,7,2,8,4,10,5,9,3,1,3,2,5,3,4,2,1,1,1,5,5,6,2,4,3,8,10,9,7,1,1,2,2,1,1,1,1,2,1,1,1,1,1,2,1,2,1,2,1,1,1,1,1,2,1,1,1,2,2,1,1,2,1,1,2,1,2,2,1,1,1,1,1,2,1,2,1,1,2,2,1,1,1,1,2,2,1,2,2,2,1,2,2,2,2,1,2,2,1,1,1,1,2,1,2,2,1,1,1,1,1,2,2,3,2,3,4,4,2,3,4,3,2,3,2,3,3,4,2,4,3,4,4,4,4,3,3,3,3,4,5,4,4,3,3,4,2,2,4,4,3,4,4,4,5,4,5,6,3,2,2,7,5,3,3,2,3,3,2,4,4,2,5,5,5,5,5,5,4,7,7,-9,-9,6,3,6,5,6,6,5,6,5,5,101,2,2,1,1,1,2,1,1,1,"",1,1,18,NA,"9",1,1,1,2,1,1,1,1,1,1,1,1,1,2,1,1,1,1,2,1,1,1,1,1,1,1,1,2,1,1,1,1,1,1,4,2,2,4,4,2,3,2,3,1,1,2,1,1,1,1,1,1,1,1,1,2,1,1,1,1,1,1,2,1,1,1,1,6,7,6,1,2,1,1,1,1,1,1,1,1,2,1,1,1,1,1,1,"",1,2,1,1,1,1,1,1,1,1,1,"5'4""","115",1,2,1,2,1,1,1,2,1,1,2,1,1,2,1,2,1,1,2,1,1,1,2,1,2,1,1,2,1,1,2,1,1,2,1,1,1,2,1,1,2,1,2,1,1,1,2,1,1,2,1,2,1,1,2,1,1,2,1,1,2,1,1,2,1,1,1,2,1,2,1,1,2,1,1,1,2,1,2,1,1,1,2,1,2,1,1,31,0,0,1,1,0,0,0,0,0,0,0,1,1,0,0,0,0,0,0,1,0,0,0,0,1,0,0,0,1,0,1,0,0,0,0,1,0,0,1,1,0,0,1,0,1,1,1,1,0,0,0,0,0,1,0,0,0,0,0,1,1,1,1,1,0,0,0,1,1,1,0,0,0,0,1,0,0,0,0,0,0,"0",3,NA,NA,NA,NA,NA,NA,NA,NA,NA,NA,NA,NA,NA,NA,NA,NA,NA,NA,NA,NA,NA,NA,NA,NA,NA,NA,NA,NA,NA,NA,NA,NA,NA,NA,NA,NA,NA,NA,NA,NA,NA,NA,NA,NA,NA,NA,NA,NA,NA,NA,NA,NA,NA,NA,NA,NA,NA,NA,NA,NA,NA,NA,NA,NA,NA,NA,NA,NA,NA,NA,NA,NA,4,4,3,5,3,4,2,3,4,2,5,3,3,3,2,3,4,3,2,5,3,5,3,2,2,4,5,4,4,-9,5,3,4,4,5,5,4,3,4,3,4,2,3,2,2,2,2,4,5,4,5,5,3,3,4,3,5,3,6,1,3,8,10,357,344,263,567,12404,1418,522,NA,NA,NA,2872,807,162,326,42,2332,38,2574,NA,"12/6/24 5:38",22,24,30,25,24,19,22,NA,NA,41,NA,19,35,28,13,33,NA,NA,NA,NA,NA,NA,48,25,70,58,3,5,4,12,12,2,15,NA
"132",1595,NA,1143,"SONA","interview","12/6/24 1:31",1,0,21,21,0,0,0.97,-1,"",5,5,1,1,7,1,5,2,6,7,6,3,1,6,3,4,6,2,1,2,2,5,5,5,3,5,6,6,6,5,7,3,4,4,5,5,5,1,1,1,1,7,7,7,7,1,7,7,7,7,7,6,1,7,1,NA,NA,NA,NA,NA,NA,NA,NA,NA,NA,NA,NA,NA,NA,NA,NA,NA,NA,NA,3,3,5,4,4,3,3,5,5,5,3,4,5,7,8,9,10,2,6,1,5,1,5,3,4,1,1,1,1,5,4,6,2,5,3,7,9,10,8,1,1,2,2,2,1,1,1,2,1,1,2,2,1,1,2,1,2,2,1,2,1,1,2,2,1,1,1,1,2,2,1,2,2,1,2,2,1,2,1,2,1,2,1,2,2,2,2,1,1,2,1,1,1,1,2,2,1,2,2,1,2,2,2,2,2,2,1,1,1,1,1,1,1,1,2,1,1,1,1,1,1,4,2,3,1,4,4,5,2,4,4,4,3,4,2,5,5,5,4,2,5,3,5,4,5,4,5,1,3,1,5,4,2,5,4,4,5,4,4,5,4,4,4,5,5,9,7,7,5,6,7,8,8,6,5,6,9,9,7,6,7,7,5,5,7,6,5,6,2,7,7,1,1,7,7,7,7,7,7,7,7,6,5,102,1,1,1,1,2,1,1,1,1,"",1,1,18,NA,"12",1,1,2,1,1,1,1,1,1,1,1,2,1,2,1,1,2,1,1,2,1,1,1,1,1,1,1,1,1,1,1,1,2,1,6,5,4,6,2,6,7,6,7,1,1,2,1,1,1,1,1,1,1,1,1,1,2,1,1,1,1,2,1,1,1,1,1,6,4,7,1,2,1,1,1,1,1,1,1,1,1,2,1,1,1,1,1,"",1,1,2,1,1,1,1,1,1,1,1,"5'8""","180",1,2,1,1,2,1,2,1,1,1,2,1,1,2,1,1,2,1,2,1,1,1,2,1,2,1,1,1,2,1,1,2,1,1,2,1,2,1,1,2,1,1,2,1,1,1,2,1,2,1,1,2,1,1,2,1,1,1,2,1,1,2,1,1,2,1,1,2,1,2,1,1,2,1,1,1,2,1,1,2,1,2,1,1,1,2,1,37,0,0,0,1,1,0,0,0,0,0,0,0,0,0,0,0,0,0,0,1,0,0,0,0,0,1,1,0,0,0,0,1,0,1,1,1,1,0,1,0,0,0,1,0,1,0,0,0,0,0,0,0,0,1,1,0,1,0,1,1,0,0,1,0,1,1,0,0,1,1,0,1,0,0,1,0,0,0,1,0,0,"",5,4,4,1,1,1,3,3,1,1,5,5,5,5,1,1,5,1,5,1,6,7,7,7,3,5,5,7,2,7,2,7,4,3,7,1,3,7,6,3,6,7,6,4,7,1,4,7,4,7,5,1,2,1,5,7,3,2,1,6,4,4,5,6,4,2,6,4,6,6,4,5,1,NA,NA,NA,NA,NA,NA,NA,NA,NA,NA,NA,NA,NA,NA,NA,NA,NA,NA,NA,NA,NA,NA,NA,NA,NA,NA,NA,NA,NA,NA,NA,NA,NA,NA,NA,NA,NA,NA,NA,NA,NA,NA,NA,NA,NA,NA,NA,NA,NA,NA,NA,NA,NA,NA,NA,NA,NA,NA,7,1,4,7,2,293,205,114,349,579,360,76,79,578,455,NA,NA,NA,1057,19,750,5,2643,NA,"12/6/24 2:53",18,35,30,32,19,27,26,NA,NA,40,NA,30,35,28,8,40,24,33,35,46,25,48,NA,NA,NA,NA,3,6,3,14,17,6,12,NA
"133",1596,NA,1268,"SONA","interview","12/6/24 2:45",1,0,21,21,0,0,0.92,-1,"",2,2,2,7,7,7,1,7,6,6,1,1,4,7,4,5,7,1,5,1,7,6,1,5,6,6,6,6,6,6,7,6,4,7,7,7,7,1,1,1,1,7,7,5,4,4,2,2,4,7,7,7,6,1,2,7,7,1,5,7,4,4,4,5,4,1,6,1,NA,NA,NA,NA,NA,NA,4,5,4,2,4,3,2,5,5,5,9,5,3,8,6,7,10,2,4,1,5,5,5,1,5,5,5,5,1,3,4,7,1,6,3,9,8,5,10,2,1,2,2,1,2,1,1,1,1,1,1,1,1,2,2,1,2,2,1,2,1,2,1,2,1,1,2,2,1,2,1,2,1,1,2,2,2,2,1,2,1,2,2,2,1,1,2,2,2,2,1,2,2,1,2,2,1,2,1,1,2,2,2,1,2,1,2,1,1,1,1,2,1,1,2,2,1,1,1,1,1,2,5,5,2,3,5,4,3,4,5,2,1,5,5,5,1,3,4,5,5,4,3,4,2,1,1,5,5,5,5,5,5,4,2,4,2,5,3,5,5,5,3,3,5,9,8,8,8,2,7,9,9,1,5,2,7,9,9,9,9,9,1,7,6,2,2,7,4,7,1,1,7,1,7,7,6,4,4,4,5,1,4,103,2,2,1,1,1,2,2,1,1,"",1,2,18,NA,"11",1,1,1,2,1,1,1,1,1,1,2,1,1,2,1,1,2,1,2,1,1,1,1,1,1,1,1,2,1,1,1,1,1,1,2,1,1,7,1,5,5,7,7,1,1,1,1,1,2,1,1,1,1,1,1,1,1,2,1,1,1,1,1,1,2,1,1,5,7,3,1,2,1,1,1,1,1,1,1,1,1,1,1,1,1,1,2,"Methodist Christian",1,1,1,2,1,1,1,1,1,1,1,"5'2","144",2,1,1,1,2,1,2,1,1,1,2,1,1,2,1,1,2,1,2,1,1,1,2,1,2,1,1,2,1,1,2,1,1,1,2,1,2,1,1,2,1,1,2,1,1,2,1,1,2,1,1,2,1,1,2,1,1,2,1,1,2,1,1,2,1,1,1,2,1,2,1,1,2,1,1,1,2,1,1,2,1,1,2,1,2,1,1,39,0,0,1,1,0,1,0,0,0,0,0,1,0,1,0,1,0,1,0,1,0,0,1,1,0,1,0,0,1,1,1,1,1,1,0,0,1,0,1,1,1,1,1,0,1,0,1,0,1,0,0,0,0,1,0,0,1,0,1,0,0,0,1,1,0,0,0,0,0,1,0,0,0,0,1,0,0,0,1,0,0,"",4,NA,NA,NA,NA,NA,NA,NA,NA,NA,NA,NA,NA,NA,NA,NA,NA,NA,NA,NA,NA,NA,NA,NA,NA,NA,NA,NA,NA,NA,NA,NA,NA,NA,NA,NA,NA,NA,NA,NA,NA,NA,NA,NA,NA,NA,NA,NA,NA,NA,NA,NA,NA,NA,NA,NA,NA,NA,NA,NA,NA,NA,NA,NA,NA,NA,NA,NA,NA,NA,NA,NA,NA,5,4,4,4,1,7,7,2,4,7,1,1,1,2,1,5,3,4,5,4,7,3,7,5,3,2,2,4,3,3,6,4,1,1,6,6,3,4,5,4,4,1,5,3,4,2,6,7,7,6,7,2,7,5,1,1,2,1,3,1,8,17,2,342,96,88,490,198,92,117,NA,NA,NA,256,61,119,253,63,277,8,2487,NA,"12/6/24 3:26",29,36,25,35,34,34,8,37,29,42,NA,12,26,32,18,37,NA,NA,NA,NA,NA,NA,42,27,86,69,6,7,6,15,5,5,14,NA
