CASE,SERIAL,REF,QUESTNNR,MODE,STARTED,FINISHED,Q_VIEWER,LASTPAGE,MAXPAGE,MISSING,MISSREL,TIME_RSI,CR01,CR02_06,Relationship Status,FM01_01,FM01_02,FM01_03,FM01_04,FM01_05,FM01_06,FM01_07,FM01_08,FM01_09,FM01_10,FM01_11,FM01_12,FM01_13,FM01_14,FM01_15,FM01_16,FM01_17,FM01_18,FM01_19,FM01_20,FM01_21,FM01_22,FM01_23,FM01_24,FM01_25,FM01_26,FM01_27,FM01_28,FM01_29,FM01_30,FM01_31,FM01_32,FM01_33,FM01_34,FM01_35,FM01_36,FM01_37,FM01_38,FM01_39,FM01_40,FM01_41,FM01_42,FM01_43,FM01_44,FM01_45,FM01_46,FM01_47,FM01_48,FM01_49,FM01_50,FM01_51,FM01_52,FM01_53,FM01_54,FM01_55,FM01_56,FM01_57,FM01_58,FM01_59,FM01_60,FM01_61,FM01_62,FM01_63,FM01_64,FM01_65,FM01_66,FM01_67,FM01_68,FM01_69,FM01_70,FM01_71,FM01_72,FM01_73,PR01_01,PR01_02,PR01_03,PR01_04,PR01_05,PR01_06,PR01_07,PR01_08,PR01_09,PR01_10,PR02_01,PR02_02,PR02_03,PR02_04,PR02_05,PR02_06,PR02_07,PR02_08,PR02_09,PR02_10,PA01_01,PA01_02,PA01_03,PA01_04,PA01_05,PA01_06,PA01_07,PA01_08,PA01_09,PA01_10,PA02_01,PA02_02,PA02_03,PA02_04,PA02_05,PA02_06,PA02_07,PA02_08,PA02_09,PA02_10,LD01_01,LD01_02,LD01_03,LD01_04,LD01_05,LD01_06,LD01_07,LD01_08,LD01_09,LD01_10,LD01_11,LD01_12,LD01_13,LD01_14,LD01_15,LD01_16,LD01_17,LD01_18,LD01_19,LD01_20,LD01_21,LD01_22,LD01_23,LD01_24,LD01_25,LD01_26,LD01_27,LD01_28,LD01_29,LD01_30,LD01_31,LD01_32,LD01_33,LD01_34,LD01_35,LD01_36,LD01_37,LD01_38,LD01_39,LD01_40,LD01_41,LD01_42,LD01_43,LD01_44,LD01_45,LD01_46,LD01_47,LD01_48,LD01_49,LD01_50,LD01_51,LD01_52,LD01_53,LD01_54,LD01_55,LD01_56,LD01_57,LD01_58,LD01_59,LD01_60,LD01_61,LD01_62,LD01_63,LD01_64,LD01_65,LD01_66,LD01_67,LD01_68,LD01_69,LD01_70,LD01_71,LD01_72,LD01_73,LD01_74,LD01_75,LD01_76,LD01_77,LD01_78,LD01_79,LD01_80,LD01_81,BF01_01,BF01_02,BF01_03,BF01_04,BF01_05,BF01_06,BF01_07,BF01_08,BF01_09,BF01_10,BF01_11,BF01_12,BF01_13,BF01_14,BF01_15,BF01_16,BF01_17,BF01_18,BF01_19,BF01_20,BF01_21,BF01_22,BF01_23,BF01_24,BF01_25,BF01_26,BF01_27,BF01_28,BF01_29,BF01_30,BF01_31,BF01_32,BF01_33,BF01_34,BF01_35,BF01_36,BF01_37,BF01_38,BF01_39,BF01_40,BF01_41,BF01_42,BF01_43,BF01_44,SR01_01,SR01_02,SR01_03,SR01_04,SR01_05,SR01_06,SR01_07,SR01_08,SR01_09,SR01_10,SR01_11,SR01_12,SR01_13,SR01_14,SR01_15,SR01_16,SR01_17,SR01_18,MK01_01,MK01_02,MK01_03,MK01_04,MK01_05,MK01_06,MK01_07,MK01_08,MK01_09,MK01_10,MK01_11,MK01_12,MK01_13,MK01_14,MK01_15,MK01_16,MK01_17,MK01_18,MK01_19,MK01_20,R001_CP,R001,Gender,American Indian or Alaskan Native,Asian or Asian American,Black or African American,Hispanic or Latino,White,Native Hawaiian or other Pacific Islander,Other,DM02_07a,Decline to Respond,DM02,Age,DM04_01,DM05_01,DM06_01,DM06_02,DM06_03,DM06_04,DM06_05,DM06_06,DM06_07,DM06_08,DM06,DM07_01,DM07_02,DM07_03,DM07_04,DM07_05,DM07_06,DM07_07,DM07,DM08_01,DM08_02,DM08_03,DM08_04,DM08_05,DM08,DM09_01,DM09_02,DM09_03,DM09_04,DM09_05,DM09_06,DM09_07,DM09_08,DM09_09,DM09_10,DM09,DM10_01,DM10_02,DM10_03,DM10_04,DM10_04R,DM10_05,DM10_06,DM10_07,DM10_08,DM11_01,DM11_02,DM11_03,DM11_04,DM11_05,DM11_06,DM11_07,DM11,DM12_01,DM12_02,DM12_03,DM12_04,DM12_05,DM12_06,DM12_07,DM12,DM13_01,DM13_02,DM13_03,DM13_04,DM13_05,DM13_06,DM13_07,DM13,DM14_01,DM14_02,DM14_03,DM15_01,DM15_02,DM15_03,DM15_04,DM15_05,DM15_06,DM15_07,DM15_08,DM15,DM16_01,DM16_02,DM16_03,DM16_04,DM16_05,DM16_06,DM16_07,DM16_08,DM16_08a,DM16,DM17_01,DM17_02,DM17_03,DM17_04,DM17_05,DM17_06,DM17_07,DM17_08,DM17_09,DM17,DM18_01,DM19_01,LC01_01,LC01_02,LC01,LC02_01,LC02_02,LC02,LC03_01,LC03_03,LC03,LC04_01,LC04_02,LC04,LC05_01,LC05_02,LC05,LC06_01,LC06_02,LC06,LC07_01,LC07_02,LC07,LC08_01,LC08_02,LC08,LC09_01,LC09_02,LC09,LC10_01,LC10_02,LC10,LC11_01,LC11_02,LC11,LC12_01,LC12_02,LC12,LC13_01,LC13_02,LC13,LC14_01,LC14_02,LC14,LC15_01,LC15_02,LC15,LC16_01,LC16_02,LC16,LC17_01,LC17_02,LC17,LC18_01,LC18_02,LC18,LC19_01,LC19_02,LC19,LC20_01,LC20_02,LC20,LC21_01,LC21_02,LC21,LC22_01,LC22_02,LC22,LC23_01,LC23_02,LC23,LC24_01,LC24_02,LC24,LC25_01,LC25_02,LC25,LC26_01,LC26_02,LC26,LC27_01,LC27_02,LC27,LC28_01,LC28_02,LC28,LC29_01,LC29_02,LC29,LD01,LD02_01,LD02_01R,LD02_02,LD02_03,LD02_04,LD02_05,LD02_06,LD02_07,LD02_08,LD02_09,LD02_10,LD02_11,LD02_12,LD02_13,LD02_14,LD02_15,LD02_16,LD02_17,LD02_18,LD02_19,LD02_20,LD02_21,LD02_22,LD02_23,LD02_24,LD02_25,LD02_26,LD02_27,LD02_28,LD02_29,LD02_30,LD02_31,LD02_32,LD02_33,LD02_34,LD02_35,LD02_36,LD02_37,LD02_38,LD02_39,LD02_40,LD02_41,LD02_42,LD02_43,LD02_44,LD02_45,LD02_46,LD02_47,LD02_48,LD02_49,LD02_50,LD02_51,LD02_52,LD03_01,LD03_02,LD03_03,LD03_04,LD03_05,LD03_06,LD03_07,LD03_08,LD03_09,LD03_10,LD03_11,LD03_12,LD03_13,LD03_14,LD03_15,LD03_16,LD03_17,LD03_18,LD03_19,LD03_20,LD04_01,LD04_02,LD04_03,LD04_04,LD04_05,LD04_06,LD04_07,LD04_08,LD05_01,LD06,SO01_01,SO01_02,SO01_03,SO01_04,SO01_05,SO01_06,SO01_07,SO01_08,SO01_09,SO01_10,SO01_11,SO01_12,SO01_13,SO01_14,SO01_15,SO01_16,SO01_17,SO01_18,SO01_19,PV01_01,PV01_02,PV01_03,PV01_04,PV01_05,PV01_06,PV01_07,PV01_08,PV01_09,PV01_10,PV01_11,PV01_12,PV01_13,PV01_14,PV01_15,PV01_16,PV01_17,PV01_18,PV01_19,PV01_20,PV01_21,PV02_01,PV02_02,PV02_03,PV02_04,PV02_05,PV02_06,PV02_07,PV02_08,PV02_09,PV02_10,PV02_11,PV02_12,PV02_13,PV02_14,PV02_15,DP01_01,DP01_02,DP01_03,DP01_04,DP01_05,DP01_06,DP01_07,DP01_08,DP01_09,DP01_10,DP01_11,DP01_12,DP01_13,DP01_14,DP01_15,DP01_16,DP01_17,EC01_01,EC01_02,EC01_03,EC01_04,EC01_05,EC01_06,EC01_07,EC01_08,EC01_09,EC01_10,EC01_11,EC01_12,EC01_13,EC01_14,EC01_15,EC01_16,EC01_17,EC01_18,EC01_19,EC01_20,EC01_21,EC01_22,EC01_23,EC01_24,EC01_25,EC01_26,EC01_27,EC01_28,EC01_29,EC01_30,EC01_31,EC01_32,EC01_33,EC01_34,EC01_35,EC01_36,NB01_01,NB01_02,NB01_03,NB01_04,NB01_05,NB01_06,NB01_07,NB01_08,NB01_09,NB01_10,BD01_01,BD01_02,BD01_03,BD01_04,BD01_05,BD01_06,BD01_07,BD01_08,BD01_09,BD01_10,BD01_11,BD01_12,SS01,CT01,TIME001,TIME003,TIME004,TIME005,TIME006,TIME007,TIME008,TIME009,TIME010,TIME011,TIME012,TIME013,TIME014,TIME015,TIME016,TIME017,TIME018,TIME019,TIME020,TIME021,TIME_SUM,MAILSENT,LASTDATA,FM_SP,FM_DA,FM_AG,FM_AE,FM_AI,FM_S,FM_MS,FM_MRG,FM_MRB,FM_KCF,FM_KCC,bf_e,bf_a,bf_c,bf_n,bf_o,SOI_stmo,SOI_ltmo,pvd_infectability,pvd_germ,dp_dominance,dp_prestige,bd_total,n2b,ecr_avoidance,ecr_anxiety,DM11_all,DM12_all,DM13_all,childhood_stability,childhood_resources,current_resources,LOC_total
62,,,base,interview,4/5/24 0:50,1,0,21,21,0,0,0.72,1,,1,1,1,7,7,7,1,2,2,2,4,4,3,1,7,6,2,7,7,7,7,2,4,4,5,1,1,6,1,1,2,7,7,7,7,7,7,2,2,2,2,6,6,7,7,1,7,7,7,3,6,3,6,3,3,6,6,2,2,2,2,2,2,2,2,1,3,1,6,6,2,7,1,7,5,3,1,1,1,1,1,5,5,5,1,5,6,7,10,8,9,2,3,4,5,3,4,1,1,1,1,5,5,5,1,5,3,7,8,9,10,6,2,4,2,2,2,2,2,2,1,2,2,2,2,2,2,1,1,2,1,2,2,2,2,2,1,2,2,2,2,2,2,2,2,2,2,2,2,2,2,2,2,2,2,2,2,2,2,2,1,2,1,2,1,2,2,2,2,2,2,2,2,2,2,2,2,2,2,1,2,2,2,2,2,2,2,2,2,2,1,1,2,1,1,2,3,5,5,1,1,5,4,4,3,3,2,5,3,1,1,2,3,5,3,3,4,4,3,2,4,4,4,4,3,4,3,4,4,3,2,4,4,4,2,5,4,4,1,8,8,6,5,1,5,3,8,8,6,2,1,1,1,1,8,1,1,4,5,5,5,5,2,6,1,2,6,6,6,1,1,1,1,1,2,2,1,5,1,2,1,1,1,1,2,1,1,,1,1,53,19,30,1,1,1,1,1,2,1,1,1,2,1,1,1,1,1,1,1,1,2,1,1,1,1,1,1,1,1,1,1,1,2,1,1,1,6,3,2,3,5,3,6,4,7,2,1,1,1,1,1,1,1,2,1,1,1,1,1,1,1,1,1,1,1,1,2,1,1,4,4,4,2,1,1,1,1,1,1,1,1,2,1,1,1,1,1,1,1,,1,1,1,1,1,1,2,1,1,1,1,6',175,1,2,1,1,2,1,1,2,1,1,2,1,1,2,1,2,1,1,1,2,1,1,2,1,1,2,1,1,2,1,2,1,1,2,1,1,1,2,1,2,1,1,1,2,1,1,2,1,1,2,1,2,1,1,2,1,1,1,2,1,2,1,1,2,1,1,1,2,1,1,2,1,1,2,1,2,1,1,1,2,1,2,1,1,1,2,1,68,6,1,9,6,3,1,1,1,1,1,1,1,5,2,2,5,1,1,1,1,1,2,1,1,1,2,1,1,2,2,1,1,1,1,1,1,1,1,1,1,1,1,1,1,1,1,1,9,1,1,1,1,1,7,1,1,1,1,1,1,5,3,4,2,1,1,8,1,1,1,1,4,1,2,1,2,2,2,1,2,1,9 yrs this last time,1,1,3,1,5,1,1,3,1,1,3,4,4,4,3,3,3,2,4,4,2,7,7,7,7,4,5,7,6,6,3,6,7,1,2,5,7,4,7,7,4,7,2,7,2,6,1,2,1,1,1,6,6,5,6,1,5,4,1,5,4,3,3,2,3,5,1,7,1,2,5,2,1,,,,,,,,,,,,,,,,,,,,,,,,,,,,,,,,,,,,,,,,,,,,,,,,,,,,,,,,,,,4,2,7,10,13,724,226,191,819,253,113,130,1375,405,185,,,,221,50,348,5,5065,,4/5/24 2:15,,,,,,,,,,,,,,,,,,,,,,,,,,,,,,,,,
64,,,base,interview,4/5/24 0:52,1,0,21,21,0,0,1,2,,5,2,7,1,6,3,5,1,1,6,5,3,3,6,6,3,2,7,5,5,7,1,1,1,5,3,3,7,1,1,4,6,1,7,7,7,1,1,1,1,1,7,7,1,5,7,1,1,5,7,7,1,5,1,1,,,,,,,,,,,,,,,,,,,,3,5,3,1,1,5,3,5,3,4,6,7,5,9,10,1,3,4,8,2,3,3,3,1,1,5,3,2,2,5,7,8,3,9,10,1,5,6,4,2,2,2,2,2,2,1,2,2,1,1,2,1,2,2,2,2,1,2,2,2,1,2,2,2,2,1,1,2,1,2,2,2,2,2,2,2,2,2,1,2,2,2,2,2,2,2,2,2,2,2,1,2,2,1,2,2,1,2,2,2,2,2,2,2,2,1,2,2,1,2,1,2,2,1,2,2,1,2,2,1,1,3,2,5,1,5,4,5,4,5,5,5,2,5,2,5,4,1,1,1,5,4,4,5,5,5,5,3,4,4,5,5,5,5,5,5,5,1,5,1,4,1,5,4,5,9,9,7,7,9,7,8,9,9,9,8,8,9,9,1,4,8,5,7,7,6,7,7,1,5,6,4,3,7,1,7,5,6,6,3,6,2,3,5,2,2,1,1,2,1,1,1,1,,1,1,30,,25?,1,1,1,1,1,2,1,1,1,2,1,1,1,1,1,1,1,1,1,1,2,1,1,1,1,1,1,1,1,1,2,1,1,1,3,5,3,3,5,7,6,7,7,2,1,1,1,1,1,1,1,1,2,1,1,1,1,1,1,1,1,1,2,1,1,1,1,3,3,3,1,2,1,1,1,1,1,1,1,2,1,1,1,1,1,1,1,,1,2,1,1,1,1,1,1,1,1,1,5'4,330,1,2,1,1,2,1,1,2,1,2,1,1,1,2,1,2,1,1,2,1,1,1,2,1,2,1,1,1,2,1,2,1,1,1,2,1,2,1,1,1,2,1,2,1,1,1,2,1,2,1,1,2,1,1,2,1,1,2,1,1,2,1,1,2,1,1,1,2,1,2,1,1,1,2,1,1,2,1,1,2,1,2,1,1,1,2,1,61,1,0,1,2,1,1,1,2,1,1,2,4,1,1,1,1,1,2,1,1,1,1,1,2,1,4,1,11,1,2,3,1,2,4,5,12,1,12,4,2,1,1,1,1,2,1,3,1,1,1,1,1,1,8,1,1,2,1,6,1,1,4,4,5,1,1,1,1,1,8,1,1,3,1,1,2,2,2,2,1,2,0,3,,,,,,,,,,,,,,,,,,,,,,,,,,,,,,,,,,,,,,,,,,,,,,,,,,,,,,,,,,,,,,,,,,,,,,,,,1,1,1,1,1,1,2,1,7,1,7,1,5,1,1,1,1,1,1,7,1,7,1,1,1,7,7,7,7,7,7,1,7,7,7,6,5,1,5,1,1,1,5,1,3,1,7,3,5,3,1,7,1,7,3,3,3,2,8,1,5,13,2,400,145,111,517,161,106,106,,,,148,57,112,166,33,321,6,2409,,4/5/24 1:32,,,,,,,,,,,,,,,,,,,,,,,,,,23,,,,,,,
90,,,base,interview,4/5/24 1:32,1,0,21,21,1,1,1.86,2,,3,2,1,5,5,5,1,5,7,5,4,5,2,5,2,6,7,2,4,2,2,5,6,6,5,6,6,5,5,2,6,2,6,2,6,6,6,2,2,2,2,6,6,6,6,2,6,6,6,6,6,3,4,2,2,7,7,2,6,4,6,5,2,6,2,1,1,1,,,,,,,5,5,5,5,5,5,1,5,5,5,4,8,2,6,9,7,10,5,3,1,5,5,5,4,4,4,4,4,4,4,4,2,9,3,5,1,10,6,7,8,2,2,2,1,1,1,2,1,1,1,1,1,1,2,2,1,1,2,2,2,1,1,1,2,1,1,2,2,1,2,1,2,1,2,2,1,2,2,1,2,2,1,1,2,2,2,2,2,2,2,1,2,2,1,1,2,1,2,1,2,2,2,2,1,1,1,2,1,1,2,1,2,2,1,2,2,1,1,1,1,1,4,2,4,4,4,4,4,4,4,4,4,4,4,4,4,4,4,4,4,4,4,4,4,2,4,2,2,4,4,4,4,4,4,4,4,4,4,4,4,4,4,4,4,4,7,7,7,5,5,5,7,7,7,7,7,8,8,3,7,7,4,4,4,4,4,5,4,5,4,5,4,5,4,5,4,5,5,4,5,4,5,5,7,2,2,1,1,1,1,2,1,1,,1,1,25,,20,1,1,1,1,1,2,1,1,1,2,1,1,1,1,1,1,1,1,2,1,1,1,1,1,1,2,1,1,1,1,1,1,1,1,6,4,4,3,5,3,2,2,4,1,1,1,1,2,1,1,1,1,1,1,2,1,1,1,1,1,1,2,1,1,1,1,1,4,4,4,1,2,1,1,1,1,1,1,1,1,1,1,1,1,1,2,1,,1,1,1,1,2,1,1,1,1,1,1,5'5,140,1,2,1,1,2,1,1,2,1,1,2,1,1,2,1,2,1,1,2,1,1,2,1,1,2,1,1,2,1,1,1,2,1,1,2,1,2,1,1,1,2,1,2,1,1,1,2,1,1,2,1,2,1,1,2,1,1,2,1,1,2,1,1,2,1,1,2,1,1,1,2,1,1,2,1,2,1,1,2,1,1,2,1,1,2,1,1,41,2,1,2,2,2,2,1,1,1,1,1,1,1,1,1,1,1,1,1,1,1,1,1,1,1,2,1,2,2,1,1,1,1,12,12,7,1,8,2,4,11,6,1,1,1,1,3,1,1,1,1,1,1,8,1,1,4,1,6,6,5,1,3,6,2,2,8,-9,2,6,1,-9,1,2,2,2,-9,2,2,2,2,0,5,,,,,,,,,,,,,,,,,,,,,,,,,,,,,,,,,,,,,,,,,,,,,,,,,,,,,,,,,,,,,,,,,,,,,,,,,6,5,5,5,5,3,5,5,5,2,3,2,2,2,2,3,3,2,3,3,3,4,3,3,2,2,3,3,2,3,3,3,6,6,6,4,3,2,4,4,4,3,2,4,4,4,5,4,5,3,2,6,4,4,5,5,5,5,8,1,4,10,1,334,671,61,326,91,43,33,,,,317,30,30,120,8,94,3,1645,,4/5/24 2:09,,,,,,,,,,,,,,,,,,,,,,,,,,65,,,,,,,
114,,,base,interview,4/5/24 3:39,1,0,21,21,0,0,1.08,2,,2,1,1,7,7,7,1,6,5,5,6,5,6,4,4,6,7,3,5,2,3,6,6,7,1,6,5,6,7,7,7,4,7,7,7,7,7,1,1,1,1,7,7,5,5,2,5,5,5,1,1,1,7,7,7,7,7,1,7,7,7,5,7,7,6,2,1,1,,,,,,,3,1,5,5,5,5,1,5,5,5,7,8,2,5,3,6,10,4,9,1,5,1,5,1,5,1,5,3,1,3,4,7,1,6,2,9,3,8,10,5,2,2,2,1,1,1,2,1,1,1,1,1,2,2,2,2,1,2,2,2,1,1,1,2,1,1,2,2,2,1,1,2,1,2,2,1,2,2,1,2,1,2,2,2,1,2,2,1,2,2,1,2,2,1,2,2,1,2,1,2,2,2,1,1,2,1,2,1,1,1,1,2,1,1,2,2,1,1,1,1,1,4,2,4,5,3,4,4,3,2,5,2,1,4,4,5,4,4,1,2,5,2,5,4,2,1,1,2,5,5,5,4,5,4,2,4,4,2,4,5,2,2,5,2,4,7,5,5,3,1,3,9,4,1,4,1,3,3,3,8,7,6,6,5,5,4,4,3,4,7,5,-9,5,7,5,7,7,7,5,6,6,3,2,9,2,2,1,1,1,1,2,1,1,,1,1,23,,18,1,1,1,1,1,1,2,1,1,2,1,1,1,1,1,1,1,2,1,1,1,1,1,1,2,1,1,1,1,1,1,1,1,1,1,1,1,7,1,1,1,1,2,1,1,1,2,1,1,1,1,1,1,2,1,1,1,1,1,1,1,1,2,1,1,1,1,5,5,5,1,1,2,1,1,1,1,1,1,2,1,1,1,1,1,1,1,,1,1,1,1,1,1,2,1,1,1,1,"5""8",180,1,2,1,1,2,1,1,2,1,1,2,1,1,2,1,2,1,1,2,1,1,1,2,1,2,1,1,1,2,1,1,2,1,1,2,1,1,2,1,1,2,1,2,1,1,2,1,1,2,1,1,2,1,1,2,1,1,2,1,1,2,1,1,1,2,1,1,2,1,1,2,1,2,1,1,1,2,1,1,2,1,1,2,1,2,1,1,41,1,0,4,4,1,1,1,1,1,1,1,3,1,1,2,1,1,1,1,4,1,1,1,1,2,3,1,3,6,1,1,1,1,1,1,1,1,1,1,1,4,4,1,1,1,1,3,1,2,1,1,1,1,8,1,1,1,1,7,1,2,1,1,5,1,1,1,1,1,1,1,1,1,2,2,2,2,2,1,2,2,0,2,,,,,,,,,,,,,,,,,,,,,,,,,,,,,,,,,,,,,,,,,,,,,,,,,,,,,,,,,,,,,,,,,,,,,,,,,7,7,7,7,7,7,5,7,1,4,1,7,3,5,7,5,7,3,7,5,5,4,2,3,1,5,3,5,5,7,6,3,5,5,5,3,2,4,2,5,5,2,2,5,4,5,7,4,6,1,4,7,1,6,1,4,4,3,4,1,14,24,1,352,108,81,408,150,105,110,,,,120,33,174,106,44,472,7,2309,,4/5/24 4:18,,,,,,,,,,,,,,,,,,,,,,,,,,109,,,,,,,
157,,,base,interview,4/5/24 14:33,1,0,21,21,0,0,0.88,2,,5,4,6,4,3,3,5,4,4,4,4,4,2,4,5,4,4,5,5,4,5,2,4,4,3,2,2,2,3,2,4,6,2,6,5,6,4,3,3,5,3,5,5,5,5,4,4,5,5,4,3,3,5,5,5,,,,,,,,,,,,,,,,,,,,3,2,3,2,2,2,3,3,1,3,4,3,6,8,9,7,1,2,10,5,2,2,4,3,3,4,3,3,1,2,9,5,1,2,7,4,3,8,10,6,2,2,2,2,2,1,2,2,1,1,1,1,1,1,2,2,2,2,2,1,1,2,2,2,2,2,2,2,2,2,2,2,1,2,2,2,2,2,1,2,2,2,2,2,2,2,1,2,2,2,1,2,2,2,2,2,1,1,1,2,2,2,2,2,2,1,2,1,1,2,2,2,2,2,2,1,1,1,2,2,1,2,3,5,3,5,5,5,5,5,5,4,3,5,3,4,3,4,2,3,2,4,4,3,5,3,4,4,4,5,3,4,4,4,5,3,3,3,3,2,4,3,3,2,4,7,7,7,6,5,5,5,7,7,5,6,7,7,7,6,5,6,7,6,6,6,6,4,3,7,7,4,5,1,3,5,5,5,6,6,6,4,3,10,1,1,1,1,2,1,1,1,1,,1,1,37,,6,1,1,1,1,2,1,1,1,1,2,1,1,1,1,1,1,1,1,1,2,1,1,1,1,1,1,1,1,1,1,1,1,2,1,5,5,4,2,6,4,3,3,4,2,1,1,1,1,1,1,1,2,1,1,1,1,1,1,1,2,1,1,1,1,1,1,1,4,3,2,1,1,2,1,1,1,1,1,1,2,1,1,1,1,1,1,1,,1,2,1,1,1,1,1,1,1,1,1,"6'2""",235,1,2,1,1,2,1,2,1,1,2,1,1,2,1,1,2,1,1,2,1,1,1,2,1,2,1,1,2,1,1,2,1,1,2,1,1,2,1,1,2,1,1,2,1,1,2,1,1,1,2,1,1,2,1,2,1,1,1,2,1,1,2,1,2,1,1,1,2,1,1,2,1,1,2,1,1,2,1,1,2,1,2,1,1,1,2,1,58,1,0,2,1,1,1,1,1,1,1,1,1,2,1,1,1,1,1,1,1,1,1,1,1,1,1,1,3,1,1,1,1,1,2,2,1,1,1,1,1,2,2,1,1,1,1,1,1,1,1,1,1,1,1,1,1,1,1,2,1,1,1,3,5,1,1,1,1,2,8,1,1,4,2,2,1,2,1,2,2,2,0,2,3,4,4,4,4,4,3,2,2,3,4,4,4,2,2,4,2,4,3,3,3,4,6,2,2,2,2,3,6,4,5,6,2,4,2,4,5,6,3,2,4,2,3,4,5,2,3,2,3,2,4,4,5,6,4,7,3,1,5,5,1,2,7,4,4,2,1,5,6,6,4,2,,,,,,,,,,,,,,,,,,,,,,,,,,,,,,,,,,,,,,,,,,,,,,,,,,,,,,,,,,,5,1,6,6,2,345,119,91,397,3508,144,45226,155,303,112,,,,189,28,473,16,2660,,4/6/24 4:45,,,,,,,,,,,,,,,,,,,,,,,,,,,,,,,,,
174,,,base,interview,4/5/24 18:20,1,0,21,21,0,0,0.81,2,,3,1,1,1,1,1,1,5,6,5,6,5,6,6,7,5,2,7,5,5,7,5,6,7,3,2,3,5,1,1,6,6,3,7,7,7,6,1,1,2,1,6,7,2,5,6,2,2,6,5,5,2,3,3,3,7,7,2,3,2,5,2,3,2,2,1,3,1,,,,,,,3,2,4,4,3,1,1,5,1,5,7,6,3,4,5,8,10,2,9,1,1,1,4,2,5,4,5,2,1,2,8,7,4,5,1,3,2,9,10,6,2,2,2,2,1,1,2,1,1,1,1,2,1,2,2,2,2,2,2,1,1,1,1,2,2,1,2,2,2,2,2,2,2,2,1,1,2,2,1,2,1,1,2,2,2,2,2,2,1,2,1,2,2,1,2,2,1,2,1,2,2,2,2,2,2,2,2,2,1,2,1,2,2,1,1,2,1,1,2,1,2,4,2,5,1,5,4,5,4,5,5,3,1,5,2,5,4,4,2,2,4,3,4,3,5,3,4,2,5,1,5,3,5,4,5,4,4,2,4,3,4,5,5,5,5,8,7,7,5,2,6,7,7,4,6,6,7,7,7,3,3,5,5,5,6,7,6,6,2,6,4,4,7,7,1,6,6,4,6,5,5,2,1,11,1,1,1,1,1,1,2,1,1,,1,1,26,,5,1,1,1,1,1,1,2,1,1,1,1,1,1,2,1,1,1,1,2,1,1,1,1,1,1,1,1,1,1,1,1,1,2,1,6,6,4,5,3,3,5,5,7,1,2,1,1,1,1,1,1,1,2,1,1,1,1,1,1,1,1,2,1,1,1,1,1,7,7,7,1,2,1,1,1,1,1,1,1,1,1,1,1,1,1,2,1,,1,1,1,2,1,1,1,1,1,1,1,"5'11""",175,1,2,1,2,1,1,1,2,1,1,2,1,1,2,1,2,1,1,2,1,1,1,2,1,1,2,1,2,1,1,1,2,1,1,2,1,2,1,1,1,2,1,2,1,1,1,2,1,1,2,1,2,1,1,2,1,1,1,2,1,2,1,1,1,2,1,1,2,1,2,1,1,2,1,1,1,2,1,2,1,1,2,1,1,2,1,1,52,1,0,3,1,5,1,1,1,1,1,1,1,3,3,2,1,1,1,1,2,1,1,1,1,1,5,2,4,1,1,3,1,12,3,5,5,1,4,1,3,3,5,2,1,3,1,2,1,1,1,1,1,1,3,1,1,6,1,6,1,2,1,2,7,1,1,7,2,1,1,1,1,1,2,2,2,2,2,2,2,2,0,5,5,5,5,5,5,5,1,2,3,1,5,5,5,1,1,5,2,5,3,5,1,7,6,1,2,3,1,2,5,1,2,5,1,5,4,7,5,6,2,7,6,6,5,5,2,3,4,3,6,2,3,2,4,3,4,6,2,4,5,5,3,1,6,2,7,2,4,5,5,5,2,2,,,,,,,,,,,,,,,,,,,,,,,,,,,,,,,,,,,,,,,,,,,,,,,,,,,,,,,,,,,8,1,7,22,22,455,204,255,599,186,96,115,101,230,90,,,,231,28,215,4,2685,,4/5/24 19:08,,,,,,,,,,,,,,,,,,,,,,,,,,,,,,,,,
191,,,base,interview,4/6/24 0:27,1,0,21,21,0,0,0.75,2,,5,1,5,6,7,7,2,1,2,5,6,5,1,4,6,5,3,6,7,6,6,5,5,3,3,2,2,3,5,5,3,3,3,5,7,7,7,1,1,2,1,6,6,5,7,2,3,5,5,5,6,3,6,3,5,,,,,,,,,,,,,,,,,,,,4,3,4,2,3,3,2,2,1,4,5,4,3,7,2,6,9,8,10,1,2,2,5,4,5,3,5,4,4,3,8,10,7,5,2,3,1,6,4,9,2,2,2,2,2,1,2,2,1,1,1,2,1,2,2,2,2,2,2,1,1,1,2,2,2,1,1,2,1,2,1,2,2,1,2,2,2,2,1,2,2,2,2,1,1,2,2,2,2,2,1,2,2,1,2,2,1,2,1,1,2,2,2,2,2,1,2,2,1,2,1,1,2,2,2,2,1,2,1,2,1,2,2,4,4,5,5,4,4,2,5,2,1,2,4,5,4,5,5,1,5,5,4,5,4,5,2,5,4,1,5,5,4,3,4,2,1,2,4,2,5,2,2,4,5,8,8,5,3,1,2,4,6,5,4,6,8,5,6,3,9,7,6,6,7,4,5,4,7,5,1,1,5,5,6,7,3,4,5,6,7,2,1,12,1,1,1,1,2,1,1,1,1,,1,1,29,,8,1,1,1,2,1,1,1,1,1,1,1,2,1,1,1,1,1,2,1,1,1,1,1,1,1,1,1,1,1,1,1,1,2,1,2,1,1,7,1,1,6,5,7,1,1,1,1,1,2,1,1,1,1,1,1,1,1,2,1,1,1,1,1,1,2,1,1,4,6,4,1,2,1,1,1,1,1,1,1,1,1,1,1,1,1,1,2,Agnostic ,1,2,1,1,1,1,1,1,1,1,1,5'9,224,1,2,1,2,1,1,1,2,1,1,2,1,1,2,1,2,1,1,2,1,1,1,2,1,1,2,1,2,1,1,1,2,1,1,2,1,1,2,1,1,2,1,1,2,1,1,2,1,1,2,1,1,2,1,2,1,1,2,1,1,2,1,1,2,1,1,2,1,1,1,2,1,1,2,1,1,2,1,2,1,1,2,1,1,2,1,1,53,1,0,4,1,1,2,1,1,1,1,1,1,1,1,2,2,1,1,1,1,1,1,1,1,1,1,1,1,2,1,1,1,1,1,1,1,1,1,1,1,2,1,2,1,1,1,7,1,1,1,1,1,1,8,1,1,7,1,1,1,1,1,4,4,1,1,8,1,1,8,1,1,3,1,1,2,2,2,2,2,2,0,5,4,5,5,4,5,5,2,1,2,4,4,3,3,3,4,4,3,4,4,1,1,3,4,1,1,2,1,3,5,2,2,4,4,2,4,7,5,2,1,3,5,3,2,1,1,2,3,2,2,2,7,3,3,5,5,5,6,1,2,3,2,1,4,1,5,1,4,5,3,4,1,1,,,,,,,,,,,,,,,,,,,,,,,,,,,,,,,,,,,,,,,,,,,,,,,,,,,,,,,,,,,4,1,72,10,8,371,165,149,575,197,138,117,129,219,117,,,,230,37,326,5,2801,,4/6/24 1:15,,,,,,,,,,,,,,,,,,,,,,,,,,,,,,,,,
272,,,base,interview,4/7/24 8:33,1,0,21,21,0,0,1.15,2,,5,2,6,3,4,3,5,5,5,5,6,5,4,5,4,6,6,4,6,5,2,6,5,6,4,5,5,5,6,5,6,4,5,6,6,5,6,3,2,3,3,5,5,5,6,3,5,5,5,5,5,5,3,2,2,,,,,,,,,,,,,,,,,,,,4,4,5,3,4,4,4,5,3,3,4,8,2,7,1,3,5,6,10,9,1,1,5,5,5,5,5,5,1,5,7,8,1,5,2,6,3,4,10,9,2,2,2,1,2,1,2,2,1,2,2,2,2,2,2,1,1,2,2,2,1,1,2,2,2,1,1,2,2,1,1,2,1,2,2,2,2,1,1,1,1,2,2,1,1,2,1,2,2,2,1,2,2,1,1,2,1,2,1,1,2,2,2,2,2,1,2,1,1,1,1,2,2,1,2,2,1,2,1,1,1,4,5,5,4,3,4,4,4,4,3,3,4,5,4,4,4,4,1,4,4,5,4,2,4,3,3,4,4,4,4,4,3,4,4,4,4,4,4,3,3,2,4,2,3,7,6,6,6,5,5,7,7,6,6,6,7,7,7,8,7,6,5,6,6,6,6,6,5,2,2,1,3,7,5,5,4,5,5,5,5,4,4,16,2,2,1,1,2,1,1,1,1,,1,1,31,,2,1,1,1,1,2,1,1,1,1,2,1,1,1,1,1,1,1,1,2,1,1,1,1,1,1,1,1,1,1,1,1,1,2,1,3,3,3,5,3,5,5,4,4,1,1,1,1,2,1,1,1,1,1,1,1,2,1,1,1,1,1,1,1,2,1,1,1,4,4,4,1,1,1,1,1,1,2,1,1,1,1,1,1,1,1,1,2,Unsure,1,2,1,1,1,1,1,1,1,1,1,"5' 2""",125,1,2,1,1,2,1,1,2,1,1,2,1,1,2,1,2,1,1,2,1,1,1,2,1,2,1,1,1,2,1,1,2,1,1,2,1,2,1,1,2,1,1,2,1,1,2,1,1,2,1,1,2,1,1,2,1,1,1,2,1,2,1,1,1,2,1,2,1,1,1,2,1,2,1,1,1,2,1,1,2,1,2,1,1,2,1,1,46,1,0,6,2,2,1,1,1,1,1,6,4,1,1,3,1,1,1,1,2,1,1,1,1,2,6,2,2,2,1,2,1,1,3,2,2,1,2,6,2,2,2,2,1,3,2,2,1,2,1,1,1,1,8,1,1,2,1,4,2,4,2,3,3,1,1,1,3,1,8,8,2,2,2,1,2,2,2,1,2,1,0,4,,,,,,,,,,,,,,,,,,,,,,,,,,,,,,,,,,,,,,,,,,,,,,,,,,,,,,,,,,,,,,,,,,,,,,,,,6,6,5,6,6,5,5,6,3,2,3,5,4,5,4,5,5,3,5,3,6,4,4,3,3,2,4,4,5,4,4,4,4,3,5,3,2,4,3,5,4,3,1,4,4,4,6,2,6,3,3,5,2,5,3,5,5,2,4,1,18,7,3,213,82,52,365,2510,53,89,,,,115,36,77,207,22,202,16,1723,,4/7/24 9:40,,,,,,,,,,,,,,,,,,,,,,,,,,88,,,,,,,
360,,1083,SONA,interview,4/9/24 1:12,1,0,21,21,1,0,0.78,2,,5,2,6,5,7,6,7,7,7,7,7,4,3,7,6,7,7,2,5,3,5,6,7,7,3,4,5,3,5,5,5,3,6,7,7,2,7,1,1,1,1,7,7,6,7,3,7,4,5,4,5,3,1,5,6,,,,,,,,,,,,,,,,,,,,4,5,5,5,5,4,3,5,5,5,9,10,4,6,3,5,8,7,2,1,5,5,5,2,2,1,1,1,4,5,2,3,4,7,6,8,10,9,5,1,1,2,2,1,1,1,1,1,1,1,1,1,1,2,2,2,1,2,2,1,2,1,1,1,1,1,1,2,2,2,2,2,2,1,2,2,1,1,1,2,2,1,2,2,1,1,1,1,2,2,1,1,1,1,2,2,1,2,1,2,1,1,1,1,2,2,2,1,1,1,1,1,2,1,2,1,1,1,1,1,1,4,2,5,3,1,5,4,5,1,5,4,2,5,4,4,3,4,4,5,5,5,4,5,2,2,4,5,5,5,4,4,4,3,2,4,1,2,1,5,3,2,4,5,4,6,5,8,4,2,2,5,1,2,4,2,1,2,4,6,4,2,1,6,5,2,3,6,6,7,7,-9,-9,7,7,5,2,2,5,2,3,2,3,18,2,1,1,2,1,1,1,1,1,,1,1,18,,14,1,1,2,1,1,1,1,1,1,1,1,1,1,2,1,1,1,1,2,1,1,1,1,2,1,1,1,1,1,1,1,1,1,1,6,6,4,2,6,1,6,1,7,1,2,1,1,1,1,1,1,2,1,1,1,1,1,1,1,2,1,1,1,1,1,1,1,5,5,4,1,1,1,1,1,1,2,1,1,1,1,1,1,1,2,1,1,,1,2,1,1,1,1,1,1,1,1,1,170 cm,132.28 lbs,1,2,1,1,2,1,1,2,1,1,2,1,2,1,1,1,2,1,2,1,1,1,2,1,1,2,1,2,1,1,2,1,1,1,2,1,2,1,1,1,2,1,2,1,1,1,2,1,2,1,1,1,2,1,2,1,1,2,1,1,1,2,1,1,2,1,1,2,1,1,2,1,2,1,1,1,2,1,1,2,1,1,2,1,2,1,1,31,1,0,3,4,1,1,1,1,1,1,1,2,6,1,1,1,2,1,1,1,1,1,1,1,2,5,5,1,12,1,1,1,1,1,1,2,1,1,3,2,1,1,2,1,1,1,1,1,1,1,1,1,1,8,2,2,7,1,1,1,8,1,1,6,5,5,1,3,2,3,1,1,1,1,2,2,2,2,2,2,2,0,3,,,,,,,,,,,,,,,,,,,,,,,,,,,,,,,,,,,,,,,,,,,,,,,,,,,,,,,,,,,,,,,,,,,,,,,,,5,6,6,7,7,3,4,7,3,5,6,5,5,6,5,2,6,3,3,6,6,6,4,2,3,6,5,6,6,6,6,3,6,5,7,4,4,4,4,5,5,4,2,4,4,4,6,3,6,3,4,5,5,7,3,4,6,1,5,1,15,8,12,310,127,105,444,229,75,111,,,,199,88,209,374,37,255,22,2620,,4/9/24 1:56,,,,,,,,,,,,,,,,,,,,,,,,,,89,,,,,,,
375,,858,SONA,interview,4/9/24 5:16,1,0,21,21,0,0,1.06,2,,5,6,5,4,5,3,5,6,5,5,5,5,5,5,5,6,6,3,3,3,3,5,5,5,4,5,4,5,5,5,5,3,5,4,5,3,6,2,2,2,2,6,6,6,6,2,6,6,6,4,4,3,5,5,5,,,,,,,,,,,,,,,,,,,,4,2,5,3,4,3,3,4,4,5,7,10,2,9,6,8,5,3,4,1,3,1,5,5,5,1,1,1,1,5,5,10,2,4,3,9,8,7,6,1,1,2,2,1,1,1,1,1,1,1,1,1,1,2,2,2,1,2,2,1,1,2,1,1,1,1,2,2,2,2,1,2,1,1,1,1,1,2,1,1,2,2,2,1,1,1,2,2,1,1,1,1,1,1,2,2,1,2,2,2,1,1,2,1,2,2,2,2,1,1,1,1,1,1,2,2,1,1,1,1,1,2,3,5,2,2,5,5,4,5,5,2,1,5,3,4,3,3,2,4,4,4,2,4,3,3,2,2,5,3,4,5,4,5,5,3,2,3,3,4,4,3,4,2,2,9,7,8,6,4,4,9,6,3,7,6,6,8,8,8,8,8,5,5,6,7,7,4,3,7,7,3,3,3,7,7,7,7,7,7,7,7,7,20,1,2,1,1,1,2,1,1,1,,1,1,19,,11,1,1,2,1,1,1,1,1,1,1,2,1,1,2,1,1,2,2,1,1,1,1,1,1,2,1,1,1,1,1,1,1,1,1,5,2,1,3,5,6,4,4,5,1,2,1,1,1,1,1,1,1,1,2,1,1,1,1,1,1,1,1,2,1,1,1,1,6,6,5,1,1,1,1,1,1,2,1,1,1,2,1,1,1,1,1,1,,1,2,1,1,1,1,1,1,1,1,1,5'2,118,1,2,1,2,1,1,2,1,1,1,2,1,2,1,1,2,1,1,2,1,1,1,2,1,1,2,1,1,2,1,2,1,1,1,2,1,1,2,1,1,2,1,2,1,1,1,2,1,1,2,1,2,1,1,2,1,1,2,1,1,2,1,1,2,1,1,2,1,1,1,2,1,2,1,1,1,2,1,2,1,1,1,2,1,2,1,1,31,1,0,3,1,1,1,1,1,1,1,1,2,5,1,1,1,1,3,1,1,1,1,2,1,1,1,1,1,1,1,1,1,1,1,1,1,1,2,1,1,1,1,2,1,2,2,2,2,1,1,1,1,1,4,3,1,1,1,1,1,2,1,4,3,2,2,1,1,2,4,1,1,1,1,1,2,2,2,1,2,2,,4,1,2,2,2,2,3,5,1,5,5,5,5,5,2,1,5,2,5,2,2,7,7,7,7,5,3,7,4,7,5,7,4,6,5,6,7,7,4,4,4,5,4,5,7,4,4,4,4,4,4,2,4,5,4,3,5,3,1,7,5,4,1,4,2,7,3,7,5,5,4,3,4,,,,,,,,,,,,,,,,,,,,,,,,,,,,,,,,,,,,,,,,,,,,,,,,,,,,,,,,,,,4,1,43,7,2,209,103,105,423,152,82,80,103,242,70,,,,186,43,235,15,2064,,4/9/24 5:51,,,,,,,,,,,,,,,,,,,,,,,,,,,,,,,,,
403,,1062,SONA,interview,4/9/24 16:04,1,0,21,21,1,1,0.9,2,,5,4,5,4,1,6,4,6,4,7,6,6,6,4,4,5,6,4,6,6,5,3,4,4,4,5,6,5,6,7,6,2,7,1,6,6,6,2,2,2,2,6,6,6,6,2,6,6,6,6,6,3,3,5,3,,,,,,,,,,,,,,,,,,,,5,3,4,3,4,4,3,3,2,4,3,7,5,6,2,4,10,9,8,1,2,2,5,5,5,5,2,2,1,3,7,6,1,2,3,4,8,9,10,5,2,2,2,1,2,1,2,2,1,1,2,1,1,2,1,2,1,2,2,2,2,1,1,2,1,1,1,2,2,1,1,1,1,2,2,2,2,1,1,2,2,2,2,1,1,2,2,1,1,2,1,2,1,1,1,1,1,1,1,1,1,1,1,1,1,2,2,2,1,1,1,1,1,1,1,2,1,2,2,2,1,2,1,4,1,1,3,4,4,1,3,1,3,5,5,5,3,3,3,5,1,5,4,3,1,3,4,5,3,3,1,1,5,3,3,1,4,3,3,5,3,3,3,4,4,7,5,5,5,5,2,5,7,5,5,5,2,5,5,5,5,5,5,1,4,5,4,4,4,4,4,1,1,1,7,4,4,4,4,4,4,4,4,21,2,2,1,2,1,1,1,1,1,,1,1,18,,,1,1,2,1,1,1,1,1,1,1,2,1,1,1,1,1,1,2,1,1,1,1,1,1,1,1,1,1,1,1,1,1,2,1,3,2,4,5,3,4,7,4,5,1,1,2,1,1,1,1,1,1,1,1,1,2,1,1,1,1,1,1,1,2,1,1,1,1,1,1,1,1,2,1,1,1,1,1,1,1,1,1,1,1,1,1,2,Buddism,1,2,1,1,1,1,1,1,1,1,1,5'4,132,1,2,1,2,1,1,2,1,1,2,1,1,2,1,1,2,1,1,1,2,1,1,2,1,2,1,1,1,2,1,1,2,1,2,1,1,2,1,1,1,2,1,2,1,1,1,2,1,1,2,1,1,2,1,2,1,1,1,2,1,1,2,1,2,1,1,1,2,1,1,2,1,1,2,1,1,2,1,1,2,1,1,2,1,2,1,1,35,1,0,11,2,1,1,1,1,3,1,6,2,8,1,2,1,2,1,1,2,1,1,1,2,2,2,2,2,3,2,2,1,1,2,1,6,9,2,5,7,1,1,1,1,1,2,2,6,1,1,1,2,1,8,1,1,5,1,1,1,7,1,3,5,1,1,1,1,1,1,1,1,3,1,1,2,2,2,2,1,2,0,5,,,,,,,,,,,,,,,,,,,,,,,,,,,,,,,,,,,,,,,,,,,,,,,,,,,,,,,,,,,,,,,,,,,,,,,,,1,1,1,1,1,1,1,1,4,1,6,3,1,3,1,1,1,-9,1,1,1,-9,7,1,4,1,1,7,4,1,1,7,1,1,1,1,5,5,5,5,3,1,3,3,3,3,4,4,4,4,4,4,4,4,4,4,4,4,6,1,16,7,8,490,139,119,1349,486,64,203,,,,853,110,36,287,10,238,16,2537,,4/9/24 17:18,,,,,,,,,,,,,,,,,,,,,,,,,,16,,,,,,,
414,,875,SONA,interview,4/9/24 19:42,1,0,21,21,0,0,1.01,2,,3,4,1,1,7,2,1,6,6,6,5,4,3,4,6,4,5,4,5,4,4,6,6,6,4,4,3,7,4,4,5,4,4,7,7,7,7,1,1,1,1,7,7,4,6,6,3,4,5,5,7,1,6,3,1,7,7,1,1,1,1,4,2,2,2,6,7,1,,,,,,,5,5,5,4,4,4,1,5,4,5,7,8,3,4,5,6,10,2,9,1,5,5,5,5,5,5,1,5,5,5,7,8,4,5,6,9,10,1,2,3,2,2,2,1,2,1,2,1,1,1,2,1,2,2,2,2,1,2,2,1,1,1,1,2,1,1,2,2,1,1,1,2,1,1,2,1,2,2,1,2,1,2,1,2,1,1,2,1,1,2,1,2,2,1,2,2,1,1,2,2,2,2,2,1,2,1,2,1,1,1,1,1,1,1,1,2,1,1,1,1,1,3,3,5,1,5,5,5,2,5,5,5,2,5,3,5,5,5,1,1,5,5,5,1,5,5,5,3,5,2,3,5,5,5,5,5,1,1,4,5,3,4,4,2,1,9,9,9,5,5,5,9,9,7,9,9,9,9,9,3,9,1,1,5,7,7,7,7,1,7,7,1,7,7,5,7,7,7,7,7,7,4,4,21,1,2,1,1,1,1,2,1,1,,1,1,19,,10,1,1,1,2,1,1,1,1,1,1,2,1,1,2,1,1,2,1,1,2,1,1,1,1,1,1,1,1,1,2,1,1,1,1,7,6,6,1,7,6,7,7,7,1,1,1,1,1,1,2,1,1,1,1,1,1,2,1,1,2,1,1,1,1,1,1,1,5,5,5,1,1,1,1,1,1,1,2,1,1,1,2,1,1,1,1,1,,1,1,2,1,1,1,1,1,1,1,1,5'6,130,2,1,1,1,2,1,1,2,1,2,1,1,1,2,1,1,2,1,2,1,1,2,1,1,2,1,1,1,2,1,2,1,1,1,2,1,2,1,1,1,2,1,2,1,1,1,2,1,1,2,1,2,1,1,1,2,1,1,2,1,2,1,1,1,2,1,1,2,1,1,2,1,1,2,1,1,2,1,1,2,1,2,1,1,2,1,1,36,1,0,2,1,1,1,1,1,1,1,12,2,1,1,1,1,1,1,1,2,1,1,1,1,1,1,1,1,3,1,1,1,1,2,1,1,1,1,1,1,2,2,1,1,1,1,1,1,1,1,1,1,1,8,1,1,8,1,8,8,8,1,8,8,8,8,1,1,8,1,8,1,1,2,1,2,2,1,1,2,2,,2,2,2,1,4,4,4,4,4,3,5,5,5,5,1,1,5,1,5,1,7,7,7,7,1,7,4,7,7,7,7,7,7,4,7,7,7,7,7,1,7,7,1,7,6,1,1,4,1,4,1,1,1,1,7,1,7,1,1,7,7,1,1,4,1,4,1,1,1,5,7,1,1,,,,,,,,,,,,,,,,,,,,,,,,,,,,,,,,,,,,,,,,,,,,,,,,,,,,,,,,,,,5,1,12,15,5,346,132,102,391,161,58,125,101,170,75,,,,440,31,173,7,2084,,4/9/24 20:21,,,,,,,,,,,,,,,,,,,,,,,,,,,,,,,,,
454,,851,SONA,interview,4/10/24 16:02,1,0,21,21,0,0,1.39,2,,2,1,1,7,7,7,1,5,6,5,4,4,4,4,4,5,6,2,6,4,4,4,6,6,2,5,5,6,6,6,6,4,6,5,6,5,7,1,1,1,1,7,7,4,6,3,5,5,6,4,4,4,5,3,3,7,7,1,1,1,1,2,1,2,1,1,6,1,,,,,,,4,3,5,3,4,3,1,5,5,5,5,7,4,9,6,8,10,1,3,2,4,4,4,4,5,5,2,1,1,4,6,7,4,5,1,2,8,10,9,3,2,2,2,1,2,1,2,1,1,1,1,1,1,2,2,2,1,2,1,1,1,2,1,2,1,1,1,1,1,1,1,2,1,1,2,1,2,1,1,2,2,2,2,2,1,2,1,1,2,2,1,2,2,1,2,2,1,2,1,2,2,2,2,1,2,1,2,2,1,1,2,1,1,1,2,1,1,2,1,2,1,4,1,4,1,4,2,4,1,3,4,4,1,5,4,1,4,4,1,4,3,3,4,1,4,3,3,1,4,2,4,1,4,5,4,4,4,2,3,3,3,2,4,3,1,8,6,4,6,6,6,8,5,5,3,7,7,8,8,2,6,5,5,5,5,5,5,5,3,6,6,3,7,7,4,4,-9,5,5,5,5,5,3,23,2,2,1,1,1,1,2,1,1,,1,1,18,,2 months ,1,1,2,1,1,1,1,1,1,2,1,1,1,1,1,1,1,2,1,1,1,1,1,1,1,1,1,1,1,1,1,1,2,1,5,2,3,4,4,6,6,1,6,2,1,1,1,1,1,1,1,1,1,1,2,1,1,1,1,1,1,2,1,1,1,1,1,2,3,2,2,1,1,1,1,1,1,1,1,2,1,1,1,1,1,1,1,,1,1,1,1,1,1,2,1,1,1,1,"5,1",145,1,2,1,1,2,1,2,1,1,2,1,1,1,2,1,2,1,1,2,1,1,2,1,1,2,1,1,1,2,1,2,1,1,1,2,1,2,1,1,1,2,1,2,1,1,1,2,1,1,2,1,1,2,1,2,1,1,2,1,1,2,1,1,1,2,1,2,1,1,1,2,1,1,2,1,1,2,1,2,1,1,2,1,1,1,2,1,38,1,0,5,1,1,1,1,1,1,1,1,1,3,1,1,1,1,2,1,2,1,1,1,1,1,5,1,1,2,1,1,1,2,2,1,5,1,1,2,1,3,2,1,1,2,1,4,3,1,1,1,1,1,7,1,1,7,1,2,2,4,1,5,7,1,1,1,1,4,3,1,1,1,1,1,2,2,1,2,2,2,0,5,,,,,,,,,,,,,,,,,,,,,,,,,,,,,,,,,,,,,,,,,,,,,,,,,,,,,,,,,,,,,,,,,,,,,,,,,1,1,1,1,1,3,1,1,7,1,7,1,1,1,1,1,1,1,1,7,2,7,1,1,1,7,7,7,7,7,7,1,7,7,7,7,3,3,4,4,4,3,3,3,3,3,4,4,4,4,4,4,3,3,3,5,5,5,5,1,3,11,1,360,88,116,370,210,63,82,,,,119,38,63,177,24,226,5,1956,,4/10/24 16:35,,,,,,,,,,,,,,,,,,,,,,,,,,20,,,,,,,
460,,1109,SONA,interview,4/10/24 16:38,1,0,21,21,0,0,1.27,2,,2,1,1,1,1,1,1,1,5,6,6,6,5,4,5,6,4,3,2,2,2,6,6,2,2,2,2,4,2,2,5,3,4,3,6,6,7,7,1,1,1,7,7,7,7,2,7,7,7,5,5,5,1,1,1,7,7,4,5,5,2,2,4,2,2,2,2,2,,,,,,,5,5,5,5,5,5,1,5,4,5,2,9,5,6,7,8,10,4,3,1,3,3,5,5,5,5,3,3,1,5,5,6,4,2,3,9,7,8,10,1,2,2,2,2,2,1,1,1,1,1,1,1,2,2,2,2,1,2,1,2,1,1,1,1,1,1,1,2,2,2,1,2,1,1,2,2,2,2,1,2,1,1,1,2,1,2,1,1,1,1,1,2,2,1,1,2,1,2,1,2,2,2,1,1,2,1,2,2,1,1,1,1,1,1,2,2,1,1,1,1,1,4,3,4,1,4,3,4,3,4,4,4,2,4,4,4,4,4,2,4,4,2,4,2,2,2,2,2,2,2,2,3,4,4,4,4,4,3,4,4,4,4,4,4,3,9,6,9,9,7,5,9,9,6,6,7,9,8,8,8,8,8,8,5,5,5,5,6,6,7,7,4,7,7,7,7,7,7,7,7,7,7,4,24,1,2,1,1,1,2,1,1,1,,1,1,19,,16,1,1,1,2,1,1,1,1,1,1,2,1,1,2,1,1,2,1,1,2,1,1,1,1,1,1,1,1,1,2,1,1,1,1,3,2,2,2,6,5,7,6,5,1,1,1,2,1,1,1,1,1,1,2,1,1,1,1,1,1,1,2,1,1,1,1,1,1,1,1,1,2,1,1,1,1,1,1,1,1,2,1,1,1,1,1,1,,1,1,1,1,1,1,2,1,1,1,1,5'2,148,1,2,1,2,1,1,1,2,1,2,1,1,1,2,1,1,2,1,2,1,1,1,2,1,2,1,1,1,2,1,2,1,1,1,2,1,2,1,1,2,1,1,2,1,1,1,2,1,2,1,1,1,2,1,2,1,1,2,1,1,1,2,1,1,2,1,2,1,1,2,1,1,2,1,1,1,2,1,1,2,1,1,2,1,1,2,1,34,1,0,4,3,3,1,1,1,1,1,1,3,6,1,1,1,1,1,1,1,1,1,2,1,2,3,1,1,3,1,2,1,1,6,1,1,1,1,1,1,5,5,1,1,4,1,2,2,1,1,1,1,1,7,1,1,7,1,3,1,3,1,1,1,8,1,1,1,7,1,7,1,1,2,2,2,2,2,2,2,2,n/a,3,1,1,1,1,1,1,1,1,1,5,5,5,5,2,4,5,1,5,1,5,7,7,7,2,2,2,4,3,2,2,2,3,2,3,5,7,7,7,1,4,7,7,5,5,5,1,4,4,1,1,1,1,1,3,2,5,2,1,5,4,1,1,1,1,2,1,1,5,1,6,1,1,,,,,,,,,,,,,,,,,,,,,,,,,,,,,,,,,,,,,,,,,,,,,,,,,,,,,,,,,,,6,2,4,9,2,313,96,83,359,108,49,72,73,172,61,,,,151,35,203,36,1826,,4/10/24 17:09,,,,,,,,,,,,,,,,,,,,,,,,,,,,,,,,,
461,,863,SONA,interview,4/10/24 17:24,1,0,21,21,0,0,1.15,2,,5,1,1,1,7,6,1,5,4,6,6,4,4,6,6,6,5,4,4,5,5,5,5,6,3,4,4,4,3,3,4,5,3,5,6,5,5,7,7,1,1,7,7,6,6,4,5,5,5,5,7,6,2,2,2,,,,,,,,,,,,,,,,,,,,5,5,5,5,4,4,2,2,2,4,5,4,1,2,6,7,9,10,8,3,4,3,4,5,4,2,1,1,1,3,2,6,5,4,3,7,10,9,8,1,1,2,2,2,1,1,1,1,1,1,2,1,2,2,2,2,1,2,2,1,1,1,1,2,1,1,1,1,1,1,1,2,1,1,2,1,2,1,1,2,1,1,1,1,1,1,1,1,1,2,1,1,1,1,2,1,1,1,1,1,1,1,2,1,1,1,1,1,1,1,1,1,1,1,2,1,1,1,1,1,1,4,3,4,2,4,4,4,4,2,3,3,1,5,4,4,3,3,2,5,4,4,2,2,3,2,2,2,4,3,3,3,4,4,3,4,3,2,3,4,3,3,4,4,1,7,7,8,5,5,5,8,7,6,6,6,6,7,2,3,5,3,4,6,6,5,6,5,5,7,7,1,1,1,7,7,6,6,6,6,6,6,6,24,2,2,1,1,1,1,2,1,1,,1,1,19,,,1,1,1,2,1,1,1,1,1,1,1,1,1,2,1,1,1,1,1,2,1,1,1,1,1,1,1,1,1,1,2,1,1,1,5,4,3,3,5,4,1,4,4,1,1,1,2,1,1,1,1,1,1,1,2,1,1,1,1,1,1,2,1,1,1,1,1,5,5,5,1,1,1,1,1,1,1,2,1,1,2,1,1,1,1,1,1,,1,2,1,1,1,1,1,1,1,1,1,5 6',120,1,2,1,1,2,1,2,1,1,2,1,1,2,1,1,2,1,1,2,1,1,1,2,1,2,1,1,2,1,1,2,1,1,2,1,1,2,1,1,2,1,1,2,1,1,1,2,1,1,2,1,2,1,1,2,1,1,2,1,1,2,1,1,2,1,1,1,2,1,1,2,1,1,2,1,1,2,1,1,2,1,1,2,1,2,1,1,19,1,0,5,2,4,1,1,1,1,1,1,3,4,1,2,1,1,1,1,1,1,1,1,1,1,7,1,1,3,1,2,1,3,1,1,2,1,1,1,3,1,1,1,1,1,1,6,3,1,1,1,1,1,5,1,1,6,1,1,1,1,1,2,6,6,1,1,1,4,7,6,1,1,2,2,2,2,2,2,2,2,,4,,,,,,,,,,,,,,,,,,,,,,,,,,,,,,,,,,,,,,,,,,,,,,,,,,,,,,,,,,,,,,,,,,,,,,,,,1,1,1,1,1,1,1,1,1,1,1,1,1,1,1,1,1,1,1,1,1,1,1,1,1,1,1,1,1,1,1,1,1,1,1,1,3,3,3,4,4,3,3,4,3,3,5,5,4,5,4,5,3,3,4,5,5,3,8,1,29,13,2,241,96,99,392,154,79,65,,,,71,41,91,165,80,304,7,1876,,4/10/24 17:56,,,,,,,,,,,,,,,,,,,,,,,,,,30,,,,,,,
465,,1056,SONA,interview,4/10/24 18:40,1,0,21,21,1,0,0.63,2,,5,5,4,4,6,6,3,4,4,4,4,3,3,6,3,4,4,6,4,4,6,2,6,6,5,2,2,2,2,2,3,6,3,6,7,6,6,2,2,2,2,6,6,4,4,4,5,5,5,4,4,4,5,5,5,,,,,,,,,,,,,,,,,,,,1,1,3,3,1,1,1,1,1,5,6,7,2,3,4,5,8,9,10,1,4,3,5,5,5,1,1,1,1,5,5,6,1,2,3,7,8,9,10,4,1,2,2,1,2,1,2,1,1,1,2,1,1,2,2,2,2,2,1,1,1,1,1,1,1,1,1,2,1,2,1,1,1,1,2,1,1,1,1,2,1,1,2,2,1,2,2,2,1,2,1,1,1,1,2,2,1,2,1,2,1,1,1,1,1,1,2,2,1,1,1,1,1,1,1,1,1,1,1,2,1,3,3,5,1,3,4,5,4,4,4,3,2,5,3,3,3,4,2,3,4,5,5,2,4,3,3,4,5,3,3,4,5,5,4,5,2,1,4,4,3,3,4,2,2,9,8,9,8,1,1,8,8,6,5,5,5,5,5,3,7,8,9,5,5,6,7,6,3,7,3,-9,-9,7,7,6,6,6,6,6,6,5,6,25,1,2,1,1,1,2,1,1,1,,1,1,19,,18,1,1,2,1,1,1,1,1,1,1,1,1,1,2,1,1,1,2,1,1,1,1,1,1,1,1,1,1,1,1,1,1,2,1,3,2,3,4,4,5,5,5,5,1,2,1,1,1,1,1,1,1,1,1,2,1,1,1,1,1,1,1,2,1,1,1,1,5,5,5,1,1,1,1,1,1,1,2,1,1,2,1,1,1,1,1,1,,1,2,1,1,1,1,1,1,1,1,1,5'8,190,2,1,1,1,2,1,1,2,1,2,1,1,1,2,1,1,2,1,1,2,1,1,2,1,2,1,1,2,1,1,2,1,1,2,1,1,2,1,1,1,2,1,2,1,1,1,2,1,2,1,1,1,2,1,2,1,1,2,1,1,1,2,1,2,1,1,1,2,1,1,2,1,1,2,1,1,2,1,1,2,1,2,1,1,2,1,1,27,1,0,3,12,1,3,1,1,1,1,2,1,3,3,1,1,1,1,1,1,1,1,1,1,1,1,1,1,1,1,1,1,3,2,1,2,12,2,1,1,1,1,1,1,1,1,1,2,1,1,1,2,1,8,2,1,2,1,1,1,2,1,1,7,7,1,1,1,5,1,1,1,1,2,2,2,2,2,2,2,2,0,2,3,3,1,1,1,1,3,1,1,5,4,5,5,1,1,5,1,5,3,3,7,7,7,7,3,5,7,1,5,5,7,6,7,4,4,7,7,7,7,2,1,4,2,2,2,1,5,4,2,4,1,4,6,6,3,7,1,1,6,3,2,1,5,3,5,2,1,7,6,6,1,1,,,,,,,,,,,,,,,,,,,,,,,,,,,,,,,,,,,,,,,,,,,,,,,,,,,,,,,,,,,4,1,12,16,23,435,209,168,707,173,99,134,149,322,98,,,,315,63,374,77,3288,,4/10/24 19:36,,,,,,,,,,,,,,,,,,,,,,,,,,,,,,,,,
483,,871,SONA,interview,4/10/24 21:03,1,0,21,21,0,0,1.6,2,,3,4,2,4,6,5,4,5,5,4,5,6,5,6,3,6,5,6,6,5,6,4,1,4,5,4,5,5,6,6,6,4,5,6,6,6,6,2,3,2,2,6,6,5,6,2,5,6,5,5,5,5,3,3,3,7,7,1,7,7,7,7,7,7,7,1,5,1,,,,,,,4,3,4,3,3,2,2,4,2,3,3,7,1,5,4,9,8,2,10,6,2,2,4,4,4,4,4,1,1,3,6,9,2,4,1,7,3,8,10,5,1,2,2,2,2,1,1,1,1,1,1,1,1,2,2,2,2,2,2,2,1,1,1,2,1,1,1,2,2,2,1,2,2,1,2,1,2,2,1,2,1,2,1,2,2,1,2,1,1,2,1,2,2,1,2,2,1,2,1,1,2,2,2,1,2,2,2,1,1,1,1,1,1,2,2,2,1,2,1,2,1,1,1,3,3,4,4,4,3,3,4,2,1,3,4,4,3,4,2,5,5,5,4,4,3,3,2,2,3,4,3,4,3,4,4,3,1,3,4,4,4,2,3,4,3,6,7,5,2,4,2,7,8,1,4,5,4,4,4,7,7,6,6,4,4,5,5,5,3,6,6,1,5,7,5,3,3,1,5,5,5,3,1,26,1,1,1,1,1,1,2,1,1,,1,1,18,,12,1,1,1,2,1,1,1,1,1,1,1,2,1,2,1,1,2,1,2,1,1,1,1,1,1,1,1,1,1,2,1,1,1,1,5,3,3,4,4,3,6,2,4,2,1,1,1,1,1,1,1,1,1,2,1,1,1,1,1,1,2,1,1,1,1,1,1,5,5,5,1,1,1,1,1,1,1,2,1,1,1,1,1,1,1,2,1,,1,1,1,1,2,1,1,1,1,1,1,5'10,203,1,2,1,1,2,1,1,2,1,2,1,1,2,1,1,2,1,1,2,1,1,1,2,1,2,1,1,2,1,1,2,1,1,1,2,1,2,1,1,2,1,1,2,1,1,1,2,1,2,1,1,2,1,1,2,1,1,1,2,1,1,2,1,2,1,1,1,2,1,1,2,1,2,1,1,2,1,1,2,1,1,1,2,1,1,2,1,42,2,1,5,1,1,1,1,1,1,1,1,2,3,1,1,1,1,1,1,1,1,1,1,1,2,3,1,1,2,1,2,2,1,2,2,1,6,1,1,1,3,3,1,1,1,1,8,1,1,1,1,1,1,5,2,2,6,1,6,2,1,1,2,2,7,2,1,1,1,6,1,1,2,2,1,2,2,2,2,2,2,0,2,4,4,4,4,4,4,2,3,3,3,5,5,5,1,1,4,4,4,3,2,2,2,3,3,2,2,2,1,1,2,3,4,2,5,5,3,5,5,7,5,4,4,4,4,4,4,4,4,4,4,4,4,4,4,4,3,5,3,5,6,2,5,3,3,4,3,6,5,2,4,3,5,,,,,,,,,,,,,,,,,,,,,,,,,,,,,,,,,,,,,,,,,,,,,,,,,,,,,,,,,,,7,1,4,10,1,302,93,87,415,195,54,75,104,95,30,,,,186,18,164,4,1837,,4/10/24 21:34,,,,,,,,,,,,,,,,,,,,,,,,,,,,,,,,,
488,,894,SONA,interview,4/10/24 21:18,1,0,21,21,0,0,1.88,2,,5,4,3,7,3,4,1,1,7,3,3,4,2,5,7,4,4,3,4,6,7,1,4,3,6,5,1,4,4,4,4,6,1,5,6,7,1,1,4,3,4,3,4,5,4,4,3,4,3,2,3,4,3,3,4,,,,,,,,,,,,,,,,,,,,3,3,3,4,1,5,1,1,1,1,1,9,5,6,4,2,10,7,8,3,5,3,3,2,5,5,3,1,1,1,5,3,6,4,7,1,2,9,10,8,1,2,2,2,2,1,2,2,1,1,1,1,1,2,2,1,2,1,2,2,1,1,2,2,1,2,1,1,1,2,1,2,1,2,1,2,1,2,1,2,1,1,1,2,1,2,2,1,1,1,1,2,2,1,1,2,2,2,1,1,2,2,2,2,2,1,2,1,1,1,2,1,1,1,2,1,2,1,1,2,1,4,3,3,2,3,2,2,2,2,4,2,2,2,3,2,2,3,3,3,2,2,2,3,2,2,1,1,1,4,1,4,1,1,1,1,1,1,1,2,3,3,4,4,1,8,6,7,5,1,1,1,9,6,8,6,3,1,1,1,1,1,1,4,2,3,2,5,6,3,2,1,2,3,4,5,6,5,4,3,3,2,1,26,2,1,1,1,2,1,1,1,1,,1,1,19,,Too many have passed to remember ,1,1,1,2,1,1,1,1,1,1,1,1,1,2,1,1,1,1,1,1,2,1,1,2,1,1,1,1,1,1,1,1,1,1,2,1,1,7,1,2,4,1,2,1,1,2,1,1,1,1,1,1,1,1,1,2,1,1,1,1,1,1,1,2,1,1,1,5,5,5,1,1,1,1,1,1,1,2,1,2,1,1,1,1,1,1,1,,1,2,1,1,1,1,1,1,1,1,1,6ft,165,1,2,1,2,1,1,1,2,1,2,1,1,1,2,1,2,1,1,2,1,1,2,1,1,1,2,1,2,1,1,2,1,1,1,2,1,2,1,1,2,1,1,1,2,1,1,2,1,2,1,1,1,2,1,2,1,1,2,1,1,2,1,1,2,1,1,2,1,1,1,2,1,2,1,1,1,2,1,1,2,1,1,2,1,2,1,1,38,1,0,3,8,4,1,1,2,3,1,1,5,1,3,2,2,3,1,2,3,1,1,1,2,2,4,2,2,12,3,2,1,1,1,2,2,12,1,1,1,1,2,1,2,2,2,3,2,1,1,1,1,1,8,1,3,8,1,4,4,1,1,3,2,8,1,1,1,1,7,1,1,1,2,2,2,2,2,2,2,2,0,2,,,,,,,,,,,,,,,,,,,,,,,,,,,,,,,,,,,,,,,,,,,,,,,,,,,,,,,,,,,,,,,,,,,,,,,,,1,1,1,1,1,1,1,2,2,1,2,1,2,3,2,1,2,3,2,1,1,4,4,2,1,1,1,1,5,5,6,6,5,4,3,2,5,3,3,3,2,1,1,1,1,1,2,2,3,2,3,4,5,1,1,1,1,1,5,1,5,7,2,254,74,77,280,77,42,35,,,,59,30,18,145,36,64,5,1210,,4/10/24 21:39,,,,,,,,,,,,,,,,,,,,,,,,,,36,,,,,,,
489,,1108,SONA,interview,4/11/24 0:20,1,0,21,21,0,0,0.94,2,,2,1,1,1,1,7,1,4,3,2,4,4,5,5,2,6,7,1,3,2,2,4,3,5,5,2,7,6,7,7,7,2,7,4,4,4,5,2,2,3,2,6,6,6,6,3,4,5,5,2,2,2,2,5,5,7,7,1,7,7,7,5,6,4,5,1,2,1,,,,,,,4,2,4,3,5,3,1,5,2,3,5,6,4,7,2,8,10,1,9,3,3,3,4,5,5,5,5,1,3,5,8,7,3,4,2,5,6,10,9,1,2,2,2,1,2,1,2,2,1,1,2,1,2,2,2,2,1,2,2,1,1,2,1,2,2,1,2,2,2,2,1,2,1,2,2,2,2,2,1,2,2,2,2,2,2,2,1,2,2,2,1,2,2,1,2,2,1,2,2,2,2,2,2,1,2,1,2,1,1,1,1,1,1,1,2,2,1,2,1,2,1,3,2,4,4,3,2,4,5,3,4,2,1,5,4,4,3,5,4,5,4,3,2,3,2,3,1,3,1,5,5,4,3,3,4,4,3,4,5,5,5,1,3,5,1,7,4,3,2,5,4,7,6,5,7,9,2,2,3,9,7,5,5,5,5,3,3,5,3,4,3,1,7,1,7,4,2,4,5,3,5,2,1,27,1,2,1,1,1,1,2,1,1,,1,1,19,,"When i was 5, 2 died, and when i was 9, 1 died",1,1,1,2,1,1,1,1,1,1,2,1,1,2,1,1,2,1,2,1,1,1,1,1,1,1,1,1,1,2,1,1,1,1,3,3,3,4,4,4,6,3,3,1,1,1,1,2,1,1,1,1,1,1,1,1,2,1,1,1,1,1,1,1,2,1,1,7,7,7,1,1,1,2,1,1,1,1,1,1,1,1,1,1,1,2,1,,1,1,1,1,1,2,1,1,1,1,1,5'7,140,1,2,1,2,1,1,1,2,1,1,2,1,1,2,1,1,2,1,2,1,1,1,2,1,2,1,1,2,1,1,2,1,1,1,2,1,2,1,1,2,1,1,1,2,1,1,2,1,1,2,1,1,2,1,2,1,1,2,1,1,2,1,1,1,2,1,2,1,1,2,1,1,2,1,1,1,2,1,1,2,1,1,2,1,1,2,1,52,5,1,11,3,2,3,1,2,1,1,1,2,1,1,1,1,1,2,1,1,12,1,1,1,1,2,1,3,3,1,1,2,1,1,1,2,1,3,12,2,5,6,1,1,2,1,7,1,1,1,1,1,1,8,1,1,7,1,1,1,2,1,4,7,7,1,1,1,1,4,1,1,2,1,2,2,2,2,1,2,2,'0 ,3,1,3,2,3,4,3,2,1,3,4,5,5,5,1,1,5,1,5,3,4,3,6,6,1,5,4,1,3,5,5,6,5,2,5,6,7,6,6,3,2,2,7,7,1,2,4,4,4,3,2,2,2,6,4,2,4,4,2,5,2,2,2,3,2,3,2,5,4,3,4,3,5,,,,,,,,,,,,,,,,,,,,,,,,,,,,,,,,,,,,,,,,,,,,,,,,,,,,,,,,,,,4,1,25,11,4,299,141,133,430,127,69,77,93,199,78,,,,238,31,337,18,2310,,4/11/24 0:59,,,,,,,,,,,,,,,,,,,,,,,,,,,,,,,,,
549,,865,SONA,interview,4/12/24 1:18,1,0,21,21,9,9,0.74,2,,5,5,4,3,4,2,4,3,3,3,5,6,3,4,6,5,6,3,6,5,5,5,5,5,5,5,5,5,5,3,6,3,5,6,6,5,6,2,2,1,2,6,6,5,5,2,5,5,6,3,6,5,4,3,3,,,,,,,,,,,,,,,,,,,,3,3,4,3,4,2,2,3,4,5,4,5,3,6,2,10,9,8,7,1,1,1,4,4,5,3,1,1,1,4,6,7,4,3,1,5,10,9,8,2,2,2,2,1,2,1,1,1,1,1,1,1,1,2,2,2,1,2,2,2,2,1,1,2,1,1,2,2,1,2,1,2,1,1,2,2,1,1,1,1,2,2,2,2,2,2,1,1,2,2,1,1,1,1,2,2,1,1,1,2,1,1,2,1,2,2,2,2,1,1,1,1,2,1,1,2,1,2,1,2,1,4,4,4,3,3,5,4,4,2,4,2,3,4,4,2,1,4,3,2,4,4,4,4,2,3,3,2,4,4,4,4,4,4,2,4,2,4,2,4,3,2,4,2,3,7,5,5,4,3,3,7,5,4,4,3,6,8,3,3,4,7,6,4,5,3,5,4,3,7,4,1,4,7,6,5,5,4,3,4,4,3,2,27,2,2,1,1,1,2,2,1,1,,1,2,19,,My grandpa died when I was nine. And my grandma died when I was 16. ,1,1,1,2,1,1,1,1,1,1,2,1,1,2,1,1,2,2,1,1,1,1,1,1,1,1,2,1,1,1,1,1,1,1,3,1,1,6,2,4,2,2,3,1,1,1,1,2,1,1,1,1,1,2,1,1,1,1,1,1,1,1,1,2,1,1,1,5,5,5,1,1,1,1,1,1,1,2,1,1,1,1,1,1,1,1,2,None,1,2,1,1,1,1,1,1,1,1,1,5'8,190,1,2,1,1,2,1,1,2,1,1,2,1,1,2,1,2,1,1,2,1,1,1,2,1,2,1,1,2,1,1,1,2,1,1,2,1,2,1,1,2,1,1,2,1,1,1,2,1,2,1,1,2,1,1,2,1,1,2,1,1,2,1,1,1,2,1,2,1,1,1,2,1,2,1,1,1,2,1,1,2,1,1,2,1,1,2,1,38,1,0,5,1,1,1,1,1,1,1,1,4,3,1,1,1,1,1,1,2,1,1,2,2,1,1,1,1,3,3,1,1,5,2,2,2,1,1,1,1,1,1,1,1,1,1,1,3,1,1,1,1,1,6,1,1,1,1,1,1,1,1,5,6,1,1,1,2,1,1,1,1,2,1,2,2,2,2,2,2,2,0,3,,,,,,,,,,,,,,,,,,,,,,,,,,,,,,,,,,,,,,,,,,,,,,,,,,,,,,,,,,,,,,,,,,,,,,,,,-9,-9,-9,-9,-9,5,-9,-9,-9,-9,2,-9,-9,-9,-9,-9,-9,-9,-9,-9,-9,-9,-9,-9,-9,-9,-9,-9,-9,-9,-9,-9,-9,-9,-9,-9,4,4,4,5,4,2,4,3,4,4,5,5,4,5,3,7,4,4,2,3,3,2,5,1,16,10,16,545,199,211,698,174,107,139,,,,82,45,91,419,70,428,17,3224,,4/12/24 2:13,,,,,,,,,,,,,,,,,,,,,,,,,,-107,,,,,,,
578,,1079,SONA,interview,4/12/24 16:39,1,0,21,21,0,0,1.46,2,,5,5,5,3,7,5,3,6,3,5,7,6,5,3,3,7,5,2,3,5,2,5,5,5,3,5,5,6,7,5,5,3,7,5,5,3,5,5,3,5,3,6,5,7,7,3,7,5,5,6,6,7,2,2,2,,,,,,,,,,,,,,,,,,,,5,5,5,3,5,3,2,2,1,4,5,3,1,7,2,6,8,9,10,4,3,3,5,5,5,1,1,1,1,2,4,5,3,2,1,7,10,9,8,6,1,2,1,2,1,2,2,1,1,1,1,1,1,2,2,2,1,2,2,1,1,1,1,2,1,1,2,2,1,2,2,1,2,1,1,1,2,2,1,2,2,2,2,2,2,2,2,1,2,2,1,2,2,1,2,2,1,2,2,2,2,1,2,1,2,1,2,2,1,1,1,1,1,1,2,2,1,2,1,1,1,4,5,1,4,4,4,2,5,2,5,1,2,2,5,3,4,5,5,5,5,2,4,5,2,2,4,4,2,5,5,4,2,4,5,2,4,5,2,5,5,1,4,5,4,3,7,4,3,6,2,4,8,3,6,1,5,8,8,9,9,6,5,6,7,7,4,3,5,3,1,1,1,2,3,6,6,6,7,7,7,4,1,28,1,2,1,1,1,1,2,1,1,,1,1,21,,7,1,1,1,1,2,1,1,1,1,1,2,1,1,2,1,1,2,1,2,1,1,1,1,2,1,1,1,1,1,1,1,1,1,1,4,4,3,4,4,5,7,4,3,1,1,2,1,1,1,1,1,2,1,1,1,1,1,1,1,1,2,1,1,1,1,1,1,7,7,7,1,2,1,1,1,1,1,1,1,1,1,1,1,1,1,1,2,N/a,1,2,1,1,1,1,1,1,1,1,1,5'4,198,2,1,1,2,1,1,1,2,1,1,2,1,1,2,1,2,1,1,2,1,1,2,1,1,2,1,1,1,2,1,1,2,1,2,1,1,1,2,1,1,2,1,1,2,1,2,1,1,1,2,1,2,1,1,2,1,1,2,1,1,2,1,1,1,2,1,2,1,1,1,2,1,2,1,1,1,2,1,2,1,1,1,2,1,1,2,1,42,3,1,5,1,7,1,2,1,1,1,1,5,7,1,3,1,1,1,1,3,1,1,2,2,1,1,2,1,1,1,2,2,7,5,3,9,3,1,2,1,1,2,1,1,1,2,6,4,1,1,1,1,1,5,1,1,3,1,1,1,6,1,4,8,1,1,1,1,3,1,1,1,5,2,2,2,2,2,1,2,2,0,2,4,3,3,5,5,5,2,4,4,4,2,4,4,4,2,3,2,4,5,1,3,5,7,1,3,2,1,2,5,4,6,7,3,5,3,7,5,6,1,7,5,7,4,5,3,7,5,7,4,6,1,1,1,1,2,3,5,2,4,7,4,3,3,3,1,1,2,7,4,3,5,5,,,,,,,,,,,,,,,,,,,,,,,,,,,,,,,,,,,,,,,,,,,,,,,,,,,,,,,,,,,4,1,6,6,1,150,105,95,402,141,94,220,62,121,54,,,,116,20,220,7,1820,,4/12/24 17:09,,,,,,,,,,,,,,,,,,,,,,,,,,,,,,,,,
670,,895,SONA,interview,4/14/24 20:00,1,0,21,21,1,0,1.37,2,,5,5,5,2,4,4,3,3,3,2,2,2,2,2,6,5,3,5,5,2,6,5,6,6,3,2,2,5,2,2,2,5,2,5,5,5,5,2,2,2,2,5,5,4,3,5,3,3,3,5,5,3,5,5,5,,,,,,,,,,,,,,,,,,,,3,3,3,4,2,2,4,5,4,5,10,9,5,2,6,7,4,3,8,1,5,1,5,4,4,3,1,1,1,1,4,10,2,3,1,6,8,7,9,5,2,2,2,1,2,1,1,1,1,1,1,1,1,2,2,2,2,1,2,2,1,1,1,2,1,2,1,2,2,2,1,2,1,1,1,1,2,2,1,2,2,2,1,2,2,2,2,1,1,2,1,2,2,1,2,2,1,2,1,2,2,2,2,1,2,1,2,1,1,1,1,1,1,1,1,2,1,1,1,1,1,4,2,4,1,2,4,4,4,2,5,4,1,5,2,2,3,5,2,2,4,3,4,1,4,2,2,2,4,2,2,2,4,4,4,5,4,2,4,2,4,2,4,2,2,5,7,7,3,3,3,8,6,2,5,9,5,5,5,3,3,5,6,5,5,4,5,7,3,7,7,4,4,1,4,4,5,5,5,3,3,2,2,28,2,1,1,1,1,1,2,2,1,,1,2,19,,14,1,1,2,1,1,1,1,1,1,1,2,1,1,1,1,1,1,1,1,2,1,1,1,1,1,1,1,1,1,1,2,1,1,1,3,1,1,5,3,6,6,6,6,1,1,1,2,1,1,1,1,1,2,1,1,1,1,1,1,1,1,2,1,1,1,1,1,5,5,5,1,1,1,1,1,1,2,1,1,1,1,1,1,1,1,2,1,,1,2,1,1,1,1,1,1,1,1,1,6ft,205,1,2,1,1,2,1,1,2,1,1,2,1,2,1,1,1,2,1,2,1,1,1,2,1,1,2,1,2,1,1,1,2,1,2,1,1,2,1,1,1,2,1,1,2,1,2,1,1,2,1,1,2,1,1,2,1,1,2,1,1,2,1,1,1,2,1,1,2,1,2,1,1,2,1,1,1,2,1,1,2,1,2,1,1,2,1,1,38,1,0,2,1,1,1,1,1,1,1,1,1,1,1,1,1,1,1,1,2,1,1,1,1,2,2,1,1,1,1,2,1,1,2,5,2,1,1,1,2,2,2,1,1,1,1,8,1,1,1,1,1,1,7,1,1,7,1,1,4,-9,1,4,6,8,1,1,1,1,1,1,1,1,1,1,2,2,2,2,2,2,,4,,,,,,,,,,,,,,,,,,,,,,,,,,,,,,,,,,,,,,,,,,,,,,,,,,,,,,,,,,,,,,,,,,,,,,,,,3,3,3,2,2,3,1,1,6,1,6,2,1,1,1,1,1,1,1,1,1,6,1,1,1,6,6,6,6,5,5,1,6,6,6,6,4,2,1,4,3,2,2,2,2,2,3,5,2,5,5,6,2,4,1,1,4,4,6,1,4,7,2,242,80,96,335,129,67,85,,,,112,44,83,144,22,241,5,1698,,4/14/24 20:29,,,,,,,,,,,,,,,,,,,,,,,,,,31,,,,,,,
700,,850,SONA,interview,4/15/24 17:39,1,0,21,21,0,0,0.86,2,,2,1,1,7,7,7,1,5,1,5,7,7,3,4,4,4,7,3,2,5,3,4,3,4,6,7,6,5,7,7,7,2,7,5,6,6,7,3,1,5,2,5,5,7,6,1,7,7,7,4,3,3,6,6,6,7,7,1,6,6,6,6,6,6,3,1,1,1,,,,,,,5,3,4,3,5,4,1,5,5,5,6,8,2,7,5,9,10,1,4,3,5,3,5,5,5,5,5,1,1,4,6,7,4,3,1,5,2,10,9,8,2,2,2,1,2,1,1,2,1,1,1,1,2,2,2,1,1,2,1,1,1,1,2,2,1,1,1,2,1,2,1,2,2,1,2,2,2,2,1,1,2,2,1,2,1,2,2,1,2,2,1,2,2,1,2,2,1,2,1,2,1,2,2,1,1,1,2,1,1,1,1,1,1,1,1,2,1,1,1,1,1,4,3,5,5,2,3,4,4,1,5,3,2,5,5,4,2,2,2,5,5,4,5,4,3,2,4,3,4,5,5,5,5,5,4,5,4,3,4,5,4,2,4,5,4,9,4,7,6,3,4,7,5,7,7,5,4,8,9,8,4,8,5,7,4,2,3,6,4,7,1,-9,7,7,7,4,4,4,6,6,6,1,1,29,2,2,1,1,1,2,2,1,1,,1,2,18,,I have CPTSD so I don't remember anything from childhood ,1,1,2,1,1,1,1,1,1,1,2,1,1,2,1,1,2,1,2,1,1,1,1,1,1,1,1,1,1,1,1,1,2,1,1,1,1,7,1,1,1,1,1,1,1,1,1,1,2,1,1,1,1,1,1,1,1,2,1,1,1,1,1,1,1,2,1,3,2,2,2,1,1,1,1,1,1,1,1,1,2,1,1,1,1,1,1,,1,1,1,1,1,2,1,1,1,1,1,5'5,245lb,1,2,1,1,2,1,2,1,1,1,2,1,1,2,1,1,2,1,2,1,1,1,2,1,1,2,1,2,1,1,2,1,1,1,2,1,2,1,1,1,2,1,2,1,1,1,2,1,2,1,1,2,1,1,2,1,1,2,1,1,2,1,1,1,2,1,2,1,1,1,2,1,2,1,1,1,2,1,2,1,1,2,1,1,2,1,1,36,2,1,12,1,1,1,1,1,1,1,1,2,1,1,1,1,1,2,1,2,1,1,1,1,1,5,1,1,2,1,2,1,1,12,7,2,5,1,12,2,4,4,4,1,1,1,1,1,1,1,1,1,1,8,1,1,1,1,1,5,1,1,5,6,1,1,1,1,2,1,8,1,1,1,1,2,2,2,1,2,2,0,6,,,,,,,,,,,,,,,,,,,,,,,,,,,,,,,,,,,,,,,,,,,,,,,,,,,,,,,,,,,,,,,,,,,,,,,,,7,7,7,7,4,7,7,7,3,1,3,1,2,5,6,1,7,1,1,7,1,7,1,1,1,7,7,7,7,7,7,1,7,7,7,7,2,5,5,5,5,4,2,5,5,5,7,4,5,2,4,7,4,2,2,7,7,2,4,1,16,7,7,382,111,95,436,138,70,127,,,,183,82,121,299,33,316,19,2442,,4/15/24 18:20,,,,,,,,,,,,,,,,,,,,,,,,,,87,,,,,,,
711,,869,SONA,interview,4/15/24 19:33,1,0,21,21,0,0,1.14,2,,5,1,1,1,7,7,1,5,7,6,5,2,6,6,2,6,1,7,1,1,6,4,5,5,7,1,1,5,1,1,1,7,1,3,2,2,7,1,1,1,1,7,7,7,4,4,1,1,1,7,7,7,1,1,1,,,,,,,,,,,,,,,,,,,,1,5,4,3,1,5,1,5,1,5,8,3,6,5,4,2,10,7,9,1,1,1,5,5,5,5,1,1,1,3,6,7,3,2,1,4,10,9,8,5,2,2,2,2,2,2,2,1,1,1,2,1,1,2,1,2,2,2,2,1,1,2,1,2,1,1,2,2,2,2,1,2,2,1,2,1,2,1,1,2,2,2,2,2,1,1,2,1,2,2,1,2,1,1,2,2,1,1,1,2,1,1,2,1,2,1,2,2,1,1,2,1,2,1,2,2,1,2,1,1,1,5,4,5,1,5,1,5,1,5,5,5,4,5,1,5,5,5,1,1,5,5,5,1,5,5,5,1,5,1,1,5,5,5,5,3,5,1,5,1,5,5,5,1,1,9,9,9,6,5,4,9,9,9,9,9,9,6,6,1,1,7,8,7,7,7,7,7,1,7,7,4,4,4,4,7,7,7,5,1,1,6,7,29,1,1,1,1,1,1,1,1,2,arab,1,1,19,,13/17,1,1,1,2,1,1,1,1,1,1,2,1,1,1,1,1,1,1,2,1,1,1,1,1,1,1,1,2,1,1,1,1,1,1,2,1,1,6,2,6,4,7,7,2,1,1,1,1,1,1,1,1,1,1,2,1,1,1,1,1,1,1,2,1,1,1,1,5,5,5,1,1,1,1,1,1,2,1,1,1,1,1,1,2,1,1,1,,1,2,1,1,1,1,1,1,1,1,1,"6'3""",280,1,2,1,1,2,1,1,2,1,1,2,1,1,2,1,1,2,1,2,1,1,1,2,1,2,1,1,1,2,1,1,2,1,1,2,1,2,1,1,1,2,1,2,1,1,2,1,1,2,1,1,2,1,1,2,1,1,1,2,1,2,1,1,2,1,1,2,1,1,1,2,1,2,1,1,2,1,1,1,2,1,2,1,1,1,2,1,44,5,1,5,3,8,3,3,2,1,1,12,3,5,2,1,1,1,2,1,1,1,1,4,2,2,1,1,1,3,1,3,1,1,3,1,1,5,1,12,5,1,1,2,1,3,2,2,12,1,1,1,1,1,7,1,1,7,-9,1,1,5,1,5,6,1,1,1,1,8,3,1,1,3,1,1,2,2,1,1,2,2,0,4,1,1,1,1,1,1,5,1,1,5,1,5,5,1,1,5,1,5,4,7,7,7,7,7,7,1,7,1,7,7,7,3,7,7,4,7,7,4,7,7,7,7,4,7,1,7,6,7,7,7,7,1,1,2,1,6,2,4,6,6,1,6,6,7,4,6,4,7,7,7,1,1,,,,,,,,,,,,,,,,,,,,,,,,,,,,,,,,,,,,,,,,,,,,,,,,,,,,,,,,,,,4,1,8,5,1,520,242,110,558,148,77,78,124,149,104,,,,183,23,322,10,2662,,4/15/24 20:18,,,,,,,,,,,,,,,,,,,,,,,,,,,,,,,,,
762,,,base,interview,4/17/24 0:04,1,0,21,21,0,0,0.91,1,,1,1,1,7,7,7,1,6,6,5,6,2,4,6,5,7,5,3,4,5,6,5,5,6,5,4,5,6,6,5,5,3,6,5,7,6,6,2,1,1,1,6,6,6,6,2,6,6,6,2,2,2,6,6,6,7,7,1,5,2,3,2,5,2,5,2,3,2,7,6,1,7,1,7,4,2,4,3,4,4,1,5,5,5,8,9,3,4,6,5,10,2,1,7,1,1,5,3,5,3,5,5,1,2,10,9,1,6,4,7,2,3,8,5,2,2,2,1,2,2,2,1,1,2,2,1,2,2,2,2,2,2,2,2,2,2,2,2,1,2,2,2,2,2,2,2,2,2,2,1,2,2,1,2,2,2,1,2,1,2,1,2,2,2,1,2,2,2,2,2,2,2,2,1,2,2,1,1,2,1,2,2,1,2,1,2,2,1,1,2,1,1,1,2,1,5,4,5,4,5,2,5,3,1,5,4,1,5,4,4,5,4,2,4,5,2,4,1,2,4,5,2,5,4,3,2,5,5,2,5,5,2,4,2,4,3,5,5,1,9,8,8,5,4,6,9,8,8,8,5,7,4,2,5,7,5,5,6,5,4,5,4,1,4,1,6,7,7,3,7,5,5,5,7,7,4,4,30,2,2,1,1,1,1,2,1,1,,1,1,29,23,12,1,1,1,2,1,1,1,1,1,2,1,1,1,1,1,1,1,1,2,1,1,1,1,1,1,1,1,1,1,2,1,1,1,1,5,2,3,5,3,4,2,2,5,1,1,1,2,1,1,1,1,1,1,2,1,1,1,1,1,1,2,1,1,1,1,1,1,4,5,3,1,1,2,1,1,1,1,1,1,2,1,1,1,1,1,1,1,,1,1,1,1,1,1,1,2,1,1,1,"5'5""",210,1,2,1,2,1,1,1,2,1,1,2,1,2,1,1,2,1,1,2,1,1,1,2,1,2,1,1,2,1,1,2,1,1,1,2,1,2,1,1,1,2,1,2,1,1,1,2,1,2,1,1,2,1,1,2,1,1,2,1,1,2,1,1,1,2,1,2,1,1,1,2,1,2,1,1,1,2,1,1,2,1,2,1,1,2,1,1,58,1,0,3,1,1,1,2,1,1,1,1,2,1,1,2,1,1,2,1,1,1,1,2,1,1,3,1,2,1,1,1,1,1,1,1,5,1,3,12,3,6,12,1,1,1,1,3,3,2,1,1,1,1,8,1,1,1,1,6,1,2,1,1,7,1,1,2,1,5,1,1,1,1,2,2,1,2,2,2,2,1,,2,,,,,,,,,,,,,,,,,,,,,,,,,,,,,,,,,,,,,,,,,,,,,,,,,,,,,,,,,,,,,,,,,,,,,,,,,5,6,6,6,6,4,2,4,4,2,2,3,4,2,2,6,5,4,5,4,4,5,4,2,2,3,3,5,5,6,5,2,4,4,7,5,2,4,2,5,4,2,4,5,4,5,7,5,5,3,4,5,6,2,2,4,3,1,3,1,33,6,5,492,281,138,434,164,103,116,,,,146,44,88,171,14,198,15,2448,,4/17/24 0:44,,,,,,,,,,,,,,,,,,,,,,,,,,77,,,,,,,
773,,779,SONA,interview,4/17/24 1:59,1,0,21,21,8,8,0.62,2,,5,5,4,4,6,4,5,3,2,4,6,6,4,4,6,6,6,5,5,4,4,4,5,5,6,3,5,5,4,2,5,3,4,5,6,5,5,2,2,4,2,5,6,5,5,3,5,5,5,2,2,6,6,6,6,,,,,,,,,,,,,,,,,,,,4,1,3,2,3,3,2,4,5,4,2,10,5,9,6,8,7,4,3,1,4,5,4,3,3,2,1,1,4,5,4,1,3,8,6,7,9,10,5,2,1,1,2,1,2,1,2,1,1,1,1,1,2,2,1,2,1,2,1,1,1,1,1,2,1,1,1,2,2,2,2,2,2,1,1,1,1,1,1,2,1,1,2,1,1,2,1,1,2,2,1,1,1,1,1,2,1,2,1,1,1,1,2,1,2,1,1,1,1,1,1,1,1,1,1,2,1,2,1,2,1,3,4,5,5,3,5,5,3,1,5,2,4,4,4,5,3,5,3,4,5,5,5,3,2,3,1,3,5,2,4,5,5,5,1,4,2,2,4,5,3,4,2,4,3,7,5,5,4,3,1,7,5,6,6,4,1,5,1,3,2,9,5,6,5,3,6,6,3,1,6,1,1,5,7,3,5,5,4,4,7,3,2,32,2,2,1,1,1,2,2,1,1,,1,2,20,,17,1,1,2,1,1,1,1,1,1,1,1,2,1,2,1,1,2,1,1,2,1,1,1,1,1,1,1,1,1,1,1,1,2,1,5,3,5,2,6,4,3,4,4,1,1,2,1,1,1,1,1,1,2,1,1,1,1,1,1,1,1,1,2,1,1,1,1,5,5,5,1,1,1,1,1,1,1,2,1,1,1,1,1,1,1,1,2,searching,1,2,1,1,1,1,1,1,1,1,1,5'4,idk,2,1,1,2,1,1,1,2,1,2,1,1,1,2,1,2,1,1,2,1,1,1,2,1,2,1,1,2,1,1,2,1,1,1,2,1,2,1,1,1,2,1,1,2,1,1,2,1,2,1,1,2,1,1,2,1,1,2,1,1,2,1,1,2,1,1,1,2,1,2,1,1,2,1,1,1,2,1,2,1,1,2,1,1,1,2,1,26,1,0,-9,1,4,2,1,2,1,-9,-9,-9,4,-9,-9,-9,-9,-9,-9,-9,-9,-9,-9,2,2,3,3,-9,-9,-9,-9,-9,5,-9,-9,3,-9,-9,10,1,-9,-9,2,-9,2,-9,4,-9,-9,-9,-9,1,-9,8,2,2,5,1,1,1,1,1,3,2,1,1,1,1,2,1,8,1,2,2,2,2,2,2,1,2,2,0,2,,,,,,,,,,,,,,,,,,,,,,,,,,,,,,,,,,,,,,,,,,,,,,,,,,,,,,,,,,,,,,,,,,,,,,,,,6,6,6,6,6,4,4,5,2,2,7,7,5,1,6,1,4,1,7,4,3,4,3,4,5,2,2,5,3,5,2,6,3,2,1,2,5,2,4,3,2,4,4,4,1,1,4,2,5,6,4,3,4,3,3,5,6,2,6,2,45,9,12,435,159,186,510,214,154,109,,,,245,134,139,247,69,318,133,2916,,4/17/24 2:51,,,,,,,,,,,,,,,,,,,,,,,,,,77,,,,,,,
784,,1112,SONA,interview,4/17/24 3:07,1,0,21,21,1,0,0.58,2,,5,5,5,1,1,3,5,6,7,7,3,2,7,6,2,7,6,6,2,2,2,7,6,7,2,5,2,6,6,2,5,5,4,6,6,5,7,2,1,1,1,7,7,6,7,1,5,6,5,6,6,5,2,3,2,,,,,,,,,,,,,,,,,,,,5,4,5,5,5,5,4,5,3,5,8,9,7,4,3,1,5,6,10,2,3,1,4,3,4,3,1,1,1,5,6,7,3,4,2,5,8,9,10,1,2,2,2,1,2,1,2,1,1,1,2,1,2,2,2,2,2,2,1,2,1,1,1,2,1,2,2,2,2,1,1,2,1,1,2,1,2,2,1,2,1,2,1,2,1,2,2,2,2,2,1,2,2,1,2,2,1,1,2,2,2,1,2,1,2,1,2,1,1,1,1,1,2,1,2,1,1,1,1,2,1,4,1,5,1,3,5,4,2,4,4,4,1,5,2,2,4,4,1,4,4,4,5,2,4,2,4,2,5,3,4,4,5,5,4,5,5,2,4,2,2,1,4,2,1,9,8,9,7,7,7,8,9,8,8,9,8,9,8,3,6,6,6,7,6,6,6,6,3,7,7,-9,-9,7,5,7,2,2,7,4,4,6,3,33,1,2,1,1,1,1,2,1,1,,1,1,18,,8,1,1,2,1,1,1,1,1,1,1,2,1,1,2,1,1,2,1,1,2,1,1,1,1,1,1,1,1,1,1,1,1,2,1,7,7,6,1,7,7,6,5,6,2,1,1,1,1,1,1,1,1,2,1,1,1,1,1,1,1,1,2,1,1,1,1,1,1,3,2,2,1,1,1,1,1,1,1,1,1,1,1,1,1,1,1,2,Methodist,1,2,1,1,1,1,1,1,1,1,1,5'6,145,1,2,1,1,2,1,1,2,1,2,1,1,1,2,1,1,2,1,2,1,1,1,2,1,2,1,1,2,1,1,2,1,1,1,2,1,2,1,1,1,2,1,1,2,1,1,2,1,2,1,1,1,2,1,2,1,1,2,1,1,2,1,1,1,2,1,1,2,1,1,2,1,2,1,1,2,1,1,1,2,1,1,2,1,2,1,1,43,3,1,7,1,1,3,1,1,1,1,2,2,2,1,1,2,1,1,1,2,1,2,1,1,1,4,1,1,2,1,3,1,1,5,1,3,1,3,1,1,1,1,2,1,1,1,2,1,1,1,1,1,1,8,1,1,6,1,3,1,1,1,6,1,8,1,1,2,1,1,2,1,1,2,1,2,2,2,2,2,2,0,2,1,4,1,2,4,1,1,1,2,5,5,5,5,1,1,5,1,5,1,1,6,7,4,2,6,1,6,7,5,7,7,3,1,7,4,6,6,5,3,6,6,6,7,7,1,1,3,5,2,2,6,1,3,4,6,6,2,4,5,4,1,1,4,2,3,3,5,7,4,6,4,1,,,,,,,,,,,,,,,,,,,,,,,,,,,,,,,,,,,,,,,,,,,,,,,,,,,,,,,,,,,7,1,33,12,19,369,236,133,678,457,131,162,148,393,144,,,,314,48,438,23,3722,,4/17/24 4:09,,,,,,,,,,,,,,,,,,,,,,,,,,,,,,,,,
791,,1110,SONA,interview,4/17/24 5:03,1,0,21,21,0,0,1.35,2,,3,2,2,2,4,4,1,4,5,5,4,5,4,4,3,6,7,1,3,2,2,6,5,5,4,7,7,6,7,7,7,1,7,5,5,2,7,1,1,1,1,7,7,6,5,6,7,7,7,5,5,5,6,6,5,6,6,4,7,7,7,5,7,7,7,1,1,4,,,,,,,5,3,5,5,5,4,3,5,5,5,5,10,2,7,3,6,8,4,9,1,3,2,2,5,5,2,1,1,1,5,4,5,6,2,3,7,8,10,9,1,1,2,2,1,1,1,1,1,1,1,1,1,1,2,1,2,1,2,2,1,1,1,1,2,1,1,2,2,2,1,1,2,1,2,2,2,2,2,1,1,1,1,2,2,2,2,2,2,2,2,1,2,2,1,2,2,1,2,1,2,1,2,2,1,1,1,2,1,1,1,1,2,1,1,1,2,1,2,1,1,1,5,3,4,3,3,3,4,4,3,4,4,2,4,3,3,3,4,3,4,4,2,4,3,3,3,2,2,3,4,4,4,4,4,3,4,4,4,4,4,3,4,4,4,4,7,6,7,5,3,2,9,6,6,3,3,2,5,1,9,7,5,3,2,4,3,3,4,6,6,6,1,7,1,7,7,7,7,6,6,6,4,2,34,2,2,1,1,1,2,1,1,1,,1,1,18,,17,1,1,1,2,1,1,1,1,1,1,2,1,1,2,1,1,2,2,1,1,1,1,1,1,1,2,1,1,1,1,1,1,1,1,3,1,1,4,4,5,6,3,4,1,1,2,1,1,1,1,1,1,1,1,2,1,1,1,1,1,1,1,2,1,1,1,1,6,6,6,1,2,1,1,1,1,1,1,1,1,2,1,1,1,1,1,1,,1,1,1,1,1,1,2,1,1,1,1,4'11,125,1,2,1,2,1,1,1,2,1,1,2,1,2,1,1,2,1,1,2,1,1,1,2,1,1,2,1,2,1,1,1,2,1,2,1,1,2,1,1,2,1,1,1,2,1,2,1,1,1,2,1,2,1,1,2,1,1,2,1,1,2,1,1,2,1,1,2,1,1,2,1,1,2,1,1,1,2,1,2,1,1,2,1,1,1,2,1,36,1,0,3,1,1,1,1,1,1,1,1,3,2,1,1,1,1,1,1,2,1,1,2,1,2,5,1,4,7,3,1,2,12,6,6,1,4,3,6,1,10,10,2,1,1,1,1,1,2,1,1,1,1,8,1,1,1,1,1,4,4,1,4,4,1,1,1,1,2,1,1,1,1,2,2,2,2,2,2,2,2,,3,,,,,,,,,,,,,,,,,,,,,,,,,,,,,,,,,,,,,,,,,,,,,,,,,,,,,,,,,,,,,,,,,,,,,,,,,7,7,7,7,2,7,7,7,3,1,1,2,5,6,7,1,7,1,5,5,2,5,2,2,2,7,7,7,7,7,7,4,6,6,7,7,2,5,5,3,5,4,2,5,5,5,7,7,7,3,6,4,4,2,2,3,6,2,5,1,7,8,5,201,76,433,280,77,54,47,,,,103,28,61,133,27,1546,7,1478,,4/17/24 5:54,,,,,,,,,,,,,,,,,,,,,,,,,,93,,,,,,,
797,,,base,interview,4/17/24 5:56,1,0,21,21,0,0,1.11,1,,1,1,1,7,7,7,1,6,6,4,3,2,6,6,6,6,5,4,2,2,2,6,6,6,2,4,2,6,2,1,4,2,2,6,5,3,7,1,1,1,1,7,6,7,7,1,7,7,7,6,6,5,3,3,2,5,5,1,1,1,1,1,1,2,1,1,6,3,7,7,1,7,1,7,5,4,3,3,3,3,1,5,5,5,4,6,7,5,9,8,10,2,1,3,5,2,4,3,3,3,5,2,1,5,5,4,3,6,7,8,1,9,10,2,2,2,2,2,2,2,2,1,2,1,2,1,2,2,2,2,1,2,2,2,2,2,1,2,2,2,2,2,2,2,1,2,2,2,2,1,2,2,1,2,2,2,2,2,2,2,2,2,2,2,1,2,2,2,2,2,2,2,2,2,2,2,2,2,1,2,2,2,2,2,2,2,2,1,2,2,1,2,1,2,1,4,1,4,2,4,2,4,3,3,4,4,1,4,1,4,3,3,3,3,4,1,5,1,3,4,3,1,3,2,4,2,4,4,3,4,4,1,4,4,1,3,4,4,3,9,9,9,7,5,5,9,4,4,5,5,8,8,6,2,8,6,4,7,5,5,6,3,4,6,6,7,6,7,5,7,7,7,7,6,6,6,6,36,1,2,1,1,1,1,2,1,1,,1,1,29,23,12,1,1,1,1,1,1,1,2,1,2,1,1,1,1,1,1,1,1,1,2,1,1,1,1,1,1,1,1,2,1,1,1,1,1,2,1,1,6,2,7,7,7,7,1,1,1,2,1,1,1,1,1,1,1,2,1,1,1,1,1,1,1,2,1,1,1,1,6,6,6,1,2,1,1,1,1,1,1,1,2,1,1,1,1,1,1,1,,1,1,1,1,1,1,1,1,2,1,1,5'4,195,2,1,1,1,2,1,1,2,1,1,2,1,2,1,1,2,1,1,2,1,1,1,2,1,2,1,1,2,1,1,1,2,1,1,2,1,2,1,1,2,1,1,1,2,1,2,1,1,2,1,1,2,1,1,2,1,1,1,2,1,2,1,1,2,1,1,2,1,1,2,1,1,2,1,1,1,2,1,1,2,1,2,1,1,1,2,1,67,2,1,2,2,2,2,1,1,1,1,12,1,1,-9,1,1,1,2,1,1,1,1,1,1,1,1,1,1,2,1,1,1,3,1,1,1,1,1,1,1,6,7,3,2,2,1,1,1,1,1,1,1,1,8,1,1,4,1,2,1,1,1,3,8,1,1,1,1,4,1,7,1,2,2,1,2,2,1,2,2,1,0,3,1,5,5,5,5,5,2,2,2,3,5,5,5,1,1,5,1,5,3,1,1,3,7,1,4,2,1,3,6,4,7,5,3,5,3,7,7,5,7,7,7,2,4,7,4,2,6,3,1,3,3,3,2,5,4,4,3,3,4,4,3,2,5,4,3,2,3,5,6,6,4,2,,,,,,,,,,,,,,,,,,,,,,,,,,,,,,,,,,,,,,,,,,,,,,,,,,,,,,,,,,,6,1,38,6,2,576,107,74,361,146,98,117,68,159,65,,,,155,15,182,10,2179,,4/17/24 6:32,,,,,,,,,,,,,,,,,,,,,,,,,,,,,,,,,
831,,,base,interview,4/17/24 15:10,1,0,21,21,0,0,0.79,2,"Getting married in 3 days! So, engaged ",6,1,1,7,7,7,1,5,3,5,5,5,5,6,3,7,6,3,6,5,3,6,5,6,2,6,6,6,7,6,6,2,7,6,6,6,7,1,1,1,1,7,7,7,6,2,7,6,7,7,6,5,2,2,5,,,,,,,,,,,,,,,,,,,,5,5,4,3,5,3,1,5,5,5,4,5,6,8,7,9,10,1,2,3,5,5,4,2,4,3,4,5,3,5,5,7,4,9,6,10,1,2,8,3,2,2,2,1,1,1,1,1,1,1,2,1,2,2,2,2,1,2,1,1,1,1,1,2,1,2,1,2,2,1,1,2,1,1,2,1,2,2,1,2,2,2,2,2,1,2,2,1,1,2,1,2,2,1,2,2,1,2,2,2,2,2,2,1,2,1,2,2,1,1,1,1,1,1,2,2,1,1,1,1,1,5,4,5,2,4,4,5,2,5,4,5,1,5,4,4,4,5,4,2,4,2,5,4,2,3,4,1,2,5,4,1,5,2,5,3,5,2,4,2,4,2,5,5,2,9,7,8,6,5,6,9,5,5,2,5,7,7,7,6,2,3,5,6,6,7,3,3,6,7,3,-9,7,7,7,7,7,7,5,5,5,2,6,37,2,2,1,1,1,1,2,1,1,,1,1,30,,22,1,1,1,1,1,2,1,1,1,2,1,1,1,1,1,1,1,1,1,1,2,1,1,1,1,1,1,1,1,1,2,1,1,1,7,4,4,1,7,5,3,3,4,2,1,1,1,1,1,1,1,2,1,1,1,1,1,1,1,2,1,1,1,1,1,1,1,3,5,2,2,1,1,1,1,1,1,1,1,2,1,1,1,1,1,1,1,,1,1,1,1,2,1,1,1,1,1,1,5'5.5,160,1,2,1,2,1,1,1,2,1,1,2,1,2,1,1,1,2,1,2,1,1,1,2,1,2,1,1,2,1,1,2,1,1,1,2,1,2,1,1,2,1,1,2,1,1,1,2,1,2,1,1,2,1,1,2,1,1,1,2,1,2,1,1,1,2,1,1,2,1,1,2,1,1,2,1,1,2,1,1,2,1,2,1,1,2,1,1,40,1,0,3,2,2,1,1,1,1,1,3,3,3,1,2,1,1,1,1,2,1,1,1,2,1,2,1,1,2,1,2,2,2,2,1,4,1,2,1,4,5,7,1,1,3,2,3,2,1,1,1,1,1,8,1,1,4,1,6,1,1,1,3,6,1,1,1,1,5,4,1,1,1,1,1,2,2,2,1,2,1,0,5,,,,,,,,,,,,,,,,,,,,,,,,,,,,,,,,,,,,,,,,,,,,,,,,,,,,,,,,,,,,,,,,,,,,,,,,,6,6,4,7,7,6,2,7,1,1,3,6,6,5,6,7,7,2,1,7,5,7,1,1,1,6,7,7,7,7,7,2,6,6,7,5,2,4,1,5,5,2,4,5,5,5,6,4,4,1,1,7,2,2,2,6,7,3,7,1,90,23,95,355,130,107,384,138,99,100,,,,181,60,99,249,25,526,7,2494,,4/17/24 15:55,,,,,,,,,,,,,,,,,,,,,,,,,,97,,,,,,,
836,,1095,SONA,interview,4/17/24 16:27,1,0,21,21,0,0,1.86,2,,5,6,5,2,4,4,5,3,5,3,5,2,5,3,5,5,2,5,3,4,5,4,6,7,4,4,3,3,3,3,4,3,3,4,4,4,4,4,4,2,3,6,6,5,7,5,4,5,4,4,4,5,4,4,5,,,,,,,,,,,,,,,,,,,,5,5,4,4,4,4,4,4,5,5,7,2,5,6,10,9,3,8,4,1,3,3,4,4,3,3,3,3,4,5,10,6,3,5,4,7,8,9,2,1,2,1,2,1,1,1,1,1,1,1,1,1,1,2,2,2,1,1,1,2,1,1,1,1,1,1,1,2,1,1,1,1,1,1,1,1,2,1,1,2,2,2,1,1,1,1,1,2,2,1,1,1,1,1,1,2,1,2,1,1,1,1,2,1,2,1,1,1,1,1,1,1,1,1,1,2,1,1,1,1,1,3,3,3,2,3,3,5,2,3,2,3,3,3,2,3,2,3,2,3,2,3,3,3,4,3,4,2,4,2,4,3,4,3,4,4,4,5,3,4,5,3,5,3,4,5,4,4,6,4,5,3,5,4,5,5,3,5,4,5,6,5,6,4,3,5,3,5,4,6,3,4,5,4,5,4,5,3,7,3,5,6,4,38,2,2,1,1,1,2,1,1,1,,1,1,22,,22,1,1,1,2,1,1,1,1,1,1,2,1,1,2,1,1,2,1,1,2,1,1,1,2,1,1,1,1,1,1,1,1,1,1,4,5,4,7,1,7,1,4,4,1,1,1,1,2,1,1,1,1,1,1,1,2,1,1,1,1,1,1,2,1,1,1,1,4,5,4,1,1,1,1,1,1,1,2,1,1,1,2,1,1,1,1,1,,1,2,1,1,1,1,1,1,1,1,1,5'5,190,2,1,1,1,2,1,1,2,1,2,1,1,1,2,1,1,2,1,1,2,1,1,2,1,2,1,1,1,2,1,1,2,1,2,1,1,1,2,1,2,1,1,1,2,1,2,1,1,1,2,1,1,2,1,1,2,1,1,2,1,2,1,1,2,1,1,2,1,1,2,1,1,2,1,1,1,2,1,2,1,1,1,2,1,1,2,1,18,6,1,7,7,7,8,7,-9,6,6,8,8,8,6,8,6,8,8,7,8,8,8,7,7,7,8,8,4,7,5,9,5,8,6,6,7,5,6,5,6,7,5,6,6,6,6,7,7,5,2,5,5,4,5,1,1,8,1,2,2,4,4,4,4,8,1,1,1,1,1,2,1,1,1,1,2,2,1,1,1,2,0,1,,,,,,,,,,,,,,,,,,,,,,,,,,,,,,,,,,,,,,,,,,,,,,,,,,,,,,,,,,,,,,,,,,,,,,,,,7,4,5,4,5,6,6,5,6,5,5,5,4,5,5,4,5,5,5,5,5,5,4,4,5,4,4,5,7,5,6,5,5,5,5,5,4,4,2,2,3,3,4,2,3,3,4,4,5,4,3,4,5,5,5,3,4,3,6,1,4,6,2,351,147,60,358,79,45,47,,,,57,12,65,156,8,30,8,1435,,4/17/24 16:51,,,,,,,,,,,,,,,,,,,,,,,,,,85,,,,,,,
865,,1081,SONA,interview,4/18/24 5:52,1,0,21,21,0,0,1.08,2,,5,5,4,3,5,6,4,6,6,6,4,4,6,6,3,4,4,4,5,4,4,4,4,5,3,4,4,6,4,4,3,4,4,2,4,4,6,3,1,1,1,7,7,7,7,1,5,7,7,7,7,7,1,1,1,,,,,,,,,,,,,,,,,,,,5,5,5,5,4,5,4,5,5,5,2,3,7,9,10,8,5,6,4,1,5,5,4,4,4,5,4,5,5,5,2,3,7,8,10,9,5,6,4,1,1,2,2,2,2,1,1,2,1,1,2,1,1,2,2,2,2,2,1,2,1,1,1,2,1,1,2,2,1,2,1,1,1,2,2,2,2,2,1,2,1,2,2,2,2,2,1,1,1,1,1,2,2,1,1,2,1,2,1,2,2,2,2,1,2,2,2,2,1,1,1,1,1,1,2,2,1,2,1,1,1,3,3,4,3,4,4,4,4,2,5,5,2,4,3,3,3,3,3,2,2,3,4,4,4,2,3,2,3,3,3,3,3,3,4,3,3,1,4,3,4,3,3,4,3,4,4,4,4,2,3,3,3,4,4,3,3,4,3,3,4,3,2,3,3,3,2,2,3,3,3,3,3,4,2,3,4,2,2,2,4,3,2,39,1,1,1,1,2,1,1,1,1,,1,1,21,,6,1,1,1,2,1,1,1,1,1,2,1,1,1,2,1,1,2,1,1,2,1,1,1,1,2,1,1,1,1,1,1,1,1,1,7,5,4,7,1,5,7,3,7,1,1,1,2,1,1,1,1,1,1,1,1,2,1,1,1,1,1,1,1,2,1,1,1,4,4,4,1,1,1,1,1,1,2,1,1,2,1,1,1,1,1,1,1,,1,1,1,2,1,1,1,1,1,1,1,5'10,150,1,2,1,2,1,1,2,1,1,2,1,1,1,2,1,1,2,1,2,1,1,1,2,1,1,2,1,2,1,1,2,1,1,1,2,1,2,1,1,2,1,1,2,1,1,2,1,1,1,2,1,2,1,1,2,1,1,2,1,1,2,1,1,2,1,1,2,1,1,2,1,1,2,1,1,2,1,1,2,1,1,2,1,1,2,1,1,42,3,1,3,1,3,4,1,1,1,1,1,3,8,1,1,2,1,1,1,2,1,1,2,2,1,1,1,5,10,1,2,2,1,3,4,2,1,1,1,1,3,5,2,1,1,1,12,3,1,1,1,1,1,8,1,1,8,1,6,1,1,1,4,4,6,1,1,1,1,4,1,1,6,2,1,2,2,2,2,2,2,0,3,5,3,3,3,3,3,3,3,3,3,3,3,3,3,3,3,3,3,3,4,7,7,7,3,7,3,3,7,7,7,7,4,4,7,4,7,7,3,7,7,7,7,4,4,7,1,7,5,7,1,7,5,1,7,7,7,4,3,7,5,3,2,7,2,5,4,6,7,6,7,3,2,,,,,,,,,,,,,,,,,,,,,,,,,,,,,,,,,,,,,,,,,,,,,,,,,,,,,,,,,,,6,1,29,10,5,424,103,127,473,209,105,54,78,382,291,,,,201,19,107,5,2423,,4/18/24 6:35,,,,,,,,,,,,,,,,,,,,,,,,,,,,,,,,,
871,,870,SONA,interview,4/18/24 6:44,1,0,21,21,1,1,1.89,2,,5,6,2,4,6,5,3,2,6,2,4,4,4,4,6,3,4,5,5,6,5,2,6,6,5,2,2,4,2,2,2,6,2,6,6,6,6,2,2,2,2,6,6,6,6,2,6,6,6,3,6,2,4,3,2,,,,,,,,,,,,,,,,,,,,5,4,5,5,2,2,1,5,5,5,5,7,3,6,10,9,8,4,2,1,5,5,5,5,3,3,5,5,1,4,8,7,5,4,3,6,9,10,2,1,2,2,2,1,2,1,1,2,1,1,2,1,1,1,2,1,2,2,2,1,1,1,1,2,1,1,1,2,2,2,1,2,1,1,2,2,2,2,1,2,2,2,2,1,2,2,2,2,1,2,2,2,2,1,2,2,1,2,1,2,2,1,2,1,2,1,2,2,1,1,1,1,1,1,2,1,1,2,1,1,1,2,2,3,2,4,2,3,3,2,4,2,3,2,2,3,3,3,2,4,3,2,3,2,4,2,3,2,4,4,3,3,2,2,2,4,3,3,4,3,3,3,2,3,3,5,4,4,6,5,7,3,3,6,4,5,4,3,6,6,3,8,5,2,3,4,2,4,2,3,5,2,4,3,3,3,4,3,4,3,3,2,7,39,2,1,1,1,2,1,1,1,1,,1,1,20,,12,1,1,1,2,1,1,1,1,1,1,2,1,1,2,1,1,2,1,2,1,1,1,1,2,1,1,1,1,1,1,1,1,1,1,7,3,-9,4,4,3,4,4,4,2,1,1,1,1,1,1,1,1,1,2,1,1,1,1,1,1,1,1,2,1,1,1,1,5,5,5,1,1,1,1,1,1,2,1,1,2,1,1,1,1,1,1,1,,1,1,2,1,1,1,1,1,1,1,1,6'6,240,1,2,1,1,2,1,1,2,1,1,2,1,1,2,1,2,1,1,2,1,1,1,2,1,1,2,1,1,2,1,2,1,1,1,2,1,2,1,1,1,2,1,2,1,1,2,1,1,2,1,1,1,2,1,2,1,1,2,1,1,2,1,1,1,2,1,2,1,1,1,2,1,1,2,1,1,2,1,1,2,1,2,1,1,1,2,1,42,2,1,12,1,1,2,1,1,1,1,3,1,1,1,3,1,1,1,1,2,1,1,1,1,1,2,1,1,12,3,1,1,2,5,6,3,12,12,1,1,2,2,1,4,3,1,12,1,1,1,1,1,1,8,1,1,8,1,2,-9,2,1,3,2,7,1,1,1,4,8,1,1,1,1,1,2,2,2,2,2,2,0,3,,,,,,,,,,,,,,,,,,,,,,,,,,,,,,,,,,,,,,,,,,,,,,,,,,,,,,,,,,,,,,,,,,,,,,,,,4,3,4,5,3,5,3,5,3,3,3,5,2,6,5,2,2,5,2,4,2,5,3,4,4,6,3,5,2,2,6,3,4,4,3,7,2,3,2,4,2,4,3,2,3,3,7,5,5,4,4,4,3,3,6,3,3,2,3,2,5,7,3,378,106,208,478,39,20,20,,,,33,10,15,88,16,121,11,1558,,4/18/24 7:10,,,,,,,,,,,,,,,,,,,,,,,,,,72,,,,,,,
903,,1111,SONA,interview,4/18/24 19:21,1,0,21,21,1,0,0.65,2,,5,1,2,7,7,6,2,4,5,5,4,4,4,4,4,5,6,5,6,4,4,4,6,4,2,2,6,2,3,4,4,4,5,4,7,6,7,2,2,5,2,7,7,5,4,4,5,6,4,6,7,7,2,4,3,,,,,,,,,,,,,,,,,,,,4,3,3,2,4,4,3,5,3,5,4,9,3,7,5,8,10,6,2,1,5,3,5,5,4,4,5,5,1,1,8,7,2,3,1,6,4,5,10,9,1,1,2,1,2,1,1,1,1,2,2,1,1,2,2,2,1,1,2,1,1,1,1,2,1,1,2,2,1,1,1,1,1,1,2,1,2,1,1,2,1,2,1,2,2,1,1,1,2,1,1,1,1,1,2,2,1,1,1,1,1,1,1,1,1,1,2,1,1,1,1,1,1,1,1,2,1,1,1,1,1,2,3,5,4,4,5,5,3,3,5,3,3,5,4,5,3,5,4,4,4,5,5,3,3,3,3,4,3,4,3,4,4,4,4,3,3,3,5,4,4,4,3,5,4,8,7,5,3,2,1,8,8,5,7,6,7,5,3,5,6,5,7,4,6,6,7,7,2,3,5,4,4,7,6,6,4,5,6,6,5,4,4,40,2,1,1,1,1,2,1,1,1,,1,1,18,,6,1,1,1,2,1,1,1,1,1,1,2,1,1,1,1,1,1,2,1,1,1,1,1,1,1,2,1,1,1,1,1,1,1,1,1,1,1,1,7,2,2,4,4,1,1,2,1,1,1,1,1,1,1,1,1,1,1,2,1,1,1,1,1,2,1,1,1,5,5,5,1,1,1,1,1,1,1,2,1,1,2,1,1,1,1,1,1,,1,2,1,1,1,1,1,1,1,1,1,6ft,200,2,1,1,1,2,1,1,2,1,1,2,1,1,2,1,1,2,1,2,1,1,1,2,1,1,2,1,2,1,1,2,1,1,1,2,1,2,1,1,2,1,1,2,1,1,1,2,1,2,1,1,1,2,1,2,1,1,2,1,1,1,2,1,2,1,1,1,2,1,2,1,1,1,2,1,1,2,1,1,2,1,2,1,1,2,1,1,22,1,0,2,5,1,4,1,3,1,1,1,2,7,1,2,1,1,1,1,2,1,1,2,2,1,1,1,1,2,1,1,1,5,2,2,4,1,1,3,1,1,1,1,1,2,2,5,2,1,1,1,1,1,1,1,1,2,1,1,1,2,1,6,7,2,1,1,1,2,1,1,1,1,2,2,2,2,2,2,2,2,,5,,,,,,,,,,,,,,,,,,,,,,,,,,,,,,,,,,,,,,,,,,,,,,,,,,,,,,,,,,,,,,,,,,,,,,,,,4,4,4,4,4,4,4,4,4,4,2,4,4,2,-9,4,6,4,4,5,4,4,4,4,4,4,4,4,4,4,4,4,4,4,4,4,3,1,3,3,4,3,2,5,5,4,5,5,6,4,4,5,3,4,2,4,5,5,6,1,8,11,3,698503,565,1790,498,152,445,11651,,,,133,411,576,2966,19,115,17,2044,,4/27/24 2:45,,,,,,,,,,,,,,,,,,,,,,,,,,61,,,,,,,
983,,856,SONA,interview,4/21/24 4:26,1,0,21,21,0,0,0.8,2,,5,3,4,4,5,4,4,3,6,5,7,4,4,6,2,5,5,2,4,3,3,5,6,6,4,3,4,6,5,4,4,4,5,3,5,6,6,2,2,2,2,6,5,6,6,2,5,6,6,6,6,4,5,3,2,,,,,,,,,,,,,,,,,,,,5,5,4,4,3,3,2,3,1,4,3,2,4,6,5,7,8,9,10,1,4,3,4,4,4,4,3,3,1,3,1,2,3,4,5,6,7,9,10,8,1,2,2,1,2,1,2,2,1,1,2,1,1,2,2,2,2,2,2,1,1,1,1,2,1,1,2,2,2,2,2,2,2,1,2,2,2,2,1,2,1,1,2,1,2,2,2,1,1,2,1,1,1,1,2,2,1,2,1,1,2,2,2,1,2,2,2,2,1,1,1,1,1,1,2,1,1,2,1,1,1,4,4,4,5,3,4,3,4,3,5,2,3,5,4,4,3,4,3,4,3,3,5,3,3,2,3,3,3,4,4,4,3,3,3,3,2,4,3,3,3,3,5,4,3,7,5,5,4,4,3,7,5,5,5,4,3,3,3,5,6,5,6,4,6,4,4,4,4,6,6,4,-9,7,3,4,6,5,5,5,5,4,2,42,2,1,1,1,1,1,2,1,1,,1,1,21,,11,1,1,1,1,1,2,1,1,1,1,1,1,1,2,1,1,1,1,2,1,1,1,1,1,1,1,1,1,1,1,2,1,1,1,4,4,3,4,4,2,3,3,4,1,1,1,2,1,1,1,1,1,1,2,1,1,1,1,1,1,1,1,2,1,1,1,1,4,6,4,1,1,2,1,1,1,1,1,1,2,1,1,1,1,1,1,1,,1,2,1,1,1,1,1,1,1,1,1,"5'11""",160,1,2,1,1,2,1,1,2,1,1,2,1,1,2,1,2,1,1,2,1,1,1,2,1,1,2,1,1,2,1,2,1,1,1,2,1,2,1,1,2,1,1,2,1,1,2,1,1,1,2,1,2,1,1,2,1,1,2,1,1,1,2,1,2,1,1,1,2,1,2,1,1,1,2,1,1,2,1,1,2,1,2,1,1,1,2,1,42,1,0,5,1,1,3,1,2,1,1,1,2,2,1,1,1,1,1,1,2,1,1,2,1,1,5,1,1,12,1,2,1,1,1,1,1,12,1,1,2,1,1,2,1,1,1,12,3,1,1,1,1,1,8,1,1,5,1,1,1,1,1,1,4,6,1,1,1,1,3,1,1,1,2,2,2,2,2,2,2,2,0,2,,,,,,,,,,,,,,,,,,,,,,,,,,,,,,,,,,,,,,,,,,,,,,,,,,,,,,,,,,,,,,,,,,,,,,,,,5,5,5,4,5,5,3,5,5,4,3,3,3,4,5,2,5,3,3,5,3,5,2,2,2,5,5,5,5,3,5,3,5,4,6,4,3,4,2,4,4,4,3,4,3,3,5,3,5,4,5,5,3,4,2,5,4,3,5,1,3,4,13,2987,117,264,529,165,78,271,,,,422,614,1680,1036,31,651,6,3066,,4/21/24 6:54,,,,,,,,,,,,,,,,,,,,,,,,,,74,,,,,,,
991,,852,SONA,interview,4/21/24 19:32,1,0,21,21,1,0,1.23,2,,5,5,5,4,5,3,6,5,4,5,4,4,4,5,5,6,5,2,3,3,4,5,4,5,5,5,6,6,6,6,6,3,6,3,4,4,5,5,3,4,4,3,3,4,4,5,4,4,5,5,4,4,6,6,6,,,,,,,,,,,,,,,,,,,,2,2,4,3,3,3,3,3,1,3,8,9,2,7,1,3,5,6,10,4,4,4,2,2,5,5,1,1,1,5,5,4,6,7,2,3,10,9,8,1,2,2,2,1,1,1,1,1,1,1,1,1,1,2,2,2,1,2,2,2,1,1,1,2,1,1,2,1,1,1,1,2,2,1,2,1,2,1,1,2,2,2,2,1,1,2,2,1,2,1,1,1,1,1,2,2,1,2,2,2,1,1,2,1,2,1,2,1,1,1,1,1,1,1,2,2,1,1,1,1,1,3,4,4,2,3,4,4,4,1,3,2,2,4,3,3,3,2,3,5,3,2,4,4,1,2,3,4,2,4,4,4,4,4,4,5,3,4,4,4,3,2,4,5,3,7,5,4,2,1,1,2,5,3,2,2,3,1,1,5,8,9,8,5,4,5,2,3,5,5,1,-9,-9,1,6,3,1,1,5,3,5,2,1,43,2,2,1,1,2,1,1,1,1,,1,1,19,,13,1,1,2,1,1,1,1,1,1,1,2,1,1,2,1,1,2,1,1,2,1,1,1,1,1,1,1,1,1,1,1,1,2,1,4,5,3,2,6,1,1,1,1,1,2,1,1,1,1,1,1,1,2,1,1,1,1,1,1,2,1,1,1,1,1,1,1,6,7,5,1,1,1,1,1,1,1,2,1,1,1,1,1,1,1,1,2,N/A,1,2,1,1,1,1,1,1,1,1,1,5”8,300,1,2,1,1,2,1,2,1,1,1,2,1,2,1,1,2,1,1,2,1,1,1,2,1,2,1,1,2,1,1,2,1,1,1,2,1,1,2,1,1,2,1,2,1,1,1,2,1,1,2,1,2,1,1,2,1,1,2,1,1,2,1,1,1,2,1,1,2,1,1,2,1,1,2,1,1,2,1,2,1,1,2,1,1,1,2,1,32,3,1,4,3,1,1,1,1,1,1,1,4,6,1,2,2,1,1,1,2,1,1,2,1,1,4,11,1,4,1,1,1,6,1,1,1,1,1,3,1,1,1,4,1,2,3,4,1,1,1,1,1,1,8,1,1,2,1,1,1,4,1,4,2,1,1,1,1,5,4,1,1,1,2,1,2,2,2,1,2,2,0,4,,,,,,,,,,,,,,,,,,,,,,,,,,,,,,,,,,,,,,,,,,,,,,,,,,,,,,,,,,,,,,,,,,,,,,,,,7,7,7,7,7,7,7,7,1,2,1,5,4,3,7,5,6,5,7,2,7,3,6,6,6,3,3,2,1,1,1,7,1,1,1,1,2,5,5,3,4,3,2,4,3,4,4,3,5,4,4,5,4,3,5,4,4,4,4,1,5,6,1,255,75,93,496,167,76,112,,,,188,53,72,172,44,227,11,2053,,4/21/24 20:06,,,,,,,,,,,,,,,,,,,,,,,,,,107,,,,,,,
1002,,1060,SONA,interview,4/21/24 21:30,1,0,21,21,0,0,0.71,2,,5,1,3,2,3,4,5,4,7,7,3,5,3,3,3,2,2,4,3,5,3,2,4,3,5,4,6,7,5,6,5,7,6,5,4,2,3,4,2,3,4,4,5,5,4,3,5,4,4,3,3,4,5,6,7,,,,,,,,,,,,,,,,,,,,5,5,2,4,4,5,2,5,5,4,8,4,9,7,6,5,10,1,2,3,5,1,5,5,5,5,1,1,1,5,6,7,2,4,3,5,10,8,9,1,1,2,2,2,1,1,1,2,1,1,2,1,1,1,2,2,1,1,1,1,1,1,1,2,1,1,1,1,1,2,1,2,1,1,1,2,1,1,1,2,1,2,1,1,1,1,1,1,2,1,1,1,1,1,2,1,1,1,1,1,1,1,2,1,1,1,2,1,1,1,1,1,1,1,1,2,1,1,1,2,1,1,1,5,1,3,5,5,1,5,5,3,1,5,4,5,2,4,2,1,4,5,5,1,5,3,5,4,5,2,3,3,4,5,5,5,4,1,5,2,5,4,3,2,2,8,9,9,8,6,5,7,8,9,8,9,9,9,9,8,9,6,6,6,6,5,7,3,4,6,5,4,4,7,7,3,5,1,3,1,5,5,7,43,1,1,1,1,2,1,1,1,1,,1,1,19,,,1,2,1,1,1,1,1,1,1,1,2,1,1,1,1,1,1,1,1,1,2,1,1,1,1,1,1,1,1,1,1,2,1,1,6,5,5,1,7,7,7,7,7,2,1,1,1,1,1,1,1,1,1,2,1,1,1,1,1,1,2,1,1,1,1,1,1,3,3,3,1,1,1,1,1,1,2,1,1,1,2,1,1,1,1,1,1,,1,2,1,1,1,1,1,1,1,1,1,5'10,205,1,2,1,1,2,1,1,2,1,2,1,1,1,2,1,1,2,1,2,1,1,1,2,1,2,1,1,2,1,1,2,1,1,1,2,1,2,1,1,1,2,1,2,1,1,1,2,1,2,1,1,1,2,1,2,1,1,2,1,1,1,2,1,1,2,1,2,1,1,2,1,1,1,2,1,1,2,1,1,2,1,2,1,1,1,2,1,19,1,0,3,1,12,1,1,1,1,1,12,1,1,1,1,1,1,1,1,2,1,1,1,1,1,3,1,1,6,1,1,1,2,2,1,1,1,1,1,1,1,1,1,1,1,1,5,1,1,1,1,1,1,8,1,1,7,1,1,1,1,1,5,6,1,2,1,1,5,1,1,1,1,2,2,2,2,2,2,2,2,,3,1,1,1,1,1,1,5,1,1,5,5,5,5,1,1,5,1,5,1,5,6,5,7,7,3,2,7,4,7,5,6,4,7,5,4,7,5,7,7,7,7,2,3,7,7,1,5,1,2,6,2,7,4,7,1,7,1,4,7,5,1,2,7,7,2,4,2,7,7,7,3,1,,,,,,,,,,,,,,,,,,,,,,,,,,,,,,,,,,,,,,,,,,,,,,,,,,,,,,,,,,,5,2,5,76,3,284,65579,124,418,198,128,106419,93,368,78,,,,301,59,600,24,2927,,4/23/24 22:03,,,,,,,,,,,,,,,,,,,,,,,,,,,,,,,,,
1019,,1080,SONA,interview,4/22/24 4:14,1,0,21,21,0,0,1.49,2,,3,1,1,7,7,7,1,6,4,5,5,6,5,4,4,6,6,4,4,4,3,6,6,6,2,6,6,6,6,6,6,3,5,4,5,4,7,7,1,1,1,7,7,7,7,1,6,6,6,6,6,4,1,2,2,7,7,1,5,2,5,6,6,6,4,1,2,1,,,,,,,4,4,4,4,4,5,1,5,2,5,4,5,7,6,8,3,10,2,9,1,4,4,4,4,4,4,1,5,2,5,3,4,5,8,7,6,10,2,9,1,1,2,2,2,2,1,1,2,1,1,1,2,1,2,2,2,2,2,2,2,1,1,2,2,1,1,1,1,1,1,1,2,2,1,2,1,2,2,1,2,2,2,2,2,2,2,1,1,2,2,1,2,2,1,2,2,1,2,1,2,2,2,2,1,2,2,2,2,1,1,1,1,1,1,1,2,1,1,1,2,1,5,3,4,1,3,4,4,1,2,4,3,1,5,2,4,4,5,2,3,4,3,4,2,3,3,4,2,4,3,3,4,5,3,4,4,2,2,5,3,4,2,4,2,1,6,5,7,4,5,3,8,7,2,3,6,4,9,6,7,3,5,2,5,5,4,6,7,6,1,7,1,6,7,7,7,7,7,5,5,6,6,4,44,1,2,1,1,1,1,2,1,1,,1,1,19,,10,1,1,2,1,1,1,1,1,1,1,1,2,1,1,1,1,1,2,1,1,1,1,1,2,1,1,1,1,1,1,1,1,1,1,3,1,1,5,3,6,3,4,6,1,1,1,1,1,2,1,1,1,1,1,1,2,1,1,1,1,1,1,1,1,1,2,1,1,1,1,2,1,1,1,1,1,1,1,1,2,1,1,1,1,1,1,1,,1,1,1,2,1,1,1,1,1,1,1,5’3,115,1,2,1,1,2,1,1,2,1,1,2,1,1,2,1,1,2,1,2,1,1,1,2,1,2,1,1,1,2,1,2,1,1,2,1,1,2,1,1,1,2,1,2,1,1,2,1,1,1,2,1,1,2,1,2,1,1,1,2,1,1,2,1,2,1,1,2,1,1,1,2,1,2,1,1,1,2,1,1,2,1,2,1,1,2,1,1,44,1,0,6,1,8,3,1,1,1,1,1,3,1,1,2,1,1,1,1,2,1,1,1,1,1,1,1,1,12,1,4,2,12,8,4,4,1,1,5,1,3,5,3,1,1,1,5,3,1,1,1,1,1,8,1,1,6,1,2,2,3,1,3,2,7,1,1,1,4,1,1,1,1,1,1,2,2,2,2,2,2,0,4,1,1,1,1,1,1,5,1,1,5,5,5,5,1,1,5,1,5,1,4,7,7,6,6,3,2,5,6,3,7,7,6,7,7,2,7,7,5,7,7,7,2,4,7,6,2,6,1,6,1,2,6,2,6,7,3,6,2,5,2,3,1,3,1,7,1,5,5,4,5,1,4,,,,,,,,,,,,,,,,,,,,,,,,,,,,,,,,,,,,,,,,,,,,,,,,,,,,,,,,,,,6,1,4,4,1,251,52,52,253,121,114,103,88,207,87,,,,168,26,288,9,1828,,4/22/24 4:44,,,,,,,,,,,,,,,,,,,,,,,,,,,,,,,,,
1028,,848,SONA,interview,4/22/24 17:44,1,0,21,21,0,0,0.92,2,,5,4,4,2,4,4,5,2,6,4,3,2,2,1,5,6,2,3,2,2,2,4,6,6,3,2,2,6,5,5,4,4,6,5,4,7,7,1,1,1,1,7,7,6,6,1,5,6,6,5,5,2,6,5,5,,,,,,,,,,,,,,,,,,,,4,4,5,3,3,3,4,5,5,5,7,8,3,6,9,5,10,4,2,1,1,1,5,5,5,1,1,1,1,1,5,7,4,2,1,6,8,9,10,3,2,2,2,1,2,1,2,1,1,1,1,1,1,1,2,2,1,2,2,2,1,1,1,1,1,1,1,1,1,1,1,2,1,2,2,1,2,1,1,2,2,2,1,2,2,2,1,1,2,1,1,1,1,1,1,2,1,1,1,2,2,2,2,1,2,1,2,1,1,1,1,1,1,1,2,2,1,1,2,2,1,4,2,4,2,3,3,5,4,3,4,4,3,5,4,5,4,5,1,4,2,4,5,1,4,3,4,3,4,4,1,4,5,5,4,5,5,3,2,4,4,1,5,3,2,9,8,8,6,7,8,9,9,8,8,7,7,9,8,8,3,5,4,4,5,3,4,2,3,7,7,1,3,7,2,7,7,2,7,4,6,1,1,44,2,1,1,1,1,2,1,1,1,,1,1,20,,8,1,1,1,1,2,1,1,1,1,1,1,1,1,2,1,1,1,1,1,1,2,1,1,1,1,1,1,1,1,1,1,1,2,1,7,7,5,1,7,3,7,6,6,2,1,1,1,1,1,1,1,1,2,1,1,1,1,1,1,2,1,1,1,1,1,1,1,5,5,5,2,1,1,1,1,1,1,1,1,1,2,1,1,1,1,1,1,,1,2,1,1,1,1,1,1,1,1,1,5 feet 9 inches,180lbs,1,2,1,1,2,1,1,2,1,2,1,1,2,1,1,2,1,1,1,2,1,1,2,1,2,1,1,2,1,1,2,1,1,1,2,1,1,2,1,1,2,1,2,1,1,1,2,1,1,2,1,1,2,1,2,1,1,2,1,1,1,2,1,1,2,1,1,2,1,1,2,1,1,2,1,1,2,1,1,2,1,2,1,1,2,1,1,32,1,0,2,1,1,1,1,2,1,1,1,1,2,1,1,2,1,1,1,1,1,1,1,1,1,9,1,2,6,1,1,1,1,3,3,4,1,1,6,2,1,1,1,1,1,1,1,1,1,1,1,2,1,8,1,1,7,1,3,3,5,1,4,8,8,1,1,1,1,5,1,1,1,1,1,2,2,2,2,2,2,0,2,,,,,,,,,,,,,,,,,,,,,,,,,,,,,,,,,,,,,,,,,,,,,,,,,,,,,,,,,,,,,,,,,,,,,,,,,5,5,5,5,5,6,2,6,4,3,5,5,4,5,5,3,3,3,6,2,2,3,5,5,2,6,2,2,6,3,3,4,2,2,6,4,4,3,4,5,5,3,2,3,2,2,1,4,1,3,5,6,5,1,3,2,1,5,5,1,5,7,2,281,143,165,509,183,416,91,,,,337,69,92,163,32,367,21,2544,,4/22/24 18:32,,,,,,,,,,,,,,,,,,,,,,,,,,77,,,,,,,
1029,,860,SONA,interview,4/22/24 19:47,1,0,21,21,0,0,0.43,1,,2,1,1,1,7,7,1,5,6,5,5,4,4,5,6,4,6,3,6,5,7,5,6,6,4,4,1,5,1,1,1,7,2,7,6,7,6,2,2,2,2,6,6,5,6,2,4,4,5,4,5,5,2,3,2,6,5,5,3,2,2,1,1,1,1,5,5,1,7,7,1,2,1,7,4,5,4,3,3,3,1,1,5,5,4,5,3,7,8,6,10,9,1,2,4,4,4,3,3,4,1,1,5,5,3,5,4,8,7,6,10,9,1,2,2,2,2,1,2,2,2,2,2,2,2,2,2,2,1,2,1,2,2,2,1,2,1,2,2,1,2,2,2,2,1,2,1,2,2,2,2,2,1,2,2,1,2,2,2,2,2,2,2,2,1,2,2,1,1,2,2,2,2,2,2,2,2,1,2,1,1,2,1,2,2,2,2,2,2,1,1,2,1,2,1,4,3,5,4,4,4,4,4,4,3,3,2,5,3,4,4,4,2,2,4,5,5,1,5,3,3,4,4,5,4,3,4,4,5,3,4,4,4,4,4,3,4,2,3,9,9,9,9,5,7,7,9,9,7,6,8,6,5,1,5,5,5,7,6,6,6,6,6,6,7,7,4,7,7,6,5,5,6,6,6,5,6,45,1,2,1,1,2,1,1,1,1,,1,1,47,16,17,1,1,1,1,1,2,1,1,1,1,2,1,1,2,2,1,3,1,1,2,1,1,1,1,1,2,1,1,1,1,1,1,1,1,7,5,6,1,7,4,4,3,5,2,1,1,1,1,1,1,1,2,1,1,1,1,1,1,1,2,1,1,1,1,1,1,1,5,5,5,1,1,1,1,1,1,1,2,1,1,1,2,1,1,1,1,1,,1,1,1,1,1,1,1,2,1,1,1,5',185,1,2,1,1,2,1,1,2,1,2,1,1,2,1,1,1,2,1,2,1,1,1,2,1,2,1,1,1,2,1,2,1,1,2,1,1,2,1,1,1,2,1,2,1,1,1,2,1,2,1,1,1,2,1,2,1,1,2,1,1,1,2,1,1,2,1,1,2,1,2,1,1,2,1,1,1,2,1,1,2,1,2,1,1,2,1,1,60,2,1,6,2,1,3,4,3,3,2,2,1,3,1,1,1,1,1,1,1,1,1,2,1,2,2,2,2,7,6,2,1,2,2,2,1,1,2,9,1,12,12,3,1,2,2,2,2,2,1,1,1,1,8,2,1,3,1,1,1,8,1,8,8,1,1,1,8,8,8,8,8,8,1,1,2,2,2,2,2,1,0,1,1,1,1,1,1,1,5,1,1,5,5,5,5,1,1,5,1,5,5,5,7,7,6,7,6,5,4,6,6,6,6,7,7,5,4,7,4,7,7,5,7,5,1,7,1,1,7,4,4,4,4,3,4,4,4,7,1,1,3,1,4,2,4,1,6,1,1,6,5,6,2,5,,,,,,,,,,,,,,,,,,,,,,,,,,,,,,,,,,,,,,,,,,,,,,,,,,,,,,,,,,,5,1,114,28,29,809,320,350,844,391,128,217,162,252,304,,,,403,79,535,19,4324,,4/22/24 21:10,,,,,,,,,,,,,,,,,,,,,,,,,,,,,,,,,
1030,,1106,SONA,interview,4/22/24 21:12,1,0,21,21,0,0,1.12,2,,3,2,1,4,2,1,1,6,1,7,5,5,4,4,7,7,3,3,3,2,4,2,6,5,4,3,3,4,2,3,5,6,2,6,5,5,7,1,1,1,1,7,7,6,6,4,4,5,5,2,2,2,6,6,6,7,7,1,1,1,1,2,1,2,1,2,4,1,,,,,,,5,1,5,3,3,4,3,5,5,5,3,10,6,9,7,5,8,4,2,1,5,1,5,3,3,4,3,4,5,5,3,10,5,9,7,6,8,4,2,1,2,2,2,1,1,1,2,1,2,2,1,1,2,2,2,2,1,2,2,1,1,2,1,2,1,1,2,2,2,1,1,2,1,1,2,1,2,2,1,2,1,2,2,2,1,2,2,2,1,2,1,2,2,1,2,2,1,2,2,2,2,2,2,1,1,1,2,2,1,1,1,1,2,1,2,2,1,1,1,1,1,5,1,4,1,3,3,4,3,4,5,5,1,5,3,4,4,4,4,2,2,3,4,4,4,2,3,2,3,4,2,4,4,4,4,4,4,4,5,5,3,4,5,5,4,9,7,8,6,5,5,9,9,4,1,5,6,8,8,3,4,5,5,7,7,7,7,2,7,7,7,4,7,7,4,6,2,7,7,2,7,4,4,45,2,2,1,1,1,2,2,1,1,,1,2,20,,10,1,1,1,2,1,1,1,1,1,1,2,1,1,2,1,1,2,1,2,1,1,1,1,1,1,1,1,1,1,1,1,1,2,1,7,5,5,1,7,7,6,6,6,2,1,1,1,1,1,1,1,1,2,1,1,1,1,1,1,1,2,1,1,1,1,1,1,2,2,2,2,1,1,1,1,1,1,1,1,2,1,1,1,1,1,1,1,,1,1,1,2,1,1,1,1,1,1,1,5'4,138,1,2,1,1,2,1,1,2,1,2,1,1,1,2,1,2,1,1,1,2,1,1,2,1,2,1,1,2,1,1,2,1,1,2,1,1,2,1,1,1,2,1,2,1,1,1,2,1,1,2,1,1,2,1,2,1,1,1,2,1,1,2,1,1,2,1,1,2,1,1,2,1,1,2,1,1,2,1,1,2,1,2,1,1,1,2,1,44,2,1,5,6,1,1,1,1,1,1,1,1,1,1,2,1,1,2,1,1,1,1,1,1,2,5,1,1,1,1,1,1,3,6,1,4,2,6,1,1,1,4,1,1,1,3,1,1,1,1,1,1,1,6,1,1,6,1,2,7,2,1,3,5,6,1,1,1,5,3,8,2,1,2,1,2,2,2,2,2,2,0,3,,,,,,,,,,,,,,,,,,,,,,,,,,,,,,,,,,,,,,,,,,,,,,,,,,,,,,,,,,,,,,,,,,,,,,,,,1,1,1,1,1,1,1,1,7,1,1,1,1,1,1,1,1,4,1,7,1,7,1,1,1,7,1,6,6,7,7,1,7,7,7,5,4,4,3,1,3,2,1,1,2,2,7,3,5,5,5,6,4,3,3,3,5,4,4,1,5,7,13,715,85,71,465,164,69,99,,,,119,71,112,171,21,262,5,2454,,4/22/24 21:53,,,,,,,,,,,,,,,,,,,,,,,,,,27,,,,,,,
1031,,1117,SONA,interview,4/22/24 22:03,1,0,21,21,1,1,1.33,2,,5,4,7,5,7,5,3,4,7,4,7,4,4,4,7,7,4,5,7,7,6,4,4,7,1,1,3,7,1,1,4,4,6,6,6,7,7,7,1,2,2,7,7,7,7,4,4,7,7,4,7,7,3,1,4,,,,,,,,,,,,,,,,,,,,4,3,3,4,2,2,2,2,5,5,7,8,2,3,4,6,5,9,10,1,3,3,4,4,2,2,2,2,2,4,8,7,2,3,4,9,6,5,10,1,1,2,2,1,1,1,2,2,1,2,2,1,1,2,2,2,2,2,2,2,1,2,1,1,1,2,2,2,2,2,1,2,1,2,2,2,2,2,1,1,1,1,1,2,2,2,2,1,1,2,1,1,1,1,2,2,1,2,2,1,2,2,2,1,1,1,1,1,1,1,1,1,1,1,2,1,1,1,1,2,1,4,1,5,2,4,4,5,5,5,4,5,2,4,1,3,5,1,3,1,4,3,5,3,1,1,3,5,3,2,3,4,5,4,5,5,4,5,5,3,3,3,3,5,5,9,9,9,5,4,7,9,4,7,9,9,8,9,7,4,4,1,1,5,7,6,7,7,1,7,7,1,1,1,1,5,6,6,7,6,6,6,6,46,2,1,1,1,2,1,2,2,1,,1,3,19,,11,1,1,2,1,1,1,1,1,1,1,1,1,1,2,1,1,1,1,1,2,1,1,1,1,1,1,1,1,1,1,1,1,2,1,6,1,3,4,4,7,7,5,7,1,1,1,1,2,1,1,1,1,1,2,1,1,1,1,1,1,1,1,1,2,1,1,1,4,4,4,1,1,1,1,1,1,2,1,1,2,1,1,1,1,1,1,1,,1,1,2,1,1,1,1,1,1,1,1,9-May,190,1,2,1,1,2,1,2,1,1,1,2,1,1,2,1,1,2,1,1,2,1,1,2,1,1,2,1,2,1,1,2,1,1,2,1,1,2,1,1,1,2,1,1,2,1,2,1,1,2,1,1,2,1,1,2,1,1,2,1,1,2,1,1,2,1,1,2,1,1,1,2,1,1,2,1,1,2,1,1,2,1,1,2,1,1,2,1,39,1,0,1,1,1,1,1,1,1,1,1,1,1,1,1,1,1,1,1,1,1,1,1,1,1,1,1,1,1,1,1,2,2,2,2,2,2,1,1,1,1,1,2,1,1,1,1,1,1,1,1,1,1,8,1,1,7,1,7,-9,7,1,6,8,8,1,1,1,1,1,1,1,1,2,2,2,2,2,2,2,1,,4,,,,,,,,,,,,,,,,,,,,,,,,,,,,,,,,,,,,,,,,,,,,,,,,,,,,,,,,,,,,,,,,,,,,,,,,,1,1,1,1,1,1,7,2,5,1,1,1,1,4,1,7,1,5,3,3,5,7,1,1,1,1,1,4,7,5,3,7,4,7,7,7,3,3,3,3,3,1,5,1,1,1,4,4,4,2,5,4,2,4,3,-9,5,3,-9,2,5,23,2,292,82,69,870,306,108,258,,,,468,38,22,197,7,53,10,2796,,4/22/24 22:50,,,,,,,,,,,,,,,,,,,,,,,,,,46,,,,,,,
1042,,1116,SONA,interview,4/23/24 1:28,1,0,21,21,0,0,0.94,2,,3,2,2,6,6,5,1,5,5,6,5,3,7,7,3,6,7,3,4,3,5,6,6,6,3,6,7,6,7,7,7,1,7,4,6,4,7,1,1,1,1,7,7,6,6,2,6,6,6,4,5,2,6,5,5,7,7,1,7,7,7,6,6,6,6,2,2,1,,,,,,,5,3,4,4,5,4,1,5,4,5,6,9,2,7,3,4,10,5,8,1,5,2,4,2,3,2,2,2,1,4,5,7,1,4,3,6,9,10,8,2,2,2,2,1,2,1,1,1,1,1,2,1,2,2,2,1,1,2,2,2,1,1,1,1,1,1,1,1,1,1,1,2,1,1,2,1,2,1,1,2,1,2,2,2,1,1,1,2,1,1,1,2,2,1,2,2,1,2,2,2,1,2,1,1,2,1,2,1,1,1,1,2,1,1,2,2,1,1,1,1,1,4,4,5,2,2,1,4,2,2,3,4,3,4,4,2,4,4,4,4,4,2,4,4,3,2,2,2,3,4,2,2,4,4,2,2,4,2,4,4,2,2,4,5,2,8,8,8,7,3,7,9,8,5,6,8,5,7,7,9,7,2,2,5,5,6,5,6,6,2,7,1,7,7,6,6,7,7,6,6,6,5,3,46,1,2,1,1,1,2,1,1,1,,1,1,18,,18,1,1,1,2,1,1,1,1,1,1,1,1,1,2,1,1,1,1,1,2,1,1,1,1,1,1,2,1,1,1,1,1,1,1,5,1,1,6,2,3,2,6,7,1,1,1,2,1,1,1,1,1,1,1,1,1,2,1,1,1,1,1,2,1,1,1,1,6,6,6,1,2,1,1,1,1,1,1,1,1,2,1,1,1,1,1,1,,1,1,1,2,1,1,1,1,1,1,1,5'0,125,1,2,1,1,2,1,1,2,1,1,2,1,1,2,1,2,1,1,2,1,1,1,2,1,2,1,1,2,1,1,2,1,1,1,2,1,2,1,1,2,1,1,2,1,1,1,2,1,2,1,1,2,1,1,2,1,1,2,1,1,2,1,1,1,2,1,2,1,1,1,2,1,2,1,1,1,2,1,1,2,1,1,2,1,2,1,1,32,1,0,3,4,1,1,1,1,1,1,6,1,1,1,1,2,1,1,1,1,1,1,1,1,1,11,1,1,7,1,2,1,1,6,1,1,1,7,1,1,8,6,2,1,1,3,3,1,2,1,1,1,1,8,1,1,6,1,1,6,8,1,1,6,8,-9,1,1,3,2,7,1,1,1,2,2,2,2,2,2,2,0,2,2,4,2,3,3,3,3,1,2,4,5,5,5,2,2,4,2,4,3,1,7,7,5,2,6,3,7,6,6,4,7,7,4,7,7,7,6,5,7,4,6,5,6,4,1,5,4,5,2,5,2,2,4,2,2,6,3,5,6,6,3,2,6,4,3,4,2,4,4,5,1,1,,,,,,,,,,,,,,,,,,,,,,,,,,,,,,,,,,,,,,,,,,,,,,,,,,,,,,,,,,,4,1,6,31,2,1045,382,96,434,178,103,101,90,218,65,,,,154,25,235,21,2209,,4/23/24 2:21,,,,,,,,,,,,,,,,,,,,,,,,,,,,,,,,,
1043,,872,SONA,interview,4/23/24 2:03,1,0,21,21,0,0,0.67,2,,1,1,1,7,7,7,1,1,5,4,3,3,4,4,7,1,4,4,6,7,7,4,4,4,6,2,3,6,1,4,4,7,4,7,7,6,4,4,4,2,2,4,4,6,6,1,7,6,6,5,5,6,1,2,3,7,7,1,2,2,2,5,1,5,1,1,1,1,,,,,,,5,3,2,2,1,1,1,5,5,3,3,4,6,7,9,8,10,1,2,5,5,3,1,1,1,1,1,3,3,4,1,3,6,8,7,9,10,5,4,2,2,1,2,1,2,1,2,2,1,1,1,1,1,2,2,2,2,1,2,2,2,1,1,2,1,1,1,1,1,2,2,2,2,1,1,1,1,1,1,2,2,2,2,2,2,1,1,1,2,2,1,2,2,1,2,2,1,2,2,2,1,1,2,2,2,1,2,2,1,1,1,1,2,1,1,2,1,1,2,2,1,4,3,5,2,4,4,4,4,3,4,5,3,4,2,4,3,1,1,5,5,5,4,2,3,3,3,3,3,4,4,4,5,4,4,3,2,4,2,4,5,5,3,5,2,9,5,5,3,1,2,3,9,6,5,8,5,5,5,1,9,5,5,6,6,7,5,4,3,7,1,7,7,7,7,4,3,3,3,2,2,1,2,47,2,2,2,1,1,2,1,1,1,,1,2,20,,3 year old,1,1,2,1,1,1,1,1,1,1,2,1,1,1,1,1,1,2,1,1,1,1,1,2,1,1,1,1,1,1,1,1,1,1,1,1,1,7,1,1,1,4,1,1,1,1,1,1,1,2,1,1,1,1,1,1,1,2,1,1,1,1,1,1,1,2,1,4,4,4,1,1,1,1,1,1,2,1,1,1,2,1,1,1,1,1,1,,1,1,1,1,1,1,2,1,1,1,1,5'6,204,2,1,1,1,2,1,1,2,1,2,1,1,1,2,1,2,1,1,2,1,1,1,2,1,2,1,1,1,2,1,1,2,1,1,2,1,2,1,1,2,1,1,2,1,1,1,2,1,2,1,1,2,1,1,2,1,1,1,2,1,2,1,1,1,2,1,1,2,1,2,1,1,1,2,1,1,2,1,2,1,1,1,2,1,1,2,1,41,2,1,8,4,5,2,1,2,1,1,1,5,12,2,3,2,1,1,1,3,1,1,1,1,1,12,3,1,1,1,1,1,10,12,2,1,1,1,1,2,5,12,5,1,2,3,2,4,1,1,1,3,1,1,3,2,5,1,1,1,2,2,5,8,2,1,1,2,2,1,8,1,1,1,1,2,2,2,2,1,2,0,4,,,,,,,,,,,,,,,,,,,,,,,,,,,,,,,,,,,,,,,,,,,,,,,,,,,,,,,,,,,,,,,,,,,,,,,,,1,1,1,1,1,1,1,1,7,1,7,1,1,1,2,1,1,1,5,5,6,2,2,6,6,3,3,5,5,5,5,3,5,4,2,7,5,3,1,1,1,2,1,1,1,1,5,5,5,4,2,3,4,3,4,3,5,1,4,1,37,10,2,593,184,114,546,318,89,343,,,,414,142,181,370,58,529,8,3704,,4/23/24 3:09,,,,,,,,,,,,,,,,,,,,,,,,,,19,,,,,,,
1056,,857,SONA,interview,4/23/24 3:13,1,0,21,21,0,0,0.98,2,,2,4,5,5,5,2,1,6,5,7,4,2,7,7,4,4,5,5,4,5,5,3,7,7,4,3,4,5,7,4,5,4,5,7,7,5,7,7,1,1,1,7,7,7,7,1,7,7,7,5,5,3,6,5,5,7,7,1,7,7,7,6,7,7,7,1,1,1,,,,,,,5,3,4,4,3,5,4,5,5,5,4,9,3,6,7,5,10,1,8,2,3,2,4,2,5,2,1,1,1,5,5,6,4,3,1,7,8,9,10,2,2,2,2,1,2,2,2,2,1,2,1,1,2,2,2,2,1,2,2,2,1,2,1,2,2,1,2,2,2,1,1,2,1,2,2,2,2,2,1,2,2,2,2,2,2,2,2,2,2,2,1,2,2,1,2,2,1,1,2,2,2,2,2,1,2,1,2,2,1,2,1,1,1,1,2,2,1,1,1,1,1,5,4,5,5,5,5,4,5,2,5,3,4,5,5,5,4,2,5,4,5,3,2,4,2,4,5,5,4,5,5,4,3,3,2,3,2,4,4,4,3,1,3,4,5,9,7,9,7,7,4,9,9,9,6,6,9,9,9,8,8,3,5,6,5,2,4,3,2,7,7,4,7,7,7,7,7,7,7,6,7,3,4,48,2,2,1,1,1,2,2,1,1,,1,2,19,,"8,11,13,15,17",1,1,1,2,1,1,1,1,1,1,1,2,1,2,1,1,2,1,1,1,2,1,1,1,1,1,1,1,1,1,1,2,1,1,1,1,-9,7,1,7,7,5,5,1,1,1,2,1,1,1,1,1,1,1,1,2,1,1,1,1,1,1,2,1,1,1,1,1,2,2,2,1,1,1,1,1,1,1,1,2,1,1,1,1,1,1,1,,1,1,1,2,1,1,1,1,1,1,1,5'3,115,1,2,1,1,2,1,1,2,1,2,1,1,2,1,1,1,2,1,2,1,1,1,2,1,2,1,1,2,1,1,2,1,1,1,2,1,1,2,1,2,1,1,2,1,1,1,2,1,2,1,1,2,1,1,2,1,1,2,1,1,2,1,1,1,2,1,2,1,1,1,2,1,1,2,1,1,2,1,1,2,1,1,2,1,2,1,1,53,6,1,7,1,2,6,1,1,2,1,1,3,2,1,1,1,1,1,1,2,1,1,2,1,2,5,1,3,11,7,1,2,6,4,2,5,1,8,11,1,5,7,1,1,1,5,8,1,1,1,1,1,1,8,1,1,6,1,8,1,2,1,3,4,7,1,2,1,2,3,7,5,1,2,2,2,2,2,1,2,1,0,4,,,,,,,,,,,,,,,,,,,,,,,,,,,,,,,,,,,,,,,,,,,,,,,,,,,,,,,,,,,,,,,,,,,,,,,,,7,7,2,2,1,7,7,1,2,1,3,1,4,1,7,6,7,1,5,5,6,7,4,2,1,5,4,3,7,7,7,3,5,6,7,7,5,3,3,4,2,2,3,2,3,1,5,2,7,2,1,7,3,7,2,5,5,2,5,1,5,8,5,292,94,143,528,123,59,73,,,,152,1454,153,178,30,249,19,2164,,4/23/24 4:13,,,,,,,,,,,,,,,,,,,,,,,,,,73,,,,,,,
1171,,1078,SONA,interview,4/25/24 18:44,1,0,21,21,1,1,2.44,2,,3,7,1,1,6,3,4,2,2,4,3,4,4,3,5,3,3,5,4,4,3,4,4,5,5,5,3,7,3,7,2,2,7,4,3,5,6,4,3,4,3,4,4,4,3,4,3,4,4,3,4,4,4,4,3,3,3,4,4,3,4,4,4,3,4,4,5,4,,,,,,,5,5,5,5,5,5,5,5,5,5,9,7,1,8,5,2,3,6,10,4,5,5,5,5,5,5,5,5,5,5,10,5,1,8,7,2,9,6,3,4,2,2,2,2,2,1,2,1,1,2,2,1,2,2,2,2,2,2,2,2,2,1,2,2,2,2,2,2,2,2,2,2,2,2,2,1,2,1,2,2,2,2,2,2,1,2,1,2,1,1,1,1,1,1,1,1,1,1,1,1,1,1,1,1,1,1,1,1,1,1,1,1,1,1,1,1,1,1,1,1,1,5,5,5,5,5,5,5,5,5,5,5,5,5,5,5,5,5,5,5,5,5,5,5,5,5,5,5,5,5,5,5,5,5,5,5,5,5,5,5,5,5,5,5,5,9,9,9,9,9,9,9,9,9,9,9,9,9,9,9,9,9,9,7,7,7,7,7,7,7,7,3,7,7,7,7,7,7,7,7,7,7,7,50,2,2,1,1,2,2,1,1,1,,1,2,18,,,1,1,2,1,1,1,1,1,1,1,1,2,1,1,1,1,1,1,1,2,1,1,1,1,1,1,1,1,2,1,1,1,1,1,7,7,7,7,1,7,7,7,7,2,1,1,1,1,1,1,1,2,1,1,1,1,1,1,1,2,1,1,1,1,1,1,1,2,2,2,2,1,1,1,1,1,1,1,1,2,1,1,1,1,1,1,1,,1,1,1,1,2,1,1,1,1,1,1,55,155,2,1,1,2,1,1,2,1,1,2,1,1,2,1,1,2,1,1,2,1,1,2,1,1,2,1,1,2,1,1,2,1,1,2,1,1,2,1,1,2,1,1,2,1,1,2,1,1,2,1,1,2,1,1,2,1,1,2,1,1,2,1,1,2,1,1,2,1,1,2,1,1,2,1,1,2,1,1,2,1,1,2,1,1,1,2,1,39,12,1,12,11,9,10,10,10,10,9,10,10,9,10,10,10,9,10,9,9,10,-9,10,9,10,9,10,10,10,10,10,10,10,10,10,10,10,9,10,12,12,9,10,11,11,9,11,11,9,11,11,9,9,8,3,8,8,8,1,8,8,8,8,8,8,8,1,8,8,8,8,1,8,1,1,2,2,1,2,2,-9,0,5,,,,,,,,,,,,,,,,,,,,,,,,,,,,,,,,,,,,,,,,,,,,,,,,,,,,,,,,,,,,,,,,,,,,,,,,,7,1,1,1,1,1,1,1,1,1,1,1,1,1,1,1,1,1,1,1,1,1,1,1,1,1,1,1,1,1,1,1,1,1,1,1,1,1,1,1,1,1,1,1,1,1,1,1,1,1,1,1,1,1,1,1,1,1,7,1,17,5,2,73,38,31,155,33,12,19,,,,35,7,10,111,10,37,20,615,,4/25/24 18:54,,,,,,,,,,,,,,,,,,,,,,,,,,36,,,,,,,
1188,,1119,SONA,interview,4/25/24 21:40,1,0,21,21,1,0,2.35,2,,5,4,4,4,4,4,4,4,4,4,4,4,4,4,4,4,4,4,4,4,4,4,4,4,4,4,4,4,4,4,4,4,4,4,4,4,4,4,4,4,4,4,4,4,4,4,4,4,4,4,4,4,4,4,4,,,,,,,,,,,,,,,,,,,,3,3,3,3,3,3,3,3,3,3,3,2,4,5,9,8,7,6,10,1,3,3,3,3,3,3,3,3,3,3,2,3,4,7,6,5,9,10,8,1,1,1,1,1,1,1,1,1,1,1,1,1,1,1,1,1,1,1,1,1,1,1,1,1,1,1,2,2,1,2,1,1,1,1,1,1,1,1,1,1,1,1,1,1,1,1,1,1,1,1,1,1,1,1,1,1,1,1,1,1,1,1,1,1,2,2,2,1,1,1,1,1,1,1,1,1,1,1,1,2,1,3,3,3,3,3,3,3,3,3,3,3,3,3,3,3,3,3,3,3,3,3,3,3,3,3,3,3,3,3,3,3,3,3,3,3,3,3,3,3,3,3,3,3,3,3,3,3,3,3,3,3,3,3,3,3,3,3,3,3,3,3,3,3,3,3,3,3,3,3,3,3,3,3,3,3,3,3,3,3,3,3,3,51,2,1,1,1,2,1,1,1,1,,1,1,20,,,1,1,2,1,1,1,1,1,1,1,1,1,1,2,1,1,1,1,1,2,1,1,1,1,1,1,1,1,1,1,1,1,2,1,3,3,3,3,5,3,3,3,3,2,1,1,1,1,1,1,1,1,1,1,2,1,1,1,1,1,1,1,2,1,1,1,1,4,4,4,1,2,1,1,1,1,1,1,1,2,1,1,1,1,1,1,1,,1,2,1,1,1,1,1,1,1,1,1,5'9,210,1,2,1,2,1,1,1,2,1,1,2,1,2,1,1,1,2,1,1,2,1,1,2,1,1,2,1,2,1,1,2,1,1,1,2,1,1,2,1,1,2,1,1,2,1,1,2,1,1,2,1,2,1,1,2,1,1,2,1,1,1,2,1,1,2,1,1,2,1,1,2,1,2,1,1,2,1,1,2,1,1,2,1,1,1,2,1,7,4,1,4,4,4,4,4,4,4,4,4,4,4,4,4,4,4,4,4,4,4,4,4,4,4,4,4,4,4,4,4,4,4,4,4,4,4,4,4,4,4,4,4,4,4,4,4,4,4,4,4,4,4,4,4,4,4,4,4,4,4,4,4,4,4,4,4,4,4,4,4,4,4,1,1,2,2,2,2,2,2,,3,,,,,,,,,,,,,,,,,,,,,,,,,,,,,,,,,,,,,,,,,,,,,,,,,,,,,,,,,,,,,,,,,,,,,,,,,3,3,3,3,3,3,3,3,3,3,3,3,3,3,3,3,3,3,3,3,3,3,3,3,3,3,3,3,3,3,3,3,3,3,3,3,3,3,3,3,3,3,3,3,3,3,3,3,3,3,3,3,3,3,3,3,3,3,-9,2,4,7,2,124,102,80,137,32,13,25,,,,53,14,16,129,6,78,6,828,,4/25/24 21:54,,,,,,,,,,,,,,,,,,,,,,,,,,58,,,,,,,
1202,,1120,SONA,interview,4/27/24 1:26,1,0,21,21,0,0,0.5,2,,3,2,3,4,6,3,2,6,6,7,4,4,5,7,3,5,4,6,3,2,6,4,5,5,5,5,6,6,7,3,6,3,6,4,5,6,7,1,1,1,1,7,6,6,6,2,6,4,5,7,6,5,1,3,3,7,7,2,6,5,6,6,5,4,5,2,1,1,,,,,,,5,5,3,3,3,4,1,5,3,4,5,3,6,8,7,4,10,2,9,1,2,1,4,4,4,3,1,1,1,5,5,7,2,3,4,6,10,8,9,1,1,2,2,2,2,1,1,2,1,2,2,1,1,2,2,2,1,2,1,2,1,2,1,2,1,1,2,2,2,2,1,2,1,2,2,2,2,2,1,2,1,1,2,2,1,1,1,2,2,2,1,2,2,1,2,2,1,2,1,2,2,2,1,1,2,1,2,1,1,1,1,2,1,1,2,2,1,1,1,1,1,3,1,5,1,4,4,5,5,4,5,4,2,5,4,4,4,5,1,5,4,4,5,2,3,2,4,4,4,5,5,4,5,5,3,4,3,2,3,5,3,1,3,5,4,9,8,9,8,6,5,9,5,5,4,8,9,9,9,5,4,5,7,6,7,4,5,5,4,7,7,4,7,7,5,6,7,7,6,7,7,4,7,51,1,2,1,1,1,2,2,1,1,,1,2,19,,18,1,1,2,1,1,1,1,1,1,1,1,2,1,2,1,1,2,1,1,2,1,1,1,1,1,1,1,1,1,1,1,1,2,1,4,2,5,6,2,5,7,7,7,2,1,1,1,1,1,1,1,1,2,1,1,1,1,1,1,1,1,2,1,1,1,1,1,5,5,5,1,2,1,1,1,1,1,1,1,1,2,1,1,1,1,1,1,,1,1,1,1,1,2,1,1,1,1,1,5'4,141,1,2,1,1,2,1,2,1,1,2,1,1,1,2,1,1,2,1,2,1,1,1,2,1,2,1,1,2,1,1,2,1,1,1,2,1,1,2,1,2,1,1,2,1,1,1,2,1,1,2,1,1,2,1,2,1,1,1,2,1,2,1,1,1,2,1,1,2,1,1,2,1,1,2,1,1,2,1,1,2,1,2,1,1,2,1,1,43,1,0,3,2,3,1,1,1,1,1,2,4,3,1,1,1,1,2,1,2,1,1,1,1,1,5,1,12,12,4,2,1,5,12,1,1,1,12,4,6,4,3,3,1,3,1,3,1,2,1,1,1,1,8,1,1,7,1,6,1,8,1,1,6,5,1,1,1,3,4,1,1,1,2,2,2,2,2,1,2,1,0,4,1,3,2,3,3,4,3,1,1,5,5,5,5,1,2,5,1,5,1,5,6,7,7,2,6,5,5,6,7,4,7,7,7,6,6,7,6,7,4,5,7,4,4,7,4,2,5,4,6,2,1,3,5,5,6,6,2,4,7,4,1,1,6,4,3,3,1,6,5,5,1,1,,,,,,,,,,,,,,,,,,,,,,,,,,,,,,,,,,,,,,,,,,,,,,,,,,,,,,,,,,,6,1,36,11,53,1095,2208,155,1231,2379,72,664,7031,383,91,,,,290,34,402,11,2813,,4/27/24 5:55,,,,,,,,,,,,,,,,,,,,,,,,,,,,,,,,,
1207,,1118,SONA,interview,4/27/24 5:16,1,0,21,21,0,0,2.26,2,,5,1,1,1,1,1,1,1,1,1,1,1,1,1,1,1,1,1,1,1,1,1,1,1,1,1,1,1,1,1,1,1,1,1,1,1,1,1,1,1,1,1,1,1,1,1,1,1,1,1,1,1,1,1,1,,,,,,,,,,,,,,,,,,,,1,1,1,1,1,1,1,1,1,1,10,1,2,8,3,5,4,6,7,9,1,1,1,1,1,1,1,1,1,1,8,1,2,5,3,9,6,10,4,7,2,1,1,1,1,1,1,1,1,1,1,1,1,1,2,1,1,1,1,1,1,1,1,1,1,1,1,2,1,1,1,1,1,1,1,1,1,1,1,1,1,1,1,1,1,1,1,1,1,1,1,1,1,1,1,1,1,1,1,1,1,1,1,1,1,1,1,1,1,1,1,1,1,1,1,1,1,1,1,1,1,1,1,1,1,1,1,1,1,1,1,1,1,1,1,1,1,1,1,1,1,1,1,1,1,1,1,1,1,1,1,1,1,1,1,1,1,1,1,1,1,1,1,1,1,1,1,1,1,1,1,1,1,1,1,1,1,1,1,1,1,1,1,1,1,1,1,1,1,1,1,1,1,1,1,1,1,1,1,1,1,1,1,52,2,1,1,1,2,1,1,1,1,,1,1,18,,,1,1,1,2,1,1,1,1,1,1,1,1,1,2,1,1,1,1,2,1,1,1,1,1,1,1,1,1,1,1,1,1,2,1,1,1,1,1,7,1,1,1,1,2,1,1,1,1,1,1,1,2,1,1,1,1,1,1,1,2,1,1,1,1,1,1,1,1,1,1,1,1,1,1,1,1,1,2,1,2,1,1,1,1,1,1,1,,1,2,1,1,1,1,1,1,1,1,1,1'2,200,1,2,1,1,2,1,1,2,1,1,2,1,1,2,1,1,2,1,2,1,1,1,2,1,2,1,1,1,2,1,1,2,1,2,1,1,1,2,1,1,2,1,2,1,1,2,1,1,2,1,1,2,1,1,2,1,1,1,2,1,2,1,1,1,2,1,1,2,1,2,1,1,1,2,1,2,1,1,1,2,1,1,2,1,2,1,1,3,1,0,1,1,1,1,1,1,1,1,1,1,1,1,1,1,1,1,1,1,1,1,1,1,1,1,1,1,1,1,1,1,1,1,1,1,1,1,1,1,1,1,1,1,1,1,1,1,1,1,1,1,1,1,1,1,1,1,1,1,1,1,1,1,1,1,1,1,1,1,1,1,1,2,2,2,2,2,2,2,2,,6,,,,,,,,,,,,,,,,,,,,,,,,,,,,,,,,,,,,,,,,,,,,,,,,,,,,,,,,,,,,,,,,,,,,,,,,,1,1,1,1,1,1,1,1,1,1,1,1,1,1,1,1,1,1,1,1,1,1,1,1,1,1,1,1,1,1,1,1,1,1,1,1,1,1,1,1,1,1,1,1,1,1,1,1,1,1,1,1,1,1,1,1,1,1,9,1,5,72,2,165,72,121,212,48,19,18,,,,49,11,30,106,8,43,4,922,,4/27/24 5:33,,,,,,,,,,,,,,,,,,,,,,,,,,30,,,,,,,
1208,,1121,SONA,interview,4/27/24 5:47,1,0,21,21,0,0,1.1,2,,5,4,4,4,5,4,4,2,2,2,2,4,4,4,5,4,3,4,5,5,4,4,4,4,5,4,4,5,2,2,4,5,2,5,6,6,7,2,2,2,2,7,7,7,6,2,5,5,6,6,6,4,6,6,6,,,,,,,,,,,,,,,,,,,,4,4,4,4,2,3,3,3,3,5,4,6,3,5,10,9,8,7,2,1,4,5,5,5,5,5,1,1,1,5,5,8,2,3,4,6,10,9,7,1,1,2,2,1,1,2,2,1,1,1,1,1,1,2,2,1,1,1,1,2,1,1,1,2,1,1,2,2,2,2,1,2,1,1,2,1,1,1,1,1,2,2,2,2,1,2,1,2,2,2,1,2,1,1,1,2,1,2,2,1,1,1,2,1,1,1,2,1,1,1,1,1,1,1,1,2,1,1,2,1,1,4,3,4,1,4,4,4,3,3,4,4,3,4,3,4,4,4,2,4,4,3,4,2,4,4,3,3,4,3,4,2,4,4,3,4,2,2,4,4,4,4,4,3,4,9,7,7,5,5,5,5,8,5,7,7,7,5,7,5,8,5,7,5,5,6,6,6,4,7,7,1,1,1,6,6,6,6,5,5,5,4,3,53,2,2,1,1,1,2,1,1,1,,1,1,18,,14,1,1,1,2,1,1,1,1,1,1,1,1,1,2,1,1,1,1,1,2,1,1,1,1,1,1,1,2,1,1,1,1,1,1,4,2,2,4,4,5,4,5,5,1,1,2,1,1,1,1,1,1,1,2,1,1,1,1,1,1,1,1,1,2,1,1,1,1,1,3,1,1,1,1,1,1,2,1,1,1,1,2,1,1,1,1,1,,1,2,1,1,1,1,1,1,1,1,1,5'8,160,1,2,1,1,2,1,1,2,1,2,1,1,2,1,1,2,1,1,2,1,1,1,2,1,2,1,1,2,1,1,2,1,1,1,2,1,2,1,1,1,2,1,2,1,1,1,2,1,2,1,1,1,2,1,2,1,1,1,2,1,1,2,1,1,2,1,1,2,1,1,2,1,1,2,1,1,2,1,1,2,1,2,1,1,2,1,1,30,1,0,5,3,1,1,4,2,1,1,1,1,1,1,1,1,1,1,1,1,1,1,2,1,2,3,1,1,4,1,2,1,1,5,1,2,1,3,2,1,2,1,1,1,1,2,1,1,1,1,1,1,1,1,1,1,4,1,1,1,1,1,4,6,1,1,1,1,1,1,1,1,1,2,2,2,2,2,1,2,2,0,3,,,,,,,,,,,,,,,,,,,,,,,,,,,,,,,,,,,,,,,,,,,,,,,,,,,,,,,,,,,,,,,,,,,,,,,,,1,1,1,1,1,1,1,1,5,1,5,1,1,1,1,1,1,1,1,4,5,5,1,1,1,5,5,5,5,5,5,5,1,1,4,5,5,3,3,4,2,3,2,1,1,1,4,4,5,4,1,5,1,5,4,5,5,1,7,1,101,4,2,251,119,101,356,158,81,73,,,,122,59,101,177,31,232,21,1895,,4/27/24 6:21,,,,,,,,,,,,,,,,,,,,,,,,,,22,,,,,,,
1238,,1122,SONA,interview,4/29/24 19:20,1,0,21,21,1,1,2.03,2,,5,3,3,3,3,3,3,3,2,3,3,4,3,4,3,2,3,3,3,3,3,3,4,2,3,4,2,3,4,2,3,2,3,3,2,3,4,3,3,2,3,3,3,3,3,3,3,2,3,4,3,3,4,3,3,,,,,,,,,,,,,,,,,,,,5,5,5,3,3,5,2,5,5,5,5,3,7,9,8,4,10,1,2,6,5,5,5,4,5,5,4,3,2,4,3,1,4,2,6,5,9,8,7,10,2,2,2,2,2,1,2,2,1,2,1,2,1,2,2,2,1,2,2,2,1,1,2,2,1,1,1,2,1,2,2,2,2,2,2,2,2,2,1,2,2,2,2,2,2,2,2,2,1,2,1,2,2,1,2,2,1,2,2,2,2,2,2,2,2,2,2,2,1,1,1,1,2,1,2,2,1,1,1,1,1,4,4,2,4,3,4,2,3,2,3,4,2,4,4,2,3,4,3,3,2,2,4,3,3,3,2,3,2,4,3,3,2,3,3,4,3,4,3,3,3,2,3,2,3,2,4,3,2,4,3,3,3,4,4,2,4,3,3,2,3,3,4,3,2,4,3,4,4,3,4,5,5,5,6,4,5,4,5,3,4,4,3,53,1,1,1,2,1,1,2,1,1,,1,2,21,,13,1,1,1,2,1,1,1,1,1,1,2,1,1,1,1,1,1,2,1,1,1,1,1,2,1,1,1,1,1,1,1,1,1,1,4,4,4,4,4,4,4,4,4,1,1,1,2,1,1,1,1,1,1,1,2,1,1,1,1,1,1,1,2,1,1,1,1,2,2,2,2,1,1,1,1,1,1,1,1,2,1,1,1,1,1,1,1,,1,2,1,1,1,1,1,1,1,1,1,5'11,192,1,2,1,2,1,1,1,2,1,2,1,1,2,1,1,1,2,1,2,1,1,1,2,1,2,1,1,2,1,1,1,2,1,1,2,1,2,1,1,1,2,1,2,1,1,1,2,1,2,1,1,2,1,1,1,2,1,2,1,1,2,1,1,2,1,1,1,2,1,2,1,1,1,2,1,2,1,1,2,1,1,1,2,1,2,1,1,55,4,1,3,3,4,3,3,4,2,3,3,3,4,2,4,3,3,2,4,3,4,3,3,2,4,3,3,2,4,2,3,4,4,3,3,4,4,3,3,3,3,4,2,3,4,3,2,4,4,3,3,3,2,4,4,4,3,-9,2,3,3,4,3,3,2,4,3,3,2,-9,4,4,3,1,1,2,2,2,1,2,1,,2,3,4,3,2,5,4,2,2,3,5,5,5,5,2,2,5,5,5,2,4,4,7,7,1,1,3,6,4,4,5,5,7,3,7,4,6,7,3,4,4,6,3,7,6,5,2,4,4,4,4,4,4,4,5,5,4,4,4,4,4,3,3,4,3,4,4,3,3,3,3,5,4,,,,,,,,,,,,,,,,,,,,,,,,,,,,,,,,,,,,,,,,,,,,,,,,,,,,,,,,,,,3,2,5,15,2,69,85,39,208,91,16,19,93,186,22,,,,136,15,112,3,1116,,4/29/24 19:39,,,,,,,,,,,,,,,,,,,,,,,,,,,,,,,,,
1241,,1124,SONA,interview,4/29/24 22:12,1,0,21,21,1,1,0.82,2,,1,1,1,7,7,6,6,1,7,7,3,1,6,7,7,4,4,7,6,2,2,4,5,4,4,2,2,5,1,1,6,7,1,7,7,7,7,1,1,1,1,7,7,3,2,7,2,4,1,4,7,2,2,2,2,7,7,2,5,5,5,6,5,3,3,3,3,2,,,,,,,1,5,3,2,1,4,1,5,5,5,9,8,4,6,7,5,10,1,3,2,1,1,5,2,1,4,1,5,5,5,2,1,8,5,4,6,3,10,9,7,1,2,2,2,1,1,2,2,1,1,2,1,1,2,2,2,2,1,2,2,1,1,1,2,1,1,1,1,1,2,2,1,2,1,1,2,2,1,1,1,2,1,1,2,2,2,2,2,2,2,1,1,1,1,1,1,1,1,1,1,1,1,1,1,1,1,1,1,1,1,1,1,1,1,2,1,1,1,1,1,1,1,4,4,1,4,5,1,1,5,5,3,4,5,5,5,4,1,4,1,4,5,5,5,4,1,5,5,4,5,5,5,1,4,5,4,4,5,5,5,5,5,3,5,3,9,9,9,9,9,9,9,9,9,9,9,9,9,9,9,9,9,9,7,1,7,7,7,3,7,7,1,7,3,4,7,7,7,7,7,7,1,7,54,1,1,1,1,2,1,1,1,1,,1,1,21,,,1,1,1,2,1,1,1,1,1,1,1,1,1,2,1,1,1,1,1,2,1,1,1,1,1,1,1,1,1,1,1,1,2,1,3,1,1,7,1,3,2,3,7,1,1,2,1,1,1,1,1,1,1,1,1,1,1,2,1,1,1,1,1,1,1,2,1,4,4,4,1,1,1,1,1,1,2,1,1,2,1,1,1,1,1,1,1,,1,1,1,1,1,2,1,1,1,1,1,6'3,200,1,2,1,1,2,1,1,2,1,1,2,1,1,2,1,1,2,1,2,1,1,2,1,1,2,1,1,1,2,1,1,2,1,1,2,1,2,1,1,1,2,1,2,1,1,2,1,1,2,1,1,2,1,1,2,1,1,2,1,1,2,1,1,2,1,1,2,1,1,2,1,1,2,1,1,2,1,1,1,2,1,2,1,1,2,1,1,27,1,0,3,4,1,1,1,1,4,1,1,1,1,1,2,2,1,1,1,1,1,1,1,1,1,7,1,1,1,1,1,1,1,1,1,1,1,1,1,1,1,3,1,1,1,1,1,1,1,1,1,-9,-9,1,1,1,1,1,6,1,2,1,3,-9,6,1,1,1,7,1,1,1,3,2,2,2,2,2,2,2,2,,1,5,5,4,5,5,5,3,2,5,2,5,5,5,2,2,5,2,4,5,1,7,7,7,1,7,1,5,3,7,2,7,7,2,7,7,1,7,4,5,3,5,1,5,7,7,1,5,1,3,1,3,7,4,7,3,7,1,1,7,3,1,1,3,1,5,3,7,7,5,7,7,1,,,,,,,,,,,,,,,,,,,,,,,,,,,,,,,,,,,,,,,,,,,,,,,,,,,,,,,,,,,6,1,9,6,2,938,242,98,915,320,46,673,191,786,100,,,,120,19,450,270,2743,,4/29/24 23:39,,,,,,,,,,,,,,,,,,,,,,,,,,,,,,,,,
1244,,1125,SONA,interview,4/29/24 23:09,1,0,21,21,0,0,1.67,2,,3,4,2,2,3,3,3,2,3,2,3,2,3,3,2,3,2,3,2,3,2,3,3,2,3,2,3,2,3,2,3,3,2,3,2,3,2,3,2,3,2,3,2,3,3,2,3,2,3,2,3,2,3,2,3,2,3,2,3,2,3,2,3,2,3,2,3,2,,,,,,,5,5,5,4,5,5,3,5,3,5,3,4,1,5,6,2,10,7,9,8,5,5,5,5,5,5,5,1,2,5,2,3,4,5,1,6,9,10,8,7,2,1,1,1,2,1,2,2,1,1,2,1,1,1,2,1,1,1,2,1,1,2,2,2,1,1,1,1,1,1,1,1,1,2,1,1,1,1,1,2,2,2,1,1,2,1,1,1,2,1,1,1,1,1,1,1,1,1,1,1,2,2,1,1,1,1,1,1,1,1,1,1,1,1,1,1,1,1,1,2,1,2,2,2,2,2,2,2,2,2,2,2,2,2,2,3,3,3,2,2,2,3,3,3,2,2,2,3,3,2,2,2,2,3,3,3,2,2,2,2,3,3,3,3,3,3,3,3,3,3,3,3,3,3,3,3,3,3,3,3,3,3,3,3,3,3,3,3,3,3,3,3,3,3,2,2,3,2,3,3,3,3,3,54,2,1,1,1,1,2,1,1,1,,1,1,19,,,1,1,2,1,1,1,1,1,1,1,1,1,2,2,1,1,2,1,1,2,1,1,1,1,1,1,1,2,1,1,1,1,1,1,4,4,3,4,4,4,3,4,5,1,1,1,2,1,1,1,1,1,1,1,2,1,1,1,1,1,1,1,2,1,1,1,1,4,4,4,1,1,1,1,2,1,1,1,1,1,1,1,2,1,1,1,1,,1,1,1,1,2,1,1,1,1,1,1,"5,9",150,1,2,1,1,2,1,1,2,1,2,1,1,2,1,1,2,1,1,1,2,1,2,1,1,1,2,1,2,1,1,1,2,1,2,1,1,1,2,1,2,1,1,2,1,1,2,1,1,2,1,1,2,1,1,2,1,1,2,1,1,2,1,1,1,2,1,2,1,1,2,1,1,2,1,1,2,1,1,2,1,1,1,2,1,2,1,1,19,1,0,3,3,3,3,2,3,2,3,2,3,3,2,3,2,3,2,3,2,3,2,3,2,3,2,3,2,3,2,3,2,3,2,3,2,3,2,3,2,3,3,3,3,3,2,3,2,3,2,3,2,3,2,3,3,3,3,3,3,3,3,3,3,3,3,3,3,3,2,2,3,2,1,1,2,2,2,2,2,2,,5,,,,,,,,,,,,,,,,,,,,,,,,,,,,,,,,,,,,,,,,,,,,,,,,,,,,,,,,,,,,,,,,,,,,,,,,,1,2,3,4,4,3,5,4,4,3,4,4,4,4,3,4,4,3,4,4,4,3,3,4,3,3,4,4,4,4,3,3,3,4,4,4,3,2,3,3,3,3,3,3,2,4,4,5,4,4,4,3,4,4,4,4,4,4,7,1,5,8,3,273,76,72,200,511,17,19,,,,48,35,194,319,144,60,3,1538,,4/29/24 23:42,,,,,,,,,,,,,,,,,,,,,,,,,,63,,,,,,,
1245,,1123,SONA,interview,4/29/24 23:25,1,0,21,21,1,1,0.82,2,,3,2,1,7,7,7,1,5,1,3,7,7,2,2,7,5,5,7,6,5,7,2,1,1,7,2,7,5,5,2,6,6,3,6,6,5,5,6,6,5,5,3,6,6,6,2,6,6,6,5,5,6,5,2,2,7,7,2,6,5,5,5,5,5,5,2,2,1,,,,,,,5,3,3,1,2,1,1,5,1,3,1,4,3,10,9,6,8,2,7,5,2,2,4,4,4,4,4,5,1,3,1,8,3,4,5,6,10,9,7,2,2,2,2,1,1,1,1,2,1,1,1,1,2,2,2,2,1,2,1,2,1,1,1,2,1,1,1,1,2,2,1,2,2,1,2,2,2,2,1,1,2,2,2,2,2,1,2,1,1,2,1,2,2,1,2,2,1,2,2,1,2,2,1,1,2,1,2,2,1,1,1,2,2,1,2,1,1,2,1,1,1,5,5,4,5,2,2,2,5,1,5,4,2,5,5,4,4,4,4,5,5,2,1,5,2,2,2,1,4,2,5,5,4,2,4,5,4,4,5,2,4,5,2,5,5,5,7,5,5,2,1,2,9,7,6,1,9,9,7,6,9,5,5,7,7,5,6,5,6,6,3,-9,6,1,7,3,3,3,3,3,3,3,3,55,1,2,1,1,1,2,1,1,1,,1,1,18,,16,1,1,1,2,1,1,1,1,1,1,1,2,1,2,1,1,2,1,2,1,1,1,1,1,2,1,1,1,1,1,1,1,1,1,5,2,5,5,3,5,7,3,5,1,1,1,2,1,1,1,1,1,1,1,1,2,1,1,1,1,1,2,1,1,1,1,1,6,6,6,1,2,1,1,1,1,1,1,1,1,1,1,1,1,1,1,2,Eastern Orothodx,1,1,1,1,2,1,1,1,1,1,1,5'ft,135,2,1,1,1,2,1,2,1,1,1,2,1,1,2,1,1,2,1,2,1,1,1,2,1,1,2,1,2,1,1,2,1,1,1,2,1,2,1,1,1,2,1,1,2,1,1,2,1,1,2,1,2,1,1,2,1,1,2,1,1,2,1,1,2,1,1,1,2,1,2,1,1,1,2,1,1,2,1,1,2,1,2,1,1,1,2,1,41,4,1,12,1,1,1,1,1,1,1,1,1,1,1,1,1,1,1,1,1,1,1,1,1,2,5,2,1,12,1,2,2,12,12,12,1,3,1,1,1,2,9,1,1,1,1,12,4,2,1,1,1,1,8,7,1,1,1,6,6,1,1,1,8,1,1,1,1,1,4,8,1,7,1,1,2,2,2,2,2,2,,4,1,1,1,1,2,1,5,1,1,5,5,5,5,1,1,5,1,5,4,2,6,7,7,5,5,2,2,7,7,7,7,7,7,7,7,7,7,6,2,7,7,7,6,7,5,1,1,3,5,1,5,1,5,6,7,1,1,-9,6,7,5,2,5,2,6,1,6,5,2,5,5,4,,,,,,,,,,,,,,,,,,,,,,,,,,,,,,,,,,,,,,,,,,,,,,,,,,,,,,,,,,,4,1,4,9,5,498,154,129,498,218,120,119,111,329,143,,,,280,35,410,17,3079,,4/30/24 0:16,,,,,,,,,,,,,,,,,,,,,,,,,,,,,,,,,
1292,,,base,interview,5/29/24 18:27,1,0,21,21,1,1,1.62,2,,5,7,7,4,3,1,7,4,6,5,4,2,5,7,3,6,4,7,4,7,5,2,5,7,5,3,3,5,6,3,3,7,5,7,7,7,7,1,1,1,1,7,7,7,7,5,7,7,7,7,7,4,6,7,7,,,,,,,,,,,,,,,,,,,,5,3,5,3,3,3,5,5,5,5,7,6,4,8,5,9,2,1,10,3,1,1,5,5,5,5,5,5,1,5,8,9,4,5,3,7,1,2,10,6,2,2,2,1,2,1,2,2,1,1,2,1,2,2,2,2,2,2,2,2,2,2,2,2,2,1,2,2,2,2,2,2,2,2,2,2,2,2,1,2,2,2,2,2,2,2,2,2,2,2,1,2,2,1,2,2,1,2,2,1,2,2,2,1,2,2,2,2,1,2,2,1,2,2,2,2,1,2,1,2,1,5,4,5,5,5,3,4,5,3,5,5,3,5,5,4,5,5,5,3,4,1,4,5,4,4,5,1,4,5,5,2,5,5,5,5,5,5,5,3,5,4,5,4,4,9,9,6,5,4,6,6,6,7,4,6,7,7,7,8,8,8,9,6,6,6,-9,7,5,7,2,1,1,1,6,7,7,7,7,7,7,7,1,56,1,2,1,1,2,1,1,1,1,,1,1,31,,3,1,1,1,1,1,2,1,1,1,1,1,2,1,1,1,1,1,1,1,2,1,1,1,1,1,1,1,1,2,1,1,1,1,1,7,7,7,1,7,1,4,1,3,2,1,1,1,1,1,1,1,2,1,1,1,1,1,1,1,2,1,1,1,1,1,1,1,7,7,7,1,2,1,1,1,1,1,1,1,2,1,1,1,1,1,1,1,,1,2,1,1,1,1,1,1,1,1,1,5'11,140,1,2,1,1,2,1,1,2,1,1,2,1,2,1,1,2,1,1,2,1,1,2,1,1,2,1,1,2,1,1,2,1,1,1,2,1,2,1,1,2,1,1,1,2,1,1,2,1,2,1,1,2,1,1,2,1,1,2,1,1,1,2,1,2,1,1,1,2,1,1,2,1,2,1,1,1,2,1,1,2,1,1,2,1,2,1,1,64,1,0,3,12,-9,1,1,1,2,1,1,3,3,1,3,1,1,2,2,3,1,1,1,1,1,1,12,12,12,2,3,3,1,8,1,5,10,10,4,1,1,1,5,1,3,7,8,1,1,1,1,1,1,3,-9,3,1,1,1,2,1,-9,4,8,1,1,1,7,1,1,3,1,7,2,2,2,2,2,2,2,2,,5,5,5,5,5,5,5,2,5,5,4,5,5,5,1,1,5,1,5,5,1,1,7,7,1,1,2,1,4,7,1,1,7,1,4,3,7,5,5,1,3,7,1,7,1,5,1,1,1,1,1,1,1,1,5,1,5,4,2,7,3,4,7,7,2,2,1,5,7,7,5,7,4,,,,,,,,,,,,,,,,,,,,,,,,,,,,,,,,,,,,,,,,,,,,,,,,,,,,,,,,,,,7,1,4,4,2,242,97,70,348,86,53,59,62,129,59,,,,98,26,193,4,1536,,5/29/24 18:52,,,,,,,,,,,,,,,,,,,,,,,,,,,,,,,,,
1307,,,base,interview,5/29/24 21:35,1,0,21,21,0,0,1.18,2,,1,1,1,7,7,7,1,7,4,1,3,3,5,5,7,7,3,6,5,3,4,6,6,5,2,3,2,4,2,1,2,6,2,6,7,6,7,1,1,1,1,7,7,7,7,1,7,7,7,1,3,2,6,5,4,7,7,1,1,1,1,1,1,1,1,1,7,1,,,,,,,5,3,3,3,2,4,1,5,1,5,2,8,4,6,5,7,9,1,10,3,2,1,4,3,5,4,3,5,1,5,7,9,2,5,1,6,8,4,10,3,2,2,2,1,2,1,2,1,2,2,2,2,1,2,2,2,2,2,2,2,1,2,1,2,1,2,2,2,2,1,1,2,2,2,1,1,2,2,1,2,1,2,2,2,2,2,1,2,1,2,1,2,2,1,2,2,1,2,2,1,2,1,1,2,2,2,2,1,2,2,2,1,2,1,1,2,1,1,2,2,1,3,2,5,1,5,3,5,2,5,5,3,1,5,1,5,4,4,1,3,5,3,3,2,5,4,3,1,5,1,4,3,5,5,5,2,4,1,4,1,4,4,5,2,4,9,8,9,5,4,5,6,6,5,5,5,5,5,2,1,7,4,3,6,7,6,7,2,4,7,5,1,7,7,5,7,6,6,4,5,5,3,1,57,1,1,1,1,1,1,2,1,1,,1,1,39,,10,1,1,1,1,2,1,1,1,1,2,1,1,1,1,1,1,1,1,1,2,1,1,1,1,1,1,1,1,1,2,1,1,1,1,7,5,4,2,6,4,4,4,4,1,1,2,1,1,1,1,1,1,2,1,1,1,1,1,1,1,2,1,1,1,1,1,1,6,6,6,1,2,1,1,1,1,1,1,1,1,1,1,1,1,1,1,2,Unknown,1,1,1,1,1,1,1,2,1,1,1,"5'2""",135,1,2,1,2,1,1,1,2,1,1,2,1,1,2,1,1,2,1,2,1,1,1,2,1,2,1,1,1,2,1,1,2,1,1,2,1,2,1,1,2,1,1,2,1,1,1,2,1,2,1,1,2,1,1,2,1,1,2,1,1,2,1,1,1,2,1,1,2,1,1,2,1,2,1,1,1,2,1,1,2,1,2,1,1,2,1,1,53,1,0,2,1,1,1,1,1,1,1,1,1,12,2,1,1,1,1,1,2,1,1,1,2,2,2,1,3,1,1,1,1,1,1,1,3,1,1,1,1,3,6,1,1,3,1,12,1,1,1,1,1,1,8,1,1,1,1,5,1,2,1,1,7,1,1,8,2,1,1,1,7,1,2,2,2,2,2,1,2,1,0,2,1,1,1,3,2,1,2,1,1,3,5,5,5,1,1,5,1,5,3,1,3,5,7,1,2,4,4,1,6,2,5,4,4,5,5,7,6,5,4,4,5,4,4,7,4,3,2,3,1,2,6,4,6,6,1,7,1,2,6,3,1,1,7,4,1,1,4,7,7,7,1,1,,,,,,,,,,,,,,,,,,,,,,,,,,,,,,,,,,,,,,,,,,,,,,,,,,,,,,,,,,,6,1,6,6,3,349,119,99,344,350,88,93,62,129,46,,,,129,22,162,4,2011,,5/29/24 22:08,,,,,,,,,,,,,,,,,,,,,,,,,,,,,,,,,
1443,,1149,SONA,interview,9/29/24 0:09,1,0,21,21,0,0,1.03,2,,5,7,7,2,4,2,6,6,6,6,6,5,5,2,3,6,6,6,2,2,4,6,6,7,6,6,4,7,5,5,6,4,5,4,5,5,7,2,7,2,2,6,6,6,6,2,2,7,5,5,6,6,3,6,3,,,,,,,,,,,,,,,,,,,,5,3,5,5,5,5,5,5,5,5,2,10,6,5,8,7,3,1,9,4,5,1,3,5,2,1,1,1,1,5,3,5,1,4,6,7,9,10,8,2,2,2,2,1,1,1,1,1,1,1,1,1,1,2,2,2,1,2,1,1,1,1,1,1,1,1,1,2,2,1,1,1,1,1,2,1,1,1,1,2,2,2,1,1,1,1,1,1,1,1,1,1,1,1,1,1,1,1,1,1,1,1,1,1,1,1,2,1,1,1,1,1,1,1,2,1,1,1,1,2,1,4,4,5,1,5,3,5,2,5,5,5,3,5,3,3,5,5,1,5,5,4,5,1,5,4,4,2,5,2,3,5,5,5,5,5,5,2,5,2,5,5,5,4,1,8,8,8,8,7,7,9,8,8,8,8,8,8,8,8,8,9,6,6,6,6,6,5,5,7,7,6,7,7,3,6,6,6,6,6,6,5,3,57,2,2,1,1,1,1,2,1,1,,1,1,18,,,1,1,1,2,1,1,1,1,1,1,1,1,1,2,1,1,1,1,2,1,1,1,1,1,1,2,1,1,1,1,1,1,1,1,5,1,1,5,3,3,2,2,4,1,1,1,2,1,1,1,1,1,1,2,1,1,1,1,1,1,1,1,2,1,1,1,1,4,4,4,1,1,1,1,1,1,1,2,1,1,2,1,1,1,1,1,1,,1,2,1,1,1,1,1,1,1,1,1,5'6,250,1,2,1,2,1,1,1,2,1,2,1,1,1,2,1,2,1,1,2,1,1,1,2,1,2,1,1,2,1,1,2,1,1,1,2,1,2,1,1,2,1,1,2,1,1,1,2,1,2,1,1,2,1,1,2,1,1,2,1,1,2,1,1,1,2,1,1,2,1,2,1,1,1,2,1,2,1,1,1,2,1,1,2,1,1,2,1,16,2,1,3,2,1,1,1,1,1,1,1,5,1,1,1,1,1,1,1,1,1,1,1,1,1,8,1,1,1,1,1,1,1,1,1,1,1,1,1,1,1,1,1,1,1,1,1,1,1,1,1,1,1,8,1,1,7,1,1,1,6,1,1,5,8,2,1,1,5,7,1,1,1,1,1,2,2,2,2,2,2,0,5,,,,,,,,,,,,,,,,,,,,,,,,,,,,,,,,,,,,,,,,,,,,,,,,,,,,,,,,,,,,,,,,,,,,,,,,,5,4,4,4,7,7,4,6,4,5,7,4,7,6,6,6,4,2,5,5,2,7,7,5,4,4,4,7,7,7,7,5,7,7,7,7,4,4,4,4,4,2,4,4,4,4,4,4,6,5,6,5,5,6,5,5,6,6,4,1,39,6,20,667,113,71,370,294,76,128,,,,159,50,46,150,36,184,7,2399,,9/29/24 0:49,,,,,,,,,,,,,,,,,,,,,,,,,,86,,,,,,,
1445,,1159,SONA,interview,9/29/24 0:25,1,0,21,21,0,0,1.11,2,,5,1,3,7,7,5,1,7,7,6,7,6,7,7,2,7,6,4,6,5,3,6,7,7,5,7,7,7,7,7,7,3,6,7,7,7,7,1,2,1,3,7,7,7,7,4,7,7,7,7,7,7,1,5,3,,,,,,,,,,,,,,,,,,,,5,5,5,4,4,5,2,4,3,3,3,2,6,5,7,4,9,10,8,1,4,4,4,4,4,4,2,2,3,4,5,6,1,2,3,7,8,9,10,4,2,2,2,2,2,1,1,2,1,1,2,1,2,2,2,2,1,1,2,1,1,2,2,2,1,1,1,2,2,2,1,2,1,1,2,2,2,2,1,2,2,2,1,1,1,1,1,1,2,1,1,1,1,1,2,2,1,2,1,2,1,1,2,1,2,1,2,1,1,1,1,1,1,1,1,1,1,2,2,1,1,3,3,4,3,2,2,4,1,2,5,3,3,5,5,5,3,5,3,5,5,5,5,5,4,5,5,2,5,5,5,5,5,5,5,5,4,5,3,5,5,5,5,5,3,9,7,8,3,2,2,7,2,5,9,3,3,3,6,4,8,8,5,7,7,7,7,7,2,1,1,1,1,1,7,7,7,7,5,5,6,2,7,58,2,2,1,1,2,1,1,1,1,,1,1,18,,11,1,1,1,2,1,1,1,1,1,1,2,1,1,2,1,1,2,1,2,1,1,1,1,1,2,1,1,1,1,1,1,1,1,1,2,1,1,7,1,4,2,3,7,1,1,1,1,1,2,1,1,2,1,1,1,1,1,1,1,1,1,1,1,1,1,2,1,2,3,3,1,2,1,1,1,1,1,1,1,2,1,1,1,1,1,1,1,,1,2,1,1,1,1,1,1,1,1,1,5'6,138,1,2,1,1,2,1,1,2,1,1,2,1,1,2,1,1,2,1,2,1,1,1,2,1,1,2,1,1,2,1,2,1,1,1,2,1,2,1,1,2,1,1,2,1,1,1,2,1,2,1,1,1,2,1,2,1,1,2,1,1,1,2,1,1,2,1,2,1,1,1,2,1,2,1,1,1,2,1,1,2,1,1,2,1,2,1,1,36,3,1,3,3,6,3,1,1,1,1,12,2,2,1,3,1,1,2,2,2,1,1,1,1,2,1,1,1,12,2,2,1,1,2,1,1,1,1,3,1,1,1,3,1,2,3,2,1,1,1,1,1,1,8,1,1,4,1,1,1,7,1,5,5,7,1,1,1,5,1,8,1,2,1,1,2,2,2,1,1,1,0,4,,,,,,,,,,,,,,,,,,,,,,,,,,,,,,,,,,,,,,,,,,,,,,,,,,,,,,,,,,,,,,,,,,,,,,,,,7,7,7,7,7,7,7,7,3,3,3,5,7,2,7,7,7,7,7,4,7,5,5,1,1,3,6,7,4,2,3,1,3,2,2,4,3,5,5,5,5,5,2,5,5,5,7,2,7,1,1,7,2,7,1,7,7,1,5,1,7,7,6,214,216,116,410,146,79,57,,,,140,32,74,284,30,208,11,2037,,9/29/24 0:59,,,,,,,,,,,,,,,,,,,,,,,,,,111,,,,,,,
1446,,1153,SONA,interview,9/29/24 0:26,1,0,21,21,0,0,1.25,2,,2,2,2,7,6,7,1,4,4,4,3,4,5,4,3,4,5,4,5,4,4,3,4,5,4,3,3,4,5,5,4,4,5,5,6,4,7,2,4,3,3,5,4,6,6,3,7,6,6,3,3,4,4,4,3,6,6,2,6,5,6,4,6,6,6,2,2,2,,,,,,,4,3,3,3,3,4,1,5,2,3,1,5,3,8,6,7,10,2,9,4,2,2,5,3,5,3,3,3,1,5,5,4,2,6,3,7,10,9,8,1,1,2,2,1,1,1,2,1,2,2,1,1,1,2,1,1,1,2,2,2,1,1,2,2,1,1,2,2,2,2,1,1,1,1,2,1,2,1,1,2,2,2,2,2,1,2,1,1,2,2,1,2,2,1,2,2,1,2,2,2,2,2,2,1,1,1,2,2,1,2,1,1,1,1,1,2,1,1,1,1,1,3,2,3,4,4,4,4,4,1,5,2,1,3,3,3,3,4,4,4,4,4,4,3,3,3,3,2,4,4,3,3,4,3,3,3,3,2,4,4,3,3,3,4,2,5,5,5,2,3,2,2,7,2,2,4,2,2,2,6,4,3,4,5,5,4,5,6,6,3,3,1,5,7,7,6,5,4,5,5,6,3,4,58,1,2,1,1,1,1,2,1,1,,1,1,25,,22,1,1,1,2,1,1,1,1,1,1,2,1,1,1,1,1,1,2,1,1,1,1,1,1,2,1,1,1,1,1,1,1,1,1,4,2,2,5,3,3,4,4,6,1,1,1,1,2,1,1,1,1,1,1,2,1,1,1,1,1,1,1,2,1,1,1,1,4,4,4,1,1,2,1,1,1,1,1,1,1,1,1,1,1,1,1,2,Methodist ,1,1,1,1,2,1,1,1,1,1,1,5'8,260,1,2,1,1,2,1,1,2,1,1,2,1,1,2,1,2,1,1,2,1,1,1,2,1,2,1,1,1,2,1,2,1,1,1,2,1,1,2,1,2,1,1,1,2,1,1,2,1,2,1,1,2,1,1,2,1,1,2,1,1,1,2,1,2,1,1,1,2,1,1,2,1,2,1,1,2,1,1,1,2,1,2,1,1,2,1,1,39,1,0,3,4,1,1,1,1,1,1,-9,2,2,1,1,3,1,1,1,3,1,1,1,2,1,1,1,1,1,1,2,1,2,3,1,1,1,1,2,1,1,3,3,1,2,2,1,2,1,1,1,1,1,8,1,1,1,1,5,5,1,1,4,4,1,1,1,1,5,1,1,1,1,2,2,2,2,2,1,2,1,0,4,2,3,3,2,3,3,4,3,3,4,5,5,5,2,1,5,2,5,4,6,7,7,6,7,6,6,6,6,7,5,7,6,6,6,6,7,7,7,6,6,6,7,5,7,1,3,4,5,5,4,5,4,4,5,7,4,4,5,5,5,4,4,4,4,6,4,5,5,5,6,3,4,,,,,,,,,,,,,,,,,,,,,,,,,,,,,,,,,,,,,,,,,,,,,,,,,,,,,,,,,,,5,1,13,7,1,328,134,68,401,129,66,113,98,218,86,,,,161,26,244,6,2099,,9/29/24 1:01,,,,,,,,,,,,,,,,,,,,,,,,,,,,,,,,,
1453,,1146,SONA,interview,9/29/24 18:38,1,0,21,21,1,1,1.66,2,,3,6,1,1,4,4,1,5,5,4,5,3,4,4,4,5,5,3,3,3,6,6,6,6,2,2,4,4,5,5,5,4,5,5,6,4,7,1,1,1,1,7,7,5,5,3,5,4,5,2,3,3,5,6,6,6,6,2,2,2,2,4,1,2,1,1,2,1,,,,,,,3,3,4,4,4,4,1,5,5,5,8,9,4,5,7,6,10,1,3,2,3,3,2,2,4,5,1,5,5,5,8,5,9,7,6,3,10,1,2,4,1,2,2,1,2,1,1,1,1,1,1,1,1,2,2,2,1,2,2,2,1,2,1,2,1,2,2,1,2,1,1,2,1,2,2,1,1,1,1,2,2,2,1,1,1,2,2,1,2,2,1,2,2,1,1,2,1,2,2,2,2,2,2,1,1,1,2,2,1,1,1,1,1,1,2,2,1,2,1,2,1,5,3,4,2,3,3,5,2,2,3,3,3,4,4,4,4,4,2,5,4,3,4,3,4,3,2,3,1,4,1,2,4,4,2,4,4,3,3,3,3,2,4,2,2,6,6,6,5,5,5,8,7,4,2,5,7,8,8,2,5,5,5,4,4,4,4,5,-9,7,7,-9,7,7,7,5,4,5,4,4,4,4,3,59,2,2,1,1,1,1,2,1,1,,1,1,18,,15,1,1,2,1,1,1,1,1,1,1,2,1,1,1,1,1,1,1,1,1,2,1,1,1,1,1,1,1,1,1,1,2,1,1,5,5,4,1,7,6,6,6,6,1,1,1,1,1,1,2,1,1,1,1,1,1,2,1,1,1,2,1,1,1,1,1,1,5,5,2,2,1,1,1,1,1,1,1,1,2,1,1,1,1,1,1,1,,1,1,1,1,1,1,2,1,1,1,1,5'5,150,1,2,1,1,2,1,1,2,1,2,1,1,1,2,1,1,2,1,2,1,1,1,2,1,2,1,1,2,1,1,2,1,1,2,1,1,2,1,1,2,1,1,2,1,1,1,2,1,2,1,1,2,1,1,2,1,1,2,1,1,2,1,1,1,2,1,1,2,1,2,1,1,1,2,1,2,1,1,1,2,1,2,1,1,2,1,1,39,1,0,2,6,1,1,1,1,1,1,1,3,6,1,2,2,1,2,1,2,1,2,1,1,2,3,1,2,7,1,1,1,1,1,1,3,1,1,3,2,4,4,4,1,2,2,1,2,1,1,1,1,1,7,1,1,7,1,5,5,6,1,4,8,2,1,1,1,5,2,1,1,2,1,1,2,2,2,1,2,2,0,4,,,,,,,,,,,,,,,,,,,,,,,,,,,,,,,,,,,,,,,,,,,,,,,,,,,,,,,,,,,,,,,,,,,,,,,,,1,1,1,1,1,1,1,1,6,1,5,1,1,2,1,3,5,1,1,7,1,7,1,1,1,7,7,7,7,7,7,5,-9,7,7,7,3,2,3,3,4,4,4,3,3,3,4,3,3,4,4,3,4,3,5,-9,2,1,6,1,4,7,2,262,64,63,343,147,45,63,,,,220,37,45,100,13,131,4,1550,,9/29/24 19:04,,,,,,,,,,,,,,,,,,,,,,,,,,28,,,,,,,
1455,,1188,SONA,interview,9/29/24 22:45,1,0,21,21,0,0,0.75,2,,3,1,1,1,7,3,1,6,6,5,3,3,4,5,2,5,3,2,5,2,2,5,7,7,3,2,3,6,2,2,5,6,2,5,7,5,7,1,1,1,1,7,7,6,7,1,6,6,6,2,5,2,5,6,6,7,7,1,3,1,1,3,2,2,1,1,1,1,,,,,,,5,3,5,3,3,4,1,5,5,5,4,9,5,7,6,8,10,2,3,1,2,4,5,5,5,4,1,5,5,2,7,9,1,4,3,8,10,2,6,5,2,2,2,1,1,1,2,1,1,2,2,1,2,2,2,2,1,1,1,2,1,1,1,2,1,1,2,1,1,2,2,2,2,1,2,1,2,1,1,2,1,1,2,2,2,2,2,1,2,2,1,2,2,1,2,2,1,2,2,2,1,1,2,1,1,1,2,1,1,1,1,1,1,1,1,2,1,2,1,1,1,5,4,5,1,4,4,4,4,1,3,4,1,5,1,5,4,5,1,5,3,4,5,2,4,1,3,1,5,4,4,5,5,5,1,5,5,4,4,3,3,4,5,1,4,8,6,8,5,7,6,9,7,5,6,7,6,8,2,4,2,3,3,6,5,3,6,7,5,7,4,1,7,7,7,5,5,6,6,7,7,6,7,60,1,2,1,1,1,2,2,1,1,,1,2,18,,14,1,1,1,2,1,1,1,1,1,1,1,1,1,2,1,1,1,1,1,2,1,1,1,1,1,1,1,1,1,1,1,1,2,1,4,3,3,5,3,5,6,5,6,1,1,1,1,1,2,1,1,1,1,1,1,2,1,1,1,1,1,1,1,2,1,1,1,1,1,1,2,1,1,1,1,1,1,1,1,2,1,1,1,1,1,1,1,,1,1,1,2,1,1,1,1,1,1,1,"5'8""",145lbs,1,2,1,1,2,1,1,2,1,1,2,1,2,1,1,2,1,1,2,1,1,1,2,1,2,1,1,2,1,1,2,1,1,1,2,1,1,2,1,2,1,1,1,2,1,1,2,1,2,1,1,1,2,1,2,1,1,2,1,1,1,2,1,1,2,1,1,2,1,2,1,1,1,2,1,1,2,1,2,1,1,1,2,1,1,2,1,38,1,0,7,3,4,9,1,1,1,1,6,1,8,1,1,1,1,1,1,1,1,1,2,1,1,11,3,1,5,1,2,1,2,7,3,2,6,1,4,1,2,9,1,1,3,2,2,2,1,1,1,1,1,6,2,2,2,1,1,1,7,1,4,7,8,1,1,1,6,1,2,1,2,2,2,2,2,2,1,2,1,0,3,1,1,1,1,1,1,5,1,1,4,5,5,5,1,1,5,1,5,1,5,7,4,5,6,3,5,7,4,6,7,3,7,7,4,5,7,2,7,6,3,3,3,5,6,2,2,2,4,2,2,2,3,5,3,1,6,2,2,7,3,2,1,6,1,1,1,2,5,6,7,2,1,,,,,,,,,,,,,,,,,,,,,,,,,,,,,,,,,,,,,,,,,,,,,,,,,,,,,,,,,,,6,1,6,23,2,522,219,166,685,202,116,134,301,309,117,,,,231,31,292,24,3168,,9/29/24 23:42,,,,,,,,,,,,,,,,,,,,,,,,,,,,,,,,,
1457,,1182,SONA,interview,9/30/24 14:15,1,0,21,21,0,0,1.58,2,,3,1,1,1,1,1,1,5,5,5,4,3,4,5,5,6,5,3,1,1,3,5,5,5,3,5,5,5,5,5,5,3,5,4,5,3,6,1,1,1,1,7,7,5,5,4,5,5,5,5,5,5,3,3,3,7,7,1,6,4,6,3,6,6,2,1,3,1,,,,,,,3,2,3,2,2,2,1,5,2,5,3,5,4,7,6,8,10,2,9,1,1,1,1,1,1,1,1,1,1,4,2,6,8,7,3,5,10,9,4,1,2,2,2,2,2,2,2,2,2,2,2,2,2,2,2,2,1,2,2,2,1,2,1,2,1,2,2,2,2,2,2,2,1,2,2,2,2,2,1,2,2,2,1,2,1,2,1,2,2,2,1,2,2,1,1,2,1,2,2,2,2,2,2,1,1,1,2,2,1,1,2,1,1,2,2,2,1,1,2,2,1,4,2,4,4,4,4,4,4,4,5,2,1,5,4,5,3,2,4,5,5,2,4,3,1,2,4,5,4,5,2,2,4,4,5,5,4,3,4,5,3,4,5,5,2,5,7,7,5,4,4,6,6,3,7,6,2,5,5,7,7,8,5,3,4,3,2,6,2,7,1,1,7,7,7,5,5,6,5,2,4,2,1,61,1,2,1,1,1,1,2,1,1,,1,1,22,,8,1,1,1,2,1,1,1,1,1,2,1,1,1,1,1,1,1,1,1,2,1,1,1,1,1,1,1,2,1,1,1,1,1,1,2,2,2,6,2,5,5,3,3,1,1,1,1,1,1,2,1,1,1,1,1,1,1,2,1,1,1,1,1,1,1,2,1,5,5,5,1,1,2,1,1,1,1,1,1,1,1,1,1,1,1,2,1,,1,1,1,1,1,2,1,1,1,1,1,5'7,210,1,2,1,1,2,1,1,2,1,1,2,1,1,2,1,1,2,1,2,1,1,2,1,1,2,1,1,1,2,1,2,1,1,1,2,1,2,1,1,2,1,1,2,1,1,2,1,1,2,1,1,2,1,1,2,1,1,2,1,1,1,2,1,1,2,1,2,1,1,1,2,1,2,1,1,1,2,1,2,1,1,1,2,1,2,1,1,58,2,1,4,6,4,3,1,3,2,2,1,1,2,1,2,1,1,1,1,1,1,1,1,2,2,2,1,2,2,1,1,1,1,12,1,3,1,8,8,3,3,12,1,1,2,3,1,3,1,2,1,3,1,8,2,2,3,1,7,1,4,1,5,6,2,2,1,2,1,4,3,8,2,1,1,2,2,1,2,1,1,0,4,1,1,1,1,2,1,5,1,1,5,5,5,5,1,1,5,1,5,1,6,4,5,6,2,5,5,4,6,5,4,6,6,5,6,5,4,6,6,6,7,6,6,4,5,1,5,6,6,7,6,3,1,1,1,6,3,3,4,4,5,3,5,4,5,5,5,3,3,4,4,5,4,,,,,,,,,,,,,,,,,,,,,,,,,,,,,,,,,,,,,,,,,,,,,,,,,,,,,,,,,,,4,1,4,6,2,177,81,83,309,88,87,50,94,124,47,,,,88,12,296,15,1563,,9/30/24 14:41,,,,,,,,,,,,,,,,,,,,,,,,,,,,,,,,,
1458,,1152,SONA,interview,9/30/24 16:09,1,0,21,21,1,1,2.16,2,,2,2,2,5,6,6,3,6,6,6,4,3,6,6,4,6,6,5,5,5,5,5,5,5,4,5,3,2,3,2,3,5,4,3,2,3,4,5,2,2,2,3,3,3,3,2,6,6,6,6,6,6,1,1,1,7,7,2,2,3,3,3,5,5,4,1,2,1,,,,,,,5,5,5,5,5,5,5,5,5,5,1,9,7,5,2,10,8,4,6,3,4,3,4,4,4,4,3,5,4,3,7,9,4,1,2,8,10,6,5,3,1,1,2,1,1,1,2,1,1,2,1,1,2,1,2,1,2,1,1,2,1,2,2,1,1,1,2,2,1,1,2,1,2,2,2,2,1,1,2,2,1,2,1,2,2,2,2,1,1,1,1,2,1,2,2,1,2,1,2,1,1,1,1,2,1,2,2,2,1,2,2,2,1,1,1,2,1,2,1,1,1,4,2,3,4,2,4,2,2,2,3,2,3,4,4,3,2,3,4,1,5,4,3,2,3,3,2,4,3,2,3,3,4,3,4,2,4,2,4,3,2,3,3,3,3,8,8,7,7,6,7,7,5,9,6,7,4,5,6,5,5,6,5,6,5,6,5,4,4,4,5,4,4,3,4,4,3,2,5,4,3,6,5,61,2,2,1,1,1,1,2,1,1,,1,1,18,,,1,1,1,2,1,1,1,1,1,1,2,1,1,2,1,1,2,1,1,2,1,1,1,1,1,1,1,1,1,1,2,1,1,1,6,6,5,5,3,5,3,5,3,2,1,1,1,1,1,1,1,2,1,1,1,1,1,1,1,2,1,1,1,1,1,1,1,4,3,5,2,1,1,1,1,1,1,1,1,2,1,1,1,1,1,1,1,,1,1,1,1,1,1,2,1,1,1,1,5'5,175,2,1,1,1,2,1,1,2,1,1,2,1,1,2,1,2,1,1,1,2,1,1,2,1,1,2,1,1,2,1,2,1,1,2,1,1,1,2,1,1,2,1,2,1,1,2,1,1,1,2,1,2,1,1,2,1,1,2,1,1,1,2,1,2,1,1,2,1,1,1,2,1,1,2,1,1,2,1,2,1,1,2,1,1,2,1,1,37,2,1,3,4,3,4,3,4,3,4,4,4,6,4,4,6,10,6,5,6,6,5,5,5,3,9,6,5,11,11,4,4,7,5,8,6,7,7,5,5,8,9,7,7,6,6,6,6,6,6,9,8,8,3,5,5,6,6,4,6,3,6,6,4,8,6,3,-9,2,-9,6,3,4,1,1,2,2,2,2,2,1,0,5,,,,,,,,,,,,,,,,,,,,,,,,,,,,,,,,,,,,,,,,,,,,,,,,,,,,,,,,,,,,,,,,,,,,,,,,,4,5,4,3,3,3,4,5,4,3,4,4,3,4,5,4,5,5,6,6,5,4,2,3,4,2,2,3,3,2,-9,2,4,2,4,3,3,4,3,3,2,5,2,2,2,2,5,3,5,6,2,4,-9,3,6,2,4,5,8,2,103,6,3,301,49,27,122,75,23,22,,,,69,13,18,135,6,25,24,925,,9/30/24 16:26,,,,,,,,,,,,,,,,,,,,,,,,,,72,,,,,,,
1459,,1148,SONA,interview,10/1/24 18:06,1,0,21,21,0,0,1.06,2,,5,6,5,4,5,3,2,5,4,4,4,3,3,5,5,5,4,1,2,2,2,6,6,6,2,4,5,5,5,4,6,4,5,3,6,4,7,1,2,2,2,6,6,3,4,4,5,5,5,6,6,3,5,4,4,,,,,,,,,,,,,,,,,,,,4,3,5,5,5,3,3,3,4,5,5,7,2,3,4,10,8,6,9,1,5,2,5,5,5,5,1,1,1,4,4,7,3,6,1,2,9,10,8,5,2,2,2,1,2,1,2,2,1,1,2,1,1,2,2,2,1,2,1,1,1,1,1,2,1,1,1,1,1,2,1,2,1,1,2,2,2,2,1,2,1,1,2,2,1,2,2,2,2,2,1,2,2,1,2,2,1,2,1,2,1,2,2,1,2,2,2,1,1,2,1,1,1,1,2,2,1,2,1,1,1,3,2,5,4,4,5,4,4,2,2,3,2,4,5,5,3,4,5,5,5,4,4,4,2,3,3,3,3,4,4,4,5,2,2,1,4,4,4,4,3,4,3,5,2,6,6,5,5,2,5,6,7,4,5,3,5,6,6,6,7,5,6,5,5,4,5,3,4,7,6,1,1,7,7,4,4,2,5,6,7,5,6,62,2,2,1,1,1,1,2,1,1,,1,1,18,,6,1,1,1,2,1,1,1,1,1,1,1,1,1,2,2,1,2,1,1,2,1,1,1,1,1,1,1,1,1,1,1,1,2,1,5,3,4,3,5,2,5,2,4,2,1,1,1,1,1,1,1,1,1,2,1,1,1,1,1,1,2,1,1,1,1,1,1,5,6,4,1,1,1,1,1,1,2,1,1,1,1,2,1,1,1,1,1,,1,2,1,1,1,1,1,1,1,1,1,5'7,155,1,2,1,2,1,1,1,2,1,1,2,1,1,2,1,2,1,1,2,1,1,1,2,1,2,1,1,2,1,1,2,1,1,1,2,1,1,2,1,1,2,1,2,1,1,1,2,1,2,1,1,1,2,1,2,1,1,2,1,1,2,1,1,1,2,1,1,2,1,1,2,1,2,1,1,1,2,1,1,2,1,2,1,1,2,1,1,41,1,0,6,4,1,1,1,3,1,1,12,3,3,1,1,1,1,1,1,2,1,1,1,1,1,2,1,1,3,1,2,2,4,4,1,5,2,2,3,1,3,2,1,1,1,1,6,1,1,1,1,1,1,8,1,1,6,1,1,1,4,1,5,4,8,1,1,1,5,7,1,1,2,1,2,2,2,2,1,2,2,0,4,,,,,,,,,,,,,,,,,,,,,,,,,,,,,,,,,,,,,,,,,,,,,,,,,,,,,,,,,,,,,,,,,,,,,,,,,5,5,5,5,5,5,4,5,3,1,4,3,5,3,4,3,5,3,5,4,7,2,5,7,6,4,3,4,5,5,5,6,1,1,3,5,3,4,2,4,5,3,2,3,2,4,5,4,4,5,3,5,4,3,3,4,4,4,6,1,5,6,3,261,107,140,417,134,56,129,,,,183,76,5285,175,35,412,5,2235,,10/1/24 20:10,,,,,,,,,,,,,,,,,,,,,,,,,,75,,,,,,,
1460,,1139,SONA,interview,10/1/24 18:10,1,0,21,21,0,0,0.6,2,,3,2,1,7,4,7,1,7,6,7,7,7,5,4,4,7,6,1,3,1,1,6,7,7,1,6,6,6,2,6,6,4,5,6,6,5,7,7,1,1,1,7,7,6,7,3,6,7,7,4,5,5,5,5,3,7,7,1,6,5,5,5,4,6,1,1,1,1,,,,,,,5,5,5,5,5,5,1,5,5,5,5,6,3,8,2,7,10,4,9,1,2,2,5,1,1,1,1,1,1,5,4,3,1,6,5,9,8,7,10,2,2,2,2,2,2,1,2,1,1,1,2,1,2,2,2,2,2,2,1,2,1,1,1,2,1,1,2,2,2,2,2,2,2,1,2,1,2,2,1,2,2,2,2,2,2,2,2,2,1,1,1,2,2,1,2,2,1,1,1,2,1,1,2,1,2,1,2,2,1,1,1,1,1,1,2,2,1,1,1,2,1,4,5,5,4,2,4,5,3,1,5,5,3,5,5,1,4,5,5,5,4,5,5,2,5,2,5,3,5,4,2,5,5,5,4,5,5,4,2,5,5,5,5,1,1,9,7,9,9,6,7,9,3,8,6,8,1,9,9,9,7,9,9,5,7,7,7,7,7,7,4,1,7,7,7,7,7,7,7,7,7,7,7,62,1,2,1,1,1,1,2,1,1,,1,1,18,,17,1,1,1,2,1,1,1,1,1,1,1,1,1,2,1,1,1,1,2,1,1,1,1,1,1,1,1,1,1,1,2,1,1,1,7,7,7,7,1,7,7,3,5,2,1,1,1,1,1,1,1,2,1,1,1,1,1,1,1,2,1,1,1,1,1,1,1,1,1,1,2,1,1,1,1,1,1,1,1,2,1,1,1,1,1,1,1,,1,1,1,1,1,1,2,1,1,1,1,5'9,180,1,2,1,1,2,1,2,1,1,2,1,1,1,2,1,1,2,1,1,2,1,1,2,1,1,2,1,2,1,1,2,1,1,2,1,1,2,1,1,1,2,1,2,1,1,1,2,1,2,1,1,2,1,1,2,1,1,1,2,1,1,2,1,1,2,1,1,2,1,1,2,1,1,2,1,2,1,1,2,1,1,2,1,1,1,2,1,46,1,0,4,1,2,1,1,2,1,1,1,1,2,1,1,2,1,1,1,2,1,1,1,1,2,1,1,1,2,1,1,1,1,5,1,2,2,1,2,1,3,3,2,1,1,1,5,2,1,1,1,1,1,7,2,1,6,1,1,1,4,1,2,3,8,1,1,1,5,6,3,1,1,2,1,2,2,2,1,2,1,0,5,1,5,1,1,1,1,1,1,1,5,5,5,5,1,1,5,1,5,5,5,1,6,4,3,1,1,1,3,5,6,7,1,7,7,7,7,7,5,7,7,2,7,7,1,1,1,1,1,1,1,7,3,6,3,3,7,1,5,7,6,1,1,7,4,7,7,5,7,6,7,1,1,,,,,,,,,,,,,,,,,,,,,,,,,,,,,,,,,,,,,,,,,,,,,,,,,,,,,,,,,,,5,1,8,13,10,538,270,217,1282,300,113,92,230,366,88,,,,251,134,953,16,3259,,10/1/24 19:32,,,,,,,,,,,,,,,,,,,,,,,,,,,,,,,,,
1462,,1142,SONA,interview,10/1/24 18:29,1,0,21,21,11,10,1.05,2,,5,5,5,3,4,2,5,1,1,2,6,6,2,2,6,3,4,6,7,6,6,2,2,4,5,2,2,3,2,2,3,6,2,7,7,7,7,1,7,1,1,7,7,5,5,3,3,5,5,3,2,2,3,6,6,,,,,,,,,,,,,,,,,,,,2,2,3,1,2,1,3,3,1,5,6,7,2,8,5,10,3,4,9,1,4,4,5,3,4,4,1,1,1,5,6,7,1,5,3,4,8,9,10,2,1,2,2,2,1,1,1,1,1,2,1,1,1,1,2,2,1,2,2,2,1,2,1,2,1,1,1,2,2,1,2,2,1,1,2,1,1,1,1,2,1,1,2,2,1,1,1,1,2,2,1,1,1,1,2,1,1,1,1,1,1,1,2,1,1,1,2,2,1,1,1,1,1,1,1,2,1,2,1,2,1,1,1,5,4,3,5,4,4,5,4,2,1,5,4,2,2,5,4,1,2,5,4,2,4,2,1,4,4,2,4,5,5,5,4,4,1,3,4,2,4,5,4,2,1,8,6,6,3,3,3,6,8,2,4,4,3,3,3,2,6,4,4,6,6,7,5,6,5,7,7,-9,-9,7,-9,5,7,5,5,2,-9,3,5,63,2,1,1,1,1,1,2,1,1,,1,1,19,,,1,1,1,2,1,1,1,1,1,1,2,1,1,2,1,1,2,1,1,2,1,1,1,1,1,1,1,1,1,1,1,1,2,1,7,4,4,1,7,6,3,3,3,1,1,1,1,1,1,2,1,1,1,1,1,1,2,1,1,1,2,1,1,1,1,1,1,5,4,7,1,1,1,1,1,1,2,1,1,2,1,1,1,1,1,1,1,,1,2,1,1,1,1,1,1,1,1,1,"5'9""",145,1,2,1,1,2,1,1,2,1,1,2,1,2,1,1,2,1,1,2,1,1,1,2,1,2,1,1,2,1,1,2,1,1,1,2,1,1,2,1,1,2,1,1,2,1,1,2,1,2,1,1,2,1,1,2,1,1,2,1,1,1,2,1,1,2,1,1,2,1,1,2,1,2,1,1,1,2,1,2,1,1,2,1,1,2,1,1,28,1,0,2,1,1,1,1,1,1,1,1,1,3,1,1,1,1,2,1,2,1,1,1,2,2,3,1,1,2,1,1,1,7,2,1,1,1,1,1,1,1,1,1,1,1,1,1,3,1,1,1,1,1,7,1,2,7,1,1,1,1,1,3,6,1,1,1,1,4,1,1,1,2,2,2,2,2,2,1,2,1,,3,,,,,,,,,,,,,,,,,,,,,,,,,,,,,,,,,,,,,,,,,,,,,,,,,,,,,,,,,,,,,,,,,,,,,,,,,-9,-9,-9,-9,-9,-9,-9,-9,-9,-9,-9,-9,-9,-9,-9,-9,-9,-9,-9,-9,-9,-9,-9,-9,-9,-9,-9,-9,-9,-9,-9,-9,-9,-9,-9,-9,5,4,5,2,2,1,5,2,2,1,1,7,4,6,7,2,6,1,5,1,2,1,6,1,16,7,15,1906,119,101,417,138,71,93,,,,46,47,81,178,25,350,13,2063,,10/1/24 19:29,,,,,,,,,,,,,,,,,,,,,,,,,,-110,,,,,,,
1463,,1156,SONA,interview,10/1/24 19:38,1,0,21,21,0,0,1,2,,2,1,1,7,7,1,1,6,5,4,5,5,1,4,6,6,6,5,5,2,2,4,6,6,2,5,5,6,6,6,6,4,6,6,6,6,7,1,1,1,1,7,7,5,6,2,6,6,5,6,5,2,6,6,4,6,6,2,5,2,2,2,2,2,3,1,3,1,,,,,,,5,4,4,4,4,3,1,5,5,5,1,8,5,7,6,9,10,3,4,2,2,2,4,4,5,1,1,1,3,5,6,7,3,2,1,8,10,9,5,4,1,2,2,2,1,1,1,1,2,2,2,1,2,2,2,2,1,2,1,2,1,1,2,2,1,1,2,2,1,2,1,2,1,1,2,2,2,1,1,2,1,2,2,2,2,2,2,2,2,2,1,2,2,1,2,2,1,2,1,2,2,2,2,1,2,2,1,1,1,1,1,1,1,1,1,2,1,1,1,1,1,4,4,5,1,3,3,4,4,5,5,5,1,5,5,2,4,4,2,1,4,3,5,3,4,3,4,3,2,5,4,4,5,5,5,5,5,5,5,3,4,3,4,5,1,7,5,5,6,2,4,8,8,8,8,3,6,4,3,5,5,7,7,6,5,5,5,7,7,6,6,1,5,7,7,7,5,5,6,6,6,5,4,64,1,2,1,1,1,1,2,1,1,,1,1,18,,10,1,1,1,2,1,1,1,1,1,1,2,1,1,2,1,1,2,1,1,2,1,1,1,1,1,1,1,1,1,1,1,1,2,1,5,2,2,2,6,5,7,7,7,1,2,1,1,1,1,1,1,1,2,1,1,1,1,1,1,1,2,1,1,1,1,1,1,1,1,1,2,1,1,1,1,1,1,1,1,1,1,1,1,1,1,1,2,lutheran,1,1,1,1,1,1,2,1,1,1,1,5'7,140,1,2,1,1,2,1,2,1,1,2,1,1,1,2,1,2,1,1,2,1,1,1,2,1,2,1,1,1,2,1,2,1,1,1,2,1,2,1,1,2,1,1,2,1,1,1,2,1,2,1,1,1,2,1,2,1,1,2,1,1,2,1,1,1,2,1,1,2,1,1,2,1,1,2,1,1,2,1,1,2,1,1,2,1,2,1,1,43,1,0,2,4,3,1,1,1,1,2,2,2,4,1,1,1,1,1,2,2,1,1,1,1,1,1,1,1,4,4,1,1,2,12,4,3,4,3,6,3,5,6,2,1,2,1,3,1,1,1,1,1,1,8,1,-9,6,1,2,5,3,1,3,6,7,2,1,1,2,1,8,1,1,2,1,2,2,2,2,2,1,0,4,1,1,1,1,1,1,5,1,1,5,5,5,5,1,1,5,1,5,1,4,6,6,6,4,1,3,7,5,4,3,5,7,7,6,5,7,2,6,7,2,4,3,5,7,4,1,3,4,4,1,5,2,6,3,1,5,4,4,6,2,1,2,6,5,2,1,4,6,1,2,3,3,,,,,,,,,,,,,,,,,,,,,,,,,,,,,,,,,,,,,,,,,,,,,,,,,,,,,,,,,,,6,1,6,10,3,322,153,91,527,197,70,211,86,174,131,,,,145,23,373,9,2531,,10/1/24 20:20,,,,,,,,,,,,,,,,,,,,,,,,,,,,,,,,,
1464,,1179,SONA,interview,10/1/24 19:44,1,0,21,21,1,0,0.7,2,,2,1,1,6,6,7,1,5,5,6,6,3,5,6,6,7,6,2,5,4,2,6,7,7,2,6,7,5,4,6,7,1,6,6,7,5,6,1,1,1,1,7,7,6,5,2,4,5,6,6,7,5,3,2,2,7,7,1,6,3,4,5,7,5,5,1,1,1,,,,,,,4,4,5,4,4,2,1,5,5,5,8,7,3,4,5,6,10,2,9,1,1,2,4,3,5,5,1,1,1,4,7,6,3,5,1,2,9,10,8,4,2,2,2,1,2,1,1,1,1,1,2,1,2,2,2,2,1,2,1,1,1,2,1,2,1,1,2,2,2,2,1,2,1,2,2,1,1,1,1,2,2,2,2,2,1,2,2,1,1,2,1,2,2,1,2,2,1,2,1,1,2,2,1,1,1,1,2,1,1,1,1,1,1,1,1,2,1,1,1,1,1,5,4,5,1,3,1,3,2,1,4,3,2,5,5,5,4,5,3,5,5,2,4,4,1,3,3,2,4,5,4,2,5,5,4,5,4,2,5,3,3,1,3,4,1,8,8,6,4,1,4,9,7,8,5,5,9,9,8,8,7,5,5,4,7,5,5,6,5,7,7,-9,7,7,7,7,7,6,7,7,5,4,4,64,2,2,1,1,1,1,2,1,1,,1,1,18,,11,1,1,1,2,1,1,1,1,1,1,2,1,1,2,1,1,2,1,1,2,1,1,1,1,1,1,1,1,1,1,2,1,1,1,5,4,4,4,4,3,5,1,2,2,1,1,1,1,1,1,1,1,2,1,1,1,1,1,1,1,2,1,1,1,1,1,1,2,2,2,2,1,1,1,1,1,1,1,1,2,1,1,1,1,1,1,1,,1,1,1,1,1,2,1,1,1,1,1,5'5,150,1,2,1,1,2,1,1,2,1,2,1,1,1,2,1,2,1,1,2,1,1,1,2,1,2,1,1,2,1,1,2,1,1,1,2,1,2,1,1,1,2,1,2,1,1,1,2,1,1,2,1,1,2,1,2,1,1,2,1,1,2,1,1,1,2,1,2,1,1,1,2,1,1,2,1,1,2,1,1,2,1,1,2,1,1,2,1,36,2,1,4,2,1,3,1,1,1,1,2,1,2,1,1,1,1,2,1,1,1,1,2,1,2,6,1,3,7,1,1,1,1,3,1,4,1,1,1,1,3,4,1,1,2,1,1,1,1,1,1,1,1,8,1,1,6,1,6,1,1,1,1,2,7,1,1,2,4,1,8,1,1,1,2,2,2,2,1,2,2,,5,,,,,,,,,,,,,,,,,,,,,,,,,,,,,,,,,,,,,,,,,,,,,,,,,,,,,,,,,,,,,,,,,,,,,,,,,5,4,4,7,6,7,4,1,2,2,2,1,1,2,1,5,5,7,2,6,5,6,2,1,1,4,6,6,7,7,7,2,5,6,7,4,2,5,4,5,4,2,2,3,4,4,4,2,5,2,1,7,2,4,1,6,6,3,5,1,65,14,9,421,221,170,490,162,104,179,,,,230,147,119,179,37,338,10,2837,,10/1/24 20:32,,,,,,,,,,,,,,,,,,,,,,,,,,74,,,,,,,
1465,,1133,SONA,interview,10/2/24 22:04,1,0,21,21,1,0,0.74,2,,5,2,4,4,6,5,3,5,5,5,4,4,3,3,6,6,5,4,3,3,5,4,5,4,3,4,5,5,5,5,5,3,5,7,6,6,7,1,1,1,1,7,7,5,5,2,6,5,5,5,5,4,3,2,2,,,,,,,,,,,,,,,,,,,,5,4,4,3,3,4,1,1,1,5,2,6,3,7,4,5,9,8,10,1,4,1,5,5,5,2,1,1,1,5,5,7,2,4,3,6,10,9,8,1,1,2,2,2,1,1,2,1,1,1,2,1,1,2,2,2,2,2,2,1,1,1,1,2,1,1,2,2,1,2,1,1,1,1,2,1,2,2,1,2,1,1,2,2,1,2,2,2,1,2,1,2,2,1,2,2,1,2,2,2,1,1,1,1,2,1,2,1,1,1,1,1,1,1,1,2,1,1,1,1,1,2,2,4,1,3,4,4,4,4,3,4,1,5,4,5,4,3,1,5,2,4,4,4,3,2,4,2,5,4,3,4,4,5,5,5,4,2,5,4,3,5,4,5,2,9,5,5,3,2,3,8,4,3,3,2,3,3,4,5,4,1,1,5,6,4,5,7,4,7,7,-9,-9,7,7,6,6,6,6,6,6,4,5,65,1,2,1,1,1,2,1,1,1,,1,1,19,,16,1,1,2,1,1,1,1,1,1,1,1,1,1,2,1,1,1,1,1,2,1,1,1,1,1,2,1,1,1,1,1,1,1,1,2,1,1,6,2,3,4,3,3,1,2,1,1,1,1,1,1,2,1,1,1,1,1,1,1,1,1,1,2,1,1,1,1,5,5,5,1,1,1,1,1,1,2,1,1,1,2,1,1,1,1,1,1,,1,2,1,1,1,1,1,1,1,1,1,5'0,85,1,2,1,2,1,1,1,2,1,2,1,1,1,2,1,1,2,1,2,1,1,1,2,1,2,1,1,1,2,1,1,2,1,1,2,1,2,1,1,1,2,1,1,2,1,1,2,1,1,2,1,2,1,1,2,1,1,2,1,1,2,1,1,1,2,1,1,2,1,1,2,1,2,1,1,1,2,1,2,1,1,1,2,1,2,1,1,35,1,0,5,4,5,1,1,2,1,1,3,3,2,2,1,1,1,1,1,2,1,1,1,1,1,1,1,1,4,1,2,2,3,4,1,4,1,4,1,2,2,2,2,1,2,1,2,1,1,1,1,1,1,8,2,1,6,1,1,1,4,1,1,4,1,1,1,1,2,1,1,1,1,2,2,2,2,2,1,2,2,0,5,1,2,1,3,3,3,3,3,3,5,4,4,4,1,3,4,2,4,2,3,6,6,7,6,2,6,4,5,6,6,7,5,4,5,6,7,3,5,3,5,7,5,4,6,2,4,5,5,3,3,2,2,2,2,3,2,3,2,6,2,4,1,6,3,2,2,3,5,4,5,1,4,,,,,,,,,,,,,,,,,,,,,,,,,,,,,,,,,,,,,,,,,,,,,,,,,,,,,,,,,,,4,2,15,7,2,402,122,116,652,192,134,266,159,500,129,,,,242,41,634,48,3624,,10/2/24 23:05,,,,,,,,,,,,,,,,,,,,,,,,,,,,,,,,,
1467,,1154,SONA,interview,10/3/24 18:09,1,0,21,21,1,0,0.77,2,,2,2,2,6,6,6,2,5,5,4,3,3,3,5,5,6,6,2,5,3,3,6,6,6,2,6,6,6,6,5,6,2,6,6,6,5,6,2,2,2,2,6,6,6,3,3,6,6,6,6,6,6,2,2,3,7,7,1,5,6,6,3,5,6,4,1,1,1,,,,,,,5,4,5,4,5,3,1,5,4,5,5,6,3,7,4,9,10,1,8,2,3,1,5,4,5,2,1,1,1,4,5,7,1,3,2,6,10,9,8,4,1,2,2,2,2,1,1,2,1,2,2,1,2,2,2,2,1,2,1,2,1,2,1,2,1,1,2,2,2,1,2,2,2,1,2,2,1,1,1,2,1,1,2,2,2,2,2,2,1,2,1,2,2,1,2,2,1,1,1,1,1,1,2,1,2,1,2,2,1,1,1,1,1,1,2,2,1,1,1,2,1,4,5,5,1,2,4,4,4,2,4,3,1,5,2,3,4,5,1,5,3,4,4,2,3,2,2,2,4,4,4,4,5,4,2,5,3,2,5,5,3,4,4,4,2,6,8,9,7,7,7,9,6,6,3,5,8,8,4,4,3,5,5,2,1,4,4,2,3,1,1,-9,1,1,1,2,1,1,1,1,1,3,1,66,2,2,1,1,1,1,2,1,1,,1,1,19,,8,1,1,1,2,1,1,1,1,1,1,2,1,1,1,1,1,1,1,1,1,2,1,1,1,1,1,1,1,1,2,1,1,1,1,1,1,1,4,4,6,1,5,4,1,2,1,1,1,1,1,1,1,1,2,1,1,1,1,1,1,1,2,1,1,1,1,1,2,2,2,2,1,1,1,1,1,1,1,1,2,1,1,1,1,1,1,1,,1,1,1,1,1,1,2,1,1,1,1,5'8,135,1,2,1,1,2,1,2,1,1,1,2,1,2,1,1,2,1,1,2,1,1,1,2,1,2,1,1,1,2,1,2,1,1,1,2,1,1,2,1,1,2,1,1,2,1,1,2,1,1,2,1,1,2,1,2,1,1,2,1,1,1,2,1,2,1,1,2,1,1,1,2,1,1,2,1,1,2,1,1,2,1,2,1,1,1,2,1,42,2,1,6,2,1,2,1,1,1,1,1,1,1,1,3,1,1,1,1,1,1,1,1,1,1,1,1,1,3,4,1,1,5,1,1,1,3,1,1,3,1,1,4,1,1,1,3,1,1,1,1,2,1,2,1,1,6,1,1,1,1,1,6,4,7,1,1,1,5,2,8,1,8,2,2,2,2,2,2,2,2,,4,,,,,,,,,,,,,,,,,,,,,,,,,,,,,,,,,,,,,,,,,,,,,,,,,,,,,,,,,,,,,,,,,,,,,,,,,4,4,6,3,6,2,6,6,4,7,3,7,5,7,7,3,6,7,7,2,7,2,7,7,7,4,6,2,2,2,2,7,2,3,1,3,3,4,4,5,4,3,2,4,5,4,6,3,4,2,3,6,2,4,2,5,5,2,6,1,2,10,5,525,134,123,97006,64355,119,125,,,,508,153,140,251,41,439,8,2869,,10/5/24 15:42,,,,,,,,,,,,,,,,,,,,,,,,,,95,,,,,,,
1468,,1171,SONA,interview,10/3/24 19:28,1,0,21,21,0,0,1.38,2,,5,3,2,4,4,4,3,6,5,5,5,4,4,4,3,4,2,7,5,5,6,7,7,7,4,3,3,6,5,5,5,3,5,7,7,7,7,3,3,3,3,7,7,5,5,5,4,4,4,1,1,7,6,6,6,,,,,,,,,,,,,,,,,,,,3,2,4,4,4,5,2,3,3,5,6,7,3,4,2,5,8,9,10,1,3,3,4,5,5,5,2,2,2,5,6,7,3,5,4,2,8,9,10,1,1,2,2,1,2,1,1,1,1,1,1,1,1,1,2,2,1,1,1,1,1,1,1,1,1,1,1,1,1,1,1,1,1,1,1,1,2,2,1,1,1,1,1,1,1,1,1,2,1,2,1,2,2,1,1,2,1,1,2,2,1,1,2,1,1,1,2,1,1,1,1,1,1,1,2,1,1,1,1,1,1,3,3,3,2,4,3,3,2,4,5,4,3,2,2,4,3,4,1,5,5,5,5,4,5,3,3,3,3,4,5,5,5,4,3,3,4,3,4,4,4,4,4,3,3,9,7,9,6,4,4,9,9,9,7,4,3,6,1,3,7,5,5,4,5,6,7,7,6,7,7,1,1,7,7,7,7,7,7,7,7,5,4,66,1,2,1,1,1,2,1,1,1,,1,1,18,,18,1,1,2,1,1,1,1,1,1,1,1,1,1,2,1,1,1,1,2,1,1,1,1,1,1,1,2,1,1,1,1,1,1,1,4,7,1,7,1,6,6,6,6,1,1,1,2,1,1,1,1,1,1,1,2,1,1,1,1,1,1,1,2,1,1,1,1,5,5,5,1,2,1,1,1,1,1,1,1,1,2,1,1,1,1,1,1,,1,2,1,1,1,1,1,1,1,1,1,5'2,110,1,2,1,2,1,1,1,2,1,2,1,1,1,2,1,2,1,1,1,2,1,1,2,1,1,2,1,1,2,1,1,2,1,1,2,1,1,2,1,1,2,1,1,2,1,1,2,1,1,2,1,1,2,1,1,2,1,1,2,1,1,2,1,1,2,1,1,2,1,2,1,1,1,2,1,2,1,1,1,2,1,2,1,1,1,2,1,17,1,0,3,8,1,6,1,1,1,1,1,1,8,1,1,1,1,1,1,1,1,1,1,1,1,1,1,1,1,1,2,2,4,2,1,1,1,1,1,2,2,5,2,1,1,1,2,1,1,1,1,1,1,8,1,1,7,1,1,1,5,1,3,6,8,3,1,1,3,3,1,1,1,2,2,2,2,2,1,2,2,0,5,1,2,1,1,1,1,1,1,1,3,3,3,3,3,3,3,3,3,3,4,4,4,4,4,4,4,4,4,4,4,4,4,4,4,4,4,4,4,4,4,4,4,4,4,4,4,4,4,4,4,4,4,4,4,4,4,4,4,4,4,4,4,4,4,4,4,4,4,4,4,4,4,,,,,,,,,,,,,,,,,,,,,,,,,,,,,,,,,,,,,,,,,,,,,,,,,,,,,,,,,,,5,2,2,8,2,1183,243,84,423,203,158,123,145,56,93,,,,94,16,96,8,2100,,10/3/24 20:17,,,,,,,,,,,,,,,,,,,,,,,,,,,,,,,,,
1470,,1158,SONA,interview,10/7/24 22:17,1,0,21,21,0,0,0.71,2,,2,1,1,7,7,7,7,4,4,4,3,2,4,4,3,6,5,2,2,3,4,6,6,6,3,4,5,5,4,5,5,3,6,3,4,3,7,4,2,2,2,6,4,7,7,2,6,6,7,4,4,2,4,5,4,7,7,2,1,2,2,4,2,4,2,1,2,1,,,,,,,5,5,4,4,5,3,1,5,3,5,4,1,5,7,6,8,10,2,9,3,3,3,5,5,5,3,1,1,1,5,6,7,3,4,2,5,10,9,8,1,2,2,2,2,1,1,1,1,1,1,1,1,1,2,1,2,1,2,2,2,1,1,1,1,1,1,1,1,1,2,1,1,1,1,2,1,2,2,1,1,1,1,2,2,2,1,1,1,1,2,1,2,2,1,2,2,1,2,1,2,1,1,1,1,1,1,2,1,1,1,1,1,1,1,1,2,1,1,1,1,1,4,3,5,1,5,3,5,1,2,5,3,1,4,2,4,5,5,1,4,5,2,5,2,3,5,3,1,5,2,5,4,4,5,3,5,3,2,5,4,5,3,5,2,1,7,8,9,7,5,6,9,7,9,5,6,8,5,6,8,4,7,7,7,7,7,7,5,6,7,2,1,7,1,7,3,6,7,5,5,5,4,6,67,1,2,1,1,1,2,1,1,1,,1,1,18,,11,1,1,2,1,1,1,1,1,1,1,1,2,1,1,1,1,1,1,1,2,1,1,1,1,1,1,1,1,2,1,1,1,1,1,5,1,1,5,3,4,6,4,7,1,1,1,2,1,1,1,1,1,1,1,2,1,1,1,1,1,1,1,2,1,1,1,1,6,6,3,1,2,1,1,1,1,1,1,1,1,2,1,1,1,1,1,1,,1,1,1,1,1,2,1,1,1,1,1,"5,5",140,1,2,1,1,2,1,1,2,1,1,2,1,1,2,1,1,2,1,2,1,1,1,2,1,2,1,1,2,1,1,2,1,1,1,2,1,2,1,1,2,1,1,2,1,1,1,2,1,2,1,1,1,2,1,2,1,1,2,1,1,1,2,1,2,1,1,1,2,1,1,2,1,2,1,1,1,2,1,2,1,1,2,1,1,1,2,1,25,2,1,2,1,2,1,1,1,1,1,1,2,4,1,1,1,1,1,1,1,1,1,1,1,1,1,1,1,4,1,1,1,2,3,2,1,1,1,1,1,3,9,1,1,3,1,1,1,1,1,1,1,1,5,1,1,1,1,1,1,4,1,-9,3,1,1,1,1,5,1,1,1,1,2,2,2,2,2,2,2,2,,3,1,1,1,1,1,1,1,1,1,5,5,5,5,1,1,5,1,5,5,6,7,6,7,6,5,5,7,4,6,7,7,7,7,6,6,7,5,7,7,6,5,4,1,3,2,1,2,1,4,1,1,3,2,4,4,5,3,2,4,5,2,1,4,4,1,2,5,2,3,6,1,2,,,,,,,,,,,,,,,,,,,,,,,,,,,,,,,,,,,,,,,,,,,,,,,,,,,,,,,,,,,3,1,35,12,6,408,148,138,792,198,85,255,104,282,129,,,,184,34,488,17,3315,,10/7/24 23:12,,,,,,,,,,,,,,,,,,,,,,,,,,,,,,,,,
1471,,1151,SONA,interview,10/8/24 17:39,1,0,21,21,7,7,0.56,2,,2,1,1,4,7,7,1,5,5,4,6,4,3,4,6,6,2,6,6,6,6,6,6,7,4,1,4,4,5,5,6,4,4,6,6,6,7,1,1,7,1,7,7,5,5,2,4,4,4,2,5,7,1,1,1,6,6,6,1,1,1,1,1,1,1,7,4,1,,,,,,,5,5,3,3,4,5,1,3,1,5,2,3,5,6,7,9,10,4,8,1,5,1,5,5,5,5,1,1,1,5,5,7,3,1,4,6,9,10,8,2,2,2,2,1,2,2,2,1,1,1,2,2,2,2,2,2,2,2,2,2,2,2,2,2,2,2,2,2,2,2,2,2,2,2,2,2,2,2,1,2,2,2,2,2,2,2,2,2,2,1,1,2,2,1,2,2,1,2,2,2,1,1,2,1,2,2,2,2,1,1,2,1,2,2,2,2,1,2,2,2,1,5,1,5,1,3,3,2,1,3,4,4,3,5,3,3,4,2,4,4,4,3,4,4,4,3,4,3,4,4,4,2,4,3,3,4,4,4,4,4,4,3,4,4,2,9,9,9,7,5,5,9,9,9,9,9,7,6,1,1,8,9,9,7,7,7,7,7,1,7,7,4,7,1,7,1,4,4,4,5,5,7,3,68,1,2,1,1,1,2,1,1,1,,1,1,19,,14,1,1,1,1,2,1,1,1,1,1,2,1,1,1,1,1,1,2,1,1,1,1,1,1,1,1,1,1,1,2,1,1,1,1,3,1,1,1,7,1,1,1,1,1,1,1,1,2,1,1,1,1,1,1,1,2,1,1,1,1,1,1,1,1,2,1,1,5,4,6,1,2,1,1,1,1,1,1,1,1,2,1,1,1,1,1,1,,1,1,1,2,1,1,1,1,1,1,1,5'3,165,2,1,1,1,2,1,1,2,1,1,2,1,1,2,1,2,1,1,2,1,1,1,2,1,1,2,1,1,2,1,2,1,1,1,2,1,2,1,1,1,2,1,2,1,1,1,2,1,2,1,1,2,1,1,2,1,1,2,1,1,2,1,1,1,2,1,1,2,1,2,1,1,2,1,1,1,2,1,1,2,1,1,2,1,1,2,1,64,12,1,3,3,2,2,3,3,2,1,2,5,12,1,1,1,1,3,1,3,1,2,3,2,2,1,6,6,3,4,2,1,3,7,7,2,4,6,6,1,3,3,1,1,2,3,6,1,1,1,1,1,1,-9,-9,-9,-9,-9,-9,-9,-9,-9,-9,-9,-9,-9,-9,-9,-9,-9,-9,-9,-9,-9,-9,-9,-9,-9,-9,-9,-9,,5,2,2,2,1,1,1,5,1,3,5,5,5,5,1,5,2,5,5,5,7,4,7,7,4,4,3,7,4,4,7,7,4,7,7,4,7,7,7,4,7,7,7,4,7,7,1,4,4,7,4,1,4,7,5,7,6,6,1,7,7,7,4,7,1,4,1,1,7,7,7,7,1,,,,,,,,,,,,,,,,,,,,,,,,,,,,,,,,,,,,,,,,,,,,,,,,,,,,,,,,,,,3,1,87,11,3,383,335,199,460,1045,133,2425,327,925,149,,,,169,182,396,12,2678,,10/8/24 19:40,,,,,,,,,,,,,,,,,,,,,,,,,,,,,,,,,
1472,,1160,SONA,interview,10/9/24 1:27,1,0,21,21,0,0,0.69,2,,5,5,6,5,6,5,6,7,6,7,5,2,7,7,2,7,5,2,2,2,2,7,7,7,1,6,5,6,6,6,6,1,7,2,3,2,7,1,2,1,6,5,6,2,1,7,1,1,1,6,6,6,6,1,2,,,,,,,,,,,,,,,,,,,,1,5,5,5,4,4,4,3,2,5,9,1,4,7,3,2,5,6,10,8,4,4,3,3,5,5,2,2,1,5,2,6,5,7,1,4,8,9,10,3,1,2,2,2,1,1,1,1,1,1,1,1,2,2,2,2,1,2,1,2,1,2,1,2,1,1,1,1,1,2,1,2,1,1,2,2,1,1,1,2,2,1,2,2,1,2,2,2,1,2,1,1,1,1,2,2,1,1,1,1,1,1,1,1,2,1,2,1,1,1,1,1,1,1,1,2,1,1,1,1,1,5,1,5,4,5,2,5,2,1,5,5,1,5,3,5,4,5,2,5,4,2,5,2,2,5,1,1,1,1,5,1,5,4,2,1,5,1,4,3,4,1,5,5,5,9,7,9,7,3,5,9,6,5,6,6,7,8,6,1,3,5,5,5,7,3,6,5,2,1,7,1,1,7,7,5,5,6,7,7,7,7,5,68,2,2,1,1,1,1,2,1,1,,1,1,19,,15,1,1,2,1,1,1,1,1,1,1,2,1,1,1,1,1,1,1,1,2,1,1,1,1,1,1,1,1,2,1,1,1,1,1,6,2,1,5,3,6,4,6,7,1,1,2,1,1,1,1,1,1,1,1,1,1,1,2,1,1,1,2,1,1,1,1,1,5,5,5,1,1,1,1,1,1,1,2,1,1,1,2,1,1,1,1,1,,1,2,1,1,1,1,1,1,1,1,1,"5'5""",160,2,1,1,2,1,1,1,2,1,1,2,1,2,1,1,2,1,1,2,1,1,1,2,1,2,1,1,1,2,1,2,1,1,2,1,1,2,1,1,1,2,1,1,2,1,2,1,1,2,1,1,2,1,1,2,1,1,2,1,1,2,1,1,2,1,1,1,2,1,2,1,1,2,1,1,1,2,1,1,2,1,1,2,1,1,2,1,28,1,0,4,1,3,1,1,1,1,1,1,2,5,1,1,2,1,2,1,2,1,1,1,1,1,4,2,1,1,1,1,1,5,3,1,3,3,3,1,2,1,1,1,1,1,1,2,1,1,1,1,1,1,7,4,1,4,1,1,1,1,1,3,4,1,1,1,1,4,1,2,1,1,1,2,2,2,2,2,2,2,0,3,,,,,,,,,,,,,,,,,,,,,,,,,,,,,,,,,,,,,,,,,,,,,,,,,,,,,,,,,,,,,,,,,,,,,,,,,1,1,1,1,1,7,1,1,1,1,1,1,1,1,1,1,7,1,1,7,3,7,1,1,1,1,1,1,1,1,1,1,1,1,1,1,1,5,5,1,5,5,5,5,3,4,1,7,6,7,1,7,7,7,7,7,7,1,3,1,6,12,3,1432,168,284,1840,314,97,208,,,,160,87,175,162,31,599,13,2949,,10/9/24 3:01,,,,,,,,,,,,,,,,,,,,,,,,,,42,,,,,,,
1480,,1195,SONA,interview,10/9/24 21:30,1,0,21,21,1,0,1.71,2,,5,4,2,2,2,2,2,4,4,4,4,4,4,4,4,4,4,4,4,4,4,4,4,4,4,4,4,5,4,4,4,4,4,4,4,4,4,4,3,3,4,4,4,4,5,4,4,4,4,4,4,4,4,4,4,,,,,,,,,,,,,,,,,,,,4,4,4,4,4,4,1,4,4,4,1,2,5,7,6,9,10,8,4,3,3,3,3,2,3,3,1,5,4,4,1,8,7,9,5,2,10,6,3,4,1,2,2,2,1,1,1,1,1,1,1,1,1,2,1,2,2,1,1,1,1,1,1,1,1,1,1,2,2,1,1,1,1,2,1,1,2,2,1,1,1,1,1,1,1,1,1,1,1,1,1,1,1,1,1,1,1,1,1,1,2,2,2,1,1,1,1,1,1,1,1,1,1,1,1,1,1,1,1,1,1,3,3,3,3,3,3,3,3,3,3,3,3,3,3,3,3,3,3,3,3,3,3,3,3,3,3,3,3,3,3,3,3,3,3,3,3,3,3,3,3,3,3,3,3,5,5,5,5,5,5,5,5,5,5,5,5,5,5,5,5,5,5,4,4,4,4,4,4,4,4,4,4,4,4,4,4,4,4,4,4,4,4,69,2,2,1,1,1,2,1,1,1,,1,1,18,,,1,1,1,2,1,1,1,1,1,1,1,1,1,1,2,2,2,1,1,2,1,1,1,1,1,1,1,1,1,1,1,1,2,1,4,4,4,4,4,4,4,4,4,2,1,1,1,1,1,1,1,1,2,1,1,1,1,1,1,1,1,2,1,1,1,1,1,5,5,5,1,1,1,1,1,1,1,2,1,1,2,1,1,1,1,1,1,,1,1,1,1,1,2,1,1,1,1,1,5'4,160,1,2,1,2,1,1,1,2,1,1,2,1,1,2,1,2,1,1,1,2,1,1,2,1,1,2,1,2,1,1,1,2,1,1,2,1,1,2,1,1,2,1,2,1,1,1,2,1,1,2,1,2,1,1,2,1,1,2,1,1,1,2,1,1,2,1,1,2,1,2,1,1,1,2,1,1,2,1,1,2,1,2,1,1,2,1,1,14,1,0,4,2,4,1,1,1,1,1,1,1,1,1,1,1,1,1,1,1,1,1,1,1,1,1,1,1,1,1,1,1,1,1,1,1,1,1,1,1,1,1,1,1,1,1,1,1,1,1,1,1,1,4,1,1,4,4,3,3,1,1,-9,3,3,1,1,1,1,1,1,1,1,2,2,2,2,2,2,2,2,,3,,,,,,,,,,,,,,,,,,,,,,,,,,,,,,,,,,,,,,,,,,,,,,,,,,,,,,,,,,,,,,,,,,,,,,,,,4,4,4,4,4,4,4,4,4,4,4,4,4,4,4,4,4,4,4,4,4,4,4,4,4,4,4,4,4,4,4,4,4,4,4,4,3,3,3,3,3,3,3,3,3,3,4,4,4,4,4,4,4,4,4,4,4,4,7,2,4,8,2,179,18763,324,412,156,27,21,,,,30,20,9,116,24,96,40,1376,,10/10/24 3:07,,,,,,,,,,,,,,,,,,,,,,,,,,72,,,,,,,
1482,,1164,SONA,interview,10/10/24 19:36,1,0,21,21,1,0,0.86,2,,5,6,6,3,3,2,5,6,5,2,2,2,5,5,3,5,2,6,6,6,5,2,2,2,7,3,3,3,6,2,2,6,5,6,7,7,7,1,1,1,1,7,7,7,7,1,6,7,7,5,6,6,2,2,3,,,,,,,,,,,,,,,,,,,,5,4,2,1,4,1,5,5,5,5,6,7,8,10,5,9,4,2,3,1,5,1,5,5,5,4,1,1,3,5,1,7,2,5,3,8,9,10,6,4,1,2,2,2,2,1,1,1,1,1,2,2,2,2,2,2,1,2,2,2,1,1,1,2,1,1,1,2,2,1,1,2,1,1,1,1,2,1,1,2,2,2,2,2,2,1,2,1,1,2,1,2,2,1,2,2,1,2,2,2,1,1,2,1,2,1,2,2,1,1,1,1,1,1,1,2,1,1,2,1,1,4,5,5,4,4,5,4,4,2,4,2,1,5,5,5,4,1,1,5,5,5,1,1,1,4,4,5,5,5,4,3,5,5,2,2,3,4,4,4,4,2,2,4,4,9,9,7,3,5,2,9,9,6,4,7,3,3,1,7,9,8,5,7,6,7,7,7,4,7,1,7,5,7,7,7,7,7,5,2,3,5,7,70,1,2,2,1,1,1,2,1,1,,1,2,19,,n/a,1,1,1,2,1,1,1,1,1,1,2,1,1,1,1,1,1,2,1,1,1,1,1,1,2,1,1,1,1,1,1,1,1,1,5,1,2,6,2,6,1,1,6,1,1,1,1,1,1,2,1,1,1,1,1,1,1,2,1,1,1,1,1,1,1,2,1,5,5,5,1,1,1,1,1,1,2,1,1,2,1,1,1,1,1,1,1,,1,2,1,1,1,1,1,1,1,1,1,5'4,150,1,2,1,2,1,1,1,2,1,1,2,1,2,1,1,2,1,1,2,1,1,1,2,1,2,1,1,1,2,1,2,1,1,1,2,1,2,1,1,1,2,1,1,2,1,1,2,1,2,1,1,2,1,1,2,1,1,2,1,1,2,1,1,1,2,1,1,2,1,2,1,1,2,1,1,1,2,1,2,1,1,1,2,1,2,1,1,39,1,0,3,12,2,1,1,1,1,1,12,1,4,1,1,1,1,1,1,2,1,1,1,1,2,1,1,1,1,1,2,1,12,2,2,1,1,1,1,1,2,4,1,1,3,2,2,3,1,1,1,1,1,7,1,1,1,1,1,1,6,1,4,6,1,1,1,1,5,1,4,2,1,1,1,2,2,2,2,1,2,,2,1,2,1,3,1,4,4,4,1,5,5,5,-9,1,1,3,1,5,1,5,7,3,7,7,7,5,7,2,7,6,2,6,6,5,7,7,7,6,7,7,7,6,1,7,2,5,7,6,1,1,1,1,2,4,6,3,1,4,5,3,3,1,2,3,7,1,6,6,4,6,2,6,,,,,,,,,,,,,,,,,,,,,,,,,,,,,,,,,,,,,,,,,,,,,,,,,,,,,,,,,,,7,1,9,10,7,319,124,132,522,186,91,120,185,234,90,,,,211,42,300,10,2592,,10/10/24 20:19,,,,,,,,,,,,,,,,,,,,,,,,,,,,,,,,,
1483,,1175,SONA,interview,10/11/24 17:45,1,0,21,21,0,0,1.04,2,,5,5,5,2,6,2,3,6,5,6,3,2,6,7,3,7,5,6,5,2,6,2,5,6,5,5,2,6,2,1,3,6,2,6,7,5,7,1,1,1,1,7,7,5,5,3,5,5,5,6,6,3,2,5,5,,,,,,,,,,,,,,,,,,,,4,3,4,4,4,4,2,4,5,5,10,7,6,4,5,3,8,9,2,1,2,1,4,4,5,4,1,1,1,3,4,7,3,2,1,6,9,10,8,5,1,2,2,2,2,1,1,1,1,2,1,1,1,2,2,2,1,2,1,1,1,1,1,2,1,1,1,1,1,1,1,2,2,2,2,2,2,2,1,2,1,2,2,2,2,2,2,2,1,2,1,2,1,1,2,2,1,2,1,2,2,2,2,2,2,2,2,2,1,1,1,1,1,1,2,2,1,1,1,2,1,3,2,4,2,4,4,4,4,4,4,3,1,4,4,4,4,5,4,2,4,3,4,4,1,2,4,4,4,1,2,4,5,4,4,2,4,1,4,3,4,4,4,3,4,7,7,8,7,6,7,7,7,7,5,6,6,6,7,2,6,7,8,5,6,5,5,4,5,7,7,1,5,6,7,7,5,5,6,6,6,5,5,70,2,1,1,1,1,1,2,1,1,,1,1,20,,18,1,1,2,1,1,1,1,1,1,1,2,1,1,2,1,1,2,1,1,1,2,1,1,1,1,1,1,1,1,1,1,2,1,1,6,6,4,5,3,5,7,6,6,2,1,1,1,1,1,1,1,2,1,1,1,1,1,1,1,1,2,1,1,1,1,1,1,4,5,3,1,1,2,1,1,1,1,1,1,1,1,1,1,1,1,1,2,Methodist Christian,1,2,1,1,1,1,1,1,1,1,1,6 feet,165,1,2,1,1,2,1,1,2,1,1,2,1,2,1,1,1,2,1,1,2,1,2,1,1,2,1,1,2,1,1,2,1,1,1,2,1,2,1,1,1,2,1,2,1,1,1,2,1,2,1,1,2,1,1,2,1,1,2,1,1,2,1,1,1,2,1,2,1,1,1,2,1,2,1,1,2,1,1,2,1,1,2,1,1,2,1,1,42,1,0,5,2,5,2,1,1,1,1,1,1,12,1,1,1,1,1,1,2,1,1,1,1,1,2,1,1,1,2,1,2,2,3,2,1,12,1,1,3,3,2,2,1,3,1,4,1,1,1,1,1,1,8,1,1,8,1,2,2,1,3,3,4,7,1,1,1,5,1,1,1,1,2,1,2,2,2,1,2,1,0,2,,,,,,,,,,,,,,,,,,,,,,,,,,,,,,,,,,,,,,,,,,,,,,,,,,,,,,,,,,,,,,,,,,,,,,,,,2,2,2,2,2,2,3,1,2,3,2,3,2,2,2,3,3,2,2,3,2,3,3,3,1,2,2,2,3,3,2,2,2,3,3,2,4,4,4,3,3,4,5,5,1,2,3,5,4,6,5,5,2,4,2,3,4,5,8,1,5,21,16,812,125,135,471,165,168,95,,,,69,25,82,158,18,245,18,2628,,10/11/24 18:29,,,,,,,,,,,,,,,,,,,,,,,,,,48,,,,,,,
1484,,1145,SONA,interview,10/15/24 15:51,1,0,21,21,0,0,0.69,2,,5,6,6,1,2,2,5,4,4,3,4,4,4,5,6,7,7,2,1,1,1,7,6,6,2,5,7,6,7,7,7,1,7,2,2,2,5,3,5,5,3,1,3,3,6,6,3,3,6,1,2,1,7,6,6,,,,,,,,,,,,,,,,,,,,4,3,5,4,5,3,4,5,4,3,6,10,3,7,2,8,4,1,5,9,4,1,5,2,5,1,1,1,1,4,3,7,1,5,2,9,10,8,6,4,1,2,2,2,1,1,2,1,1,2,2,1,1,1,2,2,1,2,2,1,1,1,1,1,1,1,1,2,1,2,1,2,2,1,2,1,2,1,1,2,1,1,2,2,1,2,2,2,1,2,1,1,1,1,2,1,1,2,1,2,1,1,2,1,2,1,2,1,1,1,1,1,1,1,1,2,1,1,1,1,1,4,1,3,3,5,3,5,5,2,5,5,1,4,4,5,5,5,5,5,5,3,5,5,3,5,1,1,1,3,5,5,5,3,5,3,4,1,3,4,5,1,5,5,5,9,8,8,5,2,7,3,7,3,7,7,7,6,2,8,6,4,7,4,6,6,4,3,2,2,4,4,4,7,7,5,4,3,7,6,5,7,5,71,2,1,1,1,1,1,2,1,1,,1,1,18,,,1,1,2,1,1,1,1,1,1,1,1,2,1,2,1,1,2,1,1,2,1,1,1,1,1,1,1,1,2,1,1,1,1,1,6,2,1,4,4,1,5,5,7,1,1,1,1,2,1,1,1,1,1,2,1,1,1,1,1,1,1,1,1,2,1,1,1,6,6,5,1,1,1,1,1,1,2,1,1,1,2,1,1,1,1,1,1,,1,2,1,1,1,1,1,1,1,1,1,"6'2""",167,2,1,1,1,2,1,2,1,1,1,2,1,2,1,1,2,1,1,1,2,1,1,2,1,1,2,1,2,1,1,2,1,1,1,2,1,2,1,1,1,2,1,2,1,1,1,2,1,1,2,1,2,1,1,2,1,1,1,2,1,1,2,1,2,1,1,1,2,1,1,2,1,1,2,1,1,2,1,1,2,1,2,1,1,2,1,1,30,1,0,3,1,1,1,1,2,1,1,2,1,12,1,3,1,1,1,1,1,1,1,1,1,1,1,12,1,2,1,1,1,12,2,1,4,12,4,1,2,1,1,2,1,2,1,2,1,1,1,1,1,1,7,3,2,4,1,1,1,2,1,2,2,2,1,1,1,5,1,1,1,1,2,2,2,2,2,2,2,1,0,3,,,,,,,,,,,,,,,,,,,,,,,,,,,,,,,,,,,,,,,,,,,,,,,,,,,,,,,,,,,,,,,,,,,,,,,,,5,6,5,7,5,5,3,5,2,2,2,4,1,6,3,2,5,1,1,7,2,6,1,1,1,5,3,6,6,7,6,2,6,6,5,5,1,5,1,5,5,5,1,5,5,5,1,6,2,1,6,1,7,2,6,1,1,6,4,1,8,9,24,503,206,1566,809,263,111,120,,,,10611,35,113,5600,43,235,8,2905,,10/15/24 21:28,,,,,,,,,,,,,,,,,,,,,,,,,,77,,,,,,,
1485,,1172,SONA,interview,10/16/24 21:05,1,0,21,21,1,0,0.71,2,,5,5,4,3,4,2,6,5,4,6,5,5,4,4,6,6,7,3,5,3,3,7,6,6,4,6,6,5,5,3,5,4,5,4,4,3,7,2,2,2,2,6,6,6,5,4,6,6,6,4,4,5,3,2,3,,,,,,,,,,,,,,,,,,,,5,4,4,5,4,2,3,5,4,5,8,6,2,3,9,10,5,4,7,1,3,3,5,5,5,1,1,1,1,4,5,6,3,1,2,10,7,8,9,4,1,2,2,1,1,1,2,1,1,1,2,1,1,2,2,2,1,2,2,1,1,1,1,2,1,1,1,2,2,2,1,2,2,1,2,1,1,1,1,2,1,1,2,1,1,1,2,1,2,2,1,1,1,1,2,2,1,2,1,1,1,1,1,1,2,1,2,2,1,1,1,1,1,1,1,2,1,1,1,1,1,5,3,3,1,3,5,4,3,2,4,5,3,4,3,3,5,4,4,5,5,5,5,4,3,3,3,3,4,5,5,5,5,2,2,4,4,4,2,5,5,5,5,5,4,7,6,5,3,2,2,8,5,3,3,7,9,7,5,7,8,5,5,2,3,3,4,4,5,6,6,-9,-9,7,6,5,5,3,5,2,2,3,5,71,1,2,1,1,2,1,1,1,1,,1,1,20,,10,1,1,1,2,1,1,1,1,1,1,2,1,1,1,1,1,1,1,1,2,1,1,1,1,1,1,1,1,1,1,1,1,2,1,6,3,4,5,3,5,7,5,5,1,1,2,1,1,1,1,1,1,1,1,1,2,1,1,1,1,1,2,1,1,1,1,1,2,5,3,1,1,1,1,1,1,1,2,1,1,2,1,1,1,1,1,1,,1,2,1,1,1,1,1,1,1,1,1,5'4,130,1,2,1,1,2,1,2,1,1,1,2,1,1,2,1,1,2,1,2,1,1,1,2,1,2,1,1,1,2,1,2,1,1,2,1,1,2,1,1,1,2,1,1,2,1,1,2,1,1,2,1,1,2,1,2,1,1,2,1,1,1,2,1,2,1,1,2,1,1,1,2,1,1,2,1,1,2,1,1,2,1,1,2,1,2,1,1,28,1,0,5,1,1,1,1,1,1,1,1,2,12,1,2,1,1,1,1,3,1,1,1,2,2,1,1,1,4,1,1,1,2,1,1,1,2,1,3,1,1,1,5,1,3,1,3,2,1,1,1,1,1,8,1,1,1,1,1,1,1,2,1,2,6,1,1,1,5,2,1,1,1,2,2,2,2,2,1,2,2,0,3,1,1,1,1,1,1,5,1,1,4,5,5,1,2,2,3,1,4,3,2,7,7,4,6,5,3,7,5,6,7,7,3,7,4,3,7,7,4,6,6,7,4,4,7,5,3,3,4,5,2,2,5,3,6,5,4,3,3,5,4,3,1,5,3,6,3,3,4,3,4,2,3,,,,,,,,,,,,,,,,,,,,,,,,,,,,,,,,,,,,,,,,,,,,,,,,,,,,,,,,,,,5,1,6,28,25,329,147,106,473,169,103,412,75224,231,343,,,,180,31,324,19,2434,,10/17/24 18:48,,,,,,,,,,,,,,,,,,,,,,,,,,,,,,,,,
1486,,1206,SONA,interview,10/17/24 1:23,1,0,21,21,0,0,1.27,2,,5,7,7,1,1,1,7,7,6,6,1,1,6,6,1,7,7,1,7,6,5,6,3,4,7,7,7,5,7,7,7,1,7,7,7,7,7,1,1,1,1,7,7,7,7,1,7,7,7,7,7,7,1,1,1,,,,,,,,,,,,,,,,,,,,5,5,5,3,5,4,5,5,5,5,9,3,6,5,2,8,1,10,7,4,5,3,5,5,5,3,1,1,1,5,4,7,3,2,1,8,10,9,6,5,2,2,2,2,1,1,2,1,1,1,1,1,1,2,2,2,2,2,2,1,1,2,1,2,1,1,1,2,1,2,1,1,1,1,2,2,1,1,1,1,2,1,2,1,1,2,2,1,2,2,1,1,1,1,2,2,1,2,1,2,1,1,2,1,2,1,2,2,1,1,1,1,1,1,2,1,1,2,1,1,1,5,5,5,5,3,5,5,5,1,5,3,1,5,5,3,5,5,4,5,5,5,5,4,2,2,1,3,2,5,4,5,5,3,2,5,2,1,4,5,3,4,4,5,4,9,6,8,4,3,3,9,9,4,2,2,5,5,5,9,9,9,5,7,7,7,4,7,7,7,1,1,1,4,2,5,5,5,6,5,7,4,6,72,2,2,2,1,2,1,2,1,1,,1,3,18,,7,1,1,1,2,1,1,1,1,1,1,2,1,1,2,1,1,2,1,2,1,1,1,1,1,1,1,1,1,2,1,1,1,1,1,2,1,1,7,1,5,1,1,5,1,1,1,1,2,1,1,1,1,1,1,1,2,1,1,1,1,1,1,1,2,1,1,1,7,7,7,1,2,1,1,1,1,1,1,1,2,1,1,1,1,1,1,1,,1,2,1,1,1,1,1,1,1,1,1,5'4,N/A,2,1,1,2,1,1,2,1,1,1,2,1,2,1,1,2,1,1,2,1,1,1,2,1,2,1,1,2,1,1,1,2,1,2,1,1,2,1,1,1,2,1,2,1,1,2,1,1,1,2,1,1,2,1,2,1,1,2,1,1,2,1,1,2,1,1,2,1,1,1,2,1,2,1,1,1,2,1,2,1,1,1,2,1,2,1,1,33,1,0,6,1,12,1,1,1,1,1,1,3,7,2,2,1,1,2,1,1,1,1,1,2,1,1,1,1,1,1,1,1,2,1,1,1,1,1,12,3,1,1,2,1,1,1,1,1,1,1,1,1,1,8,1,1,3,1,1,1,4,1,4,8,1,1,1,1,4,5,1,1,1,2,2,2,2,2,2,2,2,,5,,,,,,,,,,,,,,,,,,,,,,,,,,,,,,,,,,,,,,,,,,,,,,,,,,,,,,,,,,,,,,,,,,,,,,,,,7,7,7,7,2,7,7,7,1,2,1,7,7,7,7,7,7,4,5,4,7,6,6,4,4,4,4,4,4,4,4,5,4,3,5,3,1,5,5,5,5,2,3,5,5,5,4,4,3,5,5,3,5,3,4,3,3,5,5,1,8,11,8,167,79,79,276,97,85,61,,,,126,33,97,156,27,152,17,1479,,10/17/24 1:48,,,,,,,,,,,,,,,,,,,,,,,,,,113,,,,,,,
1487,,1166,SONA,interview,10/17/24 17:29,1,0,21,21,1,1,1.43,2,,5,4,4,1,2,3,6,6,6,5,5,6,5,5,3,4,5,5,3,5,4,5,4,5,4,6,4,5,5,4,6,5,6,6,5,4,4,5,5,4,5,3,6,4,2,5,3,6,4,5,3,6,4,5,6,,,,,,,,,,,,,,,,,,,,5,4,5,5,5,5,5,5,5,5,5,9,1,4,6,3,7,8,10,2,5,5,5,5,5,5,5,5,5,5,8,9,2,3,5,4,6,7,10,1,2,2,2,2,2,1,1,1,1,2,1,1,1,2,2,2,1,2,2,1,1,2,2,2,1,1,2,1,1,1,1,1,1,1,1,1,1,2,1,1,2,1,2,1,2,2,2,1,2,1,1,2,2,1,2,2,1,1,2,2,1,1,2,1,2,2,2,2,1,1,1,1,1,1,2,2,1,1,1,2,1,3,2,5,1,4,3,4,3,4,4,3,2,5,2,4,3,5,3,2,4,2,4,3,5,3,3,3,4,1,4,4,4,4,3,4,2,2,4,4,4,2,4,3,4,7,7,8,3,5,5,8,5,6,5,9,5,9,5,3,7,8,7,4,4,4,4,4,4,4,4,4,4,4,4,4,4,4,4,4,4,4,4,72,1,1,1,1,1,1,2,1,1,,1,1,18,,15,1,1,1,2,1,1,1,1,1,1,2,2,1,2,1,2,4,1,1,2,1,1,1,1,1,1,1,1,2,1,1,1,1,1,4,4,4,4,4,4,4,4,4,1,1,1,2,1,1,1,1,1,1,1,2,1,1,1,1,1,1,1,2,1,1,1,1,4,4,4,2,1,1,1,1,1,1,1,1,1,2,1,1,1,1,1,1,,1,2,1,1,1,1,1,1,1,1,1,6'3,280,1,2,1,2,1,1,2,1,1,1,2,1,1,2,1,1,2,1,1,2,1,2,1,1,1,2,1,1,2,1,2,1,1,1,2,1,1,2,1,2,1,1,1,2,1,2,1,1,2,1,1,2,1,1,1,2,1,1,2,1,1,2,1,1,2,1,1,2,1,2,1,1,1,2,1,1,2,1,2,1,1,1,2,1,1,2,1,36,2,1,9,5,12,7,1,1,1,1,1,3,6,1,3,1,1,2,2,4,-9,1,3,1,1,1,1,1,1,2,2,2,3,1,3,4,12,2,2,7,2,2,2,1,12,2,3,4,1,1,1,2,1,8,1,1,8,1,-9,1,2,1,3,8,8,8,1,1,8,7,1,1,1,1,2,2,2,2,1,2,1,0,3,-9,3,3,3,3,3,3,3,3,3,3,3,3,3,3,3,3,3,3,4,4,4,4,4,4,4,4,4,4,4,4,4,4,4,4,4,4,4,4,4,4,4,4,4,4,4,4,4,4,4,4,4,4,4,4,4,4,4,4,4,4,4,4,4,4,4,4,4,4,4,4,4,,,,,,,,,,,,,,,,,,,,,,,,,,,,,,,,,,,,,,,,,,,,,,,,,,,,,,,,,,,8,2,7,14,4,328,158,86,927,412,148,48,28,76,28,,,,185,16,88,16,2104,,10/17/24 18:12,,,,,,,,,,,,,,,,,,,,,,,,,,,,,,,,,
1488,,1174,SONA,interview,10/17/24 18:20,1,0,21,21,11,10,1.01,2,,5,5,4,4,5,4,5,5,4,4,2,2,6,4,5,7,7,3,6,2,7,5,6,6,2,6,5,6,5,6,7,3,6,6,7,7,7,2,6,4,2,6,6,5,4,4,5,4,5,5,5,4,3,3,4,,,,,,,,,,,,,,,,,,,,5,5,3,4,4,2,3,3,3,4,4,7,6,3,2,8,10,9,5,1,5,1,5,3,1,1,1,1,1,1,7,6,1,3,2,5,10,9,8,4,1,2,2,1,2,1,1,1,1,1,1,1,1,2,1,2,1,2,2,1,1,1,1,2,1,1,1,1,1,1,1,1,1,1,2,1,1,1,1,1,2,1,1,1,1,1,1,1,1,2,1,1,1,1,2,1,1,1,1,2,1,1,2,1,1,1,1,1,1,1,1,1,1,1,1,1,1,1,1,1,1,1,1,4,1,4,5,3,3,3,4,2,1,4,3,3,3,3,1,5,5,5,3,4,3,3,3,3,4,3,3,5,4,4,4,4,2,2,2,4,5,3,4,5,3,9,8,8,8,2,2,6,8,4,1,1,6,4,2,4,3,6,5,4,5,4,5,6,7,7,2,-9,-9,-9,-9,3,1,1,5,3,4,2,1,73,2,2,1,1,2,1,2,1,1,,1,2,20,,,1,1,2,1,1,1,1,1,1,1,2,1,1,2,1,1,2,2,1,1,1,1,1,1,1,1,2,1,1,1,1,1,1,1,1,1,1,7,1,3,2,1,4,1,1,2,1,1,1,1,1,1,2,1,1,1,1,1,1,1,1,1,1,2,1,1,1,7,7,7,1,2,1,1,1,1,1,1,1,1,1,1,1,1,1,1,2,agnostic,1,2,1,1,1,1,1,1,1,1,1,65 cm,215,1,2,1,1,2,1,1,2,1,1,2,1,1,2,1,2,1,1,2,1,1,1,2,1,2,1,1,1,2,1,2,1,1,1,2,1,2,1,1,1,2,1,2,1,1,1,2,1,1,2,1,2,1,1,2,1,1,2,1,1,2,1,1,1,2,1,1,2,1,1,2,1,2,1,1,1,2,1,2,1,1,1,2,1,2,1,1,14,1,0,1,1,1,1,1,1,1,1,1,1,3,1,1,1,1,1,1,1,1,1,1,1,1,1,1,1,2,1,1,1,4,1,1,1,1,1,1,1,1,1,1,1,1,1,1,1,1,1,1,1,1,8,1,1,1,1,1,1,5,1,1,1,1,1,1,6,1,1,1,1,1,1,2,2,2,2,2,2,2,,3,,,,,,,,,,,,,,,,,,,,,,,,,,,,,,,,,,,,,,,,,,,,,,,,,,,,,,,,,,,,,,,,,,,,,,,,,-9,-9,-9,-9,-9,-9,-9,-9,-9,-9,-9,-9,-9,-9,-9,-9,-9,-9,-9,-9,-9,-9,-9,-9,-9,-9,-9,-9,-9,-9,-9,-9,-9,-9,-9,-9,4,1,3,4,3,2,4,3,4,4,2,5,2,6,7,5,6,1,4,2,2,3,4,1,26,8,2,372,126,91,290,169,82,97,,,,27,56,1856,192,36,607,25,2297,,10/17/24 19:28,,,,,,,,,,,,,,,,,,,,,,,,,,-110,,,,,,,
1495,,1162,SONA,interview,10/21/24 20:55,1,0,21,21,0,0,0.59,2,,5,2,3,5,6,5,5,5,6,4,5,5,5,5,5,3,3,4,6,6,6,3,5,4,3,3,4,4,5,4,3,6,4,7,6,6,7,7,1,1,1,6,7,4,5,3,5,4,4,6,4,3,5,4,4,,,,,,,,,,,,,,,,,,,,4,4,3,2,2,3,2,2,3,5,2,4,5,6,7,3,9,10,8,1,2,2,4,4,4,3,1,1,1,4,5,6,2,3,4,7,9,10,8,1,1,2,2,1,1,1,2,1,1,1,2,1,2,2,1,1,1,1,1,1,1,1,1,2,1,1,2,2,2,2,2,2,2,1,2,1,1,1,1,2,1,2,1,2,1,2,1,2,1,2,1,1,1,1,2,2,1,1,2,2,1,1,1,1,1,1,2,2,1,1,1,1,1,1,1,2,1,1,1,1,1,3,1,5,1,2,4,5,2,2,4,2,1,5,3,4,3,4,3,4,2,3,5,2,4,2,3,2,4,4,3,4,5,4,3,4,2,1,3,4,2,5,4,4,2,9,5,4,5,3,1,9,7,6,4,2,4,5,4,1,5,5,7,6,6,5,4,3,5,7,7,1,1,7,7,5,5,5,5,5,5,2,5,73,1,2,1,1,1,2,1,1,1,,1,1,19,,17,1,1,1,2,1,1,1,1,1,2,1,1,1,1,1,1,1,1,2,1,1,1,1,1,2,1,1,1,1,1,1,1,1,1,1,1,1,7,1,4,4,6,6,1,1,1,1,2,1,1,1,1,1,1,1,2,1,1,1,1,1,1,1,2,1,1,1,2,2,2,1,1,1,1,1,1,1,2,1,1,2,1,1,1,1,1,1,,1,2,1,1,1,1,1,1,1,1,1,5'8,140,2,1,1,1,2,1,2,1,1,1,2,1,2,1,1,2,1,1,1,2,1,1,2,1,1,2,1,2,1,1,2,1,1,1,2,1,2,1,1,2,1,1,2,1,1,1,2,1,2,1,1,2,1,1,2,1,1,2,1,1,1,2,1,1,2,1,1,2,1,1,2,1,1,2,1,1,2,1,1,2,1,2,1,1,2,1,1,28,1,0,3,2,1,1,1,1,1,1,2,2,1,1,1,1,1,1,1,1,1,1,1,1,2,4,3,1,1,1,1,1,1,1,1,4,1,12,1,1,-9,1,1,1,1,1,1,5,1,1,1,1,1,8,2,2,2,1,1,1,2,1,1,3,1,1,1,1,5,1,2,1,1,1,1,2,2,2,2,2,2,0,5,1,1,1,3,3,1,4,1,1,4,4,3,4,2,3,3,3,4,3,5,7,7,7,5,3,6,7,4,7,6,6,7,7,7,7,7,6,7,3,4,7,2,6,7,4,1,4,2,3,2,1,4,5,2,4,6,3,2,5,5,4,2,4,2,2,2,3,4,3,5,1,4,,,,,,,,,,,,,,,,,,,,,,,,,,,,,,,,,,,,,,,,,,,,,,,,,,,,,,,,,,,5,1,25,12,12,417,145,221,558,494,127,121,166,333,418,,,,220,31,597,39,3295,,10/21/24 22:00,,,,,,,,,,,,,,,,,,,,,,,,,,,,,,,,,
1496,,1213,SONA,interview,10/22/24 18:34,1,0,21,21,0,0,1.73,2,,5,4,1,5,7,4,4,7,7,4,4,5,7,4,3,4,4,4,7,7,3,4,5,7,3,4,4,4,7,4,4,4,4,5,7,7,7,7,1,1,1,1,7,7,7,7,7,7,7,4,4,4,4,4,7,,,,,,,,,,,,,,,,,,,,5,3,3,5,3,3,5,5,1,5,2,7,6,4,5,3,9,8,10,1,5,1,5,5,5,5,1,1,1,5,5,8,1,2,3,4,9,10,6,7,1,2,2,1,1,1,2,2,1,1,2,1,1,2,2,2,2,2,2,2,2,2,1,2,1,1,1,2,2,2,1,2,1,1,2,1,2,2,1,2,2,2,1,2,1,1,1,1,1,1,1,2,2,1,2,2,1,1,1,2,2,2,2,1,2,1,2,1,1,1,1,1,1,1,1,1,1,1,1,1,1,4,3,3,3,4,4,4,5,4,2,1,3,5,5,5,5,5,2,5,5,5,5,3,5,5,5,5,5,5,3,5,5,5,5,5,1,1,2,5,5,1,5,5,1,9,9,9,9,9,9,9,9,9,9,9,9,9,9,9,9,9,9,7,7,4,7,7,7,7,7,7,7,7,7,7,7,7,7,7,7,7,7,74,2,2,1,1,1,2,1,1,1,,1,1,19,,18,1,1,1,2,1,1,1,1,1,1,2,1,1,2,1,1,2,1,2,1,1,1,1,2,1,1,1,1,1,1,1,1,1,1,1,1,1,7,1,1,1,1,7,1,1,1,1,1,1,2,1,1,1,1,1,1,1,2,1,1,1,1,2,1,1,1,1,3,4,4,1,2,1,1,1,1,1,1,1,1,2,1,1,1,1,1,1,,1,1,2,1,1,1,1,1,1,1,1,4'11,135,1,2,1,1,2,1,1,2,1,2,1,1,1,2,1,2,1,1,1,2,1,1,2,1,2,1,1,1,2,1,1,2,1,1,2,1,2,1,1,1,2,1,2,1,1,1,2,1,2,1,1,1,2,1,2,1,1,2,1,1,1,2,1,1,2,1,1,2,1,1,2,1,2,1,1,1,2,1,1,2,1,2,1,1,2,1,1,36,1,0,3,11,1,1,1,2,3,1,12,12,12,12,1,1,1,12,1,12,1,1,1,12,12,1,1,1,12,2,12,12,12,12,12,12,1,2,1,1,3,3,12,1,1,1,12,2,1,1,1,1,1,2,2,2,8,1,8,8,8,1,8,8,8,1,1,1,8,1,8,1,1,1,1,2,2,2,1,2,2,0,2,,,,,,,,,,,,,,,,,,,,,,,,,,,,,,,,,,,,,,,,,,,,,,,,,,,,,,,,,,,,,,,,,,,,,,,,,7,7,7,7,7,7,7,7,7,7,7,7,7,7,7,7,7,7,7,7,7,7,7,7,7,7,7,7,7,7,7,7,7,7,7,7,5,5,5,5,3,3,3,5,5,5,7,7,4,5,4,5,5,4,4,4,4,4,4,1,3,6,5,216,93,63,285,115,27,51,,,,32,30,49,126,24,191,7,1323,,10/22/24 18:56,,,,,,,,,,,,,,,,,,,,,,,,,,114,,,,,,,
1497,,1193,SONA,interview,10/23/24 1:50,1,0,21,21,1,1,0.66,2,,3,2,1,4,7,7,1,6,4,5,4,3,5,6,5,6,4,5,5,5,3,5,2,4,7,6,6,4,5,5,5,4,5,5,6,6,6,2,2,2,1,5,5,5,6,2,7,6,6,6,6,6,2,2,2,7,7,5,6,5,5,7,4,5,6,3,2,1,,,,,,,5,5,3,3,3,4,1,5,1,4,1,2,5,8,7,6,9,3,10,4,5,5,4,4,4,2,1,1,1,2,1,2,4,5,3,7,8,9,10,6,1,2,2,2,1,1,1,2,1,1,2,1,2,2,2,2,1,2,2,2,1,2,1,2,1,1,2,2,1,2,1,1,1,1,2,2,2,2,1,2,2,2,2,2,1,1,2,2,2,2,1,2,2,1,2,2,1,1,1,2,2,2,2,1,2,1,2,2,1,1,1,2,1,1,2,2,1,2,1,2,1,4,4,5,3,4,2,4,3,4,2,2,2,5,4,4,3,2,1,4,3,4,5,5,4,3,4,3,5,5,3,4,4,5,4,5,3,4,5,4,3,3,4,4,3,9,9,9,6,5,5,7,9,4,3,7,9,9,9,7,9,4,2,7,6,6,5,6,3,5,2,1,7,7,7,6,5,5,4,5,7,4,2,74,1,2,1,1,1,2,2,1,1,,1,2,18,,7,1,1,2,1,1,1,1,1,1,1,1,1,1,2,1,1,1,2,1,1,1,1,1,1,1,1,1,1,2,1,1,1,1,1,2,1,1,4,4,2,4,6,7,1,1,2,1,1,1,1,1,1,1,2,1,1,1,1,1,1,1,1,2,1,1,1,1,5,5,5,1,1,1,1,1,1,1,2,1,1,1,1,1,1,1,1,2,christian,1,1,1,1,2,1,1,1,1,1,1,5'2,129,1,2,1,1,2,1,1,2,1,1,2,1,1,2,1,2,1,1,2,1,1,1,2,1,1,2,1,1,2,1,2,1,1,1,2,1,2,1,1,2,1,1,2,1,1,2,1,1,2,1,1,2,1,1,2,1,1,2,1,1,2,1,1,1,2,1,2,1,1,1,2,1,1,2,1,1,2,1,2,1,1,2,1,1,2,1,1,46,1,0,3,1,4,1,1,2,1,1,1,3,4,1,2,1,1,1,1,1,1,1,2,1,1,1,1,1,2,2,2,1,2,2,1,1,1,1,4,1,3,1,1,1,1,1,2,1,1,1,1,1,1,7,1,1,7,1,1,4,1,1,3,6,7,1,1,1,1,1,6,1,1,1,1,-9,-9,-9,1,-9,-9,,5,1,1,1,1,1,1,3,2,1,4,4,4,4,2,3,4,1,5,2,4,7,7,7,5,3,2,7,7,4,7,7,5,7,7,4,7,6,5,7,7,5,4,7,7,3,5,3,3,2,4,4,2,4,3,1,5,4,5,5,3,2,1,5,6,1,2,4,5,5,6,6,3,,,,,,,,,,,,,,,,,,,,,,,,,,,,,,,,,,,,,,,,,,,,,,,,,,,,,,,,,,,6,1,7,30,7,1237,137,151,595,303,54,173,377,219,89,,,,297,36,2158,27,2811,,10/23/24 3:28,,,,,,,,,,,,,,,,,,,,,,,,,,,,,,,,,
1498,,1214,SONA,interview,10/24/24 17:02,1,0,21,21,0,0,1.84,2,,3,1,1,1,1,2,1,1,7,4,2,1,4,1,1,5,1,1,7,7,3,7,7,6,6,1,1,3,3,1,3,3,3,2,2,2,4,4,3,3,3,1,3,3,2,3,3,4,5,2,3,3,3,2,4,1,7,1,7,4,3,6,2,5,4,2,7,2,,,,,,,4,2,4,4,3,5,4,3,4,5,1,10,9,8,5,6,7,2,3,4,4,2,4,2,5,4,2,4,2,4,2,3,1,8,6,9,7,5,4,10,1,2,2,1,1,1,1,2,1,1,1,1,2,2,2,2,1,1,2,2,1,1,1,2,1,1,1,2,2,2,1,2,1,1,2,1,2,2,1,2,2,2,1,2,2,2,2,2,2,1,1,1,1,1,1,2,1,1,1,1,2,2,2,1,1,2,2,1,1,1,1,1,1,1,2,2,1,1,1,1,1,5,5,5,5,5,4,3,4,4,4,3,4,4,3,5,4,4,3,4,3,4,4,3,4,4,3,2,3,4,3,3,4,4,4,3,4,4,4,3,4,3,4,4,4,2,3,3,4,5,6,7,7,6,5,4,3,3,3,4,5,6,7,7,6,4,3,2,2,2,2,3,4,5,4,2,2,4,4,5,5,1,2,75,1,2,1,1,2,1,1,1,1,,1,1,18,,17,1,1,2,1,1,1,1,1,1,2,2,1,1,1,1,1,2,2,1,1,1,1,1,1,1,1,2,1,1,1,1,1,1,1,2,5,5,4,4,5,5,4,5,1,1,1,1,2,1,1,1,1,1,1,2,1,1,1,1,1,1,1,2,1,1,1,1,7,6,6,1,1,1,1,1,1,1,2,1,2,1,1,1,1,1,1,1,,1,1,2,1,1,1,1,1,1,1,1,5'3,115,1,2,1,2,1,1,2,1,1,1,2,1,1,2,1,2,1,1,1,2,1,2,1,1,1,2,1,2,1,1,1,2,1,1,2,1,2,1,1,2,1,1,2,1,1,1,2,1,2,1,1,2,1,1,2,1,1,1,2,1,1,2,1,2,1,1,1,2,1,1,2,1,1,2,1,2,1,1,2,1,1,1,2,1,2,1,1,34,7,1,4,9,3,7,5,2,8,5,3,8,3,8,3,4,8,8,6,6,6,4,4,4,3,6,-9,6,6,6,6,4,4,5,3,4,4,5,4,3,5,5,4,4,4,4,7,5,5,4,4,3,3,1,3,3,3,2,2,2,2,3,3,3,3,2,2,2,1,2,2,3,3,1,1,2,2,2,1,1,2,0,1,1,2,3,2,3,4,3,2,2,5,3,2,3,5,2,2,5,3,5,4,7,7,7,1,4,4,1,7,7,4,6,4,4,5,7,7,4,7,7,7,7,7,7,7,7,7,6,6,7,6,5,5,7,7,6,4,5,1,7,7,3,4,7,7,4,4,4,4,5,4,5,6,,,,,,,,,,,,,,,,,,,,,,,,,,,,,,,,,,,,,,,,,,,,,,,,,,,,,,,,,,,4,1,4,9,2,245,55,120,519,2979,27,21,16,149,156,,,,94,6,26,4,1632,,10/24/24 18:15,,,,,,,,,,,,,,,,,,,,,,,,,,,,,,,,,
1499,,1215,SONA,interview,10/24/24 18:07,1,0,21,21,1,1,1.2,2,,5,6,7,2,3,1,6,7,7,7,4,3,7,7,1,7,7,4,3,1,1,6,5,5,5,7,6,7,7,7,7,1,6,1,6,4,7,1,2,2,3,6,6,6,7,1,5,5,7,4,6,6,2,1,1,,,,,,,,,,,,,,,,,,,,5,5,5,4,5,5,4,5,1,5,2,1,3,9,4,5,6,7,10,8,4,5,5,5,5,5,1,1,1,2,5,1,3,4,2,7,8,9,10,6,1,2,2,2,2,1,2,1,1,1,2,1,2,2,2,2,1,2,2,1,1,2,1,2,1,1,2,2,2,2,2,2,1,1,2,2,2,2,1,2,1,2,2,2,2,2,2,1,2,2,1,2,2,1,2,2,1,2,2,2,2,2,2,1,2,2,2,1,1,1,1,1,1,1,2,2,1,2,1,1,1,4,1,5,2,4,4,5,1,3,4,4,1,5,4,5,5,4,1,5,4,3,5,1,4,4,4,1,5,3,5,3,5,5,3,5,5,2,5,5,5,2,5,3,5,7,9,7,8,6,6,6,7,5,5,6,6,7,7,8,7,6,4,6,7,7,7,7,4,5,3,-9,-9,7,7,4,4,6,7,7,7,5,-9,75,2,2,1,1,1,1,2,1,1,,1,1,18,,2018,1,1,1,2,1,1,1,1,1,1,2,1,1,2,1,1,2,1,1,2,1,1,1,1,1,1,1,1,2,1,1,1,1,1,5,3,4,4,4,7,6,5,5,1,1,1,1,2,1,1,1,1,1,1,1,2,1,1,1,1,1,1,1,1,2,1,1,5,6,4,1,1,2,1,1,1,1,1,1,1,1,1,1,1,1,1,2,Agnostic,1,2,1,1,1,1,1,1,1,1,1,5'3,140,1,2,1,1,2,1,1,2,1,1,2,1,1,2,1,1,2,1,2,1,1,1,2,1,1,2,1,2,1,1,2,1,1,1,2,1,2,1,1,1,2,1,2,1,1,1,2,1,1,2,1,2,1,1,2,1,1,2,1,1,2,1,1,1,2,1,1,2,1,2,1,1,2,1,1,2,1,1,1,2,1,1,2,1,2,1,1,49,1,0,4,4,12,1,1,1,1,1,1,3,4,1,1,1,1,2,1,2,1,1,1,2,2,1,1,1,2,1,3,1,8,12,3,1,12,1,12,2,5,12,1,1,2,2,1,1,1,1,1,1,1,8,1,1,6,1,5,4,2,1,4,3,7,1,1,1,1,1,7,1,4,2,1,2,2,2,1,2,2,,5,,,,,,,,,,,,,,,,,,,,,,,,,,,,,,,,,,,,,,,,,,,,,,,,,,,,,,,,,,,,,,,,,,,,,,,,,7,6,6,7,7,7,7,7,1,5,1,4,5,1,6,5,7,5,2,6,7,7,1,1,1,5,5,6,6,6,6,1,6,5,7,5,1,5,5,5,5,4,1,5,5,5,7,7,3,6,7,7,2,2,3,4,5,4,6,1,11,9,8,186,164,124,431,148,64,63,,,,165,44,79,138,23,228,4,1889,,10/24/24 18:39,,,,,,,,,,,,,,,,,,,,,,,,,,106,,,,,,,
1500,,1170,SONA,interview,10/24/24 18:08,1,0,21,21,0,0,0.78,2,,3,1,1,7,7,7,7,5,5,4,3,3,4,4,4,5,6,4,5,3,3,3,2,4,7,4,3,4,6,6,6,3,5,5,5,5,5,5,3,5,4,4,3,5,7,2,6,6,6,6,6,5,3,3,2,7,7,2,6,7,6,5,6,6,4,1,2,1,,,,,,,5,5,4,3,4,3,1,5,1,3,2,6,4,8,3,7,10,1,9,5,5,5,4,3,5,5,2,2,1,4,6,5,3,4,1,7,8,10,9,2,1,2,2,1,1,1,1,1,1,1,1,1,1,2,2,2,1,2,2,2,1,2,1,2,1,1,1,2,1,2,2,2,2,1,2,1,2,2,1,2,1,1,2,2,2,2,1,1,1,2,1,2,2,1,2,2,1,2,2,2,1,1,1,1,2,1,2,1,1,1,1,1,1,1,2,2,1,1,1,1,1,5,3,4,1,3,2,4,3,2,4,4,2,4,4,3,3,4,2,4,4,2,4,3,2,3,3,4,3,4,3,4,4,4,2,4,3,4,4,4,3,2,4,4,2,6,6,5,5,5,4,2,6,5,5,6,6,8,8,7,7,5,5,5,5,3,4,5,5,5,3,1,7,7,7,4,2,2,6,6,6,4,1,76,1,2,1,1,1,1,2,1,1,,1,1,18,,11,1,1,1,2,1,1,1,1,1,1,2,1,1,1,1,1,1,1,2,1,1,1,1,1,1,1,1,2,1,1,1,1,1,1,3,2,2,5,3,4,3,3,3,1,1,2,1,1,1,1,1,1,1,2,1,1,1,1,1,1,1,1,2,1,1,1,1,6,6,5,1,2,1,1,1,1,1,1,1,2,1,1,1,1,1,1,1,,1,1,2,1,1,1,1,1,1,1,1,5'7,130,1,2,1,2,1,1,1,2,1,2,1,1,1,2,1,2,1,1,2,1,1,2,1,1,2,1,1,2,1,1,2,1,1,1,2,1,2,1,1,2,1,1,2,1,1,1,2,1,1,2,1,2,1,1,2,1,1,1,2,1,2,1,1,1,2,1,2,1,1,1,2,1,2,1,1,1,2,1,1,2,1,2,1,1,1,2,1,35,1,0,3,2,1,1,1,1,1,1,1,1,2,1,2,2,1,3,1,1,1,1,1,2,1,1,3,1,4,1,2,2,11,2,2,1,1,1,1,1,1,1,1,1,2,2,5,1,1,1,1,1,1,8,2,2,5,1,1,1,3,1,1,5,4,1,1,2,1,8,1,1,1,2,2,2,2,2,2,2,2,0,3,2,4,2,2,2,2,5,2,2,5,5,5,5,2,3,5,2,5,3,4,2,6,5,1,1,2,1,2,5,6,7,5,4,5,6,7,7,7,2,7,6,3,6,7,5,2,2,3,3,3,6,5,4,4,4,5,4,4,6,4,4,3,3,3,3,3,3,5,4,4,6,3,,,,,,,,,,,,,,,,,,,,,,,,,,,,,,,,,,,,,,,,,,,,,,,,,,,,,,,,,,,5,1,15,15,5,838,80,82,525,202,105,121,451,221,216,,,,262,39,280,11,3120,,10/24/24 19:06,,,,,,,,,,,,,,,,,,,,,,,,,,,,,,,,,
1501,,1217,SONA,interview,10/24/24 23:26,1,0,21,21,0,0,0.65,2,,3,1,1,7,7,7,1,2,3,2,4,4,4,4,6,7,7,2,4,3,4,4,5,6,3,5,6,4,7,7,7,1,7,4,4,4,7,7,2,4,2,6,6,5,5,2,6,5,5,2,3,2,6,6,6,7,7,1,7,7,7,6,7,6,7,1,1,1,,,,,,,4,2,4,3,5,2,1,5,5,5,6,8,4,7,5,9,10,1,3,2,4,3,5,3,5,1,2,2,1,5,4,9,1,6,3,5,7,8,10,2,2,2,2,1,1,1,1,1,1,1,1,1,2,2,2,1,1,2,1,2,1,1,1,1,1,1,1,1,1,1,1,1,1,1,2,1,2,2,1,2,1,1,2,2,1,2,1,2,2,2,1,2,2,1,2,2,1,1,1,2,2,2,1,1,2,1,2,1,1,1,1,1,1,1,1,2,1,1,1,1,1,5,3,1,3,2,4,5,4,1,4,3,2,4,4,5,3,5,5,5,5,4,5,5,2,3,3,3,2,4,5,4,5,3,2,4,3,4,3,4,4,4,4,5,4,9,5,7,5,3,6,8,7,4,2,5,6,7,8,9,5,7,4,7,6,3,4,3,7,7,7,1,6,1,2,6,7,7,5,6,6,3,3,76,2,2,1,1,2,1,2,1,1,,1,2,18,,8,1,1,2,1,1,1,1,1,1,1,1,1,1,2,1,1,1,1,2,1,1,1,1,1,1,1,1,1,1,1,1,1,2,1,3,5,2,7,1,6,7,1,3,1,1,2,1,1,1,1,1,1,1,1,2,1,1,1,1,1,1,1,1,2,1,1,1,5,5,5,1,1,1,1,1,1,1,2,1,2,1,1,1,1,1,1,1,,1,1,1,2,1,1,1,1,1,1,1,5'4,120,1,2,1,2,1,1,1,2,1,1,2,1,1,2,1,1,2,1,2,1,1,1,2,1,2,1,1,2,1,1,2,1,1,2,1,1,2,1,1,1,2,1,1,2,1,1,2,1,1,2,1,2,1,1,2,1,1,2,1,1,2,1,1,1,2,1,1,2,1,1,2,1,2,1,1,2,1,1,1,2,1,1,2,1,2,1,1,28,1,0,2,1,1,1,1,1,1,1,1,3,1,1,1,1,1,1,1,1,1,1,1,1,2,1,1,1,4,1,1,2,5,2,1,3,1,3,3,1,1,3,1,1,1,1,4,1,1,1,1,1,1,8,1,1,6,1,4,1,2,1,1,5,8,1,1,1,2,1,8,1,1,2,2,2,2,2,1,2,2,0,3,,,,,,,,,,,,,,,,,,,,,,,,,,,,,,,,,,,,,,,,,,,,,,,,,,,,,,,,,,,,,,,,,,,,,,,,,7,7,7,7,7,7,7,7,1,3,1,4,7,7,7,2,6,1,5,5,1,6,5,1,1,7,7,5,6,7,5,3,6,6,7,5,1,5,5,5,5,3,3,4,5,5,4,4,4,4,4,6,4,4,2,4,4,3,6,1,10,19,7,633,227,315,558,231,86,133,,,,195,99,111,222,60,380,18,3095,,10/25/24 0:21,,,,,,,,,,,,,,,,,,,,,,,,,,107,,,,,,,
1505,,1223,SONA,interview,10/29/24 17:16,1,0,21,21,0,0,1.34,2,,2,1,1,1,7,7,1,2,5,5,2,5,4,5,6,6,6,5,5,5,5,5,6,6,5,5,5,5,3,3,5,5,5,5,5,6,6,2,2,2,2,6,6,6,6,7,6,6,6,6,6,5,5,5,5,7,7,1,3,1,1,2,1,1,1,1,1,1,,,,,,,4,3,5,4,4,4,1,5,5,5,4,5,2,8,7,6,10,1,9,3,4,5,5,5,5,5,4,4,1,5,5,9,2,3,4,6,7,8,10,1,1,2,2,1,1,1,1,1,1,1,2,1,1,2,2,2,1,2,1,1,1,1,1,2,1,1,2,2,2,1,1,2,1,1,2,1,2,2,1,2,2,2,1,1,1,1,1,1,1,2,1,2,2,1,2,1,1,2,1,1,1,2,2,1,2,1,2,2,1,1,1,1,1,1,1,2,1,1,1,1,1,5,4,5,1,4,4,4,4,2,4,4,2,5,4,2,4,4,2,4,2,2,4,4,2,2,2,2,4,4,4,2,4,4,3,4,4,4,4,4,2,2,4,4,2,9,9,8,8,7,7,8,7,6,5,5,9,9,6,2,1,5,3,7,6,5,5,7,7,6,5,-9,7,7,7,6,5,3,5,5,5,6,6,77,2,2,1,1,1,1,2,1,1,,1,1,18,,,1,1,1,2,1,1,1,1,1,1,1,1,1,2,1,1,1,1,1,2,1,1,1,1,1,1,1,1,1,2,1,1,1,1,7,7,7,1,7,7,7,7,7,1,2,1,1,1,1,1,1,1,2,1,1,1,1,1,1,1,2,1,1,1,1,1,1,4,4,4,2,1,1,1,1,1,1,1,1,1,1,1,1,1,1,1,2,christian,1,1,1,1,1,1,2,1,1,1,1,"5'1""",120,2,1,1,2,1,1,1,2,1,2,1,1,1,2,1,2,1,1,2,1,1,1,2,1,2,1,1,2,1,1,2,1,1,2,1,1,2,1,1,2,1,1,2,1,1,2,1,1,2,1,1,2,1,1,2,1,1,2,1,1,2,1,1,2,1,1,2,1,1,2,1,1,2,1,1,2,1,1,2,1,1,2,1,1,2,1,1,29,1,0,2,3,1,1,1,1,1,1,12,2,12,1,1,1,1,1,1,2,1,1,2,2,2,2,1,1,2,1,1,1,1,1,1,1,12,1,1,1,12,11,1,1,1,1,4,3,1,1,1,1,1,8,1,1,8,1,1,3,4,1,6,7,1,1,1,1,5,1,1,1,1,1,2,2,2,2,1,2,2,0,5,,,,,,,,,,,,,,,,,,,,,,,,,,,,,,,,,,,,,,,,,,,,,,,,,,,,,,,,,,,,,,,,,,,,,,,,,1,1,1,2,3,2,1,1,7,1,7,2,1,1,1,2,1,1,1,7,1,7,1,1,1,7,7,7,7,7,7,1,7,7,7,7,2,4,3,4,4,2,4,4,4,4,6,3,3,4,3,4,3,2,6,3,4,5,6,1,4,466,3,200,56,57,537,92,47,216,,,,1130,214,81,117,11,338,3,1977,,10/29/24 18:16,,,,,,,,,,,,,,,,,,,,,,,,,,24,,,,,,,
1506,,1225,SONA,interview,10/29/24 18:52,1,0,21,21,0,0,0.77,2,,5,2,2,2,6,6,2,6,7,6,5,4,5,3,5,6,2,2,5,5,4,4,4,5,2,2,2,4,2,1,4,4,4,7,7,7,7,1,1,1,1,7,7,7,7,1,6,7,7,2,2,1,7,6,6,,,,,,,,,,,,,,,,,,,,5,2,4,3,3,4,1,3,5,5,3,9,4,2,6,5,10,8,7,1,1,1,5,5,4,2,1,1,1,3,6,5,1,2,3,8,9,10,7,4,1,2,2,1,2,1,2,1,1,1,1,1,2,1,2,2,1,1,1,2,1,1,1,2,1,1,1,2,1,1,1,2,1,1,1,1,2,2,1,1,1,2,2,2,2,2,1,2,1,2,1,1,1,1,1,1,1,1,1,2,1,1,2,1,1,1,2,1,1,1,1,1,1,1,2,2,1,1,1,2,1,3,1,5,1,3,3,5,4,4,3,2,1,5,4,4,3,4,2,2,4,3,5,1,4,3,4,3,4,4,3,2,4,5,4,5,5,2,4,3,2,3,5,2,1,9,9,9,6,4,5,8,9,7,6,8,6,9,8,9,9,5,5,6,6,6,5,6,3,6,7,1,1,7,7,7,7,7,7,7,7,7,4,78,1,2,1,1,1,1,2,1,1,,1,1,18,,,1,1,2,1,1,1,1,1,1,1,1,1,1,2,1,1,1,1,1,2,1,1,1,1,1,1,1,1,1,1,1,1,2,1,4,2,2,2,6,4,7,7,7,1,1,2,1,1,1,1,1,1,1,1,2,1,1,1,1,1,1,2,1,1,1,1,1,2,7,7,2,1,1,1,1,1,1,1,1,1,2,1,1,1,1,1,1,,1,2,1,1,1,1,1,1,1,1,1,5'6,145,1,2,1,1,2,1,1,2,1,2,1,1,1,2,1,1,2,1,2,1,1,2,1,1,1,2,1,2,1,1,2,1,1,1,2,1,1,2,1,1,2,1,2,1,1,1,2,1,2,1,1,1,2,1,2,1,1,2,1,1,2,1,1,1,2,1,2,1,1,1,2,1,2,1,1,1,2,1,1,2,1,2,1,1,2,1,1,26,2,1,3,2,1,2,1,1,1,1,1,1,3,1,1,2,1,1,1,1,1,1,1,2,1,2,1,1,1,1,2,2,4,3,2,4,1,2,1,2,1,1,1,1,1,1,1,1,1,1,1,1,1,7,1,1,7,1,1,1,3,1,2,1,7,1,1,1,1,1,1,1,1,1,1,2,2,2,1,2,2,0,4,1,2,1,2,2,1,1,1,1,4,5,5,5,1,1,5,1,1,1,6,7,3,7,7,4,4,7,5,4,3,1,2,7,5,6,6,4,6,7,7,3,5,7,1,2,1,5,3,6,1,7,-9,5,4,3,6,4,2,4,1,1,1,1,1,7,1,4,7,1,5,3,2,,,,,,,,,,,,,,,,,,,,,,,,,,,,,,,,,,,,,,,,,,,,,,,,,,,,,,,,,,,6,2,34,7,4,237,139,172,8497,600,77,114,109,292,97,,,,171,49,291,21,2455,,10/29/24 21:54,,,,,,,,,,,,,,,,,,,,,,,,,,,,,,,,,
1507,,910,SONA,interview,10/29/24 21:12,1,0,21,21,0,0,0.96,2,,5,6,7,3,2,2,7,6,4,3,2,2,6,6,3,7,6,2,1,1,1,7,6,6,4,5,6,5,6,7,7,2,6,2,5,2,6,5,3,4,2,6,5,6,6,2,5,6,6,6,3,3,3,5,5,,,,,,,,,,,,,,,,,,,,4,2,5,5,5,3,5,5,4,4,9,10,3,7,4,8,1,2,6,5,5,5,5,5,5,5,1,1,1,2,6,3,2,4,1,5,8,9,10,7,1,2,2,1,2,1,1,2,1,2,1,1,1,2,2,2,2,2,1,2,1,1,1,2,1,1,1,2,2,1,1,2,2,2,2,2,2,2,1,2,2,2,1,2,2,2,2,2,2,2,1,2,2,1,1,2,1,1,1,1,2,2,2,1,2,2,2,1,1,1,1,1,1,1,2,2,1,1,1,2,1,4,1,4,5,4,2,5,2,1,4,4,1,4,5,4,4,5,4,5,5,4,5,5,5,4,2,2,4,4,4,2,5,4,4,3,5,2,5,4,4,5,5,5,2,9,6,7,7,5,6,4,6,6,6,7,5,5,6,8,8,5,7,5,7,7,5,6,3,7,4,1,1,7,6,7,6,5,7,6,6,5,2,78,2,1,1,1,1,1,2,1,1,,1,1,19,,10,1,1,1,2,1,1,1,1,1,1,1,1,1,2,1,1,1,1,1,2,1,1,1,1,1,1,1,1,1,1,1,1,2,1,5,2,3,2,6,5,6,3,5,1,1,1,1,2,1,1,1,1,1,2,1,1,1,1,1,1,1,2,1,1,1,1,1,5,5,5,1,1,1,1,1,1,2,1,1,2,1,1,1,1,1,1,1,,1,2,1,1,1,1,1,1,1,1,1,"6'3""",205,1,2,1,2,1,1,1,2,1,2,1,1,2,1,1,1,2,1,2,1,1,1,2,1,2,1,1,2,1,1,2,1,1,2,1,1,2,1,1,1,2,1,1,2,1,1,2,1,2,1,1,2,1,1,2,1,1,1,2,1,2,1,1,1,2,1,2,1,1,1,2,1,2,1,1,1,2,1,1,2,1,1,2,1,2,1,1,43,1,0,1,1,1,1,1,1,1,1,1,3,4,1,1,2,1,1,1,2,1,1,1,1,2,1,1,2,1,1,2,2,1,1,2,3,2,2,2,1,3,3,2,1,1,1,4,1,1,1,1,1,1,8,1,1,6,1,2,3,1,1,2,1,7,7,1,1,2,2,1,1,1,2,2,2,2,1,2,2,2,0,3,,,,,,,,,,,,,,,,,,,,,,,,,,,,,,,,,,,,,,,,,,,,,,,,,,,,,,,,,,,,,,,,,,,,,,,,,5,5,5,6,7,6,4,6,5,2,5,4,3,5,3,3,6,3,3,7,3,7,1,1,1,7,7,6,7,7,6,1,6,6,7,4,2,4,2,2,4,4,2,4,4,4,3,5,5,4,5,5,3,3,5,3,5,4,6,1,6,9,8,257,79,80,381,213,88,125,,,,194,92,308,182,39,446,6,2296,,10/29/24 21:53,,,,,,,,,,,,,,,,,,,,,,,,,,79,,,,,,,
1509,,1234,SONA,interview,11/5/24 22:45,1,0,21,21,0,0,0.65,2,,3,1,1,7,7,7,1,7,7,7,5,4,5,5,5,7,7,4,5,5,6,6,7,6,5,7,6,7,5,5,6,3,4,7,7,5,7,1,1,1,1,7,7,7,7,4,6,7,7,7,7,5,2,3,4,7,7,1,5,1,1,1,1,5,1,1,1,1,,,,,,,5,5,4,3,4,5,1,5,1,5,5,8,7,3,4,1,9,2,10,6,1,1,3,5,5,1,1,1,1,3,6,7,4,1,2,5,9,8,10,3,1,2,2,1,1,1,2,1,1,1,1,1,2,2,2,2,2,2,1,2,1,1,1,1,1,1,2,1,2,2,1,2,1,1,2,2,2,2,1,2,2,1,2,1,1,2,2,2,2,2,1,2,1,1,2,2,1,1,1,1,2,2,1,1,2,1,2,1,1,1,1,1,1,1,1,2,1,1,1,1,1,5,1,4,1,3,3,5,4,3,5,4,1,5,1,4,4,5,4,5,5,1,1,4,5,3,5,1,4,4,5,5,5,4,4,5,4,4,5,4,5,1,5,4,1,9,6,6,6,3,3,9,6,6,6,6,6,9,9,4,1,2,2,7,7,7,7,5,7,7,1,1,7,1,7,7,7,7,5,7,7,5,3,79,2,2,1,1,1,1,2,1,1,,1,1,20,,16,1,1,2,1,1,1,1,1,1,1,1,1,2,2,1,1,2,1,1,2,1,1,1,1,1,1,1,1,1,1,1,1,2,1,3,1,1,5,3,1,5,1,7,1,1,1,2,1,1,1,1,1,1,1,1,1,1,2,1,1,1,1,2,1,1,1,1,2,2,2,2,1,1,1,1,1,1,1,1,1,2,1,1,1,1,1,1,,1,1,1,1,2,1,1,1,1,1,1,5'4,120,1,2,1,1,2,1,2,1,1,2,1,1,1,2,1,2,1,1,2,1,1,1,2,1,1,2,1,1,2,1,2,1,1,2,1,1,1,2,1,1,2,1,1,2,1,1,2,1,1,2,1,2,1,1,2,1,1,2,1,1,2,1,1,1,2,1,1,2,1,2,1,1,2,1,1,1,2,1,1,2,1,2,1,1,1,2,1,34,1,0,1,1,1,1,1,4,1,1,1,2,6,1,1,2,1,1,1,2,1,1,3,1,2,5,1,1,1,1,2,1,1,2,1,1,2,1,2,1,5,3,3,1,1,1,2,1,1,1,1,1,1,8,8,1,6,1,5,5,1,1,1,2,8,1,1,1,2,1,2,1,1,2,2,2,2,2,2,2,2,0,2,,,,,,,,,,,,,,,,,,,,,,,,,,,,,,,,,,,,,,,,,,,,,,,,,,,,,,,,,,,,,,,,,,,,,,,,,1,2,1,3,1,3,2,1,7,1,7,1,1,1,1,1,7,1,1,7,4,7,1,1,1,7,7,7,7,7,7,4,5,3,7,7,4,1,1,5,5,4,5,4,4,4,3,1,7,1,1,7,1,1,1,7,7,3,4,1,94,56,9,452,185,118,659,181,106,93,,,,192,77,165,262,34,339,41,2929,,11/5/24 23:36,,,,,,,,,,,,,,,,,,,,,,,,,,30,,,,,,,
1512,,1169,SONA,interview,11/7/24 18:15,1,0,21,21,0,0,0.87,2,,2,1,1,7,7,7,1,6,5,7,5,6,5,5,5,7,6,2,5,3,3,2,5,5,5,5,3,5,6,5,5,3,6,5,6,5,7,2,1,2,2,6,6,3,4,4,5,4,4,4,5,3,6,6,5,7,7,2,5,5,5,6,5,5,4,1,1,1,,,,,,,4,4,4,3,4,4,1,5,4,5,5,7,3,9,6,8,10,2,4,1,4,3,5,4,5,3,1,1,2,5,3,5,2,7,4,6,9,10,8,1,2,2,2,1,2,1,2,1,1,2,1,1,1,2,2,1,2,2,2,2,1,1,1,2,1,1,2,2,2,2,1,1,1,1,2,1,2,2,1,2,1,2,2,2,2,2,2,1,2,2,1,2,2,1,2,2,1,2,1,2,1,2,2,1,2,1,2,1,1,1,1,1,1,1,2,2,1,1,1,1,1,4,4,5,2,3,5,5,2,1,3,3,1,5,3,5,4,5,4,5,3,4,5,4,2,3,3,1,4,3,4,5,5,4,3,5,2,4,4,5,4,2,5,4,4,8,5,7,4,3,3,7,7,5,4,4,6,7,7,8,5,6,3,5,4,3,5,6,6,2,5,1,7,1,7,5,4,5,6,6,7,3,5,80,2,2,1,1,1,1,2,1,1,,1,1,18,,15,1,1,1,2,1,1,1,1,1,1,2,1,1,1,1,1,1,1,1,1,2,1,1,1,1,1,1,1,1,1,1,1,2,1,5,3,4,4,4,5,5,5,6,1,1,1,1,2,1,1,1,1,1,2,1,1,1,1,1,1,1,1,1,2,1,1,1,2,4,3,2,1,1,1,1,1,1,1,1,2,1,1,1,1,1,1,1,,1,1,1,1,1,2,1,1,1,1,1,5'2,155,1,2,1,2,1,1,1,2,1,2,1,1,1,2,1,2,1,1,2,1,1,2,1,1,2,1,1,2,1,1,2,1,1,1,2,1,1,2,1,1,2,1,1,2,1,1,2,1,1,2,1,2,1,1,2,1,1,2,1,1,2,1,1,2,1,1,1,2,1,1,2,1,1,2,1,1,2,1,1,2,1,2,1,1,1,2,1,41,1,0,3,2,1,1,1,2,1,1,1,3,1,1,1,1,1,1,1,1,1,1,2,1,2,1,1,1,1,1,1,1,4,3,2,3,2,1,5,2,7,4,2,1,1,1,3,1,1,1,1,1,1,8,1,1,4,1,1,4,5,1,4,7,1,1,1,1,2,7,1,1,1,2,1,2,2,2,1,2,1,0,3,,,,,,,,,,,,,,,,,,,,,,,,,,,,,,,,,,,,,,,,,,,,,,,,,,,,,,,,,,,,,,,,,,,,,,,,,5,5,3,5,6,6,4,5,3,2,2,6,5,5,5,3,5,2,3,7,4,6,2,1,1,6,6,7,7,7,7,2,5,5,7,6,4,4,4,5,4,3,2,4,3,4,5,4,3,4,5,4,3,3,2,5,5,4,5,1,4,10,2,652,105,85,3849,182,79,193,,,,197,65,113,331,28,362,24,2894,,11/7/24 19:59,,,,,,,,,,,,,,,,,,,,,,,,,,83,,,,,,,
1513,,1231,SONA,interview,11/7/24 18:34,1,0,21,21,1,1,0.98,2,,2,1,1,1,7,6,1,5,5,5,6,6,3,3,6,6,6,3,6,5,6,3,5,5,3,3,3,5,2,5,5,2,5,5,6,5,6,2,2,3,2,5,5,5,6,3,5,5,5,6,5,6,2,2,2,7,7,1,2,1,2,2,2,2,2,2,3,1,,,,,,,3,4,3,3,3,2,1,5,1,3,3,2,4,5,6,8,10,1,9,7,4,1,4,4,4,4,1,1,1,4,6,7,1,2,3,4,9,8,10,5,1,2,1,1,1,1,2,1,1,1,1,1,2,2,2,2,1,2,2,1,1,1,1,2,1,1,1,2,2,1,1,2,1,1,1,1,1,1,1,1,2,1,2,2,2,2,2,1,2,2,1,2,2,1,1,1,1,1,1,2,1,1,2,1,1,1,2,1,1,1,1,1,1,1,1,2,1,2,1,1,1,4,1,4,2,2,4,5,4,2,4,5,1,5,4,4,4,5,2,5,5,1,5,2,2,2,4,1,4,2,4,2,5,4,2,4,4,2,2,2,4,4,5,5,4,9,5,5,4,3,1,5,8,4,4,1,3,5,2,7,8,1,1,5,5,5,6,4,5,1,1,-9,6,1,6,4,2,2,5,5,7,3,1,80,1,2,1,1,1,2,1,1,1,,1,1,18,,,1,1,1,2,1,1,1,1,1,1,1,1,1,2,1,1,1,1,2,1,1,1,1,1,1,1,2,1,1,1,1,1,1,1,2,1,1,6,2,7,6,7,7,1,1,1,2,1,1,1,1,1,1,2,1,1,1,1,1,1,1,1,2,1,1,1,1,5,5,5,1,2,1,1,1,1,1,1,1,1,1,1,1,1,1,2,1,,1,1,1,1,1,2,1,1,1,1,1,5'0,110,2,1,1,2,1,1,1,2,1,1,2,1,1,2,1,2,1,1,2,1,1,1,2,1,2,1,1,1,2,1,2,1,1,1,2,1,2,1,1,1,2,1,2,1,1,1,2,1,2,1,1,2,1,1,2,1,1,2,1,1,2,1,1,1,2,1,1,2,1,1,2,1,2,1,1,1,2,1,1,2,1,1,2,1,2,1,1,27,1,0,8,1,1,1,1,3,2,1,1,2,6,1,2,1,1,1,1,3,1,1,1,2,3,4,1,1,1,1,1,1,6,2,2,4,8,1,3,2,8,6,1,1,1,1,1,1,1,1,1,1,1,8,1,1,2,1,1,1,3,1,3,6,2,1,1,1,1,1,7,-9,2,2,2,2,2,2,2,2,2,,3,1,1,1,2,1,1,5,1,1,5,5,5,5,1,1,5,1,5,3,5,2,7,7,3,1,5,2,3,7,4,6,5,6,5,6,7,7,5,7,2,4,1,2,6,1,1,4,1,4,1,2,7,3,7,4,4,4,1,6,1,3,1,6,1,3,1,2,3,3,6,1,2,,,,,,,,,,,,,,,,,,,,,,,,,,,,,,,,,,,,,,,,,,,,,,,,,,,,,,,,,,,6,1,49,11,7,313,117,106,420,176,67,84,80,177,93,,,,161,23,244,16,2102,,11/7/24 19:10,,,,,,,,,,,,,,,,,,,,,,,,,,,,,,,,,
1514,,1216,SONA,interview,11/7/24 18:36,1,0,21,21,7,7,1.58,2,,3,2,1,7,7,6,1,4,4,5,6,4,4,5,5,6,5,5,6,6,6,5,6,4,5,4,4,5,4,4,3,3,3,7,7,7,7,7,4,4,3,3,3,5,7,5,5,7,7,4,6,5,6,6,6,7,7,2,2,4,2,4,3,3,2,4,6,1,,,,,,,5,4,3,3,2,1,1,3,2,4,7,3,8,1,5,9,4,10,2,6,4,2,2,2,2,2,2,4,2,3,10,2,6,4,1,8,5,7,3,9,2,2,1,2,2,1,2,1,1,1,1,2,1,2,2,1,1,2,2,2,2,1,1,2,1,1,2,2,1,2,1,2,1,2,2,1,2,1,1,1,1,2,1,2,2,2,1,2,2,2,1,2,2,1,1,2,1,1,2,1,1,2,2,1,2,1,2,1,1,1,2,1,1,1,1,2,1,2,1,1,1,5,2,5,2,3,2,2,3,4,4,4,3,4,4,3,4,2,2,3,2,4,1,2,3,3,4,4,4,4,4,5,5,5,4,3,5,3,5,5,5,4,5,5,2,1,6,7,7,5,5,5,8,6,7,3,6,7,7,3,9,5,5,7,7,7,7,7,2,5,2,1,-9,3,6,4,5,3,4,4,5,4,4,81,1,2,1,1,1,2,1,1,1,,1,1,18,,15,1,1,2,1,1,1,1,1,1,1,1,2,1,1,1,1,1,1,1,2,1,1,1,1,1,1,1,1,1,1,1,1,2,1,-9,-9,-9,-9,17,-9,-9,-9,-9,1,1,2,1,1,1,1,1,1,1,2,1,1,1,1,1,1,1,1,2,1,1,1,1,7,7,7,1,2,1,1,1,1,1,1,1,1,1,2,1,1,1,1,1,,1,1,2,1,1,1,1,1,1,1,1,5'1,117,1,2,1,1,2,1,2,1,1,1,2,1,1,2,1,2,1,1,2,1,1,2,1,1,1,2,1,2,1,1,2,1,1,1,2,1,2,1,1,2,1,1,2,1,1,2,1,1,2,1,1,1,2,1,2,1,1,2,1,1,1,2,1,2,1,1,1,2,1,2,1,1,1,2,1,1,2,1,2,1,1,1,2,1,1,2,1,38,2,1,3,1,2,3,1,7,1,1,1,2,1,1,2,2,2,2,1,2,1,1,-9,3,1,8,1,2,9,1,5,1,1,3,2,5,1,3,7,3,3,3,2,1,3,3,3,1,1,1,1,1,1,7,2,1,1,1,1,3,4,1,3,4,2,1,1,1,1,1,-9,4,2,2,1,2,2,2,1,2,2,0,4,1,1,1,1,1,1,1,1,1,5,5,4,4,2,2,4,2,4,4,5,7,7,-9,7,6,6,7,7,6,7,7,7,7,7,7,7,6,5,7,7,7,5,4,7,7,1,7,5,6,2,1,6,2,6,-9,-9,-9,-9,-9,-9,-9,-9,-9,-9,-9,-9,-9,-9,-9,-9,-9,-9,,,,,,,,,,,,,,,,,,,,,,,,,,,,,,,,,,,,,,,,,,,,,,,,,,,,,,,,,,,5,1,2,7,2,283,90,129,418,103,76,98,67,187,4,,,,135,16,118,6,1741,,11/7/24 19:05,,,,,,,,,,,,,,,,,,,,,,,,,,,,,,,,,
1515,,1238,SONA,interview,11/7/24 20:21,1,0,21,21,0,0,1.52,2,,5,6,6,2,1,1,7,5,6,7,3,2,5,2,3,5,6,4,2,5,4,2,3,5,7,7,5,4,6,3,5,3,7,4,4,6,7,4,3,5,4,6,7,2,5,6,4,7,7,5,7,3,6,5,2,,,,,,,,,,,,,,,,,,,,3,2,4,5,3,5,3,2,4,4,10,8,5,4,6,9,7,1,2,3,4,3,3,5,4,3,2,1,4,5,9,8,6,4,5,7,10,1,2,3,1,2,2,2,1,1,1,2,1,1,1,1,1,2,2,1,2,1,2,1,1,1,1,2,1,1,2,2,1,1,1,2,1,2,1,1,2,2,1,2,2,2,1,2,1,1,1,1,1,2,1,1,2,1,1,2,1,1,1,2,2,2,1,1,1,1,1,1,1,1,1,1,1,1,1,1,1,2,1,2,1,4,2,4,2,4,3,2,4,1,3,2,5,3,4,4,5,3,1,2,4,2,4,5,5,3,4,3,3,2,4,4,3,2,2,3,3,4,3,5,2,3,3,4,4,6,5,3,3,5,7,5,6,5,5,3,6,5,8,5,3,6,6,3,6,6,4,5,3,5,4,3,4,4,2,5,3,5,3,7,5,6,4,81,2,1,1,1,1,1,2,1,1,,1,1,18,,8,1,1,1,2,1,1,1,1,1,1,2,1,1,1,1,1,1,1,1,2,1,1,1,2,1,1,1,1,1,1,1,1,1,1,1,3,5,4,4,4,6,1,3,1,1,2,1,1,1,1,1,1,2,1,1,1,1,1,1,1,1,1,2,1,1,1,1,1,3,2,1,2,1,1,1,1,1,1,1,2,1,1,1,1,1,1,1,,1,1,2,1,1,1,1,1,1,1,1,5 foot 10 inches,168,2,1,1,1,2,1,1,2,1,2,1,1,1,2,1,2,1,1,1,2,1,2,1,1,1,2,1,1,2,1,2,1,1,1,2,1,2,1,1,1,2,1,2,1,1,1,2,1,2,1,1,1,2,1,2,1,1,1,2,1,2,1,1,1,2,1,1,2,1,1,2,1,2,1,1,1,2,1,2,1,1,1,2,1,2,1,1,27,1,0,1,2,5,1,2,2,1,1,3,3,1,1,1,2,1,1,1,2,1,1,2,2,1,2,1,2,1,1,2,2,3,1,1,2,2,1,1,2,4,2,2,1,2,2,1,2,1,1,1,1,1,2,2,1,3,2,1,1,1,2,3,2,1,1,1,2,2,3,1,2,1,1,1,2,2,2,1,2,2,0,4,,,,,,,,,,,,,,,,,,,,,,,,,,,,,,,,,,,,,,,,,,,,,,,,,,,,,,,,,,,,,,,,,,,,,,,,,3,4,7,4,5,3,3,4,6,5,4,2,4,5,5,3,5,2,6,3,5,3,4,5,3,2,6,6,5,6,4,2,3,4,2,6,1,2,4,2,5,3,2,4,4,3,3,5,3,4,4,1,4,3,4,2,4,5,3,1,7,12,10,653,139,117,588,204,29,33,,,,59,22,23,193,27,111,6,2233,,11/7/24 20:58,,,,,,,,,,,,,,,,,,,,,,,,,,70,,,,,,,
1516,,1187,SONA,interview,11/9/24 22:57,1,0,21,21,0,0,0.84,2,,5,2,5,3,6,5,3,6,6,5,2,2,2,6,6,6,5,3,6,5,6,3,3,3,6,5,5,4,5,6,5,3,6,6,6,6,5,3,3,5,5,3,3,6,6,2,6,6,6,4,4,3,5,5,5,,,,,,,,,,,,,,,,,,,,5,3,5,2,4,1,2,1,1,5,2,5,3,7,4,9,6,8,10,1,3,2,5,5,5,3,1,1,1,4,5,6,1,3,2,7,8,9,10,4,2,2,2,1,2,1,2,1,1,2,1,1,2,2,2,2,1,2,2,2,1,2,1,2,1,1,1,2,2,2,1,2,1,2,2,1,2,1,1,2,1,2,2,2,2,2,1,1,2,2,1,2,2,1,2,2,1,2,1,2,2,2,2,1,2,1,2,2,1,1,1,1,1,1,1,2,1,1,1,2,1,2,2,5,2,4,4,4,3,4,2,2,1,5,3,3,2,5,1,4,2,5,5,4,4,2,2,1,4,4,2,4,4,4,4,5,2,3,4,4,4,2,2,4,2,7,6,6,4,4,4,3,8,4,4,4,7,8,7,3,7,6,5,5,5,4,5,5,5,3,3,7,7,7,3,7,5,5,4,5,5,3,2,82,2,2,1,1,1,2,2,1,1,,1,2,21,,19,1,1,1,2,1,1,1,1,1,1,2,1,1,2,1,1,2,1,2,1,1,1,1,1,1,1,2,1,1,1,1,1,1,1,3,3,2,5,3,6,4,1,5,1,1,1,1,1,2,1,1,1,1,1,1,1,2,1,1,1,1,1,2,1,1,1,1,7,7,7,1,2,1,1,1,1,1,1,1,1,2,1,1,1,1,1,1,,1,2,1,1,1,1,1,1,1,1,1,5'6,160,2,1,1,2,1,1,1,2,1,2,1,1,2,1,1,2,1,1,2,1,1,1,2,1,2,1,1,2,1,1,1,2,1,1,2,1,2,1,1,1,2,1,2,1,1,1,2,1,2,1,1,2,1,1,2,1,1,2,1,1,2,1,1,1,2,1,1,2,1,2,1,1,2,1,1,1,2,1,1,2,1,1,2,1,2,1,1,44,1,0,4,1,1,1,1,1,1,1,1,2,1,1,2,1,1,2,1,1,1,1,1,1,1,3,1,1,3,1,1,1,1,4,1,5,1,1,4,1,1,1,4,1,2,1,3,1,1,1,1,1,1,8,1,1,1,1,1,3,4,1,3,5,6,1,1,2,1,1,5,1,1,2,2,2,2,2,1,2,2,,4,,,,,,,,,,,,,,,,,,,,,,,,,,,,,,,,,,,,,,,,,,,,,,,,,,,,,,,,,,,,,,,,,,,,,,,,,6,6,6,6,5,6,2,2,5,2,2,2,2,2,6,3,6,1,2,6,7,3,6,4,4,4,4,6,5,6,6,4,3,3,6,5,2,4,4,4,4,2,4,4,3,4,5,5,2,2,5,5,2,3,2,5,5,3,5,1,24,7,6,498,209,168,484,313,91,89,,,,167,45,97,173,57,260,10,2698,,11/9/24 23:42,,,,,,,,,,,,,,,,,,,,,,,,,,72,,,,,,,
1526,,1218,SONA,interview,11/12/24 16:14,1,0,21,21,0,0,0.77,2,,5,5,6,3,4,2,5,5,6,6,3,2,4,7,5,5,6,2,2,2,4,5,4,5,5,5,3,7,2,2,6,5,2,6,4,5,7,1,1,1,1,7,6,5,5,3,3,5,5,2,2,2,6,6,6,,,,,,,,,,,,,,,,,,,,2,2,5,4,3,4,3,3,2,5,7,6,2,4,3,5,8,9,10,1,3,2,5,4,4,4,3,2,1,5,7,6,2,4,3,5,8,9,10,1,2,2,2,1,1,1,2,1,1,1,2,1,1,2,1,2,1,2,2,1,1,2,1,2,1,1,2,2,2,2,1,2,2,2,2,1,2,2,1,2,2,2,2,2,2,1,2,2,1,1,1,2,2,1,2,2,1,2,2,1,2,1,2,1,2,2,2,2,1,2,1,1,2,1,2,2,1,2,1,1,2,4,3,5,1,4,3,5,5,5,5,4,1,5,4,5,5,5,2,4,4,3,4,2,4,3,3,1,5,2,5,2,5,5,4,4,4,2,5,2,4,5,4,4,3,9,9,7,7,7,6,7,9,8,7,8,8,7,8,7,6,6,5,5,6,7,7,6,2,5,5,4,4,5,4,6,5,7,7,7,7,5,5,83,2,1,1,1,1,2,1,1,1,,1,1,18,,18,1,1,1,2,1,1,1,1,1,1,2,1,1,2,1,1,2,1,1,2,1,1,1,1,2,1,1,1,1,1,1,1,1,1,7,2,4,2,6,7,7,7,7,1,2,1,1,1,1,1,1,1,1,1,1,1,2,1,1,1,1,1,2,1,1,1,1,7,7,7,1,2,1,1,1,1,1,1,1,1,2,1,1,1,1,1,1,,1,2,1,1,1,1,1,1,1,1,1,5'8,205,1,2,1,1,2,1,1,2,1,2,1,1,1,2,1,2,1,1,2,1,1,1,2,1,1,2,1,2,1,1,2,1,1,1,2,1,2,1,1,2,1,1,2,1,1,1,2,1,2,1,1,2,1,1,2,1,1,2,1,1,2,1,1,1,2,1,2,1,1,1,2,1,1,2,1,2,1,1,2,1,1,2,1,1,2,1,1,47,4,1,4,1,1,1,1,1,1,1,1,2,3,1,1,1,1,2,1,1,1,1,1,1,1,1,1,2,1,1,1,1,5,1,2,1,5,4,1,1,1,1,2,1,3,1,6,3,1,1,1,1,1,8,2,1,7,1,2,1,1,1,4,3,1,2,1,1,3,4,1,1,2,1,1,2,2,2,2,2,2,0,5,,,,,,,,,,,,,,,,,,,,,,,,,,,,,,,,,,,,,,,,,,,,,,,,,,,,,,,,,,,,,,,,,,,,,,,,,5,3,2,2,2,6,1,3,5,1,2,2,4,3,1,1,1,1,1,7,5,7,1,1,1,5,6,6,6,6,6,5,6,6,7,7,5,2,3,5,4,4,3,3,2,1,3,7,1,6,6,5,5,2,5,4,5,4,4,1,3,7,4,369,117,1667,604,399,71,1472,,,,532,209,359,521,52,365,6,2689,,11/12/24 18:07,,,,,,,,,,,,,,,,,,,,,,,,,,47,,,,,,,
1529,,1229,SONA,interview,11/12/24 22:18,1,0,21,21,0,0,0.95,2,,5,1,5,2,7,7,7,7,7,7,7,3,5,2,1,3,3,5,6,7,7,6,6,6,2,2,5,6,6,2,5,3,7,7,7,7,7,1,1,7,1,7,7,7,5,3,5,5,5,6,6,6,2,1,2,,,,,,,,,,,,,,,,,,,,5,5,4,5,4,5,4,4,5,5,5,4,7,8,6,2,9,10,3,1,4,4,4,5,2,2,1,1,3,5,8,9,5,7,6,3,1,2,4,10,2,2,2,2,2,1,1,2,1,1,1,1,1,1,2,2,2,2,1,1,2,2,2,2,1,1,1,2,2,2,1,2,1,1,2,1,2,2,1,2,2,1,2,2,1,2,2,2,2,2,1,2,1,1,2,2,1,1,1,2,1,1,2,2,2,2,2,2,1,2,1,1,1,1,1,2,1,2,1,1,1,5,2,4,4,4,4,4,4,4,4,4,1,5,4,5,5,5,5,5,5,5,5,4,1,5,5,1,4,4,5,5,5,5,5,5,5,5,5,5,5,5,5,5,5,9,9,9,9,1,1,9,1,9,9,7,9,6,5,1,7,1,3,4,5,5,5,4,5,7,7,7,7,7,7,7,7,7,7,7,7,7,7,83,1,2,1,2,1,1,1,1,1,,1,1,28,,14,1,1,1,1,1,1,1,2,1,1,1,2,1,1,1,1,1,2,1,1,1,1,1,2,1,1,1,1,1,1,1,1,1,1,7,6,2,6,2,1,1,1,1,1,2,1,1,1,1,1,1,1,1,2,1,1,1,1,1,1,1,1,1,1,2,1,1,1,1,1,1,2,1,1,1,1,1,1,1,1,1,1,1,1,2,1,1,,1,2,1,1,1,1,1,1,1,1,1,5'3,106,2,1,1,2,1,1,2,1,1,2,1,1,1,2,1,2,1,1,2,1,1,1,2,1,2,1,1,2,1,1,1,2,1,1,2,1,2,1,1,1,2,1,1,2,1,2,1,1,2,1,1,2,1,1,2,1,1,2,1,1,2,1,1,1,2,1,1,2,1,2,1,1,2,1,1,1,2,1,1,2,1,1,2,1,2,1,1,43,1,0,4,2,2,1,1,1,1,1,1,1,3,1,1,1,2,10,1,2,1,1,1,2,1,4,2,2,1,1,2,2,2,2,1,2,4,4,4,4,1,1,1,1,1,2,2,4,1,1,1,1,1,7,6,1,7,1,1,1,1,3,3,6,6,6,2,5,3,1,1,1,4,2,1,2,2,2,1,2,2,0,4,1,1,1,1,3,3,1,1,1,5,5,5,5,1,5,5,1,1,1,5,5,6,6,5,4,3,6,1,6,7,7,7,7,6,6,7,7,5,7,7,7,2,1,7,5,1,7,1,7,1,5,2,7,7,7,6,2,2,7,5,2,2,6,3,5,5,5,6,6,6,4,4,,,,,,,,,,,,,,,,,,,,,,,,,,,,,,,,,,,,,,,,,,,,,,,,,,,,,,,,,,,2,1,4,10,1142,518,331,505,825,105,53,68,75,193,82,,,,185,33,252,22,2660,,11/12/24 23:32,,,,,,,,,,,,,,,,,,,,,,,,,,,,,,,,,
1530,,1242,SONA,interview,11/13/24 20:38,1,0,21,21,0,0,1.17,2,,2,1,1,7,7,7,1,7,6,5,4,2,3,5,6,7,7,2,1,2,4,7,7,7,3,7,5,6,5,3,7,1,5,7,4,4,7,1,1,1,1,7,7,7,7,1,7,7,7,3,4,6,3,2,3,7,7,1,2,1,1,5,2,5,3,1,2,1,,,,,,,5,4,5,5,5,3,1,5,4,5,4,7,5,6,3,8,10,2,9,1,2,1,2,4,3,1,1,1,1,5,2,6,4,5,3,7,9,10,8,1,1,2,2,2,1,1,2,1,1,1,2,1,2,2,2,2,1,2,1,1,1,1,1,2,1,1,2,1,2,2,1,2,1,1,2,2,2,2,1,2,1,1,2,2,2,2,1,2,1,2,1,2,2,1,2,2,1,1,1,2,1,1,2,1,2,2,2,2,1,1,1,1,1,1,2,2,1,1,1,1,1,5,2,4,1,2,4,4,3,2,4,4,2,5,4,4,4,5,2,5,4,2,5,2,4,1,1,2,2,5,5,2,5,4,3,1,5,2,5,4,4,2,5,5,1,8,6,7,6,1,4,9,6,5,7,5,6,9,9,7,4,3,3,4,5,6,6,6,4,5,6,1,7,7,7,6,5,4,7,7,7,7,7,84,1,2,1,1,1,1,2,1,1,,1,1,18,,9,1,1,2,1,1,1,1,1,1,1,2,1,1,2,1,1,2,1,1,2,1,1,1,1,1,1,1,1,2,1,1,1,1,1,2,1,1,5,3,4,4,5,6,1,1,1,1,2,1,1,1,1,1,1,1,2,1,1,1,1,2,1,1,1,1,1,1,2,2,2,2,1,1,1,1,1,1,1,1,1,1,2,1,1,1,1,1,,1,1,1,1,1,2,1,1,1,1,1,5'3,105,1,2,1,1,2,1,1,2,1,2,1,1,2,1,1,1,2,1,2,1,1,1,2,1,2,1,1,2,1,1,2,1,1,1,2,1,2,1,1,1,2,1,2,1,1,1,2,1,1,2,1,1,2,1,2,1,1,2,1,1,2,1,1,1,2,1,2,1,1,1,2,1,1,2,1,2,1,1,1,2,1,1,2,1,2,1,1,38,1,0,6,3,4,1,1,2,1,1,1,2,12,1,1,1,1,1,1,2,1,1,2,1,2,3,1,1,5,2,1,2,3,4,2,1,1,1,1,3,7,7,1,1,1,1,5,4,1,1,1,1,1,3,1,1,5,1,1,1,7,1,5,6,1,1,1,1,1,5,6,1,1,2,2,2,2,2,1,2,2,0,5,1,1,1,1,1,1,5,1,1,5,5,5,5,1,1,5,1,5,1,6,7,7,7,6,4,6,7,7,7,7,7,7,7,7,5,7,5,7,7,6,7,5,6,6,1,7,6,7,1,6,6,1,1,1,1,7,1,1,3,1,2,1,3,1,1,1,3,5,4,3,1,1,,,,,,,,,,,,,,,,,,,,,,,,,,,,,,,,,,,,,,,,,,,,,,,,,,,,,,,,,,,5,1,3,11,5,815,102,95,449,187,75,70,77,158,73,,,,153,25,312,6,2616,,11/13/24 21:22,,,,,,,,,,,,,,,,,,,,,,,,,,,,,,,,,
1531,,1191,SONA,interview,11/15/24 2:41,1,0,21,21,0,0,1.89,2,,3,4,1,7,7,4,1,7,7,7,4,2,7,7,1,7,4,7,4,5,4,7,7,7,7,4,4,7,1,1,1,1,1,7,7,4,7,1,1,1,1,7,7,7,7,4,4,4,5,7,7,7,1,4,4,7,7,1,1,1,1,1,1,1,1,1,1,1,,,,,,,5,5,5,5,5,5,3,5,5,5,9,8,6,3,5,2,10,4,7,1,5,5,5,5,5,5,5,5,5,5,7,6,8,3,1,10,9,4,5,2,1,2,2,2,2,1,1,2,1,1,1,1,1,2,2,2,1,2,1,1,1,2,1,2,1,1,2,2,2,2,1,1,1,2,2,2,2,2,2,2,2,1,1,2,2,1,1,1,2,1,1,2,2,1,1,1,1,1,1,1,2,2,2,2,2,2,2,2,1,1,1,1,1,1,2,2,1,2,2,1,1,2,1,5,1,5,5,5,3,5,5,5,1,5,1,5,5,5,1,1,5,2,5,2,5,5,5,1,1,1,5,1,5,5,5,5,5,1,5,2,5,5,5,1,5,9,9,9,9,9,9,9,9,9,8,8,9,9,8,1,7,1,5,7,7,7,7,7,1,7,7,7,7,7,7,7,7,7,7,7,7,7,1,84,2,1,1,1,1,2,1,1,1,,1,1,19,,,1,1,1,2,1,1,1,1,1,2,2,1,1,1,1,1,2,1,2,1,1,1,1,1,1,1,1,2,1,1,1,1,1,1,4,1,1,3,5,5,4,7,7,2,1,1,1,1,1,1,1,2,1,1,1,1,1,1,1,1,1,1,1,2,1,1,1,5,5,5,1,1,1,1,1,1,2,1,1,1,1,1,1,1,1,1,2,None,1,1,1,1,1,1,2,1,1,1,1,5'9,160,2,1,1,1,2,1,1,2,1,2,1,1,2,1,1,1,2,1,1,2,1,1,2,1,2,1,1,2,1,1,1,2,1,2,1,1,2,1,1,1,2,1,1,2,1,1,2,1,2,1,1,2,1,1,2,1,1,1,2,1,2,1,1,1,2,1,1,2,1,1,2,1,2,1,1,2,1,1,1,2,1,2,1,1,1,2,1,40,1,0,1,1,12,12,12,1,1,1,1,1,1,1,1,1,1,6,1,3,1,1,5,2,2,1,1,2,1,1,1,1,5,2,2,1,1,1,1,1,1,1,1,1,1,1,4,1,1,1,1,1,1,8,1,1,8,1,8,8,1,1,8,8,8,8,1,1,1,4,1,1,8,1,1,2,2,2,1,1,2,0,3,,,,,,,,,,,,,,,,,,,,,,,,,,,,,,,,,,,,,,,,,,,,,,,,,,,,,,,,,,,,,,,,,,,,,,,,,1,1,1,1,1,1,1,1,1,1,1,1,1,1,1,1,1,1,1,1,1,7,7,1,1,1,7,7,1,1,7,1,7,7,7,7,1,1,5,5,5,3,3,3,3,1,1,1,1,1,1,1,1,1,1,1,1,1,7,1,2,7,3,257,71,40,341,136,52,33,,,,66,27,60,139,33,59,3,1329,,11/15/24 3:03,,,,,,,,,,,,,,,,,,,,,,,,,,30,,,,,,,
1532,,1244,SONA,interview,11/15/24 5:24,1,0,21,21,0,0,1.12,2,,2,1,1,7,1,7,7,5,4,5,6,7,7,7,7,4,5,5,4,3,5,3,5,3,5,4,5,4,2,3,4,6,5,6,6,6,7,2,2,2,2,6,6,4,5,5,2,2,2,4,5,5,2,4,6,7,7,2,5,2,2,3,4,5,3,2,3,1,,,,,,,2,2,4,2,3,4,1,5,4,5,9,10,3,7,6,5,8,2,4,1,4,1,2,5,5,4,1,1,1,4,2,10,6,5,1,4,7,9,8,3,2,2,2,1,2,1,1,1,1,1,2,1,1,2,2,1,1,2,2,1,1,1,1,2,1,1,2,2,2,1,2,1,1,1,2,1,2,2,1,2,1,2,2,2,1,2,2,2,1,2,1,2,2,1,2,2,1,2,1,1,1,1,1,1,1,1,2,2,1,1,1,1,1,1,1,1,1,1,1,1,1,4,1,4,1,3,5,4,5,3,4,3,3,5,4,3,4,4,1,1,2,5,5,1,5,3,3,2,4,2,2,5,5,5,5,5,3,1,4,3,2,2,4,5,1,9,5,5,5,1,1,7,7,5,5,2,5,5,7,5,6,5,5,5,6,6,6,6,5,7,7,1,5,6,7,4,2,3,5,2,7,4,4,85,2,2,1,1,1,2,1,1,1,,2,2,19,,3 years old,1,1,1,2,1,1,1,1,1,1,2,1,1,2,1,1,2,1,2,1,1,1,1,1,2,1,1,1,1,1,1,1,1,1,3,1,1,5,3,2,5,4,4,1,1,2,1,1,1,1,1,1,1,1,2,1,1,1,1,1,2,1,1,1,1,1,1,5,5,5,1,1,1,1,1,1,1,2,1,1,2,1,1,1,1,1,1,,1,1,1,2,1,1,1,1,1,1,1,5'1,110,1,2,1,1,2,1,1,2,1,1,2,1,1,2,1,2,1,1,2,1,1,1,2,1,1,2,1,1,2,1,2,1,1,1,2,1,2,1,1,2,1,1,2,1,1,2,1,1,2,1,1,2,1,1,1,2,1,1,2,1,2,1,1,1,2,1,1,2,1,1,2,1,2,1,1,2,1,1,1,2,1,1,2,1,2,1,1,32,1,0,2,3,1,1,1,1,1,1,3,4,1,1,2,1,1,1,1,1,1,1,2,1,2,1,1,1,4,1,2,2,3,4,1,1,12,3,1,1,3,5,4,1,4,1,1,5,1,1,1,1,1,8,1,1,6,1,1,1,2,1,1,1,1,1,1,1,1,1,1,1,1,1,1,2,2,2,2,2,2,0,4,,,,,,,,,,,,,,,,,,,,,,,,,,,,,,,,,,,,,,,,,,,,,,,,,,,,,,,,,,,,,,,,,,,,,,,,,4,3,3,7,2,2,2,3,6,2,6,3,6,2,7,2,5,2,5,5,4,3,5,3,3,3,3,5,5,6,6,5,3,2,5,5,3,3,3,4,4,3,3,3,3,3,3,3,4,4,4,4,4,4,4,5,7,3,3,1,7,23,7,494,449,112,383,130,52,91,,,,178,15,128,144,22,164,8,2070,,11/15/24 6:04,,,,,,,,,,,,,,,,,,,,,,,,,,59,,,,,,,
1534,,1167,SONA,interview,11/19/24 2:07,1,0,21,21,0,0,1.46,2,,5,5,4,3,6,3,3,6,6,6,3,3,6,3,4,4,3,6,6,5,4,3,4,6,4,5,4,5,4,4,5,5,4,6,6,6,6,2,2,2,2,6,6,6,6,2,6,6,6,6,6,6,2,2,2,,,,,,,,,,,,,,,,,,,,5,5,5,5,5,5,3,3,5,5,4,6,3,5,8,7,9,10,2,1,5,5,5,5,5,5,2,2,5,5,4,7,8,6,3,5,2,1,9,10,2,2,2,1,2,1,1,2,1,1,1,1,1,2,2,2,1,2,2,2,1,1,1,2,1,1,1,1,1,2,1,2,1,2,2,2,2,2,1,2,1,2,2,2,2,2,2,1,2,2,1,2,2,1,2,2,1,2,2,2,2,2,2,1,2,1,2,2,1,1,1,1,1,1,2,1,1,2,1,2,1,4,3,4,2,3,3,3,3,3,3,2,2,5,4,4,4,4,3,4,4,4,4,3,3,3,3,3,4,4,4,4,4,3,3,3,3,4,4,4,4,4,4,2,4,7,7,7,7,7,7,7,7,7,7,7,7,7,7,2,4,7,4,5,5,4,6,5,4,4,5,5,4,5,5,6,5,4,5,5,5,4,3,86,1,1,1,1,1,1,2,1,1,,1,1,19,,15,1,1,1,2,1,1,1,1,1,2,1,1,1,1,1,1,1,1,2,1,1,1,1,1,1,1,1,1,1,1,1,1,2,1,5,5,5,3,5,5,5,3,5,1,1,1,2,1,1,1,1,1,1,1,2,1,1,1,1,1,1,1,1,2,1,1,1,5,5,5,1,1,1,1,1,1,1,2,1,2,1,1,1,1,1,1,1,,1,2,1,1,1,1,1,1,1,1,1,6'0,175 lbs,1,2,1,1,2,1,1,2,1,1,2,1,1,2,1,2,1,1,1,2,1,2,1,1,1,2,1,2,1,1,2,1,1,1,2,1,2,1,1,2,1,1,1,2,1,1,2,1,2,1,1,2,1,1,2,1,1,2,1,1,2,1,1,1,2,1,1,2,1,1,2,1,2,1,1,2,1,1,1,2,1,1,2,1,1,2,1,44,3,1,3,1,1,2,1,1,1,1,1,3,1,1,1,2,1,1,1,2,1,1,1,1,1,5,1,2,3,2,3,3,1,3,4,3,4,1,5,2,3,3,2,1,1,1,2,2,1,1,1,1,1,7,1,1,6,1,4,6,3,1,7,3,8,1,1,1,1,1,1,1,1,2,2,2,2,2,2,2,2,0,4,3,3,3,3,3,3,3,3,3,2,4,4,4,2,2,4,2,4,2,5,5,5,5,4,4,4,5,5,5,4,6,4,4,6,4,5,5,5,2,6,6,5,6,6,6,5,5,6,6,5,4,5,6,6,6,6,6,6,6,5,5,5,6,6,7,6,5,5,5,6,6,5,,,,,,,,,,,,,,,,,,,,,,,,,,,,,,,,,,,,,,,,,,,,,,,,,,,,,,,,,,,4,2,17,10,8,309,119,161,478,76,59,30,100,129,29,,,,137,18,89,8,1777,,11/19/24 2:37,,,,,,,,,,,,,,,,,,,,,,,,,,,,,,,,,
1535,,1144,SONA,interview,11/19/24 17:35,1,0,21,21,1,0,0.92,2,,2,1,1,1,1,1,1,5,6,5,3,2,4,5,6,7,6,2,3,2,1,6,7,7,4,3,4,7,6,5,6,3,4,6,4,3,7,1,1,1,1,7,7,4,4,5,2,4,4,5,6,4,2,5,5,7,7,1,1,1,1,5,1,6,1,1,1,1,,,,,,,3,2,5,4,3,2,1,5,4,5,7,6,2,4,8,9,10,1,5,3,4,1,5,3,5,1,1,1,2,4,4,8,1,5,2,6,10,9,7,3,1,2,2,2,2,1,2,1,1,2,2,1,1,2,2,2,1,2,1,2,1,1,1,2,1,1,2,1,2,2,2,2,2,1,2,1,2,2,1,2,1,1,1,2,2,2,2,2,2,2,1,2,2,1,2,2,1,2,1,2,1,1,2,1,2,2,2,2,1,1,1,1,1,1,1,2,1,1,1,2,1,5,3,5,1,4,2,4,5,5,5,5,1,5,2,3,5,5,5,2,4,2,4,3,4,4,5,1,5,3,4,2,5,3,5,3,4,2,5,1,5,3,4,5,5,8,8,7,6,5,6,9,8,8,8,6,7,7,8,1,5,3,6,5,5,6,7,7,3,7,7,-9,7,7,-9,7,4,5,6,6,6,6,7,86,2,1,1,1,1,1,2,1,1,,1,1,19,,9,1,1,2,1,1,1,1,1,1,1,2,1,1,2,1,1,2,1,1,2,1,1,1,1,1,1,1,1,1,1,1,1,2,1,7,5,3,1,7,5,3,7,6,2,1,1,1,1,1,1,1,1,1,2,1,1,1,1,1,1,1,1,2,1,1,1,1,2,2,1,2,1,1,1,1,1,1,1,1,2,1,1,1,1,1,1,1,,1,1,1,1,2,1,1,1,1,1,1,"6'0""",165lbs,1,2,1,1,2,1,1,2,1,2,1,1,2,1,1,1,2,1,2,1,1,1,2,1,2,1,1,2,1,1,2,1,1,2,1,1,2,1,1,1,2,1,2,1,1,1,2,1,1,2,1,1,2,1,2,1,1,2,1,1,2,1,1,1,2,1,1,2,1,1,2,1,2,1,1,2,1,1,1,2,1,2,1,1,2,1,1,43,1,0,4,1,1,1,1,2,1,1,3,1,2,1,1,1,1,1,1,2,1,1,2,1,2,1,1,1,1,1,1,2,1,1,2,5,12,3,4,2,2,12,1,1,2,1,3,2,1,1,1,1,1,3,1,1,3,1,1,1,5,1,5,6,4,1,1,1,6,1,1,1,1,2,2,2,2,2,2,2,1,0,3,,,,,,,,,,,,,,,,,,,,,,,,,,,,,,,,,,,,,,,,,,,,,,,,,,,,,,,,,,,,,,,,,,,,,,,,,2,1,1,4,1,1,1,1,7,1,6,1,1,1,1,1,1,1,1,7,2,7,1,1,1,7,7,7,7,7,7,1,7,6,7,7,3,2,4,5,3,2,1,3,3,2,6,5,4,5,2,1,6,1,5,3,4,5,4,1,7,15,14,283,129,110,427,129,76,121,,,,184,53,91,163,30,268,22,2122,,11/19/24 18:10,,,,,,,,,,,,,,,,,,,,,,,,,,23,,,,,,,
1536,,1247,SONA,interview,11/19/24 20:13,1,0,21,21,0,0,0.78,2,,3,4,4,1,6,5,4,5,5,4,4,5,2,4,4,6,2,6,5,3,3,7,5,6,2,2,2,5,4,2,5,3,3,6,6,6,7,2,1,1,1,7,7,7,7,2,7,7,7,7,6,5,2,4,4,7,7,2,6,2,2,5,2,6,2,3,5,1,,,,,,,5,4,4,4,3,3,3,4,5,5,2,9,4,8,7,6,10,5,3,1,1,1,5,5,5,5,1,1,1,5,6,7,1,3,5,4,9,10,8,2,2,2,2,1,1,1,2,1,1,1,2,1,2,2,2,2,1,2,1,2,1,1,1,2,1,1,2,2,2,2,1,2,1,1,2,2,2,1,1,2,2,2,2,2,1,2,1,1,2,2,1,2,1,1,2,2,1,2,1,1,2,2,2,1,2,1,2,2,1,1,1,1,1,1,2,2,1,1,1,1,1,3,4,4,4,5,4,4,5,2,4,2,2,4,4,4,3,4,4,5,5,5,5,5,3,3,3,4,4,5,2,5,4,4,4,4,3,3,4,5,4,2,4,5,3,9,4,9,6,5,5,9,7,4,9,5,3,9,7,7,4,4,1,7,6,6,5,6,4,7,7,4,7,7,7,6,6,7,6,5,7,6,6,87,1,2,1,1,1,1,2,1,1,,1,1,18,,4,1,1,2,1,1,1,1,1,1,1,2,1,1,1,1,1,1,1,1,2,1,1,1,1,1,1,1,1,1,1,1,1,2,1,5,5,4,4,4,5,3,1,3,1,1,2,1,1,1,1,1,1,1,2,1,1,1,1,1,1,1,1,2,1,1,1,1,3,3,3,2,1,1,1,1,1,1,1,1,1,1,1,1,1,1,1,2,Christain,1,1,1,1,1,2,1,1,1,1,1,5'2,120,1,2,1,1,2,1,2,1,1,2,1,1,1,2,1,2,1,1,2,1,1,2,1,1,2,1,1,1,2,1,2,1,1,1,2,1,2,1,1,1,2,1,2,1,1,1,2,1,2,1,1,1,2,1,1,2,1,2,1,1,1,2,1,1,2,1,1,2,1,1,2,1,1,2,1,1,2,1,2,1,1,2,1,1,2,1,1,40,2,1,7,1,1,1,1,1,1,1,12,5,3,1,1,2,1,1,1,2,1,1,1,1,2,2,1,1,12,5,1,1,1,7,1,3,1,1,12,1,4,1,1,1,1,1,1,1,1,1,1,1,1,8,1,1,5,1,-9,5,3,1,5,6,8,1,1,1,3,2,8,1,1,1,2,2,2,2,1,2,2,0,6,1,1,1,1,1,1,4,1,1,5,5,5,5,1,1,5,2,5,3,6,7,7,6,2,6,5,7,7,5,5,7,3,7,7,7,7,7,4,7,7,7,7,2,6,1,3,4,5,7,7,3,1,1,2,3,5,3,3,7,6,2,4,6,2,4,5,2,5,3,2,6,1,,,,,,,,,,,,,,,,,,,,,,,,,,,,,,,,,,,,,,,,,,,,,,,,,,,,,,,,,,,5,1,13,8,9,390,134,97,363,221,481,247,281,255,199,,,,186,22,235,15,2752,,11/19/24 21:06,,,,,,,,,,,,,,,,,,,,,,,,,,,,,,,,,
1537,,1248,SONA,interview,11/19/24 21:52,1,0,21,21,1,1,2.12,2,,3,6,6,6,6,2,2,6,6,2,2,2,6,6,2,2,2,2,2,2,2,2,6,6,6,6,6,2,2,2,2,2,2,2,2,2,2,2,2,2,6,6,6,6,6,6,6,6,6,6,6,6,6,6,6,2,6,6,6,6,2,6,2,2,6,6,6,6,,,,,,,5,5,5,5,5,5,5,5,5,5,3,1,6,7,10,4,5,9,2,8,5,1,5,1,1,1,5,1,1,5,3,7,9,1,2,6,4,5,8,10,1,1,1,1,1,1,1,1,1,1,1,1,1,1,1,1,1,1,1,1,1,1,1,1,1,1,1,1,1,1,1,1,2,2,2,2,2,2,1,1,1,1,1,1,1,1,1,1,1,1,1,1,1,1,1,1,1,1,1,1,1,1,1,1,1,1,1,1,1,1,1,1,1,1,1,1,1,1,1,1,1,2,3,3,3,5,4,3,2,3,4,3,2,2,3,4,3,2,1,2,3,4,3,2,1,2,3,4,5,5,5,5,5,4,3,2,1,2,3,5,4,3,2,1,2,6,6,6,5,5,4,3,3,4,5,4,4,3,3,4,5,6,6,4,4,3,3,3,4,4,5,4,4,3,3,3,3,3,4,4,4,4,5,87,2,1,1,1,2,1,1,1,1,,1,1,18,,,1,1,2,1,1,1,1,1,1,1,1,2,1,1,1,1,1,1,1,2,1,1,1,1,1,1,1,2,1,1,1,1,1,1,3,3,3,4,4,5,5,5,5,1,1,1,1,1,1,2,1,1,1,1,1,1,1,2,1,1,1,1,1,2,1,1,1,1,3,4,1,1,1,2,1,1,1,1,1,2,1,1,1,1,1,1,1,,1,2,1,1,1,1,1,1,1,1,1,6'3,210,1,2,1,1,2,1,1,2,1,2,1,1,1,2,1,2,1,1,2,1,1,1,2,1,1,2,1,1,2,1,1,2,1,2,1,1,2,1,1,1,2,1,1,2,1,1,2,1,2,1,1,1,2,1,1,2,1,2,1,1,2,1,1,1,2,1,1,2,1,1,2,1,2,1,1,2,1,1,2,1,1,2,1,1,1,2,1,6,3,1,8,8,8,8,9,9,9,5,5,6,7,8,6,5,5,5,7,8,7,7,7,7,7,7,7,7,6,5,6,7,8,9,5,5,5,6,6,-9,6,9,5,5,9,5,5,5,7,7,7,7,7,3,3,3,4,4,6,4,6,6,6,6,6,6,6,5,5,5,5,6,6,1,2,2,2,1,2,1,2,,3,,,,,,,,,,,,,,,,,,,,,,,,,,,,,,,,,,,,,,,,,,,,,,,,,,,,,,,,,,,,,,,,,,,,,,,,,2,3,4,5,5,5,5,5,4,3,2,3,3,4,5,4,3,2,1,2,3,4,3,2,1,2,3,4,3,2,2,2,2,-9,3,3,1,1,1,1,2,3,3,3,3,3,4,5,4,5,4,4,5,4,4,3,2,1,6,1,56,15,2,280,42,47,120,63,29,35,,,,122,17,21,109,15,48,5,977,,11/19/24 22:09,,,,,,,,,,,,,,,,,,,,,,,,,,71,,,,,,,
1538,,1235,SONA,interview,11/20/24 5:44,1,0,21,21,1,1,0.61,2,,5,2,4,3,5,3,2,3,2,2,4,4,4,6,3,5,3,2,4,2,4,5,3,5,5,4,2,2,6,2,3,5,6,3,5,4,5,2,3,2,5,5,6,2,4,4,5,4,4,2,2,5,2,4,6,,,,,,,,,,,,,,,,,,,,3,3,4,3,4,3,3,1,1,4,5,4,2,8,1,6,7,9,10,3,1,1,5,4,5,1,4,2,1,4,8,7,2,4,1,9,5,6,10,3,1,2,1,1,2,1,1,2,1,1,1,1,1,2,2,2,1,2,2,1,1,1,1,1,1,1,1,1,1,2,1,2,2,1,2,2,2,1,1,2,1,2,2,1,1,2,2,1,1,2,1,1,1,1,2,2,1,2,1,1,1,1,2,1,1,2,2,2,1,1,1,1,1,1,1,2,1,1,2,2,1,4,2,3,2,3,4,1,2,3,4,3,2,4,4,3,1,4,3,3,4,3,4,5,3,2,3,3,4,2,4,3,2,2,3,3,1,5,1,5,5,1,2,4,1,5,7,4,3,6,2,5,3,5,5,5,5,4,3,6,3,5,7,4,6,5,5,3,6,1,7,-9,-9,7,-9,5,6,2,3,4,3,1,1,88,1,1,1,1,1,1,2,1,1,,1,1,19,,7,1,1,1,2,1,1,1,1,1,1,1,1,1,2,1,1,1,1,1,2,1,1,1,1,1,1,1,1,1,1,1,1,2,1,4,2,2,6,2,5,6,1,7,2,1,1,1,1,1,1,1,1,2,1,1,1,1,1,1,1,2,1,1,1,1,1,1,3,3,3,1,1,2,1,1,1,1,1,1,1,2,1,1,1,1,1,1,,1,2,1,1,1,1,1,1,1,1,1,"6,3",210,1,2,1,1,2,1,1,2,1,2,1,1,2,1,1,2,1,1,2,1,1,1,2,1,1,2,1,2,1,1,2,1,1,2,1,1,2,1,1,2,1,1,2,1,1,1,2,1,2,1,1,1,2,1,2,1,1,2,1,1,1,2,1,1,2,1,1,2,1,1,2,1,1,2,1,2,1,1,1,2,1,2,1,1,1,2,1,30,1,0,1,1,1,1,1,1,1,1,1,6,2,1,1,1,1,1,1,1,1,1,1,1,1,1,1,1,1,1,1,1,1,1,1,1,1,1,1,1,1,1,1,1,1,1,1,1,1,1,1,1,1,7,1,1,5,1,1,1,1,1,2,6,5,1,1,1,1,1,1,1,1,1,2,2,2,2,2,2,2,n/a,4,2,3,2,3,3,4,3,3,2,3,4,5,3,2,1,4,2,5,3,6,2,5,7,3,5,6,1,4,7,1,5,7,2,4,6,6,1,4,3,6,5,2,1,7,6,2,2,2,4,1,3,6,4,6,4,2,3,1,6,4,4,2,4,1,3,1,6,2,2,5,-9,4,,,,,,,,,,,,,,,,,,,,,,,,,,,,,,,,,,,,,,,,,,,,,,,,,,,,,,,,,,,6,1,110,12,32,445,273,162,470,279,131,119,160,328,124,,,,284,40,343,26,3206,,11/20/24 6:40,,,,,,,,,,,,,,,,,,,,,,,,,,,,,,,,,
1540,,1246,SONA,interview,11/20/24 21:05,1,0,21,21,0,0,0.83,2,,3,2,2,6,6,3,1,5,6,6,2,2,4,4,4,5,5,5,3,4,3,4,6,6,4,3,5,6,3,3,4,3,3,5,5,5,6,5,4,3,4,5,3,5,5,3,6,6,6,5,4,3,5,6,6,7,7,2,5,2,4,7,4,7,2,2,2,1,,,,,,,2,1,4,3,3,3,1,4,1,2,6,8,3,1,7,5,9,2,10,4,2,1,4,5,5,3,5,5,1,3,7,6,1,3,2,5,4,9,10,8,1,2,2,1,2,1,2,2,1,1,1,1,1,2,2,2,1,2,2,2,1,1,1,2,1,1,2,2,2,2,2,2,2,1,2,2,1,2,1,2,2,2,2,2,2,2,2,2,2,2,1,2,2,1,2,2,1,2,2,2,2,2,2,2,2,2,2,1,1,2,1,1,1,1,2,2,1,1,1,1,1,5,3,4,2,3,2,2,4,3,4,4,4,4,4,4,4,2,3,5,3,2,5,3,2,2,5,4,3,5,2,2,4,4,2,2,5,4,3,4,4,2,4,4,2,7,8,6,7,3,6,3,8,8,6,5,8,8,8,6,4,5,5,5,3,3,4,3,2,5,1,4,6,7,3,2,2,4,5,4,5,5,2,88,2,2,1,1,1,1,2,1,1,,1,1,20,,5,1,1,1,1,2,1,1,1,1,1,2,1,1,2,1,1,2,1,1,2,1,1,1,1,1,1,1,1,1,1,1,1,2,1,2,2,1,5,3,5,3,2,4,1,1,1,1,2,1,1,1,1,1,1,1,2,1,1,1,1,1,1,2,1,1,1,1,3,3,2,2,1,1,1,1,1,1,1,1,1,1,2,1,1,1,1,1,,1,1,1,1,1,2,1,1,1,1,1,5'5,150,1,2,1,1,2,1,1,2,1,1,2,1,2,1,1,1,2,1,2,1,1,1,2,1,1,2,1,1,2,1,1,2,1,1,2,1,1,2,1,2,1,1,1,2,1,2,1,1,1,2,1,2,1,1,2,1,1,2,1,1,2,1,1,1,2,1,2,1,1,1,2,1,1,2,1,1,2,1,1,2,1,1,2,1,2,1,1,50,1,0,4,1,2,2,1,1,2,1,1,3,2,1,1,1,1,1,1,2,1,1,2,1,1,3,1,1,6,2,1,1,1,1,1,3,3,5,2,1,2,2,1,1,1,1,3,1,1,1,1,1,1,8,2,1,7,1,3,1,2,1,3,7,8,4,1,1,1,2,1,1,1,1,1,2,2,2,2,2,2,,4,,,,,,,,,,,,,,,,,,,,,,,,,,,,,,,,,,,,,,,,,,,,,,,,,,,,,,,,,,,,,,,,,,,,,,,,,3,4,4,4,6,5,5,4,3,2,5,5,3,6,2,4,2,4,4,5,2,4,1,1,1,3,2,5,5,6,5,5,5,3,7,4,4,3,2,3,4,3,2,3,4,3,6,5,3,3,5,5,4,5,4,4,3,5,5,1,4,135,2,630,160,103,1006,194,52,172,,,,603,53,133,253,33,286,18,2717,,11/20/24 22:09,,,,,,,,,,,,,,,,,,,,,,,,,,71,,,,,,,
1541,,1252,SONA,interview,11/21/24 16:12,1,0,21,21,0,0,1.22,2,,3,1,1,5,5,5,1,4,4,4,5,5,5,4,4,6,7,1,5,4,4,6,4,7,4,7,7,5,4,7,7,4,6,4,4,4,7,1,1,1,1,7,7,4,4,4,4,4,4,4,4,4,5,5,4,7,7,5,6,6,6,6,5,6,3,1,1,1,,,,,,,3,3,5,5,5,5,1,5,4,5,8,9,2,5,6,7,10,1,4,3,3,3,5,5,5,5,1,5,5,5,9,8,3,4,6,7,10,1,5,2,2,2,2,1,2,1,2,1,1,1,1,1,2,2,2,2,1,2,1,2,1,1,1,2,1,1,1,1,1,1,1,2,1,1,2,1,2,2,1,2,1,2,2,2,2,1,1,2,2,2,1,2,2,1,1,2,1,1,1,2,2,2,1,1,2,1,2,1,1,1,1,1,1,1,2,2,1,1,1,2,1,5,3,4,4,3,3,4,3,2,2,5,2,5,3,2,2,2,3,4,3,3,4,3,2,3,3,3,3,4,3,1,3,3,3,4,5,3,5,5,3,3,5,5,1,9,6,7,5,2,5,9,6,6,5,5,7,8,8,5,6,5,7,4,4,4,5,5,4,7,7,1,7,1,4,4,4,4,6,6,6,4,1,89,1,2,1,1,1,1,2,1,1,,1,1,18,,16,1,1,2,1,1,1,1,1,1,1,1,1,1,2,1,1,1,1,1,2,1,1,1,1,1,1,1,1,1,1,1,1,2,1,3,4,4,6,2,1,2,3,4,2,1,1,1,1,1,1,1,2,1,1,1,1,1,1,1,1,1,1,2,1,1,1,1,5,5,5,1,1,1,1,1,1,1,2,1,2,1,1,1,1,1,1,1,,1,1,1,1,1,1,2,1,1,1,1,5'9,131,1,2,1,1,2,1,2,1,1,2,1,1,1,2,1,1,2,1,2,1,1,1,2,1,2,1,1,1,2,1,1,2,1,2,1,1,2,1,1,2,1,1,2,1,1,1,2,1,1,2,1,2,1,1,2,1,1,1,2,1,2,1,1,1,2,1,1,2,1,1,2,1,1,2,1,2,1,1,1,2,1,1,2,1,2,1,1,35,2,1,6,6,1,3,1,1,1,1,1,2,3,1,1,2,1,1,1,2,1,1,1,1,1,1,1,1,4,1,1,1,6,3,1,2,12,2,2,2,9,9,2,1,2,1,1,1,1,1,1,1,1,8,1,1,6,1,6,1,2,1,1,1,8,1,1,1,1,2,1,1,1,2,1,2,2,2,1,2,2,0,2,1,1,1,1,1,1,1,1,1,1,5,5,5,1,1,5,1,5,1,7,7,7,7,1,1,1,3,5,4,7,5,3,5,7,6,7,7,7,5,5,4,6,6,7,4,4,2,5,1,4,6,1,1,3,4,5,1,1,5,4,1,4,2,1,5,4,4,5,5,4,1,1,,,,,,,,,,,,,,,,,,,,,,,,,,,,,,,,,,,,,,,,,,,,,,,,,,,,,,,,,,,6,1,3,9,3,363,113,74,382,144,69,844,109,183,108,,,,164,18,113,8,1972,,11/21/24 16:57,,,,,,,,,,,,,,,,,,,,,,,,,,,,,,,,,
1542,,1178,SONA,interview,11/21/24 16:28,1,0,21,21,1,0,0.25,2,,2,2,2,6,6,6,2,4,3,4,3,5,1,2,6,5,2,5,3,2,5,4,6,5,3,3,5,6,3,2,6,2,2,6,6,5,6,6,2,2,1,5,5,7,7,1,5,7,7,6,5,5,2,3,5,7,7,5,5,5,4,5,5,4,4,6,5,1,,,,,,,5,5,5,3,3,1,1,5,4,5,5,4,1,7,8,9,10,3,6,2,2,2,5,5,5,4,2,5,4,4,10,7,3,1,2,8,9,6,5,4,1,2,2,2,1,1,1,1,1,1,1,1,1,2,1,1,2,2,1,1,1,1,1,2,1,1,1,1,1,2,1,1,1,2,2,2,2,2,1,2,2,2,2,2,2,2,2,1,2,1,1,2,1,1,2,2,1,1,1,2,2,2,2,1,2,1,2,1,1,1,1,1,1,1,2,1,1,2,1,1,1,4,4,5,2,4,4,5,4,2,4,2,1,4,4,4,4,4,4,4,4,4,4,4,2,3,5,4,4,5,5,4,5,5,4,4,4,2,4,4,4,4,4,5,5,6,7,8,3,5,2,5,8,5,5,5,7,9,7,5,4,8,7,5,7,7,6,5,4,2,2,-9,7,7,7,3,5,4,7,7,7,2,5,89,2,2,1,1,1,2,1,1,1,,1,1,18,,12,1,1,1,2,1,1,1,1,1,1,2,1,1,1,1,1,1,1,1,2,1,1,1,1,1,1,1,1,2,1,1,1,1,1,7,4,7,4,4,3,2,5,7,1,1,1,2,1,1,1,1,1,1,1,2,1,1,1,1,2,1,1,1,1,1,1,1,6,7,4,1,2,1,1,1,1,1,1,1,2,1,1,1,1,1,1,1,,1,1,1,1,1,1,2,1,1,1,1,5'7,220,1,2,1,1,2,1,1,2,1,1,2,1,1,2,1,1,2,1,2,1,1,1,2,1,1,2,1,1,2,1,2,1,1,2,1,1,1,2,1,2,1,1,2,1,1,1,2,1,1,2,1,2,1,1,2,1,1,2,1,1,1,2,1,2,1,1,2,1,1,1,2,1,2,1,1,2,1,1,1,2,1,2,1,1,2,1,1,33,1,0,6,2,1,1,1,1,1,1,1,2,1,1,1,1,1,1,1,2,1,1,1,2,1,1,1,3,5,2,2,1,3,6,4,1,4,1,6,1,4,6,1,1,1,2,4,1,1,1,1,1,1,4,6,1,4,1,6,6,4,1,4,4,1,1,-9,1,4,4,1,1,4,1,2,2,2,2,2,2,2,0,3,,,,,,,,,,,,,,,,,,,,,,,,,,,,,,,,,,,,,,,,,,,,,,,,,,,,,,,,,,,,,,,,,,,,,,,,,5,2,2,6,6,3,2,4,7,2,2,1,2,1,1,4,3,5,5,5,5,7,2,3,4,6,6,7,7,7,7,2,5,7,5,4,5,3,3,4,3,2,4,1,2,1,7,7,7,5,3,7,2,6,2,5,6,1,5,1,39,24,23,758,190,114,34931,3433,73541,1896,,,,3942,93,508,12845,63,68537,68,2789,,11/24/24 0:18,,,,,,,,,,,,,,,,,,,,,,,,,,56,,,,,,,
1543,,1253,SONA,interview,11/21/24 17:12,1,0,21,21,0,0,0.71,2,,5,3,4,5,7,5,1,4,6,5,4,2,1,4,6,2,4,6,5,4,6,4,6,6,2,1,2,1,1,1,4,7,1,1,7,7,6,1,1,1,1,7,7,2,4,4,1,2,6,1,1,1,6,6,4,,,,,,,,,,,,,,,,,,,,3,3,4,3,3,3,2,5,5,4,4,5,1,9,10,6,7,3,8,2,3,3,5,2,2,2,3,4,4,5,3,5,1,9,10,8,6,4,7,2,1,2,2,1,1,1,1,1,1,1,1,1,1,2,1,1,1,2,1,1,2,1,1,2,1,1,2,2,2,2,1,2,2,1,2,2,1,1,1,2,2,1,2,1,1,1,2,1,1,1,1,1,1,1,2,2,1,1,1,2,1,1,2,1,2,1,2,1,1,1,1,1,1,1,1,2,1,1,1,1,1,4,4,5,1,3,4,4,4,5,4,4,2,5,3,4,4,4,2,2,3,3,5,2,4,2,5,3,2,3,4,2,4,5,4,4,4,4,4,2,3,1,3,3,2,9,8,8,5,3,6,8,9,8,6,8,3,7,7,2,7,2,3,7,6,5,6,6,3,6,6,1,1,7,7,6,5,5,7,6,7,5,7,90,1,2,1,1,2,1,1,1,1,,1,1,18,,10,1,1,1,2,1,1,1,1,1,1,2,1,1,2,1,1,2,2,1,1,1,1,1,1,1,2,1,1,1,1,1,1,1,1,5,2,2,6,2,7,6,5,6,1,2,1,1,1,1,1,1,1,2,1,1,1,1,1,1,1,1,1,1,2,1,1,1,5,5,5,1,1,1,1,1,1,1,2,1,2,1,1,1,1,1,1,1,,1,2,1,1,1,1,1,1,1,1,1,5'6,155,1,2,1,1,2,1,1,2,1,1,2,1,1,2,1,1,2,1,2,1,1,1,2,1,1,2,1,1,2,1,2,1,1,1,2,1,2,1,1,1,2,1,2,1,1,1,2,1,1,2,1,2,1,1,2,1,1,2,1,1,2,1,1,1,2,1,1,2,1,1,2,1,1,2,1,1,2,1,2,1,1,2,1,1,2,1,1,25,1,0,3,1,1,1,1,1,1,1,1,2,1,1,1,1,1,1,1,1,1,1,2,2,2,1,1,1,1,4,1,1,1,1,1,2,4,1,1,1,1,1,2,1,1,1,2,1,1,1,1,1,1,8,1,1,6,1,1,1,3,1,5,7,1,1,1,1,1,1,1,1,1,1,2,2,2,2,2,2,2,0,4,1,1,1,1,1,1,5,1,1,5,5,5,5,1,1,5,1,5,3,2,6,7,7,3,2,2,6,1,1,3,2,4,2,1,4,1,6,3,2,3,5,2,2,6,7,3,5,3,6,2,5,6,5,6,2,5,3,5,6,4,2,2,4,4,2,5,2,6,4,4,5,2,,,,,,,,,,,,,,,,,,,,,,,,,,,,,,,,,,,,,,,,,,,,,,,,,,,,,,,,,,,5,1,21,5,5,316,258,533,2167,202,121,104,103,5179,224,,,,214,21,331,25,2730,,11/21/24 19:55,,,,,,,,,,,,,,,,,,,,,,,,,,,,,,,,,
1544,,1254,SONA,interview,11/21/24 17:22,1,0,21,21,1,1,0.78,2,,5,1,4,4,7,7,3,4,7,7,4,1,4,7,3,2,4,1,7,7,7,2,6,5,4,1,1,6,3,1,1,7,1,7,7,7,7,1,1,1,1,7,7,6,6,6,6,4,6,6,7,6,1,1,1,,,,,,,,,,,,,,,,,,,,5,5,3,4,1,5,1,5,5,5,3,4,6,7,10,1,9,8,5,2,5,5,5,5,5,5,5,5,1,5,6,5,2,3,4,7,8,9,10,1,1,2,2,2,1,1,1,1,1,1,1,1,1,1,2,2,1,1,1,1,2,2,1,2,1,1,1,2,2,2,1,2,2,2,2,1,2,2,1,2,2,2,2,2,1,2,2,2,2,2,1,1,2,1,2,2,1,1,2,2,2,2,2,1,2,1,2,1,1,2,1,1,1,1,1,1,1,1,1,1,1,1,1,1,1,5,5,5,1,3,3,4,1,4,3,5,4,3,1,3,5,5,5,1,3,3,3,5,5,5,5,5,3,5,3,5,1,3,3,3,3,5,5,1,1,9,9,9,9,8,1,9,9,4,2,9,9,9,9,9,9,9,9,7,7,7,7,7,7,7,1,7,7,7,7,7,7,7,7,7,7,7,7,90,2,2,1,1,2,1,1,1,1,,1,1,23,,17,1,1,2,1,1,1,1,1,1,1,1,1,1,2,1,1,1,1,1,2,1,1,1,1,1,1,1,1,1,1,2,1,1,1,7,5,7,1,7,7,7,7,7,1,2,1,1,1,1,1,1,2,1,1,1,1,1,1,1,2,1,1,1,1,1,1,1,1,1,1,1,1,1,1,1,1,1,2,1,2,1,1,1,1,1,1,1,,1,2,1,1,1,1,1,1,1,1,1,5'5,175,1,2,1,1,2,1,1,2,1,1,2,1,1,2,1,1,2,1,1,2,1,1,2,1,2,1,1,2,1,1,2,1,1,1,2,1,2,1,1,1,2,1,2,1,1,1,2,1,1,2,1,1,2,1,2,1,1,1,2,1,2,1,1,2,1,1,1,2,1,1,2,1,1,2,1,1,2,1,1,2,1,2,1,1,1,2,1,38,1,0,9,1,5,1,1,1,1,1,1,1,1,1,1,1,5,1,1,1,1,1,1,1,1,8,4,7,12,1,6,4,7,12,1,4,6,4,8,5,1,1,6,1,1,1,4,1,1,1,1,1,1,2,1,1,6,1,2,4,4,1,4,-9,2,2,2,1,6,1,1,1,1,1,1,2,2,2,2,2,2,0,5,,,,,,,,,,,,,,,,,,,,,,,,,,,,,,,,,,,,,,,,,,,,,,,,,,,,,,,,,,,,,,,,,,,,,,,,,7,1,1,1,1,1,1,1,1,1,1,1,1,1,1,1,1,1,1,1,1,1,1,1,1,7,7,7,7,7,7,1,7,7,7,7,5,1,1,2,1,1,3,-9,1,1,7,7,7,7,1,7,1,7,-9,7,7,1,10,2,6,11,17,472,225,116,570,179,73,107,,,,142,68,126,267,34,403,35,2837,,11/21/24 18:09,,,,,,,,,,,,,,,,,,,,,,,,,,36,,,,,,,
1545,,1180,SONA,interview,11/21/24 17:49,1,0,21,21,0,0,0.92,2,,3,2,1,7,7,6,1,6,6,6,3,2,6,5,4,6,6,2,2,2,2,6,6,6,2,3,6,6,5,6,6,2,6,2,3,2,6,1,1,1,1,7,7,4,4,4,4,5,5,5,6,6,2,2,2,7,7,1,7,7,7,7,7,7,7,1,1,1,,,,,,,3,4,5,4,5,5,1,5,5,5,9,8,4,6,5,7,10,1,2,3,2,2,5,3,5,3,4,4,2,4,9,8,1,3,2,7,4,5,10,6,1,2,2,2,2,1,1,1,1,2,1,1,1,1,2,1,1,2,1,1,1,1,1,1,1,1,1,1,1,1,1,2,1,1,2,2,1,2,1,2,2,2,2,2,2,2,2,1,2,2,1,2,2,1,2,2,1,1,2,2,2,2,2,1,2,1,2,1,1,1,1,2,2,1,2,2,1,1,1,2,1,4,2,4,2,3,3,3,4,2,4,4,2,4,4,3,4,4,4,3,4,2,4,4,3,3,4,3,3,4,3,2,4,4,4,2,4,4,2,4,4,2,4,4,3,7,5,7,6,7,7,8,4,5,3,6,9,9,9,9,4,5,5,3,4,4,4,4,4,4,4,4,6,7,3,4,4,4,6,6,6,2,5,91,1,1,1,1,1,1,2,1,1,,1,1,18,,10,1,1,2,1,1,1,1,1,1,1,1,1,1,2,1,1,1,1,1,2,1,1,1,1,1,1,1,1,1,1,2,1,1,1,6,3,5,2,6,6,5,5,5,1,2,1,1,1,1,1,1,1,1,1,1,2,1,1,1,1,1,1,2,1,1,1,1,2,2,2,2,1,1,1,1,1,1,1,1,1,1,2,1,1,1,1,1,,1,1,1,1,1,2,1,1,1,1,1,5'9,180lbs,1,2,1,1,2,1,2,1,1,2,1,1,2,1,1,1,2,1,1,2,1,1,2,1,1,2,1,2,1,1,2,1,1,2,1,1,1,2,1,1,2,1,2,1,1,1,2,1,1,2,1,1,2,1,2,1,1,1,2,1,1,2,1,2,1,1,1,2,1,1,2,1,1,2,1,2,1,1,1,2,1,2,1,1,1,2,1,37,1,0,1,1,2,3,1,1,1,1,1,1,1,1,1,1,1,1,1,1,1,1,1,1,1,1,1,1,4,1,1,1,1,6,6,1,3,1,3,1,3,8,1,1,1,1,1,1,2,1,1,1,1,8,-9,1,6,1,6,1,2,1,4,6,6,1,1,1,5,7,1,1,1,1,1,2,2,2,2,2,2,0,3,3,3,3,3,3,3,3,3,3,3,5,5,5,1,1,5,1,5,1,4,5,7,4,1,6,2,3,5,5,5,6,3,2,6,1,3,5,5,1,7,3,5,5,7,1,1,3,3,5,5,6,2,3,2,5,5,3,3,4,4,5,2,4,2,6,4,4,4,6,6,2,2,,,,,,,,,,,,,,,,,,,,,,,,,,,,,,,,,,,,,,,,,,,,,,,,,,,,,,,,,,,6,2,8,14,13,334,87,96,691,176,55,121,136,217,87,,,,201,27,221,24,2508,,11/21/24 18:31,,,,,,,,,,,,,,,,,,,,,,,,,,,,,,,,,
1546,,1256,SONA,interview,11/22/24 19:12,1,0,21,21,0,0,0.66,2,,2,2,2,4,6,6,2,4,4,4,5,5,4,5,5,4,3,3,4,2,4,2,4,4,4,2,5,6,5,5,4,5,3,6,4,5,7,1,1,1,1,7,7,5,5,4,4,5,5,4,6,5,3,2,3,7,7,2,7,7,6,4,7,5,7,3,2,1,,,,,,,4,4,5,2,3,4,2,5,5,5,5,7,4,8,9,6,10,2,3,1,4,1,5,5,5,4,1,1,3,4,1,8,2,3,5,6,9,10,7,4,2,2,2,2,2,1,1,1,1,1,2,1,2,2,2,2,1,2,1,1,1,1,1,2,1,1,1,2,2,2,1,1,1,1,2,2,2,2,1,2,1,2,2,2,1,1,2,1,2,2,1,2,2,1,2,2,1,2,2,2,2,2,2,1,2,1,2,2,1,1,1,1,1,1,2,2,1,1,1,2,1,4,3,4,2,4,5,5,3,1,4,3,2,4,4,5,3,5,3,5,2,4,5,4,2,3,3,3,4,5,5,5,5,5,2,3,2,1,3,4,3,2,4,4,2,9,6,8,5,3,2,9,7,7,4,4,7,7,7,9,8,8,2,7,7,6,6,4,4,6,6,-9,6,7,7,5,7,7,7,7,7,3,3,91,2,2,1,1,1,2,1,1,1,,1,1,19,,8,1,1,2,1,1,1,1,1,1,1,2,1,1,2,1,1,2,2,1,1,1,1,1,1,1,1,2,1,1,1,1,1,1,1,4,1,2,3,5,3,4,4,5,1,1,1,2,1,1,1,1,1,1,2,1,1,1,1,1,1,1,2,1,1,1,1,1,5,3,3,1,1,1,1,1,1,1,2,1,1,2,1,1,1,1,1,1,,1,1,1,1,1,2,1,1,1,1,1,5'0,110,1,2,1,1,2,1,1,2,1,2,1,1,1,2,1,1,2,1,2,1,1,1,2,1,2,1,1,1,2,1,2,1,1,1,2,1,2,1,1,2,1,1,2,1,1,1,2,1,2,1,1,1,2,1,2,1,1,2,1,1,1,2,1,1,2,1,2,1,1,1,2,1,2,1,1,1,2,1,1,2,1,1,2,1,2,1,1,42,1,0,7,1,4,1,1,1,1,1,12,2,6,1,1,1,1,1,1,3,1,1,1,3,2,1,1,1,9,5,1,1,3,4,4,1,3,1,3,3,9,5,2,1,3,1,3,4,1,1,1,1,1,8,1,1,4,1,5,1,3,1,4,6,1,1,1,1,2,3,8,1,1,1,1,2,2,2,1,2,2,0,5,,,,,,,,,,,,,,,,,,,,,,,,,,,,,,,,,,,,,,,,,,,,,,,,,,,,,,,,,,,,,,,,,,,,,,,,,7,7,7,7,7,6,7,6,1,5,5,5,2,2,3,4,6,4,3,5,6,6,5,1,1,6,6,5,4,4,3,1,2,2,2,4,4,3,2,3,2,3,3,2,3,2,7,4,5,7,4,7,3,4,2,6,5,5,3,1,24,18,8,422,145,133,578,236,78,162,,,,225,128,126,240,33,352,48,2919,,11/22/24 20:01,,,,,,,,,,,,,,,,,,,,,,,,,,95,,,,,,,
1547,,1257,SONA,interview,11/22/24 22:19,1,0,21,21,0,0,1.83,2,,2,2,1,1,1,6,1,4,6,6,5,3,5,3,6,6,7,6,5,5,6,3,4,5,3,1,4,6,5,5,3,6,5,7,6,6,6,1,1,3,1,6,6,7,7,2,3,6,6,7,7,6,1,1,1,6,6,1,4,6,6,6,6,6,5,1,2,1,,,,,,,4,5,3,2,2,4,1,5,4,4,9,4,8,7,5,6,10,1,3,2,5,5,4,5,5,5,1,1,1,4,7,5,4,2,1,6,9,10,8,3,2,2,2,2,2,1,2,2,1,2,2,2,1,2,2,1,2,2,2,1,1,2,1,2,1,1,2,2,2,1,1,2,1,1,2,2,2,2,1,2,2,2,1,2,2,2,1,1,1,2,1,2,2,1,1,2,1,1,2,2,2,2,2,1,2,2,2,2,1,1,1,1,1,2,2,2,1,1,1,1,1,3,3,4,2,3,3,2,3,4,4,4,3,5,4,3,3,4,2,4,3,5,4,2,2,4,2,2,5,5,4,3,4,2,3,2,4,3,4,5,2,5,5,2,2,6,6,6,6,4,5,5,7,7,7,6,5,7,4,4,6,5,5,5,5,3,6,6,4,5,3,2,5,6,4,6,3,6,2,6,5,4,3,92,1,1,1,1,1,2,1,1,1,,1,1,20,,10,1,1,2,1,1,1,1,1,1,2,1,1,1,2,1,1,2,1,1,1,2,1,1,1,1,1,1,1,1,1,1,2,1,1,7,5,4,5,3,6,5,5,6,1,1,1,1,2,1,1,1,1,1,1,2,1,1,1,1,1,1,1,1,2,1,1,1,4,4,4,2,1,1,1,1,1,1,1,1,2,1,1,1,1,1,1,1,,1,1,1,1,2,1,1,1,1,1,1,5'11,230,1,2,1,2,1,1,2,1,1,2,1,1,1,2,1,2,1,1,2,1,1,1,2,1,2,1,1,1,2,1,1,2,1,1,2,1,2,1,1,2,1,1,2,1,1,1,2,1,1,2,1,2,1,1,2,1,1,1,2,1,1,2,1,1,2,1,2,1,1,1,2,1,2,1,1,1,2,1,2,1,1,1,2,1,1,2,1,47,3,1,7,3,9,5,1,2,9,1,1,4,1,3,2,1,1,3,1,2,1,1,2,2,2,4,1,1,3,5,3,3,1,3,3,4,1,1,1,4,3,3,1,1,1,1,5,3,1,3,1,1,1,8,1,1,6,1,8,8,2,1,4,4,7,5,1,1,1,2,1,1,1,1,1,2,2,2,1,2,1,0,3,4,2,4,2,5,2,5,3,2,5,3,5,3,2,4,4,5,4,3,5,3,2,2,1,-9,4,5,5,3,4,3,3,4,5,3,6,7,7,2,2,7,4,5,6,6,5,5,6,4,5,5,6,6,5,6,6,6,5,3,6,5,3,4,3,7,5,4,6,4,6,6,6,,,,,,,,,,,,,,,,,,,,,,,,,,,,,,,,,,,,,,,,,,,,,,,,,,,,,,,,,,,6,1,5,10,3,295,92,63,328,110,50,33,31,78,24,,,,110,12,41,24,1309,,11/22/24 22:41,,,,,,,,,,,,,,,,,,,,,,,,,,,,,,,,,
1556,,1240,SONA,interview,11/25/24 16:32,1,0,21,21,1,1,1.2,2,,5,5,6,4,4,4,5,3,5,7,4,5,5,3,4,6,7,2,5,1,5,5,6,6,5,7,7,6,6,3,4,5,5,6,7,6,6,3,3,2,2,6,6,6,6,2,5,6,6,7,7,6,2,1,5,,,,,,,,,,,,,,,,,,,,5,5,4,4,3,5,4,4,3,5,8,6,4,10,5,1,2,9,7,3,3,1,5,5,5,4,1,1,1,4,5,7,2,4,1,6,9,10,8,3,1,2,2,2,1,1,1,2,1,1,2,2,2,2,2,2,1,2,1,1,1,1,1,2,1,1,2,2,2,2,1,1,1,1,2,2,2,1,1,2,2,2,2,1,1,2,2,1,1,2,1,1,1,1,2,2,1,2,2,2,1,1,2,1,2,1,2,2,1,1,1,1,1,1,2,2,1,1,1,1,1,5,5,5,3,4,2,4,3,2,4,2,5,5,5,5,2,3,4,5,5,5,5,5,2,2,3,5,4,5,1,5,5,4,3,5,2,4,3,5,4,4,4,3,1,8,8,8,4,1,5,9,7,4,5,5,9,7,7,3,5,8,1,4,3,4,7,7,6,7,3,1,1,7,7,5,4,4,6,6,-9,3,5,92,2,2,1,1,2,1,1,1,1,,1,1,18,,17,1,1,2,1,1,1,1,1,1,1,2,1,1,1,1,1,1,1,1,2,1,1,1,1,1,2,1,1,1,1,1,1,1,1,6,4,5,3,5,4,4,5,7,1,1,2,1,1,1,1,1,1,1,1,1,2,1,1,1,1,2,1,1,1,1,1,1,5,5,5,1,1,1,1,1,1,1,2,1,2,1,1,1,1,1,1,1,,1,2,1,1,1,1,1,1,1,1,1,5'2'',240,1,2,1,1,2,1,1,2,1,1,2,1,1,2,1,1,2,1,2,1,1,1,2,1,2,1,1,2,1,1,2,1,1,2,1,1,2,1,1,2,1,1,1,2,1,1,2,1,1,2,1,2,1,1,2,1,1,2,1,1,2,1,1,1,2,1,1,2,1,1,2,1,2,1,1,2,1,1,1,2,1,1,2,1,1,2,1,37,1,0,5,3,12,1,1,1,1,1,7,3,2,1,1,1,1,1,1,2,1,1,2,2,2,1,1,1,5,5,3,1,4,1,1,2,3,1,1,2,1,1,2,1,3,5,4,4,1,1,1,1,1,8,2,1,6,1,1,1,5,1,6,5,3,1,1,1,5,4,8,8,6,1,1,2,2,2,1,2,2,0,4,,,,,,,,,,,,,,,,,,,,,,,,,,,,,,,,,,,,,,,,,,,,,,,,,,,,,,,,,,,,,,,,,,,,,,,,,1,1,1,1,1,1,1,1,1,1,4,1,2,2,4,4,1,1,1,4,6,6,5,1,1,4,4,4,4,2,2,6,4,4,4,4,4,3,2,5,4,1,2,2,4,4,7,5,4,5,5,6,4,-9,2,2,2,5,7,1,4,5,7,348,146,68,374,132,70,75,,,,180,100,74,339,27,255,4,2208,,11/25/24 17:09,,,,,,,,,,,,,,,,,,,,,,,,,,35,,,,,,,
1557,,1249,SONA,interview,11/25/24 16:53,1,0,21,21,0,0,0.91,2,,2,1,1,7,7,7,1,6,5,5,3,2,6,6,3,6,7,7,4,4,7,5,3,4,6,6,7,4,5,4,4,4,6,6,5,5,6,2,2,5,3,4,5,5,6,2,7,6,6,4,4,2,5,5,6,7,7,1,2,2,2,2,1,5,1,1,2,1,,,,,,,5,4,3,3,4,4,1,5,4,4,3,6,8,9,2,5,10,1,7,4,3,1,5,5,5,1,1,1,1,5,5,7,3,2,4,6,10,9,8,1,1,2,2,1,2,1,1,1,1,1,1,1,2,2,1,2,1,2,2,2,1,1,1,1,1,1,1,2,1,2,1,2,2,1,2,1,2,2,1,1,1,2,1,2,2,2,1,1,2,2,1,2,2,1,2,2,1,2,2,2,2,2,2,1,1,1,1,1,1,1,1,1,1,1,1,1,1,1,1,1,1,4,5,5,3,5,4,5,3,1,4,4,1,5,4,5,3,5,3,5,4,4,5,3,3,3,2,3,5,4,5,4,5,5,4,5,4,1,4,4,3,2,4,3,3,8,7,7,4,3,3,5,7,5,4,4,6,6,7,5,8,5,8,6,4,4,6,7,6,5,3,-9,7,7,7,5,4,5,4,4,4,4,2,93,2,2,1,1,2,1,1,1,1,,1,1,18,,16,1,1,2,1,1,1,1,1,1,1,2,1,1,2,1,1,2,1,1,2,1,1,1,1,1,1,2,1,1,1,1,1,1,1,2,1,1,6,2,5,4,3,6,1,1,1,1,1,1,2,1,1,1,1,1,1,1,2,1,1,1,1,1,1,1,2,1,6,4,6,1,2,1,1,1,1,1,1,1,1,1,1,1,1,1,1,2,Not sure ,1,1,1,1,1,2,1,1,1,1,1,5'9,160,1,2,1,2,1,1,1,2,1,1,2,1,1,2,1,1,2,1,2,1,1,1,2,1,1,2,1,1,2,1,2,1,1,1,2,1,2,1,1,2,1,1,1,2,1,2,1,1,2,1,1,2,1,1,2,1,1,2,1,1,2,1,1,1,2,1,1,2,1,2,1,1,2,1,1,1,2,1,2,1,1,2,1,1,2,1,1,32,1,0,3,1,1,1,1,1,1,1,1,7,1,1,1,1,1,1,1,1,1,1,1,1,1,2,1,1,6,1,1,1,1,1,1,7,1,1,4,1,8,12,1,1,1,3,1,1,1,1,1,1,1,8,1,1,2,1,3,4,6,1,5,1,1,1,1,1,1,1,6,1,1,2,1,2,2,2,2,2,2,0,2,,,,,,,,,,,,,,,,,,,,,,,,,,,,,,,,,,,,,,,,,,,,,,,,,,,,,,,,,,,,,,,,,,,,,,,,,5,5,2,2,4,3,2,2,3,1,6,1,1,3,1,1,2,2,1,7,2,7,1,1,1,7,7,7,7,7,7,3,5,6,7,7,2,4,4,4,4,4,3,3,3,4,4,5,6,1,3,7,1,5,1,7,6,6,7,1,8,17,2,353,105,83,370,259,14024,513,,,,153,108,66,168,26,191,17,2112,,11/25/24 21:27,,,,,,,,,,,,,,,,,,,,,,,,,,44,,,,,,,
1558,,792,SONA,interview,11/25/24 17:48,1,0,21,21,0,0,0.94,2,,2,1,2,6,7,6,2,3,1,1,4,4,3,1,7,7,7,7,3,1,4,1,1,1,7,1,3,4,5,2,3,2,3,4,4,4,7,3,1,2,1,6,6,7,7,1,7,7,7,6,6,6,1,5,4,7,7,2,7,7,7,7,7,7,7,1,1,1,,,,,,,5,4,4,1,4,1,2,5,5,5,3,2,6,10,8,9,7,5,1,4,5,5,4,1,4,2,2,5,5,5,4,2,5,10,7,8,9,6,1,3,2,2,2,1,2,1,2,1,1,1,2,1,2,2,2,2,1,2,2,2,1,2,1,2,1,2,2,2,2,2,1,2,1,1,2,2,2,2,1,2,2,2,2,2,2,2,2,2,2,1,1,2,2,1,2,2,2,2,1,1,2,2,2,1,2,1,2,2,1,1,1,2,1,1,2,2,1,2,1,2,1,1,4,5,5,3,5,5,3,1,3,1,1,5,4,2,3,1,2,5,2,5,3,3,2,3,4,3,3,5,2,5,5,5,3,5,1,4,4,5,3,3,3,4,3,9,8,8,8,5,6,6,6,8,4,7,9,9,9,9,9,8,5,6,6,5,5,7,7,2,6,1,6,6,2,4,4,2,5,6,6,1,4,93,1,2,1,1,2,1,1,1,1,,1,1,20,,13,1,1,1,2,1,1,1,1,1,1,2,1,1,1,1,1,1,1,2,1,1,1,1,1,2,1,1,1,1,1,1,1,1,1,4,2,3,5,3,3,2,5,5,1,1,1,1,2,1,1,1,1,1,1,2,1,1,1,1,1,1,1,2,1,1,1,1,5,5,5,1,1,1,1,1,1,2,1,1,1,1,1,1,1,1,1,2,Christian,1,1,1,1,1,2,1,1,1,1,1,5'5,205,1,2,1,1,2,1,1,2,1,1,2,1,2,1,1,2,1,1,2,1,1,1,2,1,1,2,1,2,1,1,1,2,1,2,1,1,2,1,1,1,2,1,2,1,1,1,2,1,2,1,1,1,2,1,2,1,1,2,1,1,1,2,1,2,1,1,2,1,1,1,2,1,2,1,1,1,2,1,1,2,1,1,2,1,2,1,1,52,5,1,12,5,1,1,1,2,1,1,2,1,2,1,2,1,1,1,1,3,1,2,1,2,1,1,1,1,6,6,2,1,5,5,2,2,1,1,1,1,6,12,2,2,2,1,7,3,2,1,1,1,1,8,1,1,5,1,8,8,1,1,6,8,1,1,1,1,7,7,8,1,2,1,1,2,2,2,1,2,2,never married,4,4,5,4,3,4,2,-9,3,4,2,5,5,5,1,1,5,1,5,1,4,7,7,7,5,5,2,4,7,7,7,7,6,2,7,7,7,7,7,5,7,7,6,2,7,2,3,5,6,2,4,1,5,1,3,3,4,1,3,6,7,3,2,3,2,5,4,2,3,4,4,5,3,,,,,,,,,,,,,,,,,,,,,,,,,,,,,,,,,,,,,,,,,,,,,,,,,,,,,,,,,,,4,1,6,7,2,331,146,162,582,199,50,100,111,153,596,,,,360,25,839,15,2599,,11/25/24 18:49,,,,,,,,,,,,,,,,,,,,,,,,,,,,,,,,,
1561,,1255,SONA,interview,11/29/24 20:54,1,0,21,21,0,0,1.65,2,,2,4,4,4,3,2,4,1,6,6,6,4,5,6,4,6,6,7,7,7,5,6,6,6,4,7,5,7,7,7,7,2,6,7,7,7,7,1,1,1,1,7,7,6,6,2,6,6,6,6,7,6,2,1,1,7,7,5,2,2,2,4,2,2,6,4,4,1,,,,,,,4,4,4,4,4,4,2,3,5,5,8,9,4,5,3,7,10,6,2,1,5,1,5,3,5,3,5,5,1,2,6,7,1,5,2,8,3,4,10,9,2,2,2,2,2,1,2,1,1,1,1,2,2,2,2,2,1,2,1,1,1,2,1,2,1,1,2,2,1,1,1,1,1,2,2,2,2,2,1,2,2,2,2,2,1,2,2,2,2,2,1,2,2,1,2,2,1,2,1,2,2,2,2,1,2,1,2,2,1,1,1,2,1,1,2,2,1,1,1,1,1,3,1,5,4,1,3,5,2,3,5,3,1,5,3,5,3,4,3,5,2,4,5,4,2,1,2,3,3,4,4,4,4,5,3,4,4,4,5,5,1,3,4,3,3,8,8,8,8,1,2,9,9,5,1,4,9,8,8,1,2,5,5,7,7,5,4,7,3,6,1,4,5,5,7,7,6,6,6,6,6,6,3,95,1,2,1,1,2,1,1,1,1,,1,1,21,,9,1,1,1,2,1,1,1,1,1,1,2,1,1,1,1,1,1,2,1,1,1,1,1,2,1,1,1,1,1,1,1,1,1,1,1,1,1,7,1,5,4,7,7,1,1,2,1,1,1,1,1,1,1,1,1,1,2,1,1,1,1,1,1,2,1,1,1,7,7,7,1,1,1,2,1,1,1,1,1,1,1,1,1,1,1,1,2,Spirtual ,1,1,1,1,1,1,2,1,1,1,1,5'1,130,2,1,1,2,1,1,1,2,1,1,2,1,2,1,1,2,1,1,2,1,1,2,1,1,2,1,1,2,1,1,2,1,1,2,1,1,2,1,1,2,1,1,2,1,1,1,2,1,2,1,1,2,1,1,1,2,1,2,1,1,2,1,1,2,1,1,2,1,1,2,1,1,1,2,1,2,1,1,2,1,1,1,2,1,2,1,1,46,1,0,6,2,1,1,1,1,1,1,1,3,3,1,1,1,1,2,1,5,1,1,4,2,1,1,1,4,4,4,1,1,1,1,1,4,2,3,2,3,5,4,1,1,1,1,3,2,3,1,1,1,1,8,1,1,2,1,3,3,1,1,2,2,1,1,1,1,1,2,1,1,1,1,2,2,2,2,2,2,2,,1,2,4,2,3,3,5,3,4,4,5,4,4,4,1,1,4,1,5,5,1,4,7,7,1,4,3,1,1,7,6,7,7,4,7,4,4,7,4,5,6,7,5,7,7,1,1,4,6,2,2,1,2,3,4,4,6,1,3,7,4,1,1,4,2,7,4,4,1,7,7,2,2,,,,,,,,,,,,,,,,,,,,,,,,,,,,,,,,,,,,,,,,,,,,,,,,,,,,,,,,,,,4,1,2,5,2,273,125,119,286,135,55,73,76,188,71,,,,130,17,79,3,1639,,11/29/24 21:21,,,,,,,,,,,,,,,,,,,,,,,,,,,,,,,,,
1562,,1196,SONA,interview,12/1/24 1:56,1,0,21,21,1,1,0.97,2,,2,2,2,7,7,6,1,7,6,6,4,2,7,7,6,7,7,3,3,2,3,6,6,6,3,6,6,6,7,6,6,6,6,4,6,4,6,2,4,2,2,6,6,6,6,3,3,6,6,6,6,3,6,6,7,7,7,1,2,2,2,2,2,1,1,1,1,1,,,,,,,4,4,4,4,5,5,1,5,4,4,2,3,5,7,8,6,10,1,4,9,4,4,3,4,5,5,3,4,5,2,5,7,1,10,4,2,8,6,3,9,1,2,2,1,2,1,2,2,1,1,2,1,2,2,2,2,1,2,2,2,2,2,1,2,1,2,1,2,2,2,2,2,2,1,2,2,2,2,1,2,2,2,1,2,2,2,2,1,1,2,1,2,2,2,1,2,1,1,1,2,2,2,2,1,1,2,1,2,1,1,2,1,2,1,1,1,1,1,1,1,1,4,3,5,1,4,3,5,1,5,3,5,3,5,3,3,4,5,1,5,1,1,5,3,5,1,3,2,5,2,5,2,5,5,4,5,5,1,5,2,2,2,5,1,1,4,3,1,2,4,1,4,4,4,3,4,4,4,4,1,4,4,4,3,3,3,3,4,1,4,4,4,4,4,4,4,2,4,6,5,7,7,1,95,2,2,1,1,1,1,2,1,1,,1,1,19,,13,1,1,1,1,2,1,1,1,1,1,2,1,1,1,1,1,1,1,1,1,2,1,1,1,1,1,1,1,1,2,1,1,1,1,7,7,7,1,7,6,7,1,7,2,1,1,1,1,1,1,1,2,1,1,1,1,1,1,1,2,1,1,1,1,1,1,1,4,4,4,2,1,1,1,1,1,1,1,1,1,2,1,1,1,1,1,1,,1,1,1,1,2,1,1,1,1,1,1,5,180,1,2,1,1,2,1,1,2,1,1,2,1,2,1,1,1,2,1,2,1,1,1,2,1,2,1,1,1,2,1,2,1,1,1,2,1,2,1,1,1,2,1,1,2,1,1,2,1,2,1,1,1,2,1,2,1,1,2,1,1,1,2,1,1,2,1,1,2,1,1,2,1,1,2,1,1,2,1,2,1,1,2,1,1,1,2,1,47,1,0,1,1,-9,1,1,1,1,1,12,4,3,1,2,3,1,3,1,-9,1,1,1,2,2,2,2,1,1,1,1,1,1,2,2,4,2,1,1,2,2,2,1,1,1,1,1,3,1,1,1,1,1,8,1,1,7,1,3,3,1,1,8,3,8,1,1,1,1,1,8,1,1,1,1,2,2,1,2,2,2,0,1,,,,,,,,,,,,,,,,,,,,,,,,,,,,,,,,,,,,,,,,,,,,,,,,,,,,,,,,,,,,,,,,,,,,,,,,,5,5,2,5,5,1,5,5,7,3,2,2,4,7,6,3,7,2,4,6,3,5,3,3,3,6,6,-9,6,6,6,2,6,6,5,6,5,3,2,4,5,5,3,5,5,5,4,3,6,2,6,7,6,5,3,6,3,6,8,1,4,7,1,417,77,86,665,463,87,146,,,,261,101,279,189,40,565,20,3220,,12/1/24 2:53,,,,,,,,,,,,,,,,,,,,,,,,,,74,,,,,,,
1563,,1155,SONA,interview,12/1/24 5:34,1,0,21,21,0,0,1.22,2,,5,1,1,6,6,1,1,6,6,6,6,6,6,6,5,6,7,2,6,6,3,5,5,6,4,6,6,6,6,6,6,5,6,6,7,6,6,1,1,1,1,7,7,7,7,1,7,7,7,7,7,5,2,4,5,,,,,,,,,,,,,,,,,,,,5,5,5,5,5,5,1,5,5,5,2,6,3,5,8,7,10,9,4,1,5,5,5,5,5,3,1,1,3,5,2,4,3,6,8,7,10,9,5,1,1,2,2,1,2,1,2,1,1,1,1,1,2,2,2,2,1,2,2,1,1,1,1,2,1,1,2,2,2,2,2,2,2,2,2,1,1,1,1,2,2,2,2,2,2,2,2,2,2,2,1,2,2,1,2,2,1,1,1,1,2,2,2,2,2,1,2,2,1,1,1,1,1,1,2,1,1,2,1,1,1,5,2,4,2,2,3,5,1,2,5,4,2,5,5,4,4,5,1,5,5,4,5,3,3,3,5,2,4,4,2,4,5,5,4,5,5,2,4,4,4,3,4,4,2,8,6,7,7,6,6,8,8,2,5,8,5,4,4,6,3,3,3,6,7,7,7,7,6,1,1,1,1,1,7,7,7,7,7,7,7,7,7,96,2,2,1,1,1,1,2,1,1,,1,1,21,,21,1,1,1,1,1,2,1,1,1,1,1,1,1,2,1,1,1,1,1,2,1,1,1,1,1,1,1,1,1,1,2,1,1,1,6,5,4,1,7,3,1,7,6,1,1,1,1,1,1,2,1,1,1,1,2,1,1,1,1,1,1,1,1,2,1,1,1,2,2,1,2,1,1,1,1,1,1,1,1,2,1,1,1,1,1,1,1,,1,2,1,1,1,1,1,1,1,1,1,5'5,135,1,2,1,1,2,1,1,2,1,2,1,1,2,1,1,1,2,1,2,1,1,2,1,1,2,1,1,2,1,1,2,1,1,1,2,1,1,2,1,1,2,1,2,1,1,1,2,1,1,2,1,2,1,1,2,1,1,2,1,1,2,1,1,1,2,1,1,2,1,1,2,1,2,1,1,1,2,1,1,2,1,2,1,1,2,1,1,44,2,1,11,3,3,11,1,1,1,1,1,1,5,1,11,1,1,1,1,1,1,1,1,1,7,11,1,1,7,1,1,1,1,1,1,11,1,11,11,1,1,11,11,1,1,1,1,7,1,1,1,1,1,8,2,1,6,1,3,5,1,1,8,8,8,1,1,1,8,7,7,1,1,1,1,2,2,2,2,2,2,0,5,,,,,,,,,,,,,,,,,,,,,,,,,,,,,,,,,,,,,,,,,,,,,,,,,,,,,,,,,,,,,,,,,,,,,,,,,7,7,7,7,-9,7,7,7,7,7,5,5,5,7,7,7,7,4,7,7,3,7,3,2,2,7,7,7,7,7,7,3,7,7,7,7,4,4,4,4,4,2,3,4,3,4,4,5,4,4,5,7,1,5,1,7,7,4,6,2,4,5,5,272,96,84,416,122,55,114,,,,140,51,96,204,20,293,7,1984,,12/1/24 6:07,,,,,,,,,,,,,,,,,,,,,,,,,,93,,,,,,,
1566,,1161,SONA,interview,12/3/24 15:59,1,0,21,21,0,0,1.22,2,,5,2,4,5,7,6,4,6,6,6,4,4,2,2,6,6,6,3,2,2,2,6,6,6,2,6,6,6,2,2,6,6,4,6,6,2,6,2,2,2,2,6,6,6,6,2,6,6,6,6,6,6,2,2,2,,,,,,,,,,,,,,,,,,,,5,5,5,5,5,5,2,2,2,5,7,4,3,6,5,8,9,10,1,2,1,1,5,5,5,5,1,1,1,4,7,5,2,1,3,4,9,10,8,6,2,2,2,2,2,1,1,1,1,1,2,1,2,2,2,2,1,2,1,2,1,1,1,2,1,1,2,1,2,1,1,2,1,1,1,1,1,1,1,2,2,2,1,1,1,2,2,1,2,2,1,1,1,1,2,2,1,1,1,1,1,1,2,1,1,1,2,2,1,1,1,1,1,1,1,2,1,1,1,1,1,5,4,4,1,3,2,5,2,4,4,5,3,5,5,3,5,5,3,4,5,3,5,4,5,3,5,4,5,4,3,3,5,5,5,5,5,1,4,3,4,5,5,5,1,9,9,9,9,2,8,9,9,9,9,9,5,5,5,8,9,5,5,6,7,5,6,7,4,5,2,1,1,7,7,6,6,6,7,4,7,6,7,96,1,2,1,1,1,1,2,1,1,,1,1,20,,14,1,1,1,2,1,1,1,1,1,1,2,1,1,2,1,1,2,1,1,2,1,1,1,1,1,1,1,1,1,1,1,2,1,1,5,4,4,4,4,2,1,1,1,1,2,1,1,1,1,1,1,1,1,2,1,1,1,1,1,1,1,1,2,1,1,1,1,1,1,1,2,1,1,1,1,1,1,1,1,1,2,1,1,1,1,1,1,,1,2,1,1,1,1,1,1,1,1,1,"5""4",145,1,2,1,1,2,1,2,1,1,1,2,1,1,2,1,2,1,1,2,1,1,1,2,1,2,1,1,1,2,1,2,1,1,1,2,1,2,1,1,1,2,1,1,2,1,1,2,1,2,1,1,1,2,1,2,1,1,2,1,1,2,1,1,1,2,1,1,2,1,1,2,1,2,1,1,1,2,1,2,1,1,2,1,1,2,1,1,29,2,1,3,1,6,2,1,1,1,1,1,2,2,1,1,2,1,1,1,3,1,1,2,1,1,4,1,1,1,1,1,1,1,1,1,1,1,1,2,3,1,1,2,1,1,1,1,2,1,1,1,1,1,3,1,1,7,1,1,1,1,1,4,8,7,1,1,1,5,1,8,1,1,1,1,2,2,2,1,2,2,0,3,1,1,1,1,1,1,5,1,1,5,5,5,5,1,2,-9,1,5,1,7,7,4,7,7,6,6,7,5,7,7,3,7,7,6,5,7,4,5,7,6,6,7,1,6,1,6,6,7,6,6,2,1,1,1,7,6,2,1,6,1,4,1,5,1,6,1,6,6,6,6,2,1,,,,,,,,,,,,,,,,,,,,,,,,,,,,,,,,,,,,,,,,,,,,,,,,,,,,,,,,,,,5,1,2,8,1359,157,86,74,306,125,51,68,90,1643,93,,,,159,29,252,69,1726,,12/3/24 17:15,,,,,,,,,,,,,,,,,,,,,,,,,,,,,,,,,
1567,,1192,SONA,interview,12/3/24 22:58,1,0,21,21,0,0,2.17,2,,3,4,5,4,3,5,4,5,3,4,3,3,3,4,4,6,5,4,3,4,5,4,3,5,3,3,4,3,5,5,4,4,3,2,1,1,2,7,4,3,6,5,3,3,5,4,2,7,7,7,2,5,2,3,4,4,3,4,4,3,4,5,5,4,4,4,2,2,,,,,,,5,5,5,5,5,5,4,5,5,5,5,7,3,10,4,6,9,8,2,1,5,5,5,5,5,3,3,3,2,5,1,7,2,5,3,6,9,10,8,4,2,2,2,1,2,1,1,1,1,1,2,1,1,2,2,2,2,2,2,1,1,1,2,2,1,1,2,2,2,2,1,2,2,1,2,2,2,2,1,1,1,2,2,2,2,2,1,1,2,2,1,2,2,1,2,1,1,2,2,2,1,1,2,1,2,2,2,1,1,1,1,1,1,1,1,2,1,1,1,2,1,3,3,3,3,3,3,3,3,3,3,3,3,3,3,3,3,3,3,3,3,3,3,3,3,3,3,3,3,3,3,3,3,3,3,3,3,3,3,3,3,3,3,3,3,5,5,5,5,5,5,5,5,5,5,5,5,5,5,5,5,5,5,4,4,4,4,4,4,4,4,4,4,4,4,4,4,4,4,4,4,4,4,97,2,2,2,1,2,1,2,1,1,,1,3,19,,,1,1,2,1,1,1,1,1,1,1,1,2,1,1,1,1,1,1,1,2,1,1,1,1,1,1,1,1,1,1,1,1,2,1,4,4,4,4,4,4,4,4,4,1,1,1,2,1,1,1,1,1,1,1,2,1,1,1,1,1,1,1,2,1,1,1,1,5,5,5,1,2,1,1,1,1,1,1,1,1,1,1,1,1,1,1,2,idk,1,1,1,1,1,2,1,1,1,1,1,5'8-5'9,148,1,2,1,2,1,1,1,2,1,1,2,1,2,1,1,2,1,1,2,1,1,1,2,1,1,2,1,1,2,1,1,2,1,2,1,1,2,1,1,1,2,1,1,2,1,1,2,1,1,2,1,2,1,1,1,2,1,2,1,1,2,1,1,2,1,1,1,2,1,2,1,1,1,2,1,1,2,1,2,1,1,1,2,1,1,2,1,42,2,1,2,2,2,2,2,2,2,2,2,2,2,2,2,2,2,2,2,2,2,2,2,2,2,2,1,1,1,1,1,1,1,1,1,1,1,1,1,1,1,1,1,1,1,1,1,1,1,1,1,1,1,8,1,1,1,1,1,1,3,1,3,2,2,2,1,1,1,1,1,1,1,2,1,2,2,2,1,2,2,0,2,,,,,,,,,,,,,,,,,,,,,,,,,,,,,,,,,,,,,,,,,,,,,,,,,,,,,,,,,,,,,,,,,,,,,,,,,4,4,4,4,4,4,4,4,4,4,4,4,4,4,4,4,4,4,4,4,4,4,4,4,4,4,4,4,4,4,4,4,4,4,4,4,3,3,3,3,3,3,3,3,3,3,4,4,4,4,4,4,4,4,4,4,4,4,5,1,1121,11,3,120,72,61,262,29,9,11,,,,20,8,10,96,12,46,6,783,,12/3/24 23:30,,,,,,,,,,,,,,,,,,,,,,,,,,72,,,,,,,
1568,,1262,SONA,interview,12/4/24 2:28,1,0,21,21,0,0,1.6,2,,3,2,2,4,3,4,5,2,4,4,4,3,4,4,3,5,3,4,4,4,6,3,2,4,4,3,2,3,5,5,4,4,3,3,2,3,3,4,5,3,3,4,2,4,3,5,4,3,3,4,3,3,3,5,3,2,2,3,6,5,2,3,4,4,6,2,2,4,,,,,,,4,4,5,4,2,2,4,5,1,5,9,10,5,4,7,6,2,3,8,1,4,4,5,2,2,2,4,4,1,5,10,9,4,5,6,7,2,3,8,1,2,2,2,2,2,1,2,2,1,1,2,1,1,2,2,2,2,2,2,2,1,1,2,2,1,1,2,2,2,2,1,2,1,1,2,2,1,2,1,2,1,2,2,2,2,2,2,2,2,2,1,2,2,1,2,2,1,2,1,2,2,2,2,1,2,1,2,1,1,1,1,1,1,2,2,2,1,1,1,1,1,4,1,4,5,3,3,5,2,1,3,2,1,4,5,5,2,5,3,5,2,5,5,3,4,3,2,2,4,2,2,3,5,4,4,4,5,1,4,2,2,1,4,3,1,8,8,6,6,3,4,4,5,6,7,6,8,9,4,9,8,7,7,6,5,4,3,4,6,3,4,5,5,2,6,3,4,6,6,2,7,7,4,97,1,1,1,1,2,2,2,2,1,,1,4,18,,3,1,1,1,2,1,1,1,1,1,1,1,1,1,2,1,1,1,1,1,2,1,1,1,2,1,1,1,1,1,1,1,1,1,1,3,4,3,5,3,6,2,4,3,1,1,1,2,1,1,1,1,1,1,1,1,2,1,1,1,1,1,1,1,2,1,1,1,4,4,5,1,1,1,1,1,1,2,1,1,1,2,1,1,1,1,1,1,,1,1,2,1,1,1,1,1,1,1,1,5'8,154,2,1,1,1,2,1,1,2,1,2,1,1,2,1,1,1,2,1,2,1,1,2,1,1,2,1,1,1,2,1,1,2,1,2,1,1,1,2,1,2,1,1,2,1,1,1,2,1,1,2,1,2,1,1,2,1,1,1,2,1,1,2,1,2,1,1,1,2,1,2,1,1,1,2,1,1,2,1,1,2,1,2,1,1,2,1,1,49,1,0,3,2,6,1,1,1,1,1,12,1,1,1,1,2,-9,1,3,3,1,1,1,2,2,1,1,1,1,1,1,4,1,1,4,4,6,1,1,1,3,3,1,1,2,1,4,1,1,2,1,1,1,8,4,1,6,1,2,2,2,2,2,2,2,2,1,1,2,6,1,1,1,2,1,2,2,2,1,2,2,0,3,3,3,2,2,4,3,1,4,4,5,3,2,2,4,4,5,2,3,2,4,5,5,4,6,3,6,4,2,5,6,5,2,4,4,6,3,3,3,5,5,3,4,5,2,5,3,3,4,6,2,3,4,2,5,3,4,3,4,7,4,3,5,-9,3,4,5,4,4,5,3,3,4,,,,,,,,,,,,,,,,,,,,,,,,,,,,,,,,,,,,,,,,,,,,,,,,,,,,,,,,,,,5,1,23,9,2,172952,130,81,584,156,129,125,32,46,18,,,,144,10,76,4,1915,,12/6/24 2:56,,,,,,,,,,,,,,,,,,,,,,,,,,,,,,,,,
1586,,1263,SONA,interview,12/5/24 6:50,1,0,21,21,0,0,2.07,2,,5,6,6,3,5,5,4,6,6,3,4,4,4,5,5,5,6,5,5,6,4,5,5,5,3,5,5,5,6,3,5,5,5,6,5,5,7,1,1,1,1,7,7,5,5,3,5,5,5,5,5,5,3,3,3,,,,,,,,,,,,,,,,,,,,4,4,3,4,3,3,3,4,5,5,5,6,8,7,10,4,9,3,2,1,5,2,2,2,4,3,4,3,3,5,4,8,7,6,2,10,3,9,5,1,2,2,2,1,2,1,2,1,1,1,1,1,1,2,2,1,1,2,1,1,1,1,1,2,1,1,2,2,2,2,1,1,1,1,2,2,1,1,1,2,1,1,2,1,1,1,1,1,1,2,1,1,1,1,2,1,1,2,2,1,1,1,1,2,2,1,2,1,1,1,1,1,1,1,1,2,1,1,1,1,1,3,3,4,2,3,4,5,4,5,4,3,3,4,3,3,3,4,4,3,4,4,4,3,5,3,3,3,3,3,3,4,4,4,4,4,3,2,3,2,3,3,3,3,2,6,5,5,4,5,5,5,6,5,5,5,5,5,5,6,6,4,5,5,4,4,5,4,4,4,4,3,5,5,5,4,4,4,3,4,4,5,4,98,2,1,1,1,2,1,1,1,1,,1,1,19,,,1,1,1,2,1,1,1,1,1,1,2,1,1,1,1,1,1,1,1,2,1,1,1,1,1,1,1,1,2,1,1,1,1,1,4,4,5,4,4,4,3,4,4,1,1,2,1,1,1,1,1,1,1,2,1,1,1,1,1,1,1,2,1,1,1,1,1,5,5,5,1,1,1,1,1,1,1,2,1,1,1,1,1,2,1,1,1,,1,2,1,1,1,1,1,1,1,1,1,6'2,200,1,2,1,2,1,1,2,1,1,2,1,1,1,2,1,2,1,1,1,2,1,1,2,1,1,2,1,2,1,1,2,1,1,2,1,1,2,1,1,1,2,1,1,2,1,2,1,1,2,1,1,2,1,1,1,2,1,2,1,1,1,2,1,1,2,1,1,2,1,1,2,1,1,2,1,1,2,1,2,1,1,1,2,1,2,1,1,25,3,1,3,3,1,2,1,2,1,1,1,2,1,1,1,1,1,1,1,1,1,1,2,2,2,1,1,1,2,2,1,1,4,1,1,1,1,1,1,4,1,1,1,1,4,2,2,1,1,1,1,1,1,8,1,1,6,1,1,1,1,1,1,5,1,1,1,1,1,1,1,1,1,2,2,2,2,2,2,2,2,,2,,,,,,,,,,,,,,,,,,,,,,,,,,,,,,,,,,,,,,,,,,,,,,,,,,,,,,,,,,,,,,,,,,,,,,,,,4,4,4,5,5,3,3,3,4,4,4,4,4,4,4,4,5,5,4,5,5,3,3,3,3,4,5,4,4,4,4,4,4,3,5,4,3,3,3,4,4,4,4,4,4,4,4,5,5,4,4,4,4,4,3,4,3,3,6,1,4,12,2,239,76,63,329,158,24,21,,,,37,14,20,74,22,53,5,1153,,12/5/24 7:09,,,,,,,,,,,,,,,,,,,,,,,,,,73,,,,,,,
1587,,1259,SONA,interview,12/5/24 17:48,1,0,21,21,0,0,1.1,2,,2,1,1,1,7,4,1,5,6,5,3,2,5,7,2,4,4,2,5,4,3,5,3,5,6,4,4,2,3,5,4,5,6,6,5,5,5,5,2,5,2,5,5,7,6,1,7,7,6,4,5,6,2,4,2,7,7,1,6,6,6,4,6,5,4,1,1,1,,,,,,,5,4,4,3,4,4,1,5,3,4,4,5,3,7,8,6,10,1,9,2,1,1,5,4,5,2,1,1,1,3,6,7,2,3,1,4,9,10,8,5,1,2,2,1,2,1,2,2,1,1,1,2,2,2,2,2,1,2,1,2,1,2,1,2,1,1,2,2,2,2,2,2,1,1,2,2,1,2,1,2,2,2,2,2,2,2,2,2,2,2,1,2,2,1,2,2,1,2,2,2,2,2,2,1,2,1,2,2,1,1,1,1,1,1,1,1,1,1,1,1,1,4,4,5,3,3,2,5,2,2,4,3,1,5,4,4,3,5,3,5,4,4,5,2,2,1,4,2,4,4,4,3,4,5,4,5,5,3,4,4,4,3,4,3,2,7,6,5,5,3,3,6,9,7,5,6,1,1,4,5,6,8,2,3,6,6,6,5,5,4,4,1,7,7,7,6,5,6,6,6,7,5,4,98,1,2,1,1,1,1,2,2,1,,1,2,19,,7,1,1,1,2,1,1,1,1,1,1,2,1,1,2,1,1,2,1,2,1,1,1,1,1,1,1,1,1,1,1,1,1,2,1,4,3,3,4,4,5,2,2,4,1,1,1,1,2,1,1,1,1,1,1,1,2,1,1,1,1,1,1,2,1,1,1,1,5,5,5,1,1,1,1,1,1,2,1,1,1,1,1,1,1,1,1,2,Agnostic,1,1,1,1,1,1,2,1,1,1,1,5'4,195,1,2,1,1,2,1,1,2,1,1,2,1,1,2,1,2,1,1,2,1,1,1,2,1,2,1,1,2,1,1,2,1,1,1,2,1,2,1,1,1,2,1,2,1,1,2,1,1,2,1,1,1,2,1,2,1,1,1,2,1,1,2,1,1,2,1,1,2,1,1,2,1,2,1,1,1,2,1,2,1,1,2,1,1,1,2,1,47,1,0,3,1,1,2,1,2,1,1,1,3,4,1,1,1,1,2,1,3,1,1,2,2,2,3,4,1,6,3,1,1,3,12,12,1,8,1,12,2,3,12,3,1,3,1,2,2,1,1,1,1,1,7,2,2,3,1,3,6,4,1,4,6,1,1,1,1,3,1,7,5,1,1,1,2,2,1,2,2,2,0,3,1,1,1,1,2,1,5,1,1,5,5,5,5,1,3,5,1,5,3,4,5,6,7,2,4,3,2,6,7,6,7,7,6,7,6,7,7,7,3,4,6,4,5,6,7,1,4,1,2,1,2,7,3,7,4,4,5,3,7,4,4,1,6,2,4,3,5,4,6,7,4,4,,,,,,,,,,,,,,,,,,,,,,,,,,,,,,,,,,,,,,,,,,,,,,,,,,,,,,,,,,,4,1,4,9,2,291,91,89,462,272,63,109,82,199,361,,,,210,32,679,5,2691,,12/5/24 18:37,,,,,,,,,,,,,,,,,,,,,,,,,,,,,,,,,
1588,,1264,SONA,interview,12/5/24 18:58,1,0,21,21,1,1,1.39,2,,5,4,5,3,4,4,5,5,4,4,5,3,4,6,4,6,4,3,4,5,3,2,5,5,3,3,3,5,5,4,4,3,5,5,5,6,6,1,1,1,1,7,7,6,6,1,5,7,7,7,7,7,1,1,1,,,,,,,,,,,,,,,,,,,,5,5,5,5,5,5,4,5,4,5,2,3,4,10,7,8,5,6,9,1,4,2,5,5,5,3,1,1,1,5,2,7,1,4,5,6,10,9,8,3,2,2,2,2,2,2,2,2,1,2,2,1,1,2,2,2,1,2,2,1,1,2,1,2,1,1,2,2,2,2,2,2,1,2,2,2,2,2,1,2,2,2,2,2,2,2,2,2,1,2,1,2,1,1,2,2,1,2,2,2,1,1,2,1,1,1,2,2,1,2,1,1,2,1,1,2,1,1,1,1,1,5,3,5,3,5,4,5,2,3,4,4,2,4,2,4,4,3,2,4,4,3,4,3,4,2,4,3,4,4,5,4,5,5,3,5,4,2,3,2,5,2,5,4,5,7,7,7,5,6,6,8,8,6,5,4,7,8,8,6,6,3,3,4,5,5,5,5,4,4,4,-9,-9,6,6,4,3,3,5,5,5,5,5,99,1,2,1,1,1,1,1,1,2,Middle Eastern/ North African,1,1,19,,14,1,1,1,2,1,1,1,1,1,1,2,1,1,1,1,1,1,1,2,1,1,1,1,1,1,1,2,1,1,1,1,1,1,1,6,3,3,4,4,6,5,6,6,2,1,1,1,1,1,1,1,1,2,1,1,1,1,1,1,1,2,1,1,1,1,1,1,4,4,4,1,1,1,1,2,1,1,1,1,1,1,1,1,2,1,1,1,,1,2,1,1,1,1,1,1,1,1,1,5'2,117,2,1,1,1,2,1,1,2,1,1,2,1,1,2,1,2,1,1,2,1,1,1,2,1,2,1,1,2,1,1,1,2,1,1,2,1,1,2,1,1,2,1,1,2,1,2,1,1,2,1,1,2,1,1,2,1,1,2,1,1,2,1,1,1,2,1,1,2,1,2,1,1,1,2,1,1,2,1,1,2,1,1,2,1,2,1,1,50,1,0,12,4,12,1,4,2,1,1,1,5,4,1,1,1,1,1,1,2,1,1,1,1,1,5,1,2,12,1,2,2,6,4,5,1,12,2,1,6,1,1,1,1,1,5,5,5,1,1,1,1,1,8,1,1,4,1,1,1,5,1,-9,2,4,3,1,2,3,1,1,1,4,2,2,2,2,2,1,2,2,,4,2,3,2,2,4,2,4,2,2,4,4,-9,4,2,2,4,2,4,4,2,4,5,6,2,5,3,2,6,6,4,4,5,5,6,4,7,4,4,2,6,5,3,3,5,6,2,4,2,2,2,2,6,4,7,4,5,2,4,7,3,2,2,7,3,3,2,3,6,6,7,6,3,,,,,,,,,,,,,,,,,,,,,,,,,,,,,,,,,,,,,,,,,,,,,,,,,,,,,,,,,,,7,1,4,14,3,198,141,161,750,433,40,55,55,133,55,,,,91,15,292,5,2445,,12/5/24 19:39,,,,,,,,,,,,,,,,,,,,,,,,,,,,,,,,,
1589,,768,SONA,interview,12/5/24 19:34,1,0,21,21,0,0,1.43,2,,5,1,7,7,7,7,1,7,4,7,4,4,5,3,6,7,7,1,7,7,6,7,7,7,3,7,7,7,2,4,7,3,5,7,7,7,7,1,1,1,1,7,7,7,7,1,7,7,7,7,7,7,1,1,1,,,,,,,,,,,,,,,,,,,,5,5,5,5,5,3,2,2,2,5,4,2,3,9,5,6,8,10,7,1,5,5,5,5,5,5,5,5,5,5,3,4,2,5,6,9,7,8,10,1,2,2,1,2,2,2,2,1,1,1,1,1,2,2,2,2,2,2,1,1,1,1,1,2,1,1,1,2,2,1,1,1,1,1,2,2,2,2,1,2,2,1,1,2,1,2,1,2,2,1,1,2,2,1,2,1,1,1,1,2,2,2,2,1,2,1,2,1,1,1,1,1,1,1,2,2,1,1,1,1,1,4,1,5,4,2,4,2,2,2,3,3,3,4,4,4,4,4,4,4,4,4,4,4,4,4,4,4,4,4,1,4,5,3,3,4,4,4,4,4,4,1,4,5,1,9,9,3,1,1,3,9,9,9,9,9,9,1,9,9,9,3,3,7,7,7,7,7,1,7,1,1,1,1,1,7,7,7,7,7,7,1,1,99,2,2,1,1,1,2,1,1,1,,1,1,22,,,1,1,2,1,1,1,1,1,1,2,1,1,1,1,1,1,1,1,1,2,1,1,1,2,1,1,1,1,1,1,1,1,1,1,1,1,1,7,1,7,1,1,7,1,1,1,2,1,1,1,1,1,1,1,1,1,1,2,1,1,1,1,1,1,2,1,1,5,5,5,1,1,1,1,1,1,2,1,1,1,1,1,1,1,1,1,2,n/a,1,2,1,1,1,1,1,1,1,1,1,5'4,150,1,2,1,2,1,1,1,2,1,1,2,1,2,1,1,1,2,1,2,1,1,1,2,1,1,2,1,2,1,1,2,1,1,1,2,1,2,1,1,1,2,1,2,1,1,1,2,1,2,1,1,1,2,1,2,1,1,2,1,1,2,1,1,1,2,1,1,2,1,2,1,1,1,2,1,2,1,1,2,1,1,1,2,1,2,1,1,36,2,1,9,1,5,1,1,1,1,1,1,3,1,2,1,1,1,1,1,2,1,1,1,2,1,1,1,1,12,2,2,2,2,4,1,3,1,12,6,1,1,1,1,1,2,1,3,1,1,1,1,1,1,8,1,1,8,1,2,2,2,1,4,5,1,1,1,1,1,8,8,7,7,1,2,2,2,2,2,2,2,0,3,,,,,,,,,,,,,,,,,,,,,,,,,,,,,,,,,,,,,,,,,,,,,,,,,,,,,,,,,,,,,,,,,,,,,,,,,7,7,7,7,7,7,7,7,1,1,1,1,3,3,3,1,7,7,7,2,2,7,3,2,1,2,2,1,2,2,2,2,2,2,2,2,3,3,4,4,4,2,2,5,5,5,2,3,7,-9,7,7,5,7,1,1,7,1,4,2,3,5,1,265,286,65,259,189,876,269,,,,88,30,84,99,27,183,6,1936,,12/5/24 20:19,,,,,,,,,,,,,,,,,,,,,,,,,,96,,,,,,,
1590,,1265,SONA,interview,12/5/24 19:42,1,0,21,21,1,1,1.7,2,talking,6,4,4,4,4,4,4,4,4,4,3,5,4,3,5,2,6,6,3,2,3,5,3,2,5,4,5,3,6,4,6,3,3,4,2,3,4,4,6,5,6,4,3,4,6,3,5,3,4,2,5,4,4,3,6,,,,,,,,,,,,,,,,,,,,2,3,3,2,5,4,4,3,3,3,9,7,5,1,4,10,8,6,3,2,2,3,3,4,2,4,3,2,4,3,10,8,6,4,1,5,9,7,3,2,1,2,1,2,1,1,2,1,1,1,2,1,1,1,1,1,1,1,1,1,1,1,1,1,1,1,1,1,1,2,1,1,1,1,2,1,2,1,1,2,1,1,1,1,1,1,1,1,1,1,1,1,2,1,1,1,1,1,1,1,1,1,2,1,1,1,1,1,1,1,1,1,1,1,2,1,1,1,2,1,1,2,3,2,4,3,2,2,4,3,4,3,2,2,4,3,2,4,3,2,3,4,2,2,3,3,4,2,4,3,2,2,3,4,2,3,2,3,4,4,2,3,4,3,4,8,5,4,4,5,6,8,4,2,6,5,4,7,5,4,6,5,8,3,5,3,4,6,4,3,5,3,5,2,4,3,6,2,4,6,3,5,3,100,1,1,1,1,2,1,2,1,1,,1,2,18,,,1,1,2,1,1,1,1,1,1,1,1,1,1,2,1,1,1,1,1,2,1,1,1,1,1,1,2,1,1,1,1,1,1,1,2,3,4,2,6,3,5,3,2,1,2,1,1,1,1,1,1,1,2,1,1,1,1,1,1,1,1,1,1,2,1,1,1,3,4,3,1,1,1,1,1,2,1,1,1,1,1,1,1,1,1,2,1,,1,2,1,1,1,1,1,1,1,1,1,6'2,184,2,1,1,1,2,1,2,1,1,2,1,1,1,2,1,2,1,1,1,2,1,2,1,1,2,1,1,1,2,1,2,1,1,1,2,1,2,1,1,2,1,1,2,1,1,1,2,1,2,1,1,1,2,1,2,1,1,2,1,1,2,1,1,2,1,1,1,2,1,2,1,1,1,2,1,2,1,1,1,2,1,1,2,1,2,1,1,12,3,1,6,5,10,9,6,7,6,8,6,9,6,9,6,9,5,8,6,9,6,9,7,9,6,7,9,4,5,10,7,9,6,9,6,9,6,10,5,8,5,8,6,3,3,9,6,5,9,7,5,6,9,6,6,5,7,5,5,1,1,1,1,4,3,5,6,4,4,5,1,1,4,1,1,2,2,2,2,1,2,12,2,2,3,5,3,2,4,3,2,4,2,1,3,2,4,5,3,4,3,4,5,4,6,4,5,3,2,4,-9,5,3,6,3,5,4,-9,5,3,6,4,6,3,4,5,4,3,5,3,4,3,4,2,5,3,5,3,2,3,4,5,5,2,4,2,4,5,3,4,3,5,3,4,5,,,,,,,,,,,,,,,,,,,,,,,,,,,,,,,,,,,,,,,,,,,,,,,,,,,,,,,,,,,5,2,23,18,5,753,61,64,528,52,45,32,29,115,71,,,,148,12,57,5,2018,,12/5/24 20:16,,,,,,,,,,,,,,,,,,,,,,,,,,,,,,,,,
1592,,1199,SONA,interview,12/5/24 23:23,1,0,21,21,1,1,0.52,2,,5,3,5,3,6,5,4,3,3,3,5,6,3,4,5,4,3,3,4,2,2,5,5,5,2,5,4,5,3,5,5,4,5,5,6,5,7,1,1,1,1,7,6,6,5,2,5,5,5,4,4,3,3,4,4,,,,,,,,,,,,,,,,,,,,4,3,4,2,3,2,3,3,3,5,6,7,2,8,4,10,5,9,3,1,3,2,5,3,4,2,1,1,1,5,5,6,2,4,3,8,10,9,7,1,1,2,2,1,1,1,1,2,1,1,1,1,1,2,1,2,1,2,1,1,1,1,1,2,1,1,1,2,2,1,1,2,1,1,2,1,2,2,1,1,1,1,1,2,1,2,1,1,2,2,1,1,1,1,2,2,1,2,2,2,1,2,2,2,2,1,2,2,1,1,1,1,2,1,2,2,1,1,1,1,1,2,2,3,2,3,4,4,2,3,4,3,2,3,2,3,3,4,2,4,3,4,4,4,4,3,3,3,3,4,5,4,4,3,3,4,2,2,4,4,3,4,4,4,5,4,5,6,3,2,2,7,5,3,3,2,3,3,2,4,4,2,5,5,5,5,5,5,4,7,7,-9,-9,6,3,6,5,6,6,5,6,5,5,101,2,2,1,1,1,2,1,1,1,,1,1,18,,9,1,1,1,2,1,1,1,1,1,1,1,1,1,2,1,1,1,1,2,1,1,1,1,1,1,1,1,2,1,1,1,1,1,1,4,2,2,4,4,2,3,2,3,1,1,2,1,1,1,1,1,1,1,1,1,2,1,1,1,1,1,1,2,1,1,1,1,6,7,6,1,2,1,1,1,1,1,1,1,1,2,1,1,1,1,1,1,,1,2,1,1,1,1,1,1,1,1,1,"5'4""",115,1,2,1,2,1,1,1,2,1,1,2,1,1,2,1,2,1,1,2,1,1,1,2,1,2,1,1,2,1,1,2,1,1,2,1,1,1,2,1,1,2,1,2,1,1,1,2,1,1,2,1,2,1,1,2,1,1,2,1,1,2,1,1,2,1,1,1,2,1,2,1,1,2,1,1,1,2,1,2,1,1,1,2,1,2,1,1,31,1,0,4,2,1,1,1,1,1,1,1,3,5,1,1,1,1,1,1,2,1,1,1,1,2,1,1,1,3,1,2,1,1,1,1,2,1,1,3,2,1,1,2,1,3,2,4,3,1,1,1,1,1,6,1,1,1,1,1,2,6,2,3,6,1,1,1,5,5,4,1,1,1,2,1,2,2,2,2,2,2,0,3,,,,,,,,,,,,,,,,,,,,,,,,,,,,,,,,,,,,,,,,,,,,,,,,,,,,,,,,,,,,,,,,,,,,,,,,,4,4,3,5,3,4,2,3,4,2,5,3,3,3,2,3,4,3,2,5,3,5,3,2,2,4,5,4,4,-9,5,3,4,4,5,5,4,3,4,3,4,2,3,2,2,2,2,4,5,4,5,5,3,3,4,3,5,3,6,1,3,8,10,357,344,263,567,12404,1418,522,,,,2872,807,162,326,42,2332,38,2574,,12/6/24 5:38,,,,,,,,,,,,,,,,,,,,,,,,,,58,,,,,,,
1595,,1143,SONA,interview,12/6/24 1:31,1,0,21,21,0,0,0.97,2,,5,5,1,1,7,1,5,2,6,7,6,3,1,6,3,4,6,2,1,2,2,5,5,5,3,5,6,6,6,5,7,3,4,4,5,5,5,1,1,1,1,7,7,7,7,1,7,7,7,7,7,6,1,7,1,,,,,,,,,,,,,,,,,,,,3,3,5,4,4,3,3,5,5,5,3,4,5,7,8,9,10,2,6,1,5,1,5,3,4,1,1,1,1,5,4,6,2,5,3,7,9,10,8,1,1,2,2,2,1,1,1,2,1,1,2,2,1,1,2,1,2,2,1,2,1,1,2,2,1,1,1,1,2,2,1,2,2,1,2,2,1,2,1,2,1,2,1,2,2,2,2,1,1,2,1,1,1,1,2,2,1,2,2,1,2,2,2,2,2,2,1,1,1,1,1,1,1,1,2,1,1,1,1,1,1,4,2,3,1,4,4,5,2,4,4,4,3,4,2,5,5,5,4,2,5,3,5,4,5,4,5,1,3,1,5,4,2,5,4,4,5,4,4,5,4,4,4,5,5,9,7,7,5,6,7,8,8,6,5,6,9,9,7,6,7,7,5,5,7,6,5,6,2,7,7,1,1,7,7,7,7,7,7,7,7,6,5,102,1,1,1,1,2,1,1,1,1,,1,1,18,,12,1,1,2,1,1,1,1,1,1,1,1,2,1,2,1,1,2,1,1,2,1,1,1,1,1,1,1,1,1,1,1,1,2,1,6,5,4,6,2,6,7,6,7,1,1,2,1,1,1,1,1,1,1,1,1,1,2,1,1,1,1,2,1,1,1,1,1,6,4,7,1,2,1,1,1,1,1,1,1,1,1,2,1,1,1,1,1,,1,1,2,1,1,1,1,1,1,1,1,"5'8""",180,1,2,1,1,2,1,2,1,1,1,2,1,1,2,1,1,2,1,2,1,1,1,2,1,2,1,1,1,2,1,1,2,1,1,2,1,2,1,1,2,1,1,2,1,1,1,2,1,2,1,1,2,1,1,2,1,1,1,2,1,1,2,1,1,2,1,1,2,1,2,1,1,2,1,1,1,2,1,1,2,1,2,1,1,1,2,1,37,1,0,1,2,12,1,1,1,1,1,1,1,1,1,1,1,1,1,1,2,1,1,1,1,1,5,4,1,1,1,1,2,1,3,3,2,3,1,2,1,1,1,2,1,2,1,1,1,1,1,1,1,1,3,2,1,2,1,2,2,1,1,3,1,7,3,1,1,4,5,1,3,1,2,1,2,2,2,1,2,2,,5,4,4,1,1,1,3,3,1,1,5,5,5,5,1,1,5,1,5,1,6,7,7,7,3,5,5,7,2,7,2,7,4,3,7,1,3,7,6,3,6,7,6,4,7,1,4,7,4,7,5,1,2,1,5,7,3,2,1,6,4,4,5,6,4,2,6,4,6,6,4,5,1,,,,,,,,,,,,,,,,,,,,,,,,,,,,,,,,,,,,,,,,,,,,,,,,,,,,,,,,,,,7,1,4,7,2,293,205,114,349,579,360,76,79,578,455,,,,1057,19,750,5,2643,,12/6/24 2:53,,,,,,,,,,,,,,,,,,,,,,,,,,,,,,,,,
1596,,1268,SONA,interview,12/6/24 2:45,1,0,21,21,0,0,0.92,2,,2,2,2,7,7,7,1,7,6,6,1,1,4,7,4,5,7,1,5,1,7,6,1,5,6,6,6,6,6,6,7,6,4,7,7,7,7,1,1,1,1,7,7,5,4,4,2,2,4,7,7,7,6,1,2,7,7,1,5,7,4,4,4,5,4,1,6,1,,,,,,,4,5,4,2,4,3,2,5,5,5,9,5,3,8,6,7,10,2,4,1,5,5,5,1,5,5,5,5,1,3,4,7,1,6,3,9,8,5,10,2,1,2,2,1,2,1,1,1,1,1,1,1,1,2,2,1,2,2,1,2,1,2,1,2,1,1,2,2,1,2,1,2,1,1,2,2,2,2,1,2,1,2,2,2,1,1,2,2,2,2,1,2,2,1,2,2,1,2,1,1,2,2,2,1,2,1,2,1,1,1,1,2,1,1,2,2,1,1,1,1,1,2,5,5,2,3,5,4,3,4,5,2,1,5,5,5,1,3,4,5,5,4,3,4,2,1,1,5,5,5,5,5,5,4,2,4,2,5,3,5,5,5,3,3,5,9,8,8,8,2,7,9,9,1,5,2,7,9,9,9,9,9,1,7,6,2,2,7,4,7,1,1,7,1,7,7,6,4,4,4,5,1,4,103,2,2,1,1,1,2,2,1,1,,1,2,18,,11,1,1,1,2,1,1,1,1,1,1,2,1,1,2,1,1,2,1,2,1,1,1,1,1,1,1,1,2,1,1,1,1,1,1,2,1,1,7,1,5,5,7,7,1,1,1,1,1,2,1,1,1,1,1,1,1,1,2,1,1,1,1,1,1,2,1,1,5,7,3,1,2,1,1,1,1,1,1,1,1,1,1,1,1,1,1,2,Methodist Christian,1,1,1,2,1,1,1,1,1,1,1,5'2,144,2,1,1,1,2,1,2,1,1,1,2,1,1,2,1,1,2,1,2,1,1,1,2,1,2,1,1,2,1,1,2,1,1,1,2,1,2,1,1,2,1,1,2,1,1,2,1,1,2,1,1,2,1,1,2,1,1,2,1,1,2,1,1,2,1,1,1,2,1,2,1,1,2,1,1,1,2,1,1,2,1,1,2,1,2,1,1,39,1,0,12,3,1,4,1,1,1,1,1,6,1,4,1,4,1,2,1,3,1,1,2,4,1,12,1,1,7,4,5,3,7,7,1,1,12,1,12,4,6,6,2,1,3,1,3,1,8,1,1,1,1,8,1,1,7,1,4,1,1,1,6,5,1,1,1,1,1,8,1,1,1,2,1,2,2,2,1,2,2,,4,,,,,,,,,,,,,,,,,,,,,,,,,,,,,,,,,,,,,,,,,,,,,,,,,,,,,,,,,,,,,,,,,,,,,,,,,5,4,4,4,1,7,7,2,4,7,1,1,1,2,1,5,3,4,5,4,7,3,7,5,3,2,2,4,3,3,6,4,1,1,6,6,3,4,5,4,4,1,5,3,4,2,6,7,7,6,7,2,7,5,1,1,2,1,3,1,8,17,2,342,96,88,490,198,92,117,,,,256,61,119,253,63,277,8,2487,,12/6/24 3:26,,,,,,,,,,,,,,,,,,,,,,,,,,69,,,,,,,