survey_language,Laiko žymė,consent,current_rel,c_and_r It is important to me that my partner is sexually loyal to me,c_and_r It is important to me that my partner is emotionally loyal to me,c_and_r I do not spend much time and energy doing things to keep my partner invested in our relationship,c_and_r I often think about whether my partner will leave me,c_and_r I worry about others stealing my romantic/sexual partner,c_and_r I worry that my romantic/sexual partner might leave me,c_and_r I get jealous if others pay attention to my romantic/sexual partner,c_and_r I wonder if my partner will leave me for someone else,c_and_r I worry that other people are interested in my romantic/sexual partner,c_and_r I am worried that my partner and I might break up,c_and_r It would not be that big a deal to me if my partner and I broke up ,"c_and_r If others were romantically interested in my partner, it would not bother me very much","c_and_r If my partner were to have romantic or sexual relationships with others, that would be OK with me",children,c_and_rI help take care of my children,c_and_rI like to spend time with my children,c_and_rTaking care of my children is not a high priority for my right now,c_and_rI often think about how I could stop bad things from happening to my children,c_and_rI rarely think about protecting my children,c_and_rProviding for my children is important to me,fsmi I spend a lot of time thinking about ways to meet possible dating partners,fsmi I am interested in finding a new romantic/sexual partner ,fsmi I am not interested in meeting people to flirt with or date,fsmi Starting a new romantic/sexual relationship is not a high priority for me,fsmi I rarely think about finding a romantic or sexual partner soon,fsmi I would like to find a new romantic or sexual partner soon,fsmi It is important to me that other people look up to me,fsmi I want to be in a position of leadership ,fsmi It is important to me that others respect my rank or position,fsmi I let others take the lead when working with a group,"fsmi In groups, I prefer to follow rather that to lead",fsmi I do things to ensure that I do not lose the status I have  I ,fsmi I do not like being at the bottom of a hierarchy ,fsmi I do not worry very much about losing status,fsmi Getting along with the people around me is a high priority,fsmi I would be extremely hurt if a friend excluded me ,"fsmi If I lost a friendship, I could easily move on",fsmi I would prefer to spend time alone than to be surrounded by other people,fsmi I like to be alone even if I might lose some friends because of it ,fsmi Being apart from my friends for long periods of time does not bother me ,fsmi Being part of a group is important to me,fsmi I enjoy working with a group to accomplish a goal,fsmi I like being part of a team,fsmi Working in a group is usually more trouble than it is worth,fsmi It would be a big deal to me if a group excluded me,fsmi It bothers me when groups of people I know do things without me,"fsmi When I am in a group, I do things to help the group stay together",fsmi I worry about being rejected,fsmi I often wonder whether I am being exluded,fsmi I dislike being left out of activities with friends,fsmi I do not worry very much about being excluded by others,fsmi I often think about whether other people accept me ,fsmi I do not mind being by myself for long periods of time,fsmi Having time alone is extremely important to me,fsmi I like to be by myself,fsmi Caring for family members is important to me ,fsmi Having close ties to my family is not very important to me,fsmi I am not very interested in helping my family members,fsmi I would rather not spend time with my family members,"fsmi If a family member needed something, I would rather not help them",fsmi Being close to my family members is extremely important to me,fsmi It is extremely important to me to have good relationships with my family members ,fsmi I think a lot about how to stay safe from dangerous people,fsmi I am motivated to keep myself safe from others,fsmi I do not worry about keeping myself safe from others ,fsmi I worry about dangerous people,fsmi I think about how to protect myself from dangerous people,fsmi I am motivated to protect myself from dangerous others,fsmi I avoid places and people that might carry diseases,fsmi I avoid people who might have a contagious illness,fsmi I worry about catching colds and flu from to much contact with other people,fsmi I do not worry very much about getting germs from others,"fsmi When someone near me is sick, it does not bother me very much ",fsmi I do not mind being around people who are sick,life_hist Been to an emergency room for your own illness (not for injury),life_hist Stayed home because you were too sick to work or go out,life_hist Visited someone in the hospital,life_hist Avoided shaking hands with someone who seemed sick,life_hist Been to an emergency room for your own injury (not for illness),life_hist Taken a child to the emergency room,life_hist Been in a car accident,life_hist Been in a physical fight,life_hist Purchased a gun,life_hist Kept a gun in your home,life_hist Used a home security system,life_hist Carried a weapon in public,life_hist Carried mace/pepper spray to protect yourself,life_hist Had a falling out with a freind,life_hist Played a team sport,life_hist Volunteered your time for an organisation,life_hist Had a friend close to you die ,life_hist Used a social networking website(like facebook),life_hist Moved within the same town/city,life_hist Moved to a different town/city,life_hist Moved to a different country,life_hist Gotten a promotion,life_hist Been laid off from work,life_hist Started a new job,life_hist Collected unemployment,life_hist Purchased a brand new (unused) car,life_hist Purchased a used car,life_hist Purchased a new phone,life_hist Purchased a new computer,life_hist Taken the bus,life_hist Taken the subway or light rail,life_hist Flown on a plane,life_hist Taken a train,life_hist Spent more than 100 euros on dinner with a date ,life_hist Screamed at someone,life_hist Punched or forcefully shoved someone,life_hist Chosen to end a relationship,life_hist Had someone break up with you/end your relationship,life_hist Been divorced,life_hist Gone to a gym or exercise class,life_hist Been on a diet,life_hist Lost 5 or more kg,"life_hist Made a piece of art( e.g.,painting, sculpture, drawing)",life_hist Been asked out on a date,life_hist Asked someone to go out on a date,life_hist Gone to a music concert,"life_hist Played music, sang, or performed for others",life_hist Gone out dancing,life_hist Gone a fully day without eating,life_hist Attended a wedding,life_hist Been to a relationship counselor,life_hist Bought a holiday/birthday gift for a romantic partner,life_hist Bought a gift for a romantic partner when it was not a holiday or birthday,life_hist Purchased a home ,life_hist Attended religious service,life_hist Had a family member die,life_hist Become the parent of a child ,life_hist Had a family member have a child,life_hist Taken a relative to the hospital,life_hist Baby sat or cared for a younger relative,life_hist Had sex without a condom,life_hist Had sex with a condom,life_hist Put money in a savings account,life_hist Bought or traded stock in the stock market,life_hist Borrowed money from a family member,life_hist Played a non-team sport,life_hist Cooked a meal at home,life_hist Donated money to an organization,life_hist Served in the military,life_hist Smoked cigarettes,life_hist Had a job where other people worked for you,life_hist Been unfaithful to a romantic/sexual partner,life_hist Taken a cab,life_hist Been arrested,life_hist Used twitter,life_hist Gotten a flu shot ,life_hist Gotten a patent on an idea or invention,"life_hist Commented on an online blog, forum, or news article",life_hist Taken a self-defence class,life_hist Broken a bone,life_hist Been skydiving,life_hist_freq  été aux urgences à cause d'une maladie (et non pour des blessures),life_hist_freq resté à la maison car vous étiez trop malade pour travailler ou sortir,life_hist_freq visité quelqu'un à l'hôpital,life_hist_freq évité de serrer la main à quelqu'un qui semblait malade,life_hist_freq été aux urgences pour une blessure (et non pour une maladie),life_hist_freq emmené un enfant aux urgences,life_hist_freq été victime d’un accident de voiture,life_hist_freq pris part à une bagarre,life_hist_freq acheté une arme à feu,life_hist_freq conservé une arme à feu à votre domicile,life_hist_freq utilisé un système de sécurité domestique,life_hist_freq porté une arme en public,life_hist_freq possédé un spray au poivre afin de vous défendre,life_hist_freq coupé les ponts avec un ami,life_hist_freq joué à un sport collectif,life_hist_freq donné bénévolement de votre temps à une association,life_hist_freq connu la perte d’un de vos ami proche (décès),life_hist_freq utilisé un réseau social (comme Facebook),life_hist_freq déménagé dans la même ville,life_hist_freq déménagé dans une ville différente,life_hist_freq déménagé dans un autre pays,life_hist_freq obtenu une promotion,life_hist_freq été licencié de votre travail,life_hist_freq commencé un nouveau travail,life_hist_freq touché des prestations chômages,life_hist_freq acheté une voiture neuve,life_hist_freq acheté une voiture d’occasion,life_hist_freq acheté un nouveau téléphone,life_hist_freq acheté un nouvel ordinateur,life_hist_freq pris le bus,life_hist_freq pris le métro ou le RER,life_hist_freq pris l’avion,life_hist_freq pris le train,life_hist_freq dépensé plus de 100 euros au restaurant pour un rendez-vous galant,life_hist_freq crié sur quelqu’un,life_hist_freq frappé ou fortement bousculé quelqu’un ,life_hist_freq choisi de mettre fin à une relation,life_hist_freq été plaqué par quelqu’un,life_hist_freq divorcé,life_hist_freq été à une salle de sport,life_hist_freq été au régime,life_hist_freq perdu plus de 5 kil,"life_hist_freq créé une oeuvre d’art (peinture, sculpture, dessin)",life_hist_freq été invité à un rendez-vous galant,life_hist_freq invité quelqu’un à un rendez-vous galant,life_hist_freq allé à un concert de musique,life_hist_freq joué ou fait une représentation de musique ou de chant,life_hist_freq sorti danser dans un club,life_hist_freq passé une journée entière sans manger,life_hist_freq assisté à un mariage,life_hist_freq été voir un conseiller conjugal,life_hist_freq acheté un cadeau d’anniversaire ou pour les fêtes à votre conjoint,life_hist_freq acheté un cadeau à votre conjoint sans que ça soit son anniversaire ou une fête,life_hist_freq acheté une maison,life_hist_freq assisté à un office religieux,life_hist_freq perdu un membre de votre famille (décès),life_hist_freq un ou plusieurs enfants,life_hist_freq un membre de votre famille qui est parent d’un enfant,life_hist_freq emmené un proche à l'hôpital,life_hist_freq fait du babysitting à un membre de votre famille,life_hist_freq eu des relations sexuelles sans préservatif,life_hist_freq eu des relations sexuelles avec préservatif,life_hist_freq mis de l’argent de côté,life_hist_freq acheté ou échangé des actions en bourse,life_hist_freq emprunté de l’argent à un membre de votre famille,life_hist_freq joué à un sport individuel,life_hist_freq cuisiné un repas à la maison,life_hist_freq donné de l’argent à une association,life_hist_freq servi dans l’armée,life_hist_freq fumé des cigarettes,life_hist_freq eu un emploi où des personnes travaillent pour vous,life_hist_freq trompé un partenaire (sexuel ou romantique),life_hist_freq pris un taxi,life_hist_freq été arrêté,life_hist_freq utilisé twitter,life_hist_freq été vacciné contre la grippe,life_hist_freq obtenu un brevet pour une idée ou une invention,"life_hist_freq commenté un article, un blog ou un forum en ligne",life_hist_freq pris des cours de self défense,life_hist_freq cassé un os,life_hist_freq fait du parachutisme,life_hist_freq Used a social networking website (like facebook),life_hist_freq Taken the bus,life_hist_freq Taken the subway or light rail,life_hist_freq Gone to a gym or exercise class,life_hist_freq Been to a relationship counselor,life_hist_freq Had sex without a condom,life_hist_freq Had sex with a condom,life_hist_freq Babysat for a younger relative,life_hist_freq Bought or traded stock in the stock market ,life_hist_freq Put money in a savings account,life_hist_freq Cooked a meal at home,life_hist_freq Played a team sport,life_hist_freq Played a non-team sport,life_hist_freq Smoked cigarettes,life_hist_freq Taken a cab,life_hist_freq Attended a religious service,life_hist_freq Used twitter,life_hist_freq Carried a mace/pepper spray to protect yourself ,life_hist_freq Carried a weapon in public,"life_hist_freq Commented on an online blog, forum, or news article",last_year_life_hist Been on a diet,last_year_life_hist Lost 5 Kg or more ,last_year_life_hist Purchased a home,last_year_life_hist Served in the military,last_year_life_hist Had a job where other people worked for you,last_year_life_hist Gotten a flu shot,last_year_life_hist Taken a self defense class,last_year_life_hist Kept a gun in your home,life_hist Have you ever been divorced ?,life_hist For how long have you been divorced? (enter number of years from 0 to 100),life_hist When is the last time you bought clothing for yourself?,"Please respond honestly to the following questions: [I can easily imagine myself being comfortable and enjoying ""casual"" sex with different partners.",Please respond honestly to the following questions: [I can imagine myself enjoying a brief sexual encounter with someone I find very attractive.,Please respond honestly to the following questions: [I could easily imagine myself enjoying one night of sex with someone I would never see again ,Please respond honestly to the following questions: [Sex without love is OK,Please respond honestly to the following questions: [I could enjoy sex with someone I find highly desirable even if that person does not have long-term potential,Please respond honestly to the following questions: [I would consider having sex with a stranger if I could be assured that it was safe and he/she was attractive to me,Please respond honestly to the following questions: [ I would never consider having a brief sexual relationship with someone ,Please respond honestly to the following questions: [Sometimes I would rather have sex with someone I don’t care about ,Please respond honestly to the following questions: [I believe in taking sexual opportunities when I find them,Please respond honestly to the following questions: [I would have to be closely attached to someone (both emotionally and psychologically) before I could feel comfortable and fully enjoy having sex with him or her ,Please respond honestly to the following questions: [I am interested in maintaining a long-term relationship with someone special ,soi I hope to have a romantic relationship that lasts the rest of my life ,soi I would like to have a romantic relationship that lasts forever ,soi Long-term romantic relationships are NOT for me,soi Finding a long-term romantic partner is NOT important for me,soi I can easily see myself engaging in a long-term romantic relationship with someone special,soi I cannot imagine myself spending the rest of my life with one sex partner,soi I can see myself settling down romantically with one special person,"soi If I never settled down with one romantic partner, that would be OK",ecr I’m afraid I will lose my partner’s love ,ecr I often worry that my partner will not want to stay with me ,ecr I often worry that my partner does not really love me ,ecr I worry that romantic partners won’t care about me as much as I care about them ,ecr I often wish that my partner’s feelings for me were as strong as my feelings for him or her ,ecr I worry a lot about my relationships,"ecr When my partner is out of sight, I worry that he or she might become interested in someone else ","ecr When I show my feelings for romantic partners, I’m afraid they will not feel the sam about me ",ecr I rarely worry about my partner leaving me ,ecr My romantic partner makes me doubt myself ,ecr I do not often worry about being abandoned ,ecr I find that my partner(s) don’t want to get as close as I would like ,ecr Sometimes romantic partners change their feelings about me for no apparent reason ,ecr My desire to be very close sometimes scares people away ,ecr I’m afraid that once a romantic partner gets to know me he or she won’t like who I really am,ecr It makes me mad that I don’t get the affection and support I need from my partner ,ecr I worry that I won’t measure up to other people ,ecr My partner only notices me when I’m angry ,ecr I prefer not to show a partner how I feel deep down ,ecr I feel comfortable sharing my private thoughts and feelings with partner ,ecr I find it difficult to allow myself to depend on romantic partners ,ecr I am very comfortable being close to romantic partners ,ecr I don’t feel comfortable opening up to romantic partners ,ecr I prefer not to be too close to romantic partners ,ecr I get uncomfortable when a romantic partner wants to be very close ,ecr I find it relatively easy to get close to my partner ,ecr It’s not difficult for me to get close to my partner ,ecr I usually discuss my problems and concerns with my partner ,ecr It helps to turn to my romantic partner in times of need ,ecr I tell my partner just about everything,ecr I talk Things over with my partner ,ecr I am nervous when partners get too close to me,ecr I feel comfortable depending on romantic partners ,ecr I find it easy to depend on romantic partners ,ecr It’s easy for me to be affectionate with my partner ,ecr My partner really understands me and my needs ,gender,ethnicity,age,children,birth_age,family_death,age_first_family_death,highest_ed,occup_status,ses,income,"subj_childhood_hardship Compared to the average person, how stable was your home life when you were growing up?","subj_childhood_hardship Compared to the average person, how predictable was your life when you were growing up?","subj_childhood_hardship Compared to the average person, how hard was your life when you were growing up?",pol_orientation,social_pol_orientation,econ_pol_orientation,pol_affiliation,rel_affiliation,current_rel_length,height,weight
English,2022-04-03 12:51:35,yes,Dating one person,7,7,2,2,1,3,5,1,5,3,3,1,1,0,,,,,,,5,1,2,5,6,1,6,5,5,3,4,5,7,6,6,5,5,5,6,5,3,3,5,5,3,5,6,5,5,5,5,5,6,7,5,6,5,5,5,3,4,5,3,3,6,2,3,3,1,1,1,7,7,7,0,1,1,0,1,0,1,1,0,0,0,1,0,1,1,1,0,1,1,0,0,0,1,1,0,0,0,1,1,1,1,1,1,1,1,1,0,1,0,1,0,0,1,1,1,1,1,1,0,1,0,1,0,0,1,1,0,1,0,0,0,1,0,0,1,1,1,1,0,1,0,0,1,0,0,0,0,0,1,0,0,,,,,,,,,,,,,,,,,,,,,,,,,,,,,,,,,,,,,,,,,,,,,,,,,,,,,,,,,,,,,,,,,,,,,,,,,,,,,,,,,,7,5,1,5,0,0,1,0,0,0,6,5,3,6,1,0,0,0,1,0,0,0,0,0,0,0,1,0,0,,This month,,,,,,,,,,,,,,,,,,,,,,,,,,,,,,,,,,,,,,,,,,,,,,,,,,,,,,,,,,,,,,,,,,,,,,,,,,,,,
English,2022-04-03 14:16:42,yes,"Single, never married",,,,,,,,,,,,,,0,,,,,,,4,5,1,3,2,5,7,7,7,3,2,2,7,1,6,6,1,1,2,1,4,4,6,4,6,5,4,5,3,6,4,6,2,4,3,7,1,1,1,1,7,6,4,3,2,6,5,3,6,6,4,3,3,3,1,1,1,1,1,0,0,0,0,0,0,0,0,1,1,1,0,1,1,0,0,0,0,0,0,0,0,1,0,1,0,1,0,0,1,0,1,0,0,1,1,1,1,1,0,1,1,1,1,1,0,0,0,0,1,0,0,0,1,0,0,0,0,0,1,1,1,0,0,1,0,0,1,0,0,1,0,1,0,0,0,,,,,,,,,,,,,,,,,,,,,,,,,,,,,,,,,,,,,,,,,,,,,,,,,,,,,,,,,,,,,,,,,,,,,,,,,,,,,,,,,,7,1,0,3,0,0,0,0,0,0,4,3,1,1,5,1,0,0,0,5,1,1,0,0,0,0,0,0,0,,Last month,,,,,,,,,,,,,,,,,,,,,,,,,,,,,,,,,,,,,,,,,,,,,,,,,,,,,,,,,,,,,,,,,,,,,,,,,,,,,
English,2022-04-03 14:20:11,yes,Dating one person,6,7,1,4,2,4,2,4,2,4,2,1,1,0,,,,,,,2,1,6,6,6,1,5,6,6,4,5,2,6,3,5,4,4,4,5,2,5,5,6,2,3,5,6,2,5,5,5,2,6,5,6,6,2,2,2,2,6,6,4,4,3,4,5,5,6,3,1,3,3,4,1,1,1,1,1,0,1,1,0,0,0,0,1,1,1,1,0,1,1,1,0,0,1,1,0,0,0,1,1,1,1,1,1,0,1,1,1,1,1,1,1,1,0,1,1,1,0,1,1,0,0,1,1,0,1,1,0,1,0,1,1,1,1,0,1,1,1,1,0,1,0,0,0,0,1,1,1,0,1,0,0,,,,,,,,,,,,,,,,,,,,,,,,,,,,,,,,,,,,,,,,,,,,,,,,,,,,,,,,,,,,,,,,,,,,,,,,,,,,,,,,,,7,5,1,7,0,5,5,1,0,3,4,3,7,1,0,3,1,6,0,0,1,0,0,0,0,1,0,0,0,,This week,,,,,,,,,,,,,,,,,,,,,,,,,,,,,,,,,,,,,,,,,,,,,,,,,,,,,,,,,,,,,,,,,,,,,,,,,,,,,
English,2022-04-03 15:02:35,yes,"Single, never married",,,,,,,,,,,,,,0,,,,,,,5,5,4,3,4,5,3,6,5,5,2,2,6,6,7,6,6,3,2,1,6,6,7,2,4,6,7,2,3,7,2,1,7,7,5,7,2,1,1,1,6,7,7,4,7,7,7,7,4,6,1,7,6,6,0,1,1,0,0,1,0,0,0,0,1,0,0,0,1,0,0,1,1,0,0,0,0,0,0,0,0,1,1,1,1,1,1,0,1,0,0,0,0,1,1,1,1,0,0,1,0,0,0,1,0,0,0,0,0,0,0,0,0,1,0,0,0,1,0,0,1,1,0,1,0,0,1,0,1,1,0,0,0,0,0,,,,,,,,,,,,,,,,,,,,,,,,,,,,,,,,,,,,,,,,,,,,,,,,,,,,,,,,,,,,,,,,,,,,,,,,,,,,,,,,,,7,6,0,5,0,0,0,0,0,0,5,0,0,1,3,0,7,0,0,0,0,0,0,0,0,1,0,0,0,,A few months ago,,,,,,,,,,,,,,,,,,,,,,,,,,,,,,,,,,,,,,,,,,,,,,,,,,,,,,,,,,,,,,,,,,,,,,,,,,,,,
English,2022-04-03 15:25:38,yes,"Single, never married",,,,,,,,,,,,,,0,,,,,,,4,5,3,4,5,5,4,5,5,3,2,2,4,6,5,5,5,3,6,6,5,6,6,6,5,2,4,2,4,5,6,2,6,6,7,5,5,2,5,2,3,3,3,5,6,2,2,5,3,5,4,6,6,6,0,1,1,0,0,0,1,1,0,0,1,0,0,0,1,0,0,1,0,1,1,1,0,1,0,0,1,1,1,1,1,1,1,0,1,0,0,0,0,1,0,1,1,1,0,1,0,1,1,1,0,0,0,0,0,1,0,1,1,1,0,0,1,0,0,1,1,1,0,0,0,0,1,0,0,1,0,0,0,1,0,,,,,,,,,,,,,,,,,,,,,,,,,,,,,,,,,,,,,,,,,,,,,,,,,,,,,,,,,,,,,,,,,,,,,,,,,,,,,,,,,,7,1,1,5,0,0,0,2,0,1,3,3,2,0,1,1,0,0,0,0,1,1,0,0,0,0,0,0,0,,This week,,,,,,,,,,,,,,,,,,,,,,,,,,,,,,,,,,,,,,,,,,,,,,,,,,,,,,,,,,,,,,,,,,,,,,,,,,,,,
English,2022-04-03 16:38:38,yes,In a committed relationship,7,7,2,1,1,2,2,1,1,1,1,3,1,0,,,,,,,1,1,7,7,7,1,6,5,3,7,4,4,6,7,6,3,5,2,3,6,2,1,3,7,5,5,5,2,3,6,6,3,6,6,7,7,3,2,4,2,4,4,2,4,6,2,3,3,5,2,1,6,5,3,0,1,1,0,1,1,1,0,0,0,0,0,0,1,1,1,0,1,1,1,1,0,0,1,0,0,0,1,1,1,1,1,1,0,1,1,1,0,0,1,1,0,1,1,1,1,1,1,0,1,0,1,0,0,1,1,0,0,1,1,1,1,1,1,1,1,1,1,0,1,0,0,1,0,0,0,0,0,0,0,0,,,,,,,,,,,,,,,,,,,,,,,,,,,,,,,,,,,,,,,,,,,,,,,,,,,,,,,,,,,,,,,,,,,,,,,,,,,,,,,,,,7,5,1,0,0,3,5,0,4,2,6,1,3,4,3,0,0,0,0,0,0,0,0,0,0,0,0,0,0,,Last month,,,,,,,,,,,,,,,,,,,,,,,,,,,,,,,,,,,,,,,,,,,,,,,,,,,,,,,,,,,,,,,,,,,,,,,,,,,,,
English,2022-04-03 16:49:12,yes,"Single, never married",,,,,,,,,,,,,,0,,,,,,,6,6,4,6,4,4,5,3,4,6,7,5,5,6,6,5,6,6,6,6,5,5,5,6,4,5,6,6,6,5,6,6,6,6,6,6,4,4,5,4,6,6,5,5,5,5,5,5,6,6,5,5,5,4,1,1,1,1,1,0,1,0,0,0,0,0,0,1,1,0,0,1,1,1,0,1,0,1,0,0,0,1,1,1,1,1,1,0,1,1,0,0,0,1,1,1,1,0,0,1,1,1,1,1,0,0,0,0,1,0,0,0,0,0,0,0,1,1,1,1,1,0,0,1,0,0,1,0,1,1,0,0,0,1,0,,,,,,,,,,,,,,,,,,,,,,,,,,,,,,,,,,,,,,,,,,,,,,,,,,,,,,,,,,,,,,,,,,,,,,,,,,,,,,,,,,7,5,0,3,0,0,0,0,2,1,5,1,2,7,2,0,1,0,0,0,1,0,0,0,0,1,0,0,0,,A few months ago,,,,,,,,,,,,,,,,,,,,,,,,,,,,,,,,,,,,,,,,,,,,,,,,,,,,,,,,,,,,,,,,,,,,,,,,,,,,,
English,2022-04-03 18:26:51,yes,Dating one person,7,7,3,5,6,4,7,5,6,3,3,6,4,0,,,,,,,2,7,1,1,1,7,7,7,7,3,5,7,7,3,7,6,4,4,6,4,7,7,7,3,2,6,7,6,6,7,4,7,7,6,5,7,3,2,3,7,7,7,7,7,7,7,7,7,7,7,7,2,7,4,0,1,1,1,0,0,1,0,0,0,1,0,1,1,1,1,0,1,1,1,1,1,0,1,0,0,0,1,1,1,1,1,1,1,1,1,1,1,0,1,1,0,1,1,1,1,1,1,1,1,0,0,0,0,1,1,0,1,1,0,1,1,1,1,1,1,1,1,0,1,0,1,1,0,1,1,1,1,0,1,0,,,,,,,,,,,,,,,,,,,,,,,,,,,,,,,,,,,,,,,,,,,,,,,,,,,,,,,,,,,,,,,,,,,,,,,,,,,,,,,,,,7,5,6,5,0,5,6,1,5,6,5,5,5,6,3,5,7,5,0,3,1,0,0,0,0,0,0,0,0,,This week,,,,,,,,,,,,,,,,,,,,,,,,,,,,,,,,,,,,,,,,,,,,,,,,,,,,,,,,,,,,,,,,,,,,,,,,,,,,,
English,2022-04-03 19:32:40,yes,Dating one person,5,6,3,3,3,3,3,3,5,5,5,2,1,0,,,,,,,3,2,4,5,6,2,5,5,5,3,4,3,6,3,5,2,4,3,5,5,5,4,5,6,2,5,5,5,3,5,2,5,6,6,5,5,3,4,4,2,7,6,2,3,7,2,2,2,1,1,1,7,7,7,0,1,1,0,1,0,1,1,0,0,0,0,0,1,1,1,0,1,1,0,0,0,1,1,0,0,0,1,1,1,1,1,1,0,1,1,1,1,0,1,0,0,1,1,1,1,1,1,0,1,0,1,1,0,1,1,0,1,0,1,0,1,0,0,1,1,1,1,0,1,0,0,1,0,0,0,0,1,0,0,0,,,,,,,,,,,,,,,,,,,,,,,,,,,,,,,,,,,,,,,,,,,,,,,,,,,,,,,,,,,,,,,,,,,,,,,,,,,,,,,,,,7,4,1,6,0,0,1,1,0,0,6,4,7,5,3,1,0,0,0,3,0,0,0,0,0,0,0,0,0,,Last month,2,4,4,2,4,3,3,2,2,4,4,3,4,3,3,4,2,3,3,2,2,2,3,2,2,2,2,6,3,5,2,3,2,2,2,5,2,3,5,2,6,2,2,2,6,5,6,5,5,6,2,6,6,6,6,2,Middle-Eastern,18,No,,Yes,4,Some high school,Student,Middle Middle Class,,2,3,3,Neutral,Neutral,Neutral,Right wing,Atheist,3-6 months,180,77
English,2022-04-03 23:22:04,yes,Dating one person,7,7,2,2,6,2,3,2,2,2,2,2,1,0,,,,,,,1,1,7,7,6,1,4,5,5,3,5,6,6,4,6,4,3,3,2,3,5,6,5,2,5,4,7,5,5,4,4,6,5,4,5,6,2,2,3,1,6,6,4,6,4,4,4,4,5,6,4,4,3,4,1,1,0,1,0,0,0,0,0,0,0,0,1,0,1,1,0,1,1,1,1,1,0,1,0,0,0,1,1,1,0,1,1,0,1,0,1,1,0,1,1,1,1,1,0,1,1,1,0,1,0,1,0,0,1,1,0,1,0,1,1,1,1,0,1,1,1,1,0,1,0,0,1,0,1,0,0,0,0,0,0,,,,,,,,,,,,,,,,,,,,,,,,,,,,,,,,,,,,,,,,,,,,,,,,,,,,,,,,,,,,,,,,,,,,,,,,,,,,,,,,,,7,7,0,1,0,0,4,0,0,6,6,1,0,7,3,0,0,0,0,0,0,0,0,0,0,0,0,0,0,,Last month,1,2,1,4,3,2,4,2,3,5,5,5,5,1,1,5,2,5,2,3,3,1,2,1,3,1,5,6,1,6,3,6,6,2,1,5,1,2,7,5,7,2,2,3,7,7,6,7,7,6,3,6,7,7,7,1,European (other than french),22,No,,Yes,My grandpa died when I was 7 years old,High school completed or GED,"Working part time, Student",Lower Middle Class,,2,3,3,Somewhat liberal,Somewhat liberal,Neutral,Right wing,Atheist,6-12 months,167,60
English,2022-04-04 00:07:34,yes,Dating one person,7,7,2,2,1,6,1,2,2,2,2,3,1,0,,,,,,,1,1,6,2,7,1,4,2,2,7,5,5,1,5,5,3,7,7,7,3,7,7,5,3,1,1,6,2,1,2,3,1,7,7,7,7,1,1,1,1,3,6,1,2,1,2,3,2,2,1,1,5,7,7,0,1,1,0,0,0,0,0,0,0,0,0,0,0,1,1,0,1,1,1,1,0,0,1,0,0,1,1,0,1,0,1,0,0,0,0,1,1,0,1,1,1,1,1,1,1,0,1,0,1,0,1,1,0,0,1,0,0,0,0,1,1,0,0,1,0,1,0,0,1,0,1,0,0,0,0,0,0,0,0,0,,,,,,,,,,,,,,,,,,,,,,,,,,,,,,,,,,,,,,,,,,,,,,,,,,,,,,,,,,,,,,,,,,,,,,,,,,,,,,,,,,2,0,0,2,1,1,1,0,0,2,2,1,1,2,0,0,0,0,0,0,0,1,0,0,0,0,0,0,0,,This week,1,2,1,1,2,2,2,1,1,5,5,5,5,1,1,5,1,5,2,3,3,3,3,3,3,3,3,3,3,3,3,3,3,3,3,3,3,3,3,3,3,3,3,3,3,3,3,3,3,3,3,3,3,3,3,1,European (other than french),23,No,,Yes,22,Some college,"Working full time, Student",Middle Middle Class,,4,4,6,Somewhat conservative,Somewhat conservative,Somewhat conservative,Other or unaffiliated,Catholic,0-3 months,164,57
English,2022-04-04 11:01:19,yes,Dating one person,7,7,2,6,6,6,6,6,5,6,2,2,1,1,7,7,1,7,1,7,1,2,7,6,1,1,4,3,3,4,3,3,3,6,5,3,5,4,5,6,5,6,5,2,3,2,7,5,4,2,6,1,7,6,6,4,1,1,1,1,7,7,6,5,2,6,6,4,1,6,5,2,6,5,1,1,1,0,1,1,1,1,0,0,1,0,0,1,1,1,1,1,1,0,0,1,0,1,0,1,1,1,1,1,1,1,1,1,1,1,1,1,1,1,1,1,0,1,1,1,1,1,1,1,0,1,1,1,1,1,1,1,1,1,1,1,1,1,1,1,1,1,0,1,1,0,1,1,0,1,1,0,1,1,0,,,,,,,,,,,,,,,,,,,,,,,,,,,,,,,,,,,,,,,,,,,,,,,,,,,,,,,,,,,,,,,,,,,,,,,,,,,,,,,,,,7,0,0,0,0,0,0,0,3,5,4,3,0,7,0,0,0,0,0,0,1,1,0,0,1,1,0,0,1,5,Last month,1,1,1,1,1,1,1,1,1,5,5,5,5,1,1,4,1,5,3,2,6,5,4,5,7,3,6,2,1,1,4,1,1,6,1,6,1,3,6,5,7,5,6,1,7,5,6,2,6,7,1,5,5,6,6,2,Australian ,35,Yes,22,No,,Associate’s (2-year) degree,Working full time,Middle Middle Class,,2,5,3,Conservative,Conservative,Neutral,Other or unaffiliated,Protestant Christian,3-6 months,183,93
English,2022-04-04 12:49:42,yes,"Single, never married",,,,,,,,,,,,,,0,,,,,,,4,5,4,4,3,5,6,5,4,4,3,6,2,3,6,6,2,2,5,3,5,6,7,4,4,5,7,6,4,6,4,6,4,4,5,7,1,1,1,1,7,7,5,6,3,5,7,6,6,6,5,2,3,3,0,1,1,1,1,0,1,0,0,0,0,0,1,1,1,1,0,1,0,1,1,1,1,1,0,0,1,1,1,1,1,1,1,1,1,0,0,1,0,1,1,1,1,1,0,1,1,1,1,1,0,0,1,0,1,1,0,1,1,1,0,1,1,0,1,0,1,1,0,1,0,1,1,0,1,0,1,0,0,0,0,,,,,,,,,,,,,,,,,,,,,,,,,,,,,,,,,,,,,,,,,,,,,,,,,,,,,,,,,,,,,,,,,,,,,,,,,,,,,,,,,,7,5,1,3,0,1,4,2,0,0,6,1,0,7,3,3,1,4,0,0,0,1,0,0,0,0,0,0,0,,This month,4,4,2,4,4,4,2,1,3,5,5,5,4,2,1,3,3,4,3,6,5,6,6,5,4,4,6,3,5,2,4,5,3,5,6,5,2,4,4,2,5,2,4,4,4,4,6,3,5,5,5,5,5,3,6,1,European (other than french),22,No,,Yes,20,High school completed or GED,Student,Lower Middle Class,,5,3,2,Somewhat conservative,Neutral,Somewhat liberal,Other or unaffiliated,Catholic,Not currently in a relationship,170cm,52kg
English,2022-04-04 19:34:46,yes,In a committed relationship,7,7,2,2,1,5,1,4,6,5,1,2,1,0,,,,,,,1,1,7,7,7,1,5,3,6,3,3,4,4,3,6,7,3,3,3,2,6,2,5,6,7,7,5,7,7,7,2,7,7,6,6,7,1,1,1,1,6,7,3,7,3,5,5,6,3,1,1,6,7,6,1,1,1,0,0,0,0,0,0,0,0,0,0,1,0,1,0,1,1,1,1,0,0,1,0,0,0,1,1,1,1,1,1,1,1,0,1,1,0,1,0,1,1,1,1,1,1,1,0,1,0,1,1,0,1,0,0,1,0,0,1,1,1,1,1,1,1,0,0,0,0,0,1,0,0,1,0,0,0,0,0,,,,,,,,,,,,,,,,,,,,,,,,,,,,,,,,,,,,,,,,,,,,,,,,,,,,,,,,,,,,,,,,,,,,,,,,,,,,,,,,,,7,5,1,1,0,4,0,0,1,2,6,0,0,1,1,1,0,0,0,0,0,0,0,0,0,1,0,0,0,,A few months ago,1,3,2,3,5,2,1,1,2,2,5,5,5,1,1,5,5,5,1,2,2,5,1,2,2,1,5,3,1,3,2,2,1,1,2,5,1,1,7,2,7,2,1,1,7,7,7,7,6,7,1,4,5,5,7,1,European (other than french),23,No,,No,,Bachelor’s (4-year) degree,Working full time,Working Class,,6,5,5,Neutral,Neutral,Neutral,Other or unaffiliated,Evangelical Christian,2-5 years,169,58
English,2022-04-05 10:50:36,yes,In a committed relationship,7,7,2,2,2,2,6,2,2,2,1,1,1,0,,,,,,,1,1,7,7,7,1,6,6,5,3,4,6,7,3,6,6,2,2,2,2,6,4,6,6,6,6,5,5,5,7,3,5,2,5,5,7,2,2,2,2,7,6,5,5,3,5,6,6,5,7,7,3,2,6,0,1,1,1,1,0,1,1,0,0,1,0,0,1,1,1,0,1,0,1,0,1,0,1,0,0,1,1,1,1,1,0,1,0,1,0,0,1,0,1,0,0,0,1,1,1,0,1,1,1,0,1,1,0,1,1,0,1,0,1,1,1,0,1,1,0,1,1,0,1,1,0,1,0,1,0,0,1,0,0,0,,,,,,,,,,,,,,,,,,,,,,,,,,,,,,,,,,,,,,,,,,,,,,,,,,,,,,,,,,,,,,,,,,,,,,,,,,,,,,,,,,7,7,1,3,0,3,5,2,3,0,7,4,0,2,3,0,1,0,0,5,0,0,0,0,1,0,0,0,0,,Last month,1,3,2,3,3,3,2,1,1,5,5,5,5,1,1,5,1,5,1,5,1,1,2,1,5,2,2,6,1,3,1,1,1,1,1,5,1,1,7,1,7,1,1,1,7,7,7,7,7,7,1,6,6,7,7,2,European (other than french),22,No,,Yes,19,Bachelor’s (4-year) degree,Working full time,Upper Middle Class,,2,3,5,Liberal,Liberal,Liberal,Centrist,Catholic,2-5 years,186,85
English,2022-04-05 22:07:30,yes,"Single, never married",,,,,,,,,,,,,,0,,,,,,,6,6,2,2,2,6,6,7,6,2,2,4,3,3,7,4,2,4,3,6,6,6,6,4,3,2,7,2,1,7,6,1,7,7,7,7,1,1,1,1,7,7,4,6,2,2,6,6,6,7,1,4,5,4,0,1,1,1,0,0,0,1,0,0,1,0,0,1,1,1,0,1,1,1,1,1,1,1,0,0,1,1,1,1,1,1,1,1,1,1,1,1,0,1,1,1,1,1,1,1,1,1,0,1,0,1,1,0,1,1,0,1,0,1,1,1,1,1,0,1,1,1,0,1,0,0,1,0,0,1,0,1,0,0,0,,,,,,,,,,,,,,,,,,,,,,,,,,,,,,,,,,,,,,,,,,,,,,,,,,,,,,,,,,,,,,,,,,,,,,,,,,,,,,,,,,6,1,1,6,0,1,1,0,0,2,7,0,0,0,2,1,0,0,0,0,1,0,0,0,0,0,0,0,0,,This week,3,4,1,4,4,3,2,1,2,3,5,5,5,1,1,5,1,5,2,1,1,1,2,4,4,1,2,3,1,2,3,4,4,1,4,1,3,2,7,1,7,3,1,4,7,6,6,5,5,6,2,5,6,7,2,1,European (other than french),30,No,,Yes,99,Bachelor’s (4-year) degree,Working full time,Upper Class,,1,1,1,Neutral,Neutral,Neutral,Other or unaffiliated,Catholic,Not currently in a relationship,170,65
English,2022-04-06 01:43:56,yes,Other,,,,,,,,,,,,,,1,6,6,2,1,1,7,4,7,1,4,2,7,4,4,2,4,4,2,6,7,4,2,2,4,5,3,2,7,7,3,2,2,6,6,1,1,6,1,7,7,1,6,1,1,1,2,6,6,3,4,2,5,2,6,6,6,4,2,2,4,0,1,1,1,1,1,1,0,0,0,0,0,0,1,0,1,1,1,1,1,0,1,0,1,0,1,1,1,1,1,1,1,1,0,1,1,1,0,1,1,0,1,1,1,0,0,0,0,1,1,0,1,1,1,1,1,1,1,1,1,1,1,1,1,1,1,1,1,0,0,1,1,1,0,1,1,0,1,0,1,0,,,,,,,,,,,,,,,,,,,,,,,,,,,,,,,,,,,,,,,,,,,,,,,,,,,,,,,,,,,,,,,,,,,,,,,,,,,,,,,,,,7,0,0,3,0,0,0,0,0,2,6,0,0,0,0,0,6,0,0,2,0,0,1,0,0,1,0,0,1,14,A few months ago,1,4,3,4,3,4,1,3,3,5,5,5,5,1,1,5,1,5,4,6,2,2,6,2,1,3,2,5,1,7,4,2,2,5,4,5,1,2,2,7,6,2,4,2,4,6,2,6,2,4,2,1,1,5,4,1,African ,51,Yes,36,Yes,10,Graduate or professional degree,"Unemployed, looking for work, Unemployed, not looking for work (includes retired, disabled, stay-at-home spouse)",Lower Middle Class,,6,5,5,Neutral,Neutral,Neutral,Other or unaffiliated,Curiously spiritual ,Not currently in a relationship,160,72
English,2022-04-06 11:34:46,yes,In a committed relationship,7,7,1,1,1,1,5,1,5,2,1,2,1,0,,,,,,,1,2,6,7,6,1,4,4,4,5,4,5,6,4,5,6,2,4,2,2,5,6,6,3,5,5,6,5,4,6,2,6,6,6,6,6,6,2,2,1,6,6,5,4,4,4,3,4,6,6,5,3,3,3,0,1,1,0,0,0,0,1,0,0,0,1,0,1,1,1,0,1,1,0,0,1,1,1,1,0,1,1,1,1,1,1,1,1,1,1,1,1,0,0,0,1,1,1,1,1,1,1,0,1,0,1,1,0,0,1,0,1,1,0,1,1,1,1,1,1,1,1,1,1,0,1,1,0,0,1,0,0,0,0,0,,,,,,,,,,,,,,,,,,,,,,,,,,,,,,,,,,,,,,,,,,,,,,,,,,,,,,,,,,,,,,,,,,,,,,,,,,,,,,,,,,7,7,0,0,0,1,4,0,0,0,7,0,0,1,2,0,0,0,0,0,0,0,1,0,0,0,0,0,0,,Last month,5,3,1,1,1,4,3,1,2,1,2,5,1,4,4,5,3,5,4,1,1,1,1,1,1,1,1,1,1,1,1,1,1,1,1,1,1,1,1,1,1,1,1,1,1,1,1,1,1,1,1,1,1,1,1,2,European (other than french),23,No,,Yes,9,Some college,Student,Middle Middle Class,,2,3,4,Very conservative,Very conservative,Very conservative,Centrist,Catholic,6-12 months,190,75
English,2022-04-06 19:03:02,yes,"Single, never married",,,,,,,,,,,,,,0,,,,,,,5,6,2,2,2,7,5,5,5,3,2,3,6,3,6,5,2,3,5,5,7,2,6,6,5,6,3,5,5,6,5,6,6,7,6,5,2,3,2,2,2,3,5,5,4,6,5,6,7,4,5,3,3,3,0,1,1,1,0,0,1,1,0,0,0,0,0,0,1,1,0,1,1,1,1,1,0,1,0,0,0,1,0,1,1,1,1,0,1,1,1,1,0,1,0,0,1,1,1,1,1,1,1,0,0,1,1,0,1,1,0,0,0,0,1,1,1,0,1,1,1,1,0,1,0,1,1,0,1,1,0,0,0,0,0,,,,,,,,,,,,,,,,,,,,,,,,,,,,,,,,,,,,,,,,,,,,,,,,,,,,,,,,,,,,,,,,,,,,,,,,,,,,,,,,,,7,5,4,2,0,1,1,0,0,2,6,0,0,7,1,0,1,0,0,0,0,0,0,0,0,1,0,0,0,,Last month,5,5,5,5,5,5,1,5,5,1,5,5,5,1,1,5,2,5,5,3,3,3,2,3,5,4,4,2,4,3,4,2,2,6,4,4,2,5,4,2,3,2,3,4,4,4,4,4,2,5,4,2,3,5,4,2,European (other than french),22,No,,Yes,15,Bachelor’s (4-year) degree,"Working full time, Student",Working Class,,6,3,4,Somewhat conservative,Somewhat conservative,Somewhat conservative,Left wing,Catholic,Not currently in a relationship,187,67
English,2022-04-07 11:55:36,yes,Dating one person,7,7,3,4,5,4,4,4,4,4,7,4,1,0,,,,,,,6,6,1,1,2,7,7,7,7,7,2,7,7,2,7,6,3,4,7,5,7,7,7,2,7,6,7,5,6,7,2,5,6,6,6,6,7,2,2,7,5,6,5,5,4,6,5,5,5,5,5,4,4,5,1,1,1,1,1,0,1,0,0,0,0,0,0,1,1,1,0,1,1,1,1,1,1,1,0,0,0,1,1,1,1,1,1,1,1,0,1,1,0,1,1,1,1,1,1,1,1,1,0,1,0,1,0,0,1,0,0,1,1,1,1,1,1,1,1,1,1,1,1,1,0,1,1,0,1,0,0,1,0,1,0,,,,,,,,,,,,,,,,,,,,,,,,,,,,,,,,,,,,,,,,,,,,,,,,,,,,,,,,,,,,,,,,,,,,,,,,,,,,,,,,,,7,7,7,5,0,5,2,1,1,4,5,5,3,7,3,1,5,0,0,1,1,0,0,0,0,0,0,0,0,,Last month,5,5,5,5,5,5,3,1,5,3,5,5,5,2,2,5,2,5,3,4,3,2,4,4,3,4,3,4,4,4,5,2,4,4,3,4,3,4,4,5,3,2,4,2,3,3,5,4,3,4,3,6,2,5,6,1,European (other than french),22,No,,Yes,9,Bachelor’s (4-year) degree,"Working part time, Student",Middle Middle Class,,2,2,1,Neutral,Somewhat conservative,Liberal,Centrist,Catholic,6-12 months,163,60
English,2022-04-07 15:02:56,yes,"Single, never married",,,,,,,,,,,,,,0,,,,,,,3,6,4,6,3,6,4,1,3,3,6,3,3,5,6,3,3,5,2,3,6,4,5,3,4,2,5,5,2,3,5,5,3,5,4,6,2,2,2,2,5,6,4,6,3,3,5,7,6,6,3,3,4,5,1,1,1,1,0,0,0,0,0,0,0,0,0,1,1,1,0,1,1,1,1,0,0,1,0,0,1,0,1,1,1,1,1,0,1,1,1,0,0,1,0,1,1,1,0,0,1,1,1,1,0,0,1,0,1,1,0,1,0,1,0,0,1,0,1,1,1,1,0,0,0,0,1,0,1,1,0,1,0,0,0,,,,,,,,,,,,,,,,,,,,,,,,,,,,,,,,,,,,,,,,,,,,,,,,,,,,,,,,,,,,,,,,,,,,,,,,,,,,,,,,,,7,4,2,0,0,0,0,0,0,1,6,1,1,0,4,5,4,0,0,0,0,0,0,0,0,0,0,0,0,,Last month,1,1,1,1,1,1,5,1,1,5,5,5,5,1,2,4,1,5,2,5,5,3,4,2,3,2,5,2,4,3,4,2,3,5,5,5,2,3,5,5,5,3,2,3,4,5,6,6,3,5,3,3,3,6,4,1,Black African,21,No,,Yes,14,Bachelor’s (4-year) degree,"Working part time, Student",Lower Middle Class,,2,3,4,Conservative,Neutral,Neutral,Other or unaffiliated,Christian - Jehovah's Witness,Not currently in a relationship,178,69
English,2022-04-07 15:46:36,yes,Married,7,7,6,3,5,5,5,5,5,4,1,5,1,0,,,,,,,1,1,7,7,7,1,6,2,6,3,2,4,4,3,5,7,1,3,5,5,6,6,7,5,5,5,4,6,5,5,3,3,4,5,4,6,3,3,3,1,5,6,6,5,2,5,5,5,5,4,4,4,3,2,0,1,1,1,0,0,1,1,0,0,1,0,1,1,1,1,0,1,1,1,0,0,0,1,1,0,1,1,1,1,1,1,1,0,1,1,1,0,0,1,1,1,1,1,0,1,1,1,1,1,0,1,1,0,1,1,0,1,1,1,1,1,1,0,1,1,1,1,0,1,0,0,1,0,0,0,0,1,1,0,0,,,,,,,,,,,,,,,,,,,,,,,,,,,,,,,,,,,,,,,,,,,,,,,,,,,,,,,,,,,,,,,,,,,,,,,,,,,,,,,,,,7,5,1,5,0,6,1,0,0,2,5,0,1,0,3,0,0,0,0,1,0,0,0,0,0,0,0,0,0,,Last month,1,4,1,1,1,1,1,1,1,5,5,5,5,1,1,5,1,5,1,2,3,1,3,5,3,2,1,6,3,2,1,1,4,1,5,2,1,6,7,1,7,1,1,1,7,7,7,6,6,7,1,5,7,7,5,1,European (other than french),30,No,,Yes,16,Bachelor’s (4-year) degree,"Working full time, Working part time, Freelancer",Upper Middle Class,,6,5,6,Neutral,Somewhat liberal,Somewhat liberal,Other or unaffiliated,Atheist,10-20 years,167,66
English,2022-04-07 16:25:07,yes,Married,1,6,1,1,1,1,1,1,1,1,1,6,1,0,,,,,,,1,1,7,7,7,1,5,5,5,5,3,5,7,7,6,7,2,4,4,5,6,5,5,5,6,5,5,5,4,7,5,5,4,6,5,5,5,3,3,3,5,5,2,4,5,2,3,3,5,6,5,3,2,3,1,1,1,0,1,0,1,0,0,0,0,0,0,1,1,1,0,1,1,1,1,1,0,1,1,0,0,1,1,1,1,1,1,1,1,1,1,1,0,1,1,1,1,1,1,1,1,1,0,1,0,1,1,1,0,1,0,1,0,1,1,1,1,0,1,1,1,1,0,0,1,0,1,0,1,1,0,1,1,1,0,,,,,,,,,,,,,,,,,,,,,,,,,,,,,,,,,,,,,,,,,,,,,,,,,,,,,,,,,,,,,,,,,,,,,,,,,,,,,,,,,,7,4,5,5,0,4,0,0,0,2,7,0,5,0,0,0,7,0,0,5,1,0,1,0,0,0,1,0,0,,A few months ago,3,3,3,4,3,3,3,1,3,3,5,5,5,1,1,5,1,5,3,1,1,1,1,1,2,1,1,7,1,7,2,1,1,1,1,3,1,1,7,2,7,1,2,1,7,7,7,7,7,7,1,7,7,7,7,1,"White, non-European (FYI your quiz is missing Asian)",38,No,,Yes,20,Graduate or professional degree,freelance,Middle Middle Class,,2,1,2,Very liberal,Very liberal,Very liberal,Left wing,Atheist,10-20 years,163,75
English,2022-04-07 16:28:23,yes,In a committed relationship,6,6,2,5,3,5,5,5,3,5,1,3,2,0,,,,,,,2,2,6,6,6,1,4,3,4,5,5,5,5,5,5,5,3,3,3,2,6,6,6,5,5,5,6,5,5,5,4,5,5,5,5,2,6,5,6,3,2,3,3,5,5,5,5,6,5,5,1,6,3,3,0,1,1,0,0,0,1,0,0,0,0,0,0,0,1,1,0,1,1,1,1,1,1,1,1,0,1,1,1,1,1,1,1,1,0,0,1,1,0,1,1,0,1,1,1,1,1,1,0,1,0,1,1,1,1,1,0,1,1,1,1,1,1,0,0,1,1,1,0,1,1,1,1,0,1,1,0,1,1,0,0,,,,,,,,,,,,,,,,,,,,,,,,,,,,,,,,,,,,,,,,,,,,,,,,,,,,,,,,,,,,,,,,,,,,,,,,,,,,,,,,,,7,1,0,0,0,4,1,0,0,2,4,0,1,7,0,1,7,0,0,1,0,0,1,0,1,1,0,0,0,,This week,4,4,4,4,4,4,2,3,4,2,5,4,4,2,2,5,2,4,3,5,5,5,5,5,3,2,3,3,3,3,3,3,3,5,5,6,2,2,6,5,6,2,2,2,5,5,3,6,5,6,2,3,3,6,6,1,French,36,No,,Yes,25,Graduate or professional degree,Working full time,Middle Middle Class,,3,3,3,Liberal,Liberal,Liberal,Left wing,Agnostic,5-10 years,165,72
English,2022-04-07 16:42:58,yes,Married,7,7,3,1,1,2,2,2,1,1,1,3,1,1,7,7,1,7,1,7,1,1,7,7,7,1,4,1,4,6,6,1,4,6,6,3,3,7,7,5,4,5,3,1,5,3,7,4,2,3,6,6,7,7,7,7,1,1,1,1,7,7,1,1,4,1,4,4,3,2,1,6,5,4,1,1,1,0,1,1,0,0,0,0,0,0,0,1,1,1,0,1,0,1,1,1,1,1,0,1,1,1,1,1,1,1,1,1,1,0,1,1,0,1,0,1,0,1,0,1,0,1,0,1,0,1,1,1,1,1,1,1,1,1,1,1,1,0,1,1,1,1,0,0,1,0,1,0,1,1,0,0,1,0,1,,,,,,,,,,,,,,,,,,,,,,,,,,,,,,,,,,,,,,,,,,,,,,,,,,,,,,,,,,,,,,,,,,,,,,,,,,,,,,,,,,7,0,1,5,0,0,2,1,0,2,6,3,6,0,1,0,2,0,0,0,0,0,0,0,1,0,0,0,0,,This month,1,1,1,1,1,1,5,1,1,5,5,5,5,1,1,5,1,5,5,1,1,1,1,1,1,1,1,6,1,7,1,1,1,1,1,2,1,6,5,6,3,5,2,2,3,2,6,7,7,7,4,5,6,6,6,1,European (other than french),47,Yes,31,Yes,13,Bachelor’s (4-year) degree,Working part time,Middle Middle Class,,1,1,1,Somewhat conservative,Somewhat conservative,Somewhat conservative,Other or unaffiliated,None,More than 20 years,174,70
English,2022-04-07 19:20:12,yes,Married,7,6,3,5,2,3,5,2,2,2,1,4,1,1,7,5,2,6,2,6,1,1,6,7,7,1,5,3,4,5,5,3,6,6,6,5,4,5,3,3,4,1,5,3,5,6,4,5,4,6,5,6,6,6,6,5,2,2,3,2,5,5,5,6,3,3,6,6,3,6,5,3,3,3,0,1,1,0,1,1,1,0,0,0,1,0,1,1,1,1,0,1,1,1,1,0,0,1,0,1,1,1,1,1,1,1,1,0,1,1,0,1,0,1,1,1,1,1,1,1,1,1,0,1,1,1,1,1,1,1,1,1,0,1,1,1,1,0,1,0,1,1,0,0,0,1,1,0,1,1,0,1,1,0,0,,,,,,,,,,,,,,,,,,,,,,,,,,,,,,,,,,,,,,,,,,,,,,,,,,,,,,,,,,,,,,,,,,,,,,,,,,,,,,,,,,7,6,6,4,0,0,5,0,0,0,6,0,0,0,0,1,5,0,0,7,1,0,0,0,0,1,0,0,0,,This month,3,4,3,1,4,2,2,2,2,2,5,5,5,1,1,5,2,5,2,3,5,2,4,2,2,2,4,5,5,6,3,2,4,2,2,5,6,2,7,2,6,2,2,3,6,6,7,6,6,6,2,3,3,5,5,Non-binary,European (other than french),41,Yes,30,Yes,7,Graduate or professional degree,"Unemployed, not looking for work (includes retired, disabled, stay-at-home spouse)",Upper Class,,2,2,2,Liberal,Very liberal,Somewhat liberal,Left wing,agnostic,10-20 years,155,143
English,2022-04-07 19:35:28,yes,Dating one person,6,6,3,4,3,3,5,3,3,4,1,3,3,0,,,,,,,3,1,5,3,3,1,3,5,5,5,4,4,4,5,5,4,5,3,4,3,5,4,5,5,5,5,5,3,3,5,5,3,5,4,5,6,3,3,3,1,5,5,4,6,5,4,5,5,3,3,3,5,3,5,1,1,1,1,1,0,1,1,0,0,1,0,1,1,1,1,0,1,1,1,1,0,0,1,0,0,0,1,1,1,1,1,1,0,1,1,1,0,0,1,0,0,1,1,1,1,0,1,1,1,0,1,1,0,1,1,0,1,1,1,1,1,1,1,0,1,1,1,0,0,1,0,1,0,1,1,0,0,0,1,0,,,,,,,,,,,,,,,,,,,,,,,,,,,,,,,,,,,,,,,,,,,,,,,,,,,,,,,,,,,,,,,,,,,,,,,,,,,,,,,,,,4,1,4,4,0,1,5,3,3,3,7,4,3,0,3,3,1,0,0,0,0,0,0,0,0,1,0,0,0,,Last month,1,4,1,4,1,1,2,1,2,1,5,5,5,1,1,5,1,4,3,2,3,3,2,2,2,3,2,2,2,2,2,2,3,2,2,5,2,2,6,2,6,2,2,2,5,6,6,5,5,5,2,5,5,5,2,2,European (other than french),22,No,,Yes,22,Bachelor’s (4-year) degree,Working part time,Lower Middle Class,,6,4,3,Conservative,Somewhat conservative,Somewhat conservative,Centrist,Catholic,2-5 years,190,85
English,2022-04-10 14:29:40,yes,Dating several people,7,6,3,5,7,6,6,6,2,7,2,2,1,0,,,,,,,7,6,1,1,1,7,6,6,6,2,4,6,6,2,6,7,1,4,6,1,7,7,6,1,7,6,6,7,6,7,1,6,7,7,6,6,1,1,1,1,6,7,3,2,6,1,1,3,2,1,1,1,6,6,1,1,0,0,1,0,1,1,0,0,0,0,0,0,1,0,0,1,1,1,1,0,0,0,0,0,0,1,1,1,1,1,1,0,1,0,1,1,0,1,0,0,0,1,1,1,1,1,1,0,0,1,1,0,0,0,0,0,0,0,1,1,1,0,1,1,1,0,0,1,0,1,1,0,1,0,1,0,1,0,0,,,,,,,,,,,,,,,,,,,,,,,,,,,,,,,,,,,,,,,,,,,,,,,,,,,,,,,,,,,,,,,,,,,,,,,,,,,,,,,,,,7,5,6,1,0,6,4,0,0,1,7,4,5,7,1,0,0,0,0,0,0,0,0,0,0,0,0,0,0,,Last month,5,5,5,5,5,5,1,1,5,3,5,5,5,1,1,5,5,5,5,2,4,3,4,6,5,4,3,4,2,5,6,2,4,7,6,3,5,3,3,5,5,5,6,3,5,4,5,4,2,5,2,7,1,3,6,2,French,23,No,,No,,Graduate or professional degree,Student,Upper Middle Class,,1,5,3,Very conservative,Conservative,Very conservative,Right wing,Atheist,Not currently in a relationship,175,60
English,2022-04-13 09:35:59,yes,"Single, never married",,,,,,,,,,,,,,0,,,,,,,5,6,4,7,5,6,5,6,5,7,7,7,5,5,5,7,5,6,5,6,4,5,7,5,5,5,5,4,6,5,7,7,7,5,5,5,4,4,7,6,7,4,6,5,6,7,7,5,7,7,7,5,5,7,1,1,1,1,1,1,1,0,0,0,0,0,1,1,1,1,0,1,1,1,1,1,1,1,1,1,0,1,1,1,1,1,1,1,1,1,1,1,0,1,1,1,1,1,1,1,1,1,1,1,0,1,1,1,1,1,1,1,1,1,1,1,1,1,1,1,1,1,1,1,1,1,1,0,1,1,0,1,0,1,1,,,,,,,,,,,,,,,,,,,,,,,,,,,,,,,,,,,,,,,,,,,,,,,,,,,,,,,,,,,,,,,,,,,,,,,,,,,,,,,,,,7,6,5,5,0,5,3,5,5,5,7,2,2,7,2,3,3,0,0,2,1,0,0,0,0,0,0,0,0,,A few months ago,4,5,3,4,3,5,4,5,4,4,3,4,5,4,3,4,4,5,3,4,3,4,4,4,4,3,3,3,3,3,4,4,3,3,3,3,4,4,3,4,3,4,3,4,3,4,4,3,4,3,3,3,4,3,3,1,Middle-Eastern,20,No,,Yes,5,Associate’s (2-year) degree,Working part time,Middle Middle Class,,4,4,4,Somewhat conservative,Somewhat conservative,Somewhat conservative,Centrist,Muslim,Not currently in a relationship,160,65
English,2022-04-13 15:48:21,yes,Dating one person,2,2,2,3,2,3,3,2,3,3,2,3,3,0,,,,,,,4,2,3,6,2,2,6,6,5,2,2,3,6,4,7,6,2,2,2,2,7,7,6,2,5,4,6,5,4,5,3,6,2,5,4,7,1,1,1,1,7,7,5,3,5,5,6,5,5,4,2,6,5,5,0,1,0,0,0,0,1,1,0,0,1,0,0,0,1,1,0,1,1,1,1,1,0,1,0,0,0,1,1,1,0,1,1,0,1,1,1,1,0,1,0,1,0,1,1,1,1,1,1,1,0,1,1,0,1,0,0,0,0,1,1,1,1,0,0,0,1,1,0,1,0,0,1,0,0,1,0,1,0,0,0,,,,,,,,,,,,,,,,,,,,,,,,,,,,,,,,,,,,,,,,,,,,,,,,,,,,,,,,,,,,,,,,,,,,,,,,,,,,,,,,,,7,3,0,1,0,0,4,1,0,2,6,0,0,3,2,0,0,0,0,0,0,0,0,0,0,1,0,0,0,,Last month,2,3,2,2,3,3,2,1,3,5,4,4,4,1,1,4,2,4,2,6,3,4,6,4,4,4,3,5,3,1,2,6,3,3,3,5,6,6,6,4,5,3,4,4,6,6,7,5,6,6,4,4,3,4,6,1,European (other than french),22,No,,No,,Bachelor’s (4-year) degree,Working full time,Upper Middle Class,,2,2,2,Somewhat liberal,Somewhat liberal,Somewhat liberal,Centrist,Catholic,2-5 years,170,56
English,2022-04-13 16:51:47,yes,"Single, never married",,,,,,,,,,,,,,0,,,,,,,4,5,5,4,4,5,4,5,4,5,4,4,4,4,4,5,4,4,4,4,5,5,4,4,5,5,4,5,5,5,5,4,4,5,4,4,4,4,4,4,4,5,5,5,5,5,5,4,4,4,5,5,5,5,1,1,1,1,1,1,1,1,0,1,1,1,1,1,1,1,1,1,1,1,1,1,1,1,1,1,0,1,1,1,1,1,1,1,1,1,0,1,0,1,1,1,1,1,1,1,1,1,1,1,1,1,1,0,1,1,1,1,0,1,1,1,1,1,1,1,1,1,0,1,1,1,1,1,1,1,1,1,1,1,1,,,,,,,,,,,,,,,,,,,,,,,,,,,,,,,,,,,,,,,,,,,,,,,,,,,,,,,,,,,,,,,,,,,,,,,,,,,,,,,,,,7,5,5,4,0,4,2,1,1,2,7,4,4,6,2,1,7,0,0,4,1,1,0,0,0,1,0,0,0,,Last month,5,4,5,5,3,3,3,3,4,4,3,3,5,4,4,5,3,4,3,5,6,4,5,4,5,7,7,5,6,6,5,6,5,5,4,4,4,4,5,4,5,7,6,6,4,6,6,4,6,7,5,5,5,6,4,1,European (other than french),25,No,,No,,Bachelor’s (4-year) degree,Working full time,Middle Middle Class,,2,3,3,Neutral,Neutral,Neutral,Centrist,Catholic,Not currently in a relationship,174,80
English,2022-04-13 19:33:45,yes,In a committed relationship,6,2,3,4,4,3,5,4,4,5,7,5,3,0,,,,,,,7,5,4,5,4,7,3,3,7,5,3,5,3,3,4,6,5,3,7,4,7,3,7,4,3,4,3,5,4,2,5,4,4,5,3,5,3,4,4,4,4,3,4,6,3,4,4,4,3,3,4,4,4,3,1,1,1,1,1,1,1,0,0,0,0,1,1,1,1,1,1,1,1,1,1,1,1,1,1,1,1,1,1,1,1,1,1,1,1,1,1,1,0,1,1,1,1,1,1,1,1,1,1,1,1,1,1,0,1,1,1,1,0,1,1,1,1,1,1,1,1,1,1,1,1,1,1,0,1,1,0,1,1,1,1,,,,,,,,,,,,,,,,,,,,,,,,,,,,,,,,,,,,,,,,,,,,,,,,,,,,,,,,,,,,,,,,,,,,,,,,,,,,,,,,,,7,6,7,3,0,3,5,3,5,4,7,4,2,3,1,0,7,0,0,6,0,0,0,0,0,0,0,0,0,,Last month,4,4,5,3,5,5,3,5,4,4,4,4,5,4,4,3,5,4,5,7,6,6,7,5,6,7,5,6,5,7,7,5,6,6,5,5,7,6,6,6,6,5,6,6,6,5,6,7,7,7,5,6,5,5,5,Non-binary,French,23,No,,No,,Graduate or professional degree,Working full time,Middle Middle Class,,5,5,5,Conservative,Somewhat conservative,Neutral,Centrist,Atheist,2-5 years,171,69
English,2022-04-13 23:32:32,yes,"Single, never married",,,,,,,,,,,,,,0,,,,,,,5,5,3,4,3,6,6,6,6,3,5,7,6,3,7,7,4,4,3,3,7,6,6,5,7,6,7,7,7,6,3,7,6,6,4,6,5,4,6,3,4,4,7,6,3,5,6,5,4,6,4,5,3,5,1,1,1,1,1,0,1,1,0,1,0,0,0,1,0,1,0,1,0,1,1,0,0,1,0,0,1,0,0,1,0,1,0,0,1,1,1,1,0,1,1,1,1,1,1,1,1,1,1,1,0,1,1,0,1,0,0,0,1,0,1,1,1,0,1,1,1,1,0,1,0,1,1,0,0,1,0,1,0,1,0,,,,,,,,,,,,,,,,,,,,,,,,,,,,,,,,,,,,,,,,,,,,,,,,,,,,,,,,,,,,,,,,,,,,,,,,,,,,,,,,,,7,4,0,2,0,1,4,0,0,2,5,0,0,1,0,0,0,0,0,1,1,1,0,0,0,1,0,1,0,,This week,3,5,4,4,4,4,2,4,4,2,4,5,5,2,2,4,2,5,4,4,6,4,6,6,6,3,5,6,5,3,5,3,6,5,6,6,5,6,5,2,6,5,2,3,5,6,4,4,3,6,3,5,3,7,5,1,European (other than french),19,No,,No,,High school completed or GED,Working full time,Middle Middle Class,,3,3,4,Liberal,Liberal,Liberal,Other or unaffiliated,Catholic,Not currently in a relationship,161,49
English,2022-04-13 23:38:58,yes,Dating one person,7,6,3,5,2,4,5,4,2,4,5,5,5,0,,,,,,,2,2,3,6,4,3,6,3,4,5,3,1,4,6,5,5,6,1,5,3,5,6,6,2,6,4,7,2,3,6,2,3,6,5,3,5,2,2,2,1,4,7,3,5,3,4,4,5,4,5,4,3,4,4,0,1,1,0,0,0,1,1,1,1,1,1,0,1,1,1,0,1,1,1,1,1,0,1,0,0,1,1,1,1,1,1,1,0,1,1,1,1,0,1,0,1,1,0,1,1,1,1,1,0,0,1,1,0,1,0,0,0,1,0,1,1,1,1,1,1,1,1,0,1,1,0,1,0,0,1,0,1,1,0,0,,,,,,,,,,,,,,,,,,,,,,,,,,,,,,,,,,,,,,,,,,,,,,,,,,,,,,,,,,,,,,,,,,,,,,,,,,,,,,,,,,7,3,1,3,0,2,5,0,1,1,6,2,3,3,3,0,0,0,1,1,0,0,0,0,0,1,0,1,0,,Last month,3,4,3,5,5,3,3,4,3,3,4,4,3,2,1,3,2,4,1,5,4,5,4,5,2,4,4,3,4,2,4,3,4,3,3,4,5,5,5,4,4,3,2,4,4,5,4,5,4,4,3,3,4,3,5,2,European (other than french),22,No,,No,,Graduate or professional degree,Working full time,Working Class,,2,1,3,Somewhat liberal,Somewhat liberal,Neutral,Other or unaffiliated,Agnostic,Not currently in a relationship,180,70
English,2022-04-13 23:42:26,yes,Dating several people,2,2,6,5,6,6,5,6,7,5,6,5,7,0,,,,,,,6,1,7,5,6,7,6,6,7,7,6,6,6,2,5,7,6,7,7,7,6,6,5,5,3,6,6,5,5,7,1,5,2,6,6,7,6,7,6,7,6,6,6,6,7,7,7,6,6,6,3,5,5,5,1,1,1,1,1,1,1,1,1,0,0,1,1,1,1,1,1,1,1,1,1,1,1,1,1,0,1,1,1,1,1,1,1,1,1,1,1,1,0,1,1,1,1,1,1,1,1,1,1,1,1,1,1,1,1,1,1,1,1,1,1,1,1,1,1,1,1,1,1,1,1,1,1,1,1,1,1,1,1,1,1,,,,,,,,,,,,,,,,,,,,,,,,,,,,,,,,,,,,,,,,,,,,,,,,,,,,,,,,,,,,,,,,,,,,,,,,,,,,,,,,,,3,1,1,1,1,3,3,1,3,1,2,3,3,2,3,1,1,2,1,4,1,1,1,1,1,1,1,0,0,,Last month,3,4,2,4,3,3,5,4,5,4,1,2,3,3,3,3,5,2,4,2,3,2,5,4,5,3,5,2,1,2,2,1,3,4,5,3,2,3,3,1,6,4,6,1,5,6,3,4,1,7,5,2,5,4,4,2,Middle-Eastern,35,No,,Yes,5,Bachelor’s (4-year) degree,Working full time,Middle Middle Class,,4,4,4,Very conservative,Conservative,Conservative,Centrist,Atheist,2-5 years,183,111
English,2022-04-13 23:56:47,yes,Dating several people,7,6,3,2,5,3,5,7,2,6,3,3,3,0,,,,,,,4,7,5,6,7,7,5,6,5,3,7,6,5,6,6,7,4,5,4,6,6,6,3,7,2,3,5,4,6,2,4,6,5,5,5,5,6,5,3,5,4,6,6,6,5,5,5,2,4,5,4,3,4,6,1,1,1,0,1,1,1,1,0,1,1,1,1,1,1,1,1,1,1,0,1,1,1,1,1,1,1,1,1,1,1,1,1,0,1,1,1,1,1,1,1,1,1,1,1,1,1,1,1,1,1,1,1,1,1,1,1,1,1,1,1,1,1,1,1,1,1,1,1,1,1,1,1,1,1,1,1,1,1,1,1,,,,,,,,,,,,,,,,,,,,,,,,,,,,,,,,,,,,,,,,,,,,,,,,,,,,,,,,,,,,,,,,,,,,,,,,,,,,,,,,,,5,3,4,4,3,5,3,5,2,2,4,4,3,6,2,4,2,4,0,6,1,1,1,1,1,1,1,0,0,,This month,4,3,4,3,4,4,2,3,3,3,3,2,2,3,2,3,2,2,4,5,6,4,6,6,4,3,4,6,6,4,5,3,3,5,5,5,4,4,4,6,5,5,6,5,4,4,6,5,5,6,2,3,2,4,4,1,Middle-Eastern,24,No,,Yes,7,Bachelor’s (4-year) degree,Working part time,Middle Middle Class,,6,3,5,Neutral,Neutral,Neutral,Centrist,Atheist,6-12 months,174,61
English,2022-04-14 00:12:58,yes,"Single, never married",,,,,,,,,,,,,,0,,,,,,,7,6,5,6,6,6,5,5,6,7,7,6,6,5,6,5,6,6,6,5,6,6,5,5,6,6,6,7,7,5,6,5,5,6,5,7,5,6,5,7,5,7,6,6,7,5,6,5,6,7,6,5,6,5,1,0,0,0,1,0,0,1,0,0,0,1,0,1,0,1,1,0,0,1,1,0,0,1,1,1,1,1,0,1,0,1,1,0,0,0,1,1,0,0,0,0,1,1,0,0,1,1,0,1,1,1,0,0,0,1,1,1,0,0,0,0,1,0,0,1,1,1,1,1,0,1,1,0,1,0,0,1,1,1,0,,,,,,,,,,,,,,,,,,,,,,,,,,,,,,,,,,,,,,,,,,,,,,,,,,,,,,,,,,,,,,,,,,,,,,,,,,,,,,,,,,5,4,2,5,0,5,5,2,4,4,7,4,5,6,5,0,0,0,0,7,0,0,0,0,0,0,0,0,0,,Today,3,3,3,2,3,4,2,4,3,3,4,4,3,3,4,2,2,2,4,6,7,5,6,7,7,7,6,5,7,5,5,7,6,7,6,5,5,5,5,5,6,6,5,6,7,5,7,6,6,6,5,6,5,6,7,1,European (other than french),22,No,,No,,Some college,Working full time,Middle Middle Class,,4,5,4,Conservative,Conservative,Somewhat conservative,Centrist,Atheist,Not currently in a relationship,169,60
English,2022-04-14 00:40:22,yes,Dating one person,4,5,4,4,5,3,4,4,5,3,4,4,5,0,,,,,,,4,4,6,4,5,3,4,4,6,4,4,4,6,5,5,5,5,5,4,4,4,3,5,5,3,5,4,3,4,5,3,4,4,3,4,6,4,5,4,3,5,5,3,5,4,5,5,4,3,6,4,5,7,3,1,1,1,1,1,1,1,1,0,1,1,1,1,1,1,1,1,1,1,1,1,0,0,1,1,1,1,1,1,1,1,1,1,0,1,1,1,1,0,1,1,1,1,1,1,1,1,1,1,1,1,1,1,1,1,1,1,1,1,1,1,1,1,1,1,1,1,1,1,1,1,1,1,1,1,1,0,1,1,0,1,,,,,,,,,,,,,,,,,,,,,,,,,,,,,,,,,,,,,,,,,,,,,,,,,,,,,,,,,,,,,,,,,,,,,,,,,,,,,,,,,,3,5,3,4,4,4,4,4,5,4,3,5,5,5,4,0,5,5,5,4,1,1,0,0,1,1,1,1,0,,This week,3,2,4,2,3,3,4,3,3,4,3,2,2,4,4,3,4,2,2,6,3,4,5,6,6,3,4,7,2,6,6,4,6,6,6,5,5,4,5,6,4,2,6,4,4,6,5,6,2,4,4,4,2,3,5,1,European (other than french),22,No,,Yes,6,Some college,Working part time,Lower Middle Class,,6,3,5,Neutral,Neutral,Neutral,Centrist,Catholic,6-12 months,174,58
English,2022-04-14 00:53:14,yes,Dating one person,4,3,3,4,3,5,3,4,5,4,4,4,5,0,,,,,,,4,3,3,5,3,4,4,4,5,5,4,4,3,4,4,4,3,3,3,3,5,4,4,5,4,4,3,4,3,5,5,4,5,4,4,5,4,5,4,4,4,3,4,5,5,4,5,4,5,4,4,3,4,4,1,1,1,1,1,0,1,1,0,1,1,1,1,1,1,1,0,1,1,1,1,1,1,1,1,1,1,1,1,1,1,1,1,0,1,1,1,1,1,1,1,1,1,1,1,1,1,1,1,1,1,1,1,1,1,1,1,1,1,1,1,1,1,1,1,1,1,1,1,1,1,1,1,1,1,1,1,1,1,1,0,,,,,,,,,,,,,,,,,,,,,,,,,,,,,,,,,,,,,,,,,,,,,,,,,,,,,,,,,,,,,,,,,,,,,,,,,,,,,,,,,,4,5,4,4,3,3,5,4,4,4,4,4,3,4,4,3,3,3,5,3,1,1,0,1,0,1,1,0,0,,This month,2,4,3,3,2,3,2,3,4,2,3,2,3,4,3,3,4,3,3,3,4,5,4,3,4,4,3,4,4,5,4,3,3,5,3,5,4,5,5,3,4,4,3,4,5,4,5,5,4,4,4,3,3,5,5,2,European (other than french),32,No,,Yes,4,Some high school,Working part time,Middle Middle Class,,5,4,3,Neutral,Neutral,Neutral,Centrist,Catholic,6-12 months,180,81
English,2022-04-14 01:09:06,yes,"Single, never married",,,,,,,,,,,,,,0,,,,,,,5,4,4,5,4,5,5,5,4,5,4,4,4,5,4,4,4,3,4,4,4,4,5,4,3,4,5,3,4,3,4,3,4,4,3,4,5,4,5,5,3,5,3,4,4,4,3,4,5,3,5,4,4,5,1,1,1,1,1,1,1,1,0,0,1,1,1,1,1,1,1,1,1,1,1,1,0,1,0,0,1,1,1,1,1,1,1,1,1,1,1,1,1,1,1,1,1,1,1,1,1,1,1,1,1,1,1,1,1,1,1,1,1,1,1,1,1,1,1,1,1,1,1,1,1,1,1,1,1,1,1,1,1,1,1,,,,,,,,,,,,,,,,,,,,,,,,,,,,,,,,,,,,,,,,,,,,,,,,,,,,,,,,,,,,,,,,,,,,,,,,,,,,,,,,,,4,5,2,5,4,5,4,2,6,6,4,5,5,2,4,5,4,3,3,2,1,1,1,1,1,1,1,1,0,,This month,3,4,3,3,3,4,4,3,2,4,2,4,3,2,3,2,3,2,2,5,5,4,4,3,3,5,4,4,3,3,4,3,4,4,5,4,4,3,4,5,4,4,4,4,4,5,5,4,4,5,5,3,3,3,4,2,European (other than french),23,No,,Yes,7,Some high school,Working part time,Middle Middle Class,,4,5,3,Somewhat conservative,Somewhat conservative,Somewhat conservative,Centrist,Catholic,6-12 months,190,89
English,2022-04-14 01:17:14,yes,"Single, never married",,,,,,,,,,,,,,0,,,,,,,4,3,5,4,4,4,3,3,4,3,5,4,5,4,3,4,4,4,4,5,4,5,4,4,4,5,5,5,5,4,4,3,5,5,3,5,4,4,3,3,4,5,5,4,3,4,4,4,3,4,5,3,4,4,1,1,0,1,1,1,1,1,1,1,1,1,1,1,1,1,1,1,1,1,1,1,1,1,1,1,1,1,1,1,1,1,1,0,0,1,1,1,1,1,0,1,1,1,1,1,1,1,1,0,1,1,1,1,1,0,0,1,1,1,1,1,1,1,0,1,1,1,1,1,0,1,1,1,1,1,1,1,1,1,1,,,,,,,,,,,,,,,,,,,,,,,,,,,,,,,,,,,,,,,,,,,,,,,,,,,,,,,,,,,,,,,,,,,,,,,,,,,,,,,,,,4,4,2,3,2,2,3,3,4,4,4,4,2,5,4,3,4,5,3,5,1,1,1,1,1,1,1,1,0,,Last month,2,3,3,2,2,2,3,2,4,4,3,4,3,3,4,2,3,4,3,3,4,2,3,2,3,3,3,3,3,2,2,2,3,3,2,3,4,3,3,3,4,2,4,2,4,4,3,3,3,3,2,3,4,4,3,2,European (other than french),21,No,,No,,Some high school,Working part time,Middle Middle Class,,5,3,5,Neutral,Neutral,Neutral,Centrist,Catholic,6-12 months,179,67
English,2022-04-14 01:25:15,yes,"Single, never married",,,,,,,,,,,,,,0,,,,,,,5,4,5,3,4,4,4,3,3,3,5,4,4,4,4,4,5,4,4,5,3,3,4,4,3,4,3,4,4,3,4,5,5,3,4,4,4,3,4,4,5,4,5,5,3,4,3,4,4,5,5,5,4,4,1,1,1,1,1,1,1,1,1,1,1,1,1,1,1,1,1,1,1,1,1,1,1,1,1,1,1,1,1,1,1,1,1,1,1,1,1,1,0,1,1,1,1,1,1,1,1,1,1,1,1,1,1,1,1,1,1,1,1,1,1,1,1,1,1,1,1,1,1,1,1,1,1,0,1,1,1,1,1,1,1,,,,,,,,,,,,,,,,,,,,,,,,,,,,,,,,,,,,,,,,,,,,,,,,,,,,,,,,,,,,,,,,,,,,,,,,,,,,,,,,,,3,3,4,4,3,4,4,3,2,3,4,3,4,3,3,4,3,4,4,4,1,1,1,0,1,1,1,1,0,,Last month,3,4,4,3,3,4,3,2,3,4,3,3,3,3,2,2,2,3,2,5,5,4,5,4,4,4,5,4,4,3,4,5,3,5,4,4,4,4,4,4,4,3,3,4,4,3,4,4,3,4,5,5,3,3,3,2,European (other than french),23,No,,No,,Some high school,Working part time,Middle Middle Class,,3,4,3,Neutral,Neutral,Neutral,Centrist,Catholic,6-12 months,187,87
English,2022-04-14 01:41:43,yes,"Single, never married",,,,,,,,,,,,,,0,,,,,,,5,5,5,4,4,4,5,4,5,4,3,4,3,5,4,4,4,4,4,4,3,4,4,3,4,4,5,5,4,4,3,4,5,4,4,5,3,5,3,4,4,3,5,5,3,5,5,3,5,4,4,4,4,3,1,1,1,1,1,1,1,1,1,1,1,1,1,1,1,1,1,1,1,1,1,1,1,1,1,1,1,1,1,1,1,1,1,1,1,1,1,1,0,1,1,1,1,1,1,1,1,1,1,1,1,1,1,1,1,0,1,1,1,1,1,1,1,1,1,1,1,1,1,1,1,1,1,1,1,1,1,1,1,1,1,,,,,,,,,,,,,,,,,,,,,,,,,,,,,,,,,,,,,,,,,,,,,,,,,,,,,,,,,,,,,,,,,,,,,,,,,,,,,,,,,,2,3,3,3,3,3,3,3,2,4,3,4,4,2,2,3,2,4,3,3,1,1,1,1,1,1,1,1,0,,Last month,2,3,3,3,3,3,2,4,3,2,3,2,2,4,3,4,3,3,4,2,4,2,2,3,2,3,3,3,4,2,3,3,4,4,4,3,2,3,2,4,4,3,4,3,3,2,3,2,3,2,3,2,3,4,2,2,European (other than french),31,No,,No,,Some high school,Working part time,Middle Middle Class,,4,6,4,Neutral,Neutral,Neutral,Centrist,Catholic,6-12 months,179,86
English,2022-04-14 01:49:01,yes,"Single, never married",,,,,,,,,,,,,,0,,,,,,,3,4,4,4,4,5,5,4,3,5,4,5,4,4,4,4,4,4,3,4,4,4,4,3,3,5,5,3,3,3,4,4,3,4,4,5,3,4,4,5,5,5,4,4,5,4,3,4,5,4,4,3,4,3,1,1,1,1,1,1,1,1,1,1,1,1,1,1,1,1,1,1,1,1,1,1,1,1,1,1,1,1,1,1,1,1,1,1,1,1,1,1,1,1,1,1,1,1,1,1,1,1,1,1,1,1,1,1,1,1,1,1,1,1,1,1,1,1,1,1,1,1,1,1,1,1,1,1,1,1,1,1,1,1,1,,,,,,,,,,,,,,,,,,,,,,,,,,,,,,,,,,,,,,,,,,,,,,,,,,,,,,,,,,,,,,,,,,,,,,,,,,,,,,,,,,2,3,3,3,4,3,3,4,3,3,2,3,3,4,2,3,2,3,4,2,1,1,1,1,1,1,1,1,0,,Last month,3,3,2,2,3,2,3,2,4,3,4,3,3,3,3,4,2,3,4,3,4,3,4,4,3,4,3,3,4,3,4,3,2,2,3,2,2,3,2,4,2,2,3,4,3,3,3,4,3,2,3,3,3,3,3,2,European (other than french),29,No,,No,,Some high school,Working part time,Middle Middle Class,,2,4,3,Neutral,Neutral,Neutral,Centrist,Catholic,6-12 months,186,78
English,2022-04-14 01:56:54,yes,"Single, never married",,,,,,,,,,,,,,0,,,,,,,5,3,4,4,5,3,3,4,4,4,4,3,4,3,5,4,4,3,5,4,5,5,5,4,5,4,5,5,4,4,4,4,3,5,3,3,4,5,5,3,3,4,4,4,4,3,4,4,4,5,4,3,4,3,1,1,1,1,1,1,1,1,1,1,1,1,1,1,1,1,1,1,1,1,1,0,1,1,1,1,1,1,1,1,1,1,1,1,1,1,1,1,0,1,1,1,1,1,1,1,1,1,1,1,1,1,1,1,1,1,1,1,1,1,1,1,1,1,1,1,1,1,1,1,1,1,1,0,1,1,1,1,1,1,0,,,,,,,,,,,,,,,,,,,,,,,,,,,,,,,,,,,,,,,,,,,,,,,,,,,,,,,,,,,,,,,,,,,,,,,,,,,,,,,,,,4,3,4,4,1,2,1,2,2,2,3,3,2,3,2,2,2,1,4,3,1,1,1,1,1,1,1,1,0,,Last month,2,3,2,4,3,3,3,3,4,4,2,3,2,2,3,4,2,3,4,3,3,3,3,2,2,3,4,3,3,3,4,3,3,4,3,4,3,3,3,2,4,2,3,2,3,3,2,3,4,3,2,3,4,3,4,2,Middle-Eastern,21,No,,No,,Some college,Working full time,Middle Middle Class,,4,4,5,Neutral,Neutral,Neutral,Centrist,Catholic,6-12 months,189,92
English,2022-04-14 11:22:48,yes,"Single, never married",,,,,,,,,,,,,,0,,,,,,,5,5,5,4,4,5,5,4,5,6,4,5,5,5,5,5,6,5,5,4,4,5,5,5,5,5,4,5,5,5,5,4,5,5,5,4,5,5,5,5,5,5,5,5,4,4,4,5,5,5,5,5,4,4,1,1,1,1,1,1,1,1,1,1,1,1,1,1,1,1,1,1,1,1,1,1,1,1,1,1,1,1,1,1,1,1,1,1,1,1,1,1,1,1,1,1,1,1,1,1,1,1,1,1,1,1,1,1,1,1,1,1,1,1,1,1,1,1,1,1,1,1,1,1,1,1,1,1,1,1,1,1,1,1,1,,,,,,,,,,,,,,,,,,,,,,,,,,,,,,,,,,,,,,,,,,,,,,,,,,,,,,,,,,,,,,,,,,,,,,,,,,,,,,,,,,3,2,2,3,3,3,4,3,3,3,2,3,3,2,4,2,3,3,3,4,1,1,1,1,1,1,1,1,0,,A few months ago,3,4,3,3,3,2,2,3,4,3,4,3,4,2,3,2,3,3,4,2,4,3,4,4,2,4,2,2,3,2,4,3,3,4,4,2,2,2,3,3,3,3,3,3,2,4,2,3,4,3,4,3,4,3,3,2,European (other than french),32,No,,No,,Some high school,Working part time,Middle Middle Class,,5,4,5,Somewhat conservative,Somewhat conservative,Somewhat conservative,Centrist,Catholic,Not currently in a relationship,187,83
English,2022-04-14 11:44:54,yes,"Single, never married",,,,,,,,,,,,,,0,,,,,,,3,5,4,4,3,4,5,5,5,4,5,4,5,4,4,5,4,5,3,5,5,5,5,3,3,4,4,4,4,5,5,5,5,4,4,5,5,4,4,4,4,5,5,4,5,4,5,5,3,5,4,4,4,4,1,0,0,0,1,1,0,0,0,1,1,1,0,0,1,0,1,1,0,0,1,0,0,0,0,1,1,0,1,1,1,1,0,1,0,1,0,0,1,1,1,1,1,0,0,0,0,1,1,0,1,1,0,1,0,1,1,0,0,1,1,1,1,1,1,1,1,1,1,0,0,0,0,1,0,0,1,0,0,1,1,,,,,,,,,,,,,,,,,,,,,,,,,,,,,,,,,,,,,,,,,,,,,,,,,,,,,,,,,,,,,,,,,,,,,,,,,,,,,,,,,,7,2,2,5,5,0,2,2,0,0,7,2,5,6,0,5,7,0,0,7,1,0,0,0,0,0,0,0,0,,This week,4,4,4,4,3,3,4,3,4,3,5,3,3,4,3,4,3,4,3,6,6,5,5,5,6,6,5,6,5,5,5,6,6,5,7,6,6,6,5,5,6,5,6,6,6,5,5,6,7,5,5,5,5,5,7,2,French,19,No,,No,,Some high school,Student,Middle Middle Class,,1,1,1,Somewhat conservative,Somewhat conservative,Somewhat conservative,Right wing,Catholic,Not currently in a relationship,177,65
English,2022-04-14 11:58:25,yes,"Single, never married",,,,,,,,,,,,,,0,,,,,,,3,1,4,7,5,7,4,3,3,3,2,4,5,4,3,4,3,5,3,4,3,2,4,3,6,5,6,4,4,6,6,4,3,7,3,5,1,7,2,2,3,5,5,3,3,1,4,3,5,5,1,4,6,4,0,0,1,1,0,1,0,0,0,1,0,0,0,1,1,0,1,0,0,0,1,0,1,0,1,1,1,0,1,1,0,1,0,0,0,1,1,1,1,0,0,0,1,0,1,1,1,0,0,0,0,0,0,1,0,1,0,1,1,0,1,1,1,1,0,1,0,1,1,0,0,0,0,1,1,0,1,1,0,1,1,,,,,,,,,,,,,,,,,,,,,,,,,,,,,,,,,,,,,,,,,,,,,,,,,,,,,,,,,,,,,,,,,,,,,,,,,,,,,,,,,,5,1,3,2,3,4,5,3,5,5,1,3,4,2,3,5,3,5,4,5,1,1,0,0,0,1,0,0,0,,This month,3,3,3,4,1,3,3,3,4,5,4,3,4,1,1,5,3,4,3,3,5,5,4,5,4,4,4,5,3,2,3,6,2,5,3,6,4,4,2,5,4,3,4,1,5,6,3,4,4,4,6,5,4,4,6,1,European (other than french),23,No,,No,,Some college,Working full time,Middle Middle Class,,2,2,3,Somewhat conservative,Somewhat conservative,Somewhat conservative,Centrist,Catholic,2-5 years,178,75
English,2022-04-14 12:11:15,yes,Married,6,5,5,5,6,4,5,4,6,5,5,5,4,0,,,,,,,5,2,6,6,7,5,5,4,3,5,7,5,6,5,6,3,4,4,4,6,5,5,6,4,2,4,1,1,5,3,4,4,4,4,6,5,6,5,5,5,2,3,5,4,6,2,6,4,4,4,5,2,6,4,1,0,1,0,0,1,1,1,0,1,0,1,0,1,0,1,1,1,1,0,1,1,1,0,1,1,0,1,0,0,0,1,1,1,1,0,1,1,1,1,1,0,1,1,1,0,1,0,0,1,0,1,0,1,0,0,1,1,1,1,1,0,1,1,0,0,1,1,0,1,1,0,1,0,1,1,0,0,1,1,1,,,,,,,,,,,,,,,,,,,,,,,,,,,,,,,,,,,,,,,,,,,,,,,,,,,,,,,,,,,,,,,,,,,,,,,,,,,,,,,,,,3,3,3,2,4,4,3,3,4,2,4,2,3,3,4,3,4,4,2,4,1,1,1,1,1,1,0,0,1,5,A few months ago,4,5,4,5,4,4,4,4,4,4,5,3,4,5,3,5,4,3,3,4,4,3,3,3,4,4,3,5,4,3,4,4,3,4,5,3,4,5,3,5,5,5,4,5,4,5,4,5,4,5,5,5,5,5,4,2,French,37,No,,No,,Graduate or professional degree,Working full time,Middle Middle Class,,2,2,2,Very conservative,Somewhat conservative,Somewhat conservative,Extreme left wing,Catholic,0-3 months,195,90
English,2022-04-14 12:17:35,yes,In a committed relationship,7,7,3,4,5,4,4,4,4,4,3,4,1,0,,,,,,,3,1,3,7,3,1,5,5,7,4,2,5,7,3,3,3,5,4,5,5,3,3,4,4,3,3,4,5,3,3,3,5,5,7,5,5,3,2,2,3,5,4,2,3,5,3,3,5,4,3,2,4,5,5,1,1,1,0,0,0,0,1,0,0,0,0,0,1,1,1,1,1,1,1,1,1,0,1,1,0,0,1,1,1,1,1,1,1,1,1,1,1,0,1,1,1,1,1,1,1,1,1,1,1,0,1,1,0,1,1,0,1,1,1,1,1,1,0,1,1,1,1,0,1,1,0,1,0,0,1,0,1,1,0,0,,,,,,,,,,,,,,,,,,,,,,,,,,,,,,,,,,,,,,,,,,,,,,,,,,,,,,,,,,,,,,,,,,,,,,,,,,,,,,,,,,6,2,2,5,0,1,3,0,0,3,6,2,2,0,1,4,0,0,0,4,1,0,0,0,1,1,1,0,0,,A few months ago,1,1,1,1,1,1,5,1,1,5,5,5,5,1,2,5,1,5,1,1,1,1,1,1,5,1,1,7,1,6,1,1,4,1,1,6,6,3,3,3,4,2,4,5,5,3,4,7,5,5,2,3,3,5,3,2,European (other than french),23,No,,Yes,8,Bachelor’s (4-year) degree,"Working full time, Self-employed",Upper Middle Class,,2,2,3,Conservative,Conservative,Very conservative,Right wing,Catholic,1-2 years,182,80
English,2022-04-14 12:26:24,yes,Dating one person,7,6,2,5,3,3,2,4,1,1,5,5,3,0,,,,,,,3,3,4,6,4,4,4,2,5,5,6,1,2,4,6,4,6,4,4,4,5,6,3,5,5,4,2,4,4,2,6,3,6,5,3,4,3,4,4,5,2,2,1,4,2,5,4,3,5,4,2,2,4,4,1,1,1,1,0,1,0,1,1,0,1,1,1,1,1,1,1,1,1,1,0,1,0,1,0,1,1,0,0,0,1,1,1,0,1,0,1,1,0,0,0,0,1,1,0,0,1,0,1,1,1,1,1,1,1,0,1,1,1,1,0,1,0,0,1,0,1,0,1,1,0,1,1,0,0,0,0,0,0,0,1,,,,,,,,,,,,,,,,,,,,,,,,,,,,,,,,,,,,,,,,,,,,,,,,,,,,,,,,,,,,,,,,,,,,,,,,,,,,,,,,,,3,2,3,2,3,4,4,3,4,3,4,3,3,4,2,4,3,3,2,2,1,1,0,1,0,0,0,0,0,,A few months ago,2,4,5,4,2,3,3,2,3,3,4,2,4,5,5,4,3,2,1,7,6,3,4,2,3,5,5,7,3,4,4,4,4,6,5,3,6,4,5,4,3,4,5,4,7,2,4,5,4,5,6,7,6,3,5,1,European (other than french),18,No,,No,,Some high school,Working part time,Upper Middle Class,,2,2,2,Conservative,Conservative,Conservative,Centrist,Catholic,3-6 months,173,65
English,2022-04-14 12:27:10,yes,"Single, never married",,,,,,,,,,,,,,0,,,,,,,5,6,4,5,5,5,5,6,5,4,4,4,5,4,5,5,5,5,5,5,6,4,6,4,5,5,4,6,5,4,6,5,5,6,6,5,5,6,4,5,4,4,6,5,6,6,5,5,5,5,6,5,5,4,0,1,1,1,1,1,0,0,0,0,0,0,1,1,1,1,1,1,0,0,1,1,0,0,1,1,1,1,1,1,0,1,1,1,1,1,1,1,0,1,0,1,1,1,1,1,1,1,0,1,1,0,1,0,0,1,1,1,0,1,0,1,0,1,1,1,1,1,0,1,1,1,1,1,1,0,1,0,1,1,1,,,,,,,,,,,,,,,,,,,,,,,,,,,,,,,,,,,,,,,,,,,,,,,,,,,,,,,,,,,,,,,,,,,,,,,,,,,,,,,,,,1,5,5,2,0,2,5,1,2,5,7,5,6,7,2,1,5,0,0,2,0,0,0,0,0,0,0,0,0,,This month,4,4,3,4,3,4,3,3,3,3,4,4,3,3,3,4,3,4,4,4,4,5,4,5,4,4,3,4,5,5,4,4,4,5,4,3,4,4,4,4,3,3,5,4,4,3,4,4,4,5,4,5,4,3,5,Non-binary,Middle-Eastern,20,No,,No,,Some college,Student,Middle Middle Class,,1,3,3,Conservative,Conservative,Conservative,Right wing,Atheist,Not currently in a relationship,158,50
English,2022-04-14 12:43:51,yes,"Single, never married",,,,,,,,,,,,,,0,,,,,,,5,5,5,5,7,5,5,5,5,6,6,6,5,5,5,5,6,6,5,5,5,5,5,5,6,6,5,5,5,5,6,5,6,5,5,5,5,5,6,5,5,5,5,5,6,5,5,5,5,5,5,6,5,5,1,1,1,1,1,1,1,1,1,1,1,1,1,1,1,1,1,1,1,1,1,1,1,1,1,1,1,1,1,1,1,1,1,1,1,1,1,1,1,1,1,1,1,1,1,1,1,1,1,1,1,1,1,1,1,1,1,1,1,1,1,1,1,1,1,1,1,1,1,1,1,1,1,1,1,1,1,1,1,1,1,,,,,,,,,,,,,,,,,,,,,,,,,,,,,,,,,,,,,,,,,,,,,,,,,,,,,,,,,,,,,,,,,,,,,,,,,,,,,,,,,,3,3,3,3,3,2,3,3,3,3,3,3,2,3,2,2,3,2,3,2,1,1,1,1,1,1,1,1,0,,Last month,3,3,3,3,3,3,3,3,3,3,3,3,3,3,2,3,3,3,3,2,2,3,3,3,2,4,4,4,3,2,2,3,4,4,3,3,3,3,4,2,2,4,3,3,3,3,2,4,4,3,3,3,3,4,2,2,European (other than french),55,No,,No,,Some high school,Working part time,Middle Middle Class,,5,4,4,Conservative,Conservative,Conservative,Centrist,Catholic,2-5 years,187,85
English,2022-04-14 12:46:26,yes,Other,,,,,,,,,,,,,,0,,,,,,,5,5,5,5,5,5,5,5,6,5,5,5,5,5,5,5,5,6,5,5,1,6,5,5,4,5,5,5,5,5,5,5,5,5,4,5,5,5,5,5,5,4,5,5,5,5,5,5,5,5,5,5,5,5,1,1,0,1,0,1,0,0,0,1,1,1,1,1,1,0,0,0,0,0,1,0,1,0,0,0,0,1,1,1,1,0,1,1,0,1,0,0,1,0,0,1,1,0,0,1,0,0,0,1,1,0,1,0,1,0,0,1,1,1,1,1,1,1,1,0,0,1,1,0,1,1,0,0,0,0,0,1,0,1,1,,,,,,,,,,,,,,,,,,,,,,,,,,,,,,,,,,,,,,,,,,,,,,,,,,,,,,,,,,,,,,,,,,,,,,,,,,,,,,,,,,3,4,3,4,2,3,4,4,3,4,2,3,3,2,4,3,2,3,2,2,1,1,0,0,0,1,0,1,0,,This week,1,1,4,3,4,2,2,4,2,4,3,3,3,4,4,3,3,4,3,2,2,3,3,3,2,3,4,3,3,4,2,3,2,4,5,3,3,4,3,4,4,3,2,2,4,3,4,2,2,4,3,2,4,4,3,1,European (other than french),22,No,,Yes,13,Some college,Working part time,Middle Middle Class,,5,3,4,Conservative,Conservative,Conservative,Left wing,Evangelical Christian,6-12 months,170,52
English,2022-04-14 12:56:09,yes,Dating one person,5,5,6,4,5,4,5,6,5,4,6,5,5,0,,,,,,,3,6,5,4,5,4,2,5,3,5,4,4,4,1,4,5,3,5,3,6,4,6,2,5,3,5,4,3,5,3,5,4,3,5,3,3,5,6,5,3,4,5,2,6,5,5,5,4,4,3,4,4,3,2,1,1,0,1,1,0,1,1,1,1,1,0,0,1,0,1,1,1,1,1,1,1,0,1,1,1,0,0,0,1,1,0,0,1,1,1,0,1,0,1,1,1,1,1,1,0,1,1,1,0,0,1,1,1,1,1,1,0,1,1,1,0,1,0,1,1,1,1,1,1,1,1,1,1,1,1,1,1,1,1,1,,,,,,,,,,,,,,,,,,,,,,,,,,,,,,,,,,,,,,,,,,,,,,,,,,,,,,,,,,,,,,,,,,,,,,,,,,,,,,,,,,5,5,4,3,3,3,4,2,3,4,5,1,4,6,5,2,3,4,6,4,1,0,1,0,1,0,0,1,0,,Last month,2,3,2,1,3,3,2,4,4,4,4,3,4,5,3,2,3,3,2,5,4,5,3,3,2,3,2,6,3,4,4,5,2,5,4,6,3,4,5,3,6,6,4,2,5,3,5,4,5,3,2,6,4,4,4,1,European (other than french),20,No,,No,,Some college,Working part time,Middle Middle Class,,1,1,2,Neutral,Neutral,Neutral,Centrist,Catholic,6-12 months,176,70
English,2022-04-14 12:56:57,yes,Other,,,,,,,,,,,,,,0,,,,,,,3,4,7,7,6,1,5,6,5,3,3,5,7,3,5,5,3,2,3,3,5,5,5,3,5,5,5,5,5,6,5,5,4,4,5,6,1,1,1,2,6,6,5,3,5,5,7,6,6,4,1,6,2,3,0,1,0,0,0,0,0,1,0,0,1,0,1,1,1,1,0,1,1,1,1,1,1,1,1,0,0,1,1,1,1,1,1,0,1,1,0,0,0,1,1,1,1,0,0,1,1,1,1,1,0,0,0,0,1,0,0,1,0,0,0,0,1,1,0,0,0,1,0,1,0,0,1,0,0,0,0,1,0,0,0,,,,,,,,,,,,,,,,,,,,,,,,,,,,,,,,,,,,,,,,,,,,,,,,,,,,,,,,,,,,,,,,,,,,,,,,,,,,,,,,,,3,5,2,0,0,0,1,0,2,1,3,0,0,5,2,1,0,2,0,4,0,0,0,0,0,0,0,0,0,,This month,3,3,3,3,3,3,3,3,3,3,3,3,3,3,3,3,3,3,3,4,4,4,4,4,4,4,4,4,4,4,4,4,4,4,4,4,4,4,4,4,4,4,4,4,4,4,4,4,4,4,4,4,4,4,4,2,French,25,No,,No,,Bachelor’s (4-year) degree,Student,Middle Middle Class,,4,4,4,Somewhat conservative,Somewhat conservative,Somewhat liberal,Centrist,Protestant Christian,Not currently in a relationship,195,95
French,2022-04-04 20:13:52,yes,En couple,7,7,2,7,2,7,5,1,2,5,3,4,1,0,,,,,,,2,2,7,7,5,2,2,6,7,4,4,4,6,2,7,6,2,4,5,4,5,5,6,4,4,2,4,6,7,6,3,6,6,7,7,6,4,3,4,4,7,4,7,5,2,7,7,7,6,6,2,2,3,2,0,1,1,0,0,0,1,1,0,0,0,0,1,1,1,1,0,1,1,1,1,0,0,1,0,0,0,1,1,1,1,1,1,0,1,0,1,1,0,1,0,1,1,1,1,1,0,1,1,1,1,1,1,0,1,1,0,1,1,1,1,1,1,0,1,1,1,0,0,1,0,0,1,0,1,1,0,1,0,0,0,0,3,0,1,0,0,0,0,0,0,0,0,11 plus,0,2,4,0,11 plus,2,0,0,0,0,2,0,0,0,0,0,11 plus,0,4,2,0,11 plus,0,1,11 plus,0,0,0,1,11 plus,11 plus,2,1,0,11 plus,10,0,0,2,2,0,1,0,0,1,1,4,11 plus,11 plus,2,0,1,1,11 plus,0,0,3,0,0,7,0,11 plus,0,0,11 plus,0,0,0,7,6,0,0,0,4,5,6,0,1,7,0,1,1,0,0,7,7,7,7,0,1,0,0,0,0,0,0,0,,3,2,4,4,5,3,5,3,4,3,4,3,3,3,3,5,1,3,3,5,7,7,7,7,7,6,2,7,2,2,2,5,2,4,7,3,7,4,6,4,7,4,6,4,5,4,6,6,5,2,3,4,1,2,5,6,1,Marocaine,20,Non,,Oui,11,Licence (BAC +3),"Emploi à temps partiel, Etudiant",Classe moyenne,En dessous de 20 000,1,1,2,Très libéral,Très libéral,Très libéral,Gauche à centre gauche,Musulman,0-3 mois,153cm,45
French,2022-04-04 20:32:37,yes,Célibataire,,,,,,,,,,,,,,0,,,,,,,5,5,4,6,3,4,4,5,6,7,5,6,7,3,7,5,3,4,5,5,6,6,7,6,4,5,5,6,7,6,2,6,4,7,5,6,3,3,3,2,6,6,6,5,4,5,2,6,3,4,2,5,3,3,0,1,1,0,1,0,1,1,0,0,0,1,0,0,1,1,0,1,1,1,0,0,0,1,0,0,0,1,1,1,1,1,1,0,1,1,1,1,0,1,0,0,1,0,1,1,1,1,1,1,0,1,0,0,1,1,0,1,1,0,1,1,1,0,1,1,1,0,0,1,0,0,1,1,0,1,0,1,1,0,1,0,0,0,0,2,0,0,0,0,0,0,11 plus,0,0,11 plus,11 plus,0,11 plus,1,1,0,0,0,2,0,0,0,1,1,11 plus,6,2,11 plus,0,11 plus,0,0,0,0,2,0,0,0,0,0,4,0,11 plus,4,1,0,0,0,0,0,0,0,2,1,0,0,0,3,0,11 plus,11 plus,11 plus,0,0,0,0,0,0,0,0,0,0,11 plus,5,0,0,7,4,4,1,0,0,0,0,0,1,7,5,4,0,0,0,0,0,7,7,0,0,0,0,0,0,1,1,0,,1,5,5,4,4,4,4,1,3,1,1,4,2,4,3,4,3,2,4,2,6,5,6,5,3,6,1,4,2,5,1,2,3,1,6,5,6,2,5,3,7,4,6,4,6,2,4,2,3,2,3,5,1,2,3,3,2,Françaises,21,Non,,Oui,6 ans,Master (BAC +5),Etudiant,Classe moyenne,En dessous de 20 000,4,6,2,Libéral,Libéral,Conservateur,Extrême gauche à gauche,"Ni dieu, Ni maître",Pas en relation actuellement,"1,76m",environ 80kilos
French,2022-04-04 20:41:38,yes,Célibataire,,,,,,,,,,,,,,0,,,,,,,2,2,7,7,7,2,3,2,5,3,2,3,6,2,6,7,2,5,7,7,5,2,6,6,3,2,5,4,2,4,7,3,7,7,7,7,2,2,2,2,5,2,7,7,2,7,7,7,6,6,5,2,4,5,1,1,1,1,0,0,0,1,0,0,1,0,0,1,1,0,0,1,1,1,0,0,0,1,0,0,0,0,0,1,1,1,1,0,1,1,1,0,0,0,0,1,1,1,0,1,1,1,1,1,0,0,0,0,1,1,0,1,0,1,0,1,1,0,0,1,1,1,0,1,0,0,1,0,1,1,0,1,0,1,0,0,11 plus,1,0,0,0,0,0,0,0,11 plus,0,0,2,11 plus,0,0,11 plus,1,0,0,0,0,2,0,0,0,0,0,0,0,0,11 plus,0,2,0,2,0,0,0,0,0,5,1,0,0,0,0,7,0,0,0,0,0,0,1,0,1,0,0,0,0,11 plus,0,0,0,11 plus,1,0,7,0,0,0,0,0,0,0,0,0,0,0,7,0,0,0,0,0,0,0,0,2,6,4,0,1,0,0,0,0,0,0,0,0,0,0,0,0,0,0,0,,1,2,5,5,5,5,4,2,1,2,2,1,1,1,5,5,1,2,1,5,1,1,1,1,1,1,1,1,1,1,5,1,1,1,7,5,7,1,4,1,7,5,5,4,7,7,1,6,1,7,7,1,1,1,3,5,1,Françaises,21,Non,,Oui,10,Licence (BAC +3),Etudiant,Classe moyenne inférieure,En dessous de 20 000,3,2,4,Libéral,Très libéral,Neutre,Gauche à centre gauche,Athée,Pas en relation actuellement,178,64
French,2022-04-04 21:20:03,yes,En couple,5,7,2,2,3,1,3,5,5,1,2,2,3,0,,,,,,,3,2,2,3,6,2,3,4,2,5,2,3,3,3,6,5,2,4,5,2,6,3,6,5,4,4,5,2,4,4,3,6,7,7,7,6,2,2,2,2,6,5,6,5,3,5,5,6,2,3,2,6,5,6,0,1,1,1,0,0,1,1,0,0,0,1,0,1,0,0,0,1,0,1,0,0,0,1,0,0,0,1,1,1,1,1,1,0,1,1,1,1,0,1,0,1,1,0,1,1,0,1,1,0,0,1,1,0,0,1,0,1,0,0,1,1,1,0,1,1,1,1,0,0,0,0,1,0,1,1,0,1,0,0,0,0,4,0,0,1,0,0,0,0,0,0,0,0,0,0,0,0,11 plus,0,1,0,0,0,1,0,0,0,0,0,4,11 plus,4,2,0,1,0,1,0,0,6,0,0,2,6,5,0,0,2,1,0,0,3,3,0,0,0,0,0,0,0,11 plus,0,11 plus,0,2,0,11 plus,0,0,0,0,0,3,0,11 plus,0,0,2,0,0,0,7,1,2,3,0,5,1,1,0,3,7,1,1,0,1,0,7,0,0,1,0,0,0,0,0,0,0,0,0,,2,5,5,5,5,5,5,1,5,4,1,4,3,3,3,3,4,4,4,5,5,3,4,4,3,5,5,3,5,2,6,2,3,2,5,2,3,1,2,6,6,5,3,2,1,2,5,5,6,6,7,3,4,3,6,5,2,Françaises,21,Non,,Oui,5,Licence (BAC +3),"Etudiant, Stagiaire",Classe moyenne,En dessous de 20 000,3,3,3,Neutre,Libéral,Conservateur,Extrême gauche à gauche,Athée,6-12 mois,191,98
French,2022-04-04 22:12:43,yes,En couple,7,7,5,1,1,1,1,1,2,2,3,2,2,0,,,,,,,4,3,2,7,2,2,2,6,4,3,4,4,3,2,5,6,5,7,5,6,4,4,6,7,6,6,7,5,6,6,2,6,6,7,7,6,2,4,2,2,7,7,6,7,2,6,4,6,5,5,2,2,3,2,0,1,1,0,1,0,1,1,0,0,0,0,0,1,1,0,0,1,0,0,0,0,1,1,1,0,0,1,1,1,1,1,1,0,1,1,1,1,0,1,1,1,1,1,1,1,1,0,1,1,0,1,1,0,1,1,0,1,0,1,1,1,1,0,1,1,1,1,0,0,0,1,1,0,1,1,0,1,0,0,0,1,3,0,11 plus,0,0,1,0,0,0,0,0,0,1,0,0,0,11 plus,0,0,0,0,0,0,0,0,0,1,0,11 plus,11 plus,0,2,0,7,1,0,0,0,0,2,1,0,0,5,0,0,0,1,0,0,3,11 plus,0,0,0,0,0,0,5,11 plus,11 plus,11 plus,0,0,0,11 plus,0,0,0,0,0,0,0,11 plus,0,0,2,0,0,0,7,4,1,0,0,5,0,5,0,3,6,0,0,0,0,0,7,0,0,0,1,0,0,0,0,0,0,0,0,,2,5,4,5,5,5,4,1,5,4,1,5,2,2,2,2,3,4,4,5,3,6,1,5,2,7,2,6,7,1,1,5,5,5,7,5,7,2,7,7,7,5,7,6,7,5,5,6,7,7,7,2,1,1,7,6,2,Françaises,25,Non,,Oui,9,Lycée terminé/BAC,Emploi à temps plein,Classe ouvrière,En dessous de 20 000,4,3,5,Plus ou moins libéral,Très libéral,Neutre,Extrême gauche à gauche,Athée,1-2 ans,183,120
French,2022-04-04 22:24:54,yes,En couple,7,1,3,2,2,3,1,1,5,2,1,1,1,1,7,1,2,7,1,7,3,2,7,7,7,2,6,3,7,3,7,6,3,3,7,7,2,4,5,6,6,7,6,5,7,2,6,2,2,6,5,5,7,7,7,7,2,4,5,3,7,5,7,7,3,7,6,7,5,5,7,7,5,6,1,1,1,1,0,1,1,0,0,0,0,0,0,1,1,1,0,0,0,1,0,1,0,1,0,0,1,1,1,1,1,1,1,0,1,1,1,1,1,1,1,0,0,1,0,1,1,0,0,1,1,1,1,1,1,0,1,1,1,0,1,1,1,0,1,1,1,1,0,1,0,1,1,1,0,0,0,0,0,1,0,0,0,10,1,0,0,0,0,0,0,0,0,0,0,0,0,0,0,0,0,0,0,0,0,0,0,0,0,0,11 plus,7,0,6,0,11 plus,0,0,0,0,0,6,11 plus,0,10,0,5,0,0,0,11 plus,0,9,6,0,0,0,11 plus,0,0,0,11 plus,0,7,0,0,6,5,11 plus,0,0,0,0,0,0,0,0,0,0,0,0,0,0,3,5,4,0,4,0,0,0,6,3,0,2,0,1,0,0,0,0,0,0,1,0,0,0,0,0,0,0,,5,1,1,1,1,1,1,5,1,1,5,4,5,4,1,1,3,1,4,1,3,1,1,3,7,6,1,6,4,2,2,4,1,1,1,1,6,1,1,7,1,1,1,5,7,7,7,7,3,3,5,2,1,1,7,7,1,Françaises,51,Oui,27,Non,,DUT/BTS (BAC +2),Emploi à temps plein,Classe moyenne,20 000 - 29 999,3,2,4,Libéral,Plus ou moins libéral,Plus ou moins libéral,Gauche à centre gauche,Catholique,2-5 ans,165,74
French,2022-04-04 22:58:47,yes,Marié(e),7,7,3,7,1,1,2,2,2,2,1,3,1,0,,,,,,,2,2,7,4,7,2,2,2,5,3,7,2,2,5,2,6,6,7,6,6,2,3,4,6,3,2,4,3,2,5,6,2,7,7,7,6,3,2,2,2,5,5,7,7,2,3,7,7,2,7,2,2,5,2,1,1,1,0,1,0,1,0,0,0,0,0,1,1,1,1,0,1,1,1,0,0,0,1,1,0,1,1,1,1,1,1,1,0,1,0,1,0,0,1,1,1,0,1,1,1,0,1,1,0,0,1,1,0,1,1,0,1,1,1,1,1,1,0,0,1,1,0,0,1,0,0,0,1,0,0,0,0,0,0,0,1,0,0,11 plus,0,0,0,0,0,0,0,0,0,0,0,0,0,11 plus,0,1,0,0,0,1,11 plus,0,0,0,0,3,0,0,11 plus,0,3,0,0,0,0,0,0,0,0,0,0,0,0,0,0,0,0,3,5,0,0,0,0,0,1,0,11 plus,0,2,0,0,0,11 plus,0,0,0,0,0,0,1,0,0,0,0,0,0,0,6,0,0,0,0,3,0,5,0,1,5,0,0,0,0,0,0,0,0,0,0,0,0,0,0,0,0,0,0,,2,1,1,1,1,1,2,5,5,1,5,5,5,5,1,1,5,1,5,1,1,1,5,1,7,1,1,1,1,1,7,1,1,1,1,1,1,1,1,6,6,7,5,1,1,3,7,6,6,7,7,1,3,1,6,1,1,Françaises,35,Non,,Oui,26,Licence (BAC +3),Etudiant,Classe moyenne inférieure,20 000 - 29 999,2,1,5,Neutre,Neutre,Neutre,Extrême gauche à gauche,Athée,2-5 ans,176,75
French,2022-04-05 00:24:17,yes,En couple,1,7,3,1,5,3,2,2,2,1,1,1,1,0,,,,,,,2,2,4,7,4,4,2,6,2,2,2,3,6,4,6,6,2,4,5,4,6,6,6,7,6,4,7,4,6,6,2,6,6,7,7,6,2,2,3,2,6,6,7,5,4,6,6,6,2,3,2,6,6,7,1,1,1,0,0,0,0,0,0,0,0,0,1,1,1,1,0,1,1,1,0,1,0,1,0,0,0,1,1,1,1,1,1,1,1,0,1,1,0,0,1,1,1,1,1,1,1,1,1,1,0,1,1,0,1,1,0,1,1,1,1,1,1,1,1,1,1,1,0,1,0,0,1,0,1,1,0,1,1,1,0,1,4,2,0,4,0,0,0,0,0,0,0,2,2,9,9,0,11 plus,3,1,0,2,0,4,0,0,0,1,1,5,2,3,10,2,9,0,1,1,0,0,5,7,11 plus,8,2,2,0,5,10,0,0,4,10,0,0,2,0,0,1,2,11 plus,11 plus,8,1,2,5,11 plus,1,0,11 plus,0,0,0,0,1,0,0,10,1,1,0,7,5,1,0,0,4,6,6,1,7,6,3,3,7,1,0,1,4,0,6,1,1,0,0,0,0,0,0,0,,4,5,5,5,5,5,5,1,4,3,4,5,5,5,1,4,5,1,5,4,5,2,5,5,7,6,2,6,7,4,6,1,6,2,6,4,6,1,7,7,6,7,1,3,7,7,7,7,7,7,7,1,6,6,7,7,1,Françaises,21,Non,,Oui,8,Un peu d'université,"Emploi à temps partiel, Etudiant",Classe moyenne inférieure,20 000 - 29 999,6,7,5,Plus ou moins libéral,Très libéral,Plus ou moins libéral,Extrême gauche à gauche,Athée,1-2 ans,171,67
French,2022-04-05 00:59:46,yes,En couple,7,1,3,1,1,1,3,1,1,3,2,3,3,0,,,,,,,2,2,3,7,6,2,5,4,3,5,4,5,2,6,6,6,2,4,3,3,5,6,5,3,5,5,6,2,2,6,4,3,5,7,7,6,3,2,3,3,7,7,3,6,3,2,3,3,3,3,2,6,5,3,1,1,1,0,1,0,0,1,0,0,1,0,0,1,1,1,1,1,1,0,0,0,0,1,0,0,0,1,1,1,1,1,1,0,1,1,1,1,0,1,0,1,1,1,1,1,1,1,1,1,0,1,1,0,1,1,0,0,0,1,1,1,1,1,1,1,1,1,0,1,1,1,1,0,0,0,0,1,0,0,0,0,1,2,0,0,0,0,0,0,0,0,0,0,1,1,2,0,11 plus,0,0,0,0,0,1,0,0,0,0,0,2,11 plus,0,8,0,2,0,0,0,0,11 plus,0,0,11 plus,3,4,8,0,0,3,1,0,4,3,0,1,0,0,0,0,1,11 plus,1,3,1,3,11 plus,11 plus,2,0,3,1,0,0,0,1,0,0,4,0,0,0,7,1,1,5,0,4,0,1,1,1,2,0,5,1,0,0,0,0,0,1,0,0,0,0,1,0,0,0,0,,2,2,5,5,4,3,5,4,2,1,2,3,5,4,1,2,4,3,4,1,5,1,1,1,4,5,1,2,7,5,7,1,6,4,1,2,4,1,7,6,6,5,2,5,5,6,5,5,6,6,7,2,5,4,5,6,2,Françaises,22,Non,,Oui,15,Licence (BAC +3),Etudiant,Classe moyenne,100 000 - 149 999,1,2,1,Libéral,Très libéral,Neutre,Extrême gauche à gauche,je crois en ma bonne étoile,2-5 ans,1.79,64
French,2022-04-05 11:17:55,yes,En couple,7,5,3,5,5,4,1,1,1,1,1,1,1,0,,,,,,,2,2,7,4,3,2,3,5,4,2,3,2,5,3,5,7,2,3,2,3,5,3,7,6,4,4,6,5,3,7,4,5,2,5,2,7,2,2,2,2,6,7,5,5,4,5,5,5,2,2,2,5,6,5,0,1,1,0,0,0,1,1,0,0,0,0,1,1,0,0,1,1,1,1,0,0,0,0,0,0,0,1,1,1,1,0,1,0,1,1,1,0,0,0,1,0,1,1,0,1,0,1,0,1,0,1,1,0,0,1,0,0,1,0,1,1,1,0,1,1,1,0,0,1,0,1,0,0,0,1,0,1,0,0,0,0,3,0,0,0,0,0,3,0,0,0,0,8,0,0,0,0,8,1,0,0,0,0,0,0,0,0,0,0,8,8,0,6,0,8,1,0,0,0,0,0,0,0,2,0,0,0,8,0,1,0,3,1,0,0,0,0,0,1,0,8,0,8,0,2,0,8,0,0,8,0,0,0,0,0,0,0,1,0,0,0,7,2,1,0,0,6,0,2,0,2,7,0,0,7,0,0,0,7,0,1,1,0,0,0,0,0,0,0,0,,4,2,4,4,2,3,2,3,4,1,3,5,5,5,1,1,5,1,5,1,6,4,5,5,6,4,6,1,3,5,3,2,2,2,3,7,5,6,2,7,3,5,2,1,1,7,7,7,6,7,7,1,5,5,6,5,1,Françaises,20,Non,,Oui,13,Licence (BAC +3),Etudiant,Classe moyenne,Ne veut pas répondre,1,2,6,Conservateur,Conservateur,Neutre,Droite à extrême droite,Athée,2-5 ans,1.66,59
French,2022-04-05 14:39:45,yes,Célibataire,,,,,,,,,,,,,,0,,,,,,,3,5,2,3,3,5,2,4,4,4,4,2,4,7,7,2,5,4,4,7,4,4,5,4,5,2,7,2,3,5,4,2,7,7,6,7,2,2,2,2,7,7,5,5,4,3,5,4,2,2,2,6,6,6,0,0,1,0,1,0,0,0,0,0,0,1,0,1,1,1,1,1,0,1,0,0,0,1,0,0,0,1,1,1,1,1,1,0,1,0,1,1,0,1,0,1,1,0,0,1,1,0,1,1,0,1,1,0,1,1,0,1,0,0,0,0,1,0,1,1,1,0,0,1,0,0,0,0,1,1,0,1,0,0,0,0,0,3,0,0,0,0,0,0,0,0,0,0,1,11 plus,7,0,11 plus,0,1,0,0,0,2,0,0,0,0,0,11 plus,1,2,0,0,1,0,1,1,0,11 plus,0,1,11 plus,0,0,10,11 plus,0,1,2,0,0,0,0,11 plus,0,0,0,0,0,0,0,1,0,11 plus,11 plus,11 plus,0,0,0,0,0,0,0,11 plus,0,0,11 plus,0,0,0,7,6,0,7,0,0,0,2,0,0,7,3,5,6,0,4,7,0,0,6,0,0,0,0,0,0,0,0,0,,2,1,1,1,1,1,1,5,1,1,5,5,5,5,1,1,5,1,5,1,4,4,4,4,4,4,4,4,4,4,4,4,4,4,4,4,4,4,4,4,4,4,4,4,4,4,4,4,4,4,4,4,4,4,4,4,2,"Françaises, savouè libre",21,Non,,Oui,10,Licence (BAC +3),"Sans emploi, en recherche d'emploi, Artiste indé",Classe ouvrière,Ne veut pas répondre,2,7,4,Neutre,Neutre,Neutre,Gauche à centre gauche,Chrétien évangéliste,Pas en relation actuellement,180,entre 69 et 72 (trop de variation de semaine en semaine parce que osef de l'alimentation)
French,2022-04-05 15:05:27,yes,Célibataire,,,,,,,,,,,,,,0,,,,,,,5,4,3,5,3,2,5,3,5,3,3,2,6,2,6,6,6,5,5,5,6,5,7,7,5,5,5,7,6,6,6,7,6,7,7,6,6,3,2,3,5,5,6,7,2,6,6,7,2,5,3,3,4,2,1,1,1,0,0,0,1,1,0,0,0,0,0,1,1,0,0,1,0,1,0,0,0,1,0,0,0,1,1,1,1,1,1,0,1,1,1,1,0,1,0,1,1,1,1,1,1,1,1,1,0,1,1,0,1,1,0,1,0,0,1,1,1,0,0,1,1,1,0,1,0,0,1,1,1,1,0,1,0,0,0,0,7,0,2,0,0,0,0,0,0,0,0,0,1,0,0,0,11 plus,4,0,0,0,0,0,0,0,0,0,1,4,11 plus,0,11 plus,0,11 plus,0,4,0,0,0,0,1,3,3,1,0,0,2,4,0,0,0,0,0,0,1,0,7,0,0,0,0,7,0,0,0,11 plus,0,0,1,0,0,0,1,2,1,0,2,0,0,0,7,1,1,0,0,0,0,3,0,2,6,0,0,1,0,0,1,0,0,3,0,1,0,0,0,1,0,0,0,,2,2,4,2,3,4,3,2,4,1,5,4,2,1,5,4,1,5,1,5,6,5,7,6,7,5,3,7,3,4,1,4,2,4,7,6,6,4,6,3,7,4,5,7,4,4,5,5,5,4,4,4,1,7,5,4,1,Françaises,23,Non,,Oui,4,Licence (BAC +3),Etudiant,Classe moyenne,En dessous de 20 000,3,4,4,Plus ou moins libéral,Très libéral,Neutre,Gauche à centre gauche,Catholique,Pas en relation actuellement,153,42
French,2022-04-05 17:59:11,yes,Célibataire,,,,,,,,,,,,,,0,,,,,,,2,2,7,7,7,2,2,2,6,6,4,4,4,6,7,5,2,4,4,5,2,7,5,3,2,7,5,6,6,2,4,2,6,6,5,7,4,2,2,2,7,7,7,7,2,7,7,7,7,7,6,2,3,4,0,1,1,1,0,0,1,0,0,0,0,0,0,1,1,0,0,1,0,0,0,0,0,0,0,0,0,0,0,1,0,1,1,0,1,0,0,0,0,1,0,0,1,0,0,1,1,0,1,1,0,0,0,0,0,1,0,0,1,1,0,0,1,0,0,0,1,0,0,0,0,0,1,0,0,0,0,0,0,0,0,0,0,0,0,0,0,0,0,0,0,0,0,0,0,8,0,0,11 plus,0,0,0,0,0,0,0,0,0,0,0,2,0,0,0,0,0,0,0,0,0,1,0,0,2,0,0,0,0,0,0,0,0,0,0,0,0,0,0,0,0,0,0,0,2,0,0,0,11 plus,0,0,0,0,0,0,0,0,0,0,0,0,0,0,7,2,0,1,0,0,0,2,0,0,7,7,0,0,0,0,0,0,0,0,0,0,0,0,0,0,0,0,0,,3,2,3,2,3,1,1,1,1,2,4,5,4,5,1,1,5,2,4,2,4,4,4,4,4,4,4,4,4,4,4,4,4,4,4,4,4,4,4,4,4,4,4,4,4,4,4,4,4,4,4,4,4,4,4,4,1,"Moyen-orientales, Marocaine ",19,Non,,Oui,12,Un peu d'université,Etudiant,Classe moyenne,Ne veut pas répondre,4,4,6,Neutre,Neutre,Neutre,Centre gauche à centre droit,Musulman,Pas en relation actuellement,1m62,
French,2022-04-05 18:38:13,yes,Célibataire,,,,,,,,,,,,,,0,,,,,,,3,5,2,3,3,5,4,2,4,7,6,5,3,5,7,6,2,4,4,2,7,3,7,2,7,5,7,4,2,7,2,3,2,7,5,6,2,2,2,2,6,6,2,5,2,2,2,5,4,4,2,3,4,4,0,1,1,1,1,0,0,0,0,0,0,0,0,1,1,0,0,1,0,1,1,0,0,1,0,0,0,1,1,1,1,1,1,0,1,1,1,1,0,1,0,1,1,1,1,1,1,1,1,1,0,1,1,0,1,1,0,0,0,0,1,1,1,1,1,1,1,1,0,1,0,0,1,0,0,1,0,1,0,0,0,3,3,0,11 plus,0,0,0,0,0,0,0,0,0,1,0,0,3,11 plus,0,3,0,0,0,1,0,0,0,1,0,11 plus,11 plus,0,11 plus,0,11 plus,0,1,0,0,1,0,0,0,0,0,8,0,8,4,0,0,0,0,0,0,0,0,0,0,0,11 plus,11 plus,11 plus,0,0,11 plus,11 plus,2,0,0,0,0,0,0,0,0,0,0,0,0,0,6,1,1,1,0,3,4,0,0,2,4,0,4,0,0,0,0,0,0,0,0,0,0,0,0,0,0,0,0,,5,4,4,4,4,4,4,2,2,4,3,4,3,3,2,2,4,3,4,2,6,5,6,7,7,7,3,7,2,2,3,4,5,6,7,7,7,1,1,7,7,7,1,1,1,7,7,7,7,7,7,3,2,7,7,6,1,"Françaises, Suisse",21,Non,,Oui,12,Un peu d'université,Emploi à temps plein,Classe moyenne supérieure,Ne veut pas répondre,2,2,6,Neutre,Plus ou moins libéral,Plus ou moins Conservateur,Gauche à centre gauche,Athée,Pas en relation actuellement,"1,64",58
French,2022-04-05 21:42:14,yes,En couple,7,7,1,5,5,5,1,5,7,5,2,1,1,0,,,,,,,2,2,7,6,7,2,2,2,2,5,3,2,4,7,7,7,2,5,5,2,6,5,6,4,6,7,6,7,5,7,2,2,6,6,5,7,2,2,2,2,7,7,2,2,6,2,2,4,2,2,2,7,7,6,0,1,1,0,1,0,1,0,0,0,0,0,0,1,1,1,1,1,0,0,0,0,0,0,0,0,0,1,1,1,1,0,1,0,1,0,1,0,0,0,0,0,1,1,1,0,1,0,0,1,0,0,0,0,1,1,0,1,0,1,0,0,1,0,1,1,1,0,0,0,0,0,1,0,0,0,0,0,0,0,0,0,3,3,0,0,0,0,0,0,0,0,0,0,1,11 plus,0,0,11 plus,0,0,0,0,0,0,0,0,0,0,1,11 plus,11 plus,0,4,0,0,0,0,0,0,0,0,0,5,1,3,0,0,0,0,0,0,0,0,0,0,1,0,1,0,3,0,0,11 plus,0,0,0,11 plus,0,0,0,0,0,0,0,0,0,0,0,0,0,0,7,7,0,0,0,0,0,5,0,2,5,4,0,0,0,0,0,0,0,0,0,0,0,0,0,0,0,0,0,,4,2,4,4,5,4,4,1,4,2,4,5,5,5,1,1,5,1,5,4,6,6,6,6,7,6,3,5,2,2,3,1,1,2,3,5,5,1,3,6,3,6,3,2,2,6,6,6,7,6,6,3,5,5,7,6,1,Françaises,18,Non,,Oui,15,Un peu d'université,Etudiant,Classe moyenne inférieure,Ne veut pas répondre,1,1,2,Très libéral,Très libéral,Neutre,Gauche à centre gauche,Athée,0-3 mois,1m75,
French,2022-04-05 22:28:11,yes,En couple,7,7,1,5,1,4,3,5,1,5,1,1,1,0,,,,,,,2,2,6,7,4,2,5,4,3,4,2,2,4,2,7,5,2,2,6,3,7,7,7,2,6,4,7,4,2,7,4,2,6,6,6,7,2,2,2,2,7,7,6,6,2,5,7,6,4,4,2,3,5,5,1,1,1,0,1,0,0,0,0,0,0,0,1,1,1,1,0,1,0,1,0,0,0,1,0,0,0,1,1,1,1,1,1,0,1,0,1,1,0,1,1,0,1,1,1,1,0,1,0,1,0,0,0,0,1,1,0,1,1,1,1,1,1,0,1,1,1,0,0,0,0,0,0,0,0,1,0,1,0,0,0,0,11 plus,1,0,1,0,0,0,0,0,0,0,1,2,11 plus,1,0,11 plus,0,0,0,0,0,1,0,0,0,1,0,11 plus,11 plus,4,2,0,4,0,1,0,0,11 plus,0,0,0,2,1,2,0,3,0,0,0,0,0,0,0,0,0,0,0,4,1,0,3,0,4,0,11 plus,0,0,0,0,0,0,0,0,0,0,2,0,0,0,7,7,7,5,0,0,1,7,0,3,5,5,0,0,0,0,0,2,0,1,0,0,0,0,0,0,0,0,0,,5,1,2,1,1,1,1,3,1,2,5,5,5,5,1,1,5,1,5,1,5,5,5,5,6,6,5,6,2,1,1,1,7,5,6,5,7,1,6,7,6,6,4,2,1,6,5,7,7,7,7,2,3,5,5,7,1,Françaises,19,Non,,Oui,13,Un peu d'université,Etudiant,Classe moyenne,Ne veut pas répondre,2,4,2,Libéral,Libéral,Libéral,Gauche à centre gauche,Athée,0-3 mois,1m67,52
French,2022-04-06 01:02:08,yes,En couple,4,7,4,2,2,4,1,1,1,1,2,7,4,0,,,,,,,7,2,7,7,4,2,2,7,4,2,2,7,7,3,7,2,7,3,6,2,7,7,7,2,2,2,7,2,2,4,7,2,7,6,5,6,2,2,6,2,6,6,2,5,2,2,2,2,2,2,2,7,7,6,0,1,1,0,1,0,0,0,0,0,1,0,0,1,1,0,0,1,0,1,0,0,0,1,0,0,0,1,0,1,1,1,1,0,0,0,1,0,0,1,1,1,1,1,0,1,0,1,1,1,0,1,1,0,0,1,0,1,0,1,1,0,1,0,0,1,1,0,0,1,0,0,1,1,0,0,0,1,1,0,0,0,2,0,0,0,0,0,0,0,0,4,0,0,1,11 plus,0,0,11 plus,0,1,0,0,0,1,0,0,0,2,0,11 plus,6,2,4,0,0,0,1,0,0,11 plus,1,6,3,2,0,0,0,8,11 plus,0,0,1,1,0,0,0,0,0,0,1,6,0,4,0,0,11 plus,11 plus,0,0,11 plus,0,0,2,0,0,0,0,1,0,0,0,7,5,1,7,0,5,0,1,0,2,6,4,7,7,1,0,0,0,0,1,1,1,0,0,0,0,0,0,0,,5,4,4,4,4,4,4,2,4,2,2,4,3,2,3,3,4,3,4,3,6,3,3,2,6,5,1,5,7,2,6,2,1,2,7,1,7,1,6,6,7,3,7,6,2,6,1,6,6,2,6,2,1,2,7,7,2,Françaises,18,Non,,Oui,14,Un peu d'université,Etudiant,Classe moyenne inférieure,30 000 - 39 999,7,7,6,Très libéral,Libéral,Conservateur,Gauche à centre gauche,Athée,3-6 mois,"1,75",65
French,2022-04-06 01:02:17,yes,Célibataire,,,,,,,,,,,,,,0,,,,,,,3,6,7,6,3,6,7,3,5,5,5,5,6,5,7,7,3,2,3,2,7,5,6,2,7,2,5,6,7,7,2,7,2,6,5,6,2,2,2,2,6,6,2,5,2,3,2,2,2,2,2,7,6,6,0,1,1,0,1,0,1,0,0,0,0,0,0,0,1,0,0,1,0,1,0,0,0,1,0,0,1,1,1,1,1,1,1,0,1,0,0,0,0,1,0,0,0,0,0,0,0,1,1,1,0,0,0,0,0,1,0,0,0,0,0,0,1,1,0,1,1,0,0,1,0,0,0,0,1,0,0,1,0,0,0,0,0,0,0,0,0,0,0,0,0,0,0,0,0,0,0,0,11 plus,0,1,0,0,0,1,0,0,1,0,0,11 plus,11 plus,0,11 plus,0,0,0,0,0,0,1,0,0,0,0,0,0,0,3,8,0,0,0,0,0,0,0,0,0,0,0,0,0,11 plus,11 plus,0,11 plus,11 plus,0,0,11 plus,0,0,0,0,1,0,0,11 plus,0,0,0,7,3,3,1,0,0,0,3,3,2,4,0,1,7,0,0,1,0,0,4,0,0,0,0,0,0,0,0,0,,3,1,3,2,4,3,4,3,4,1,4,5,5,5,2,1,4,2,5,1,7,7,7,7,7,7,7,6,2,4,2,4,4,4,6,6,6,3,7,7,6,6,6,2,4,6,6,5,6,7,7,2,6,6,7,4,2,Françaises,18,Non,,Oui,15,Un peu d'université,"Emploi à temps partiel, Etudiant",Classe moyenne inférieure,En dessous de 20 000,5,3,4,Libéral,Libéral,Libéral,Gauche à centre gauche,Athée,Pas en relation actuellement,177,72
French,2022-04-06 01:31:39,yes,Célibataire,,,,,,,,,,,,,,0,,,,,,,2,2,6,7,6,2,2,4,2,6,6,2,7,7,3,5,5,7,7,7,3,2,3,6,5,5,2,4,5,5,5,4,7,7,7,2,6,5,6,5,2,3,6,6,2,2,2,2,2,2,2,7,6,7,0,1,1,0,1,0,1,0,0,0,0,0,0,1,1,1,1,1,1,1,1,0,1,1,0,0,0,1,1,1,1,1,1,0,1,1,1,0,0,0,1,1,1,1,1,1,0,1,1,1,0,1,1,0,1,1,0,0,0,0,1,1,1,0,1,1,1,1,0,1,0,1,1,0,1,1,0,1,1,0,0,0,4,0,0,0,0,0,0,0,0,0,0,0,1,0,4,0,11 plus,0,1,0,0,0,3,0,0,1,1,1,8,11 plus,1,4,0,6,1,1,0,0,0,2,1,6,0,0,0,0,0,0,1,0,0,0,0,0,2,0,0,0,0,8,11 plus,2,1,1,1,11 plus,0,0,3,0,4,3,0,0,0,0,3,0,0,1,7,2,2,0,0,1,2,1,0,1,4,0,1,1,1,0,0,0,0,1,0,1,0,0,0,0,0,0,0,,2,5,5,3,4,5,5,1,5,3,1,3,3,3,2,3,4,3,5,4,5,6,4,3,5,3,3,5,4,4,2,3,2,5,3,6,7,2,1,6,7,6,2,6,6,6,6,7,7,7,5,5,7,2,7,4,1,Françaises,26,Non,,Oui,6,Licence (BAC +3),Préfère ne pas répondre,Classe moyenne inférieure,En dessous de 20 000,6,5,5,Neutre,Neutre,Neutre,Extrême gauche à gauche,Athée,Pas en relation actuellement,170cm,
French,2022-04-06 04:29:11,yes,En concubinage,7,1,1,1,1,2,2,1,2,4,1,1,1,0,,,,,,,4,4,3,4,4,4,6,5,6,3,2,6,4,2,7,6,2,2,2,6,3,7,3,2,4,5,6,2,2,4,2,4,5,6,4,5,2,2,3,2,4,6,5,5,3,2,4,6,2,2,2,7,2,7,0,1,1,0,1,0,0,1,0,0,0,0,0,0,1,1,0,1,0,1,0,0,0,1,0,0,1,1,1,1,1,1,1,1,1,0,1,1,0,0,0,0,0,1,1,1,1,1,1,1,0,1,1,0,1,1,0,1,0,1,1,1,1,0,0,1,1,1,0,1,0,0,1,0,0,0,0,1,1,0,0,0,1,2,0,1,0,0,0,0,0,0,0,0,0,2,0,0,11 plus,0,0,0,0,0,1,0,0,1,1,0,5,4,2,2,2,0,0,0,0,0,0,0,0,0,0,1,0,0,4,1,0,0,1,2,0,0,0,0,0,0,0,11 plus,0,2,0,0,0,11 plus,0,0,11 plus,0,0,3,0,0,0,0,0,3,1,0,7,0,0,0,0,0,1,0,0,0,7,2,0,7,2,0,0,0,0,1,0,0,0,0,0,0,1,0,0,,2,3,3,2,1,4,1,2,3,4,4,5,2,2,2,2,5,4,4,5,4,6,4,4,6,4,1,4,5,4,7,3,7,1,2,5,3,5,3,5,5,6,4,5,6,3,6,3,3,6,6,7,6,4,7,4,2,"Françaises, Européennes (autres que françaises)",25,Non,,Oui,21,Master (BAC +5),Emploi à temps plein,Classe moyenne supérieure,60 000 - 79 999,6,6,3,Libéral,Conservateur,Plus ou moins libéral,Centre gauche à centre droit,Athée,1-2 ans,1.85,79
French,2022-04-06 10:02:50,yes,En couple,5,7,3,7,3,7,1,1,2,1,1,3,4,0,,,,,,,3,5,2,5,4,2,4,4,6,5,6,2,6,7,4,6,3,5,4,3,5,6,5,3,5,5,5,6,5,5,2,6,7,7,6,5,4,4,2,4,5,6,7,7,2,5,6,5,4,4,3,5,5,4,0,1,1,1,1,0,0,1,0,0,0,0,0,1,1,1,0,1,1,1,0,1,0,1,1,0,0,1,1,1,1,1,1,0,1,1,0,0,0,1,0,0,0,0,0,1,1,1,1,0,0,1,1,0,0,1,0,0,0,0,1,1,1,0,1,1,1,1,0,0,0,0,1,0,0,1,0,1,0,1,0,0,1,1,4,0,0,0,0,0,0,0,0,0,0,0,0,0,11 plus,1,2,0,0,0,0,11 plus,0,0,1,1,11 plus,11 plus,1,11 plus,0,0,0,0,0,0,0,0,0,0,0,0,7,0,4,0,0,0,1,1,0,0,0,0,0,0,0,11 plus,0,11 plus,0,1,2,11 plus,0,0,0,0,0,4,0,0,0,0,2,0,0,0,7,5,6,0,0,1,0,0,0,2,4,1,1,0,3,0,0,0,0,1,0,0,0,0,0,0,0,0,0,,4,2,4,4,5,4,4,1,1,1,4,2,5,5,1,1,5,3,5,2,7,4,6,5,7,5,3,6,1,3,2,5,4,4,1,5,6,1,3,4,3,7,6,1,6,6,7,6,7,5,7,1,6,6,7,5,2,Françaises,26,Non,,Oui,5,Licence (BAC +3),Intermittent ,Classe moyenne inférieure,En dessous de 20 000,5,5,2,Très libéral,Très libéral,Neutre,Extrême gauche à gauche,Athée,5-10 ans,180,60
French,2022-04-06 18:34:47,yes,Célibataire,,,,,,,,,,,,,,0,,,,,,,3,6,4,5,4,4,7,6,5,6,5,7,6,4,6,4,3,3,4,4,5,5,4,5,4,6,4,6,4,4,3,7,6,7,6,7,4,2,5,7,4,7,6,7,5,7,7,7,7,7,7,7,4,4,1,1,1,1,1,0,0,1,0,1,1,0,1,1,1,1,1,1,1,1,1,1,0,1,0,0,0,1,1,1,1,1,1,1,1,0,1,0,0,1,1,1,1,1,1,1,1,1,1,1,0,1,1,0,1,1,0,0,1,1,1,1,1,0,0,0,1,1,0,1,1,1,1,0,1,1,1,0,1,0,0,0,8,0,0,0,0,0,4,0,2,2,0,4,3,2,4,3,8,6,3,0,6,0,6,0,0,0,4,7,3,7,3,3,7,3,6,7,0,0,4,3,3,4,8,3,2,1,3,6,4,3,3,3,3,2,4,0,0,7,4,5,8,3,0,0,3,5,7,3,8,6,3,2,0,7,8,0,0,4,4,0,2,7,2,7,7,6,2,0,3,5,2,7,0,7,2,7,2,2,7,1,1,1,0,0,1,1,1,0,0,,2,3,2,1,5,3,2,4,4,4,4,1,3,5,4,3,3,3,3,4,5,6,6,4,3,2,6,5,3,4,5,4,3,6,6,5,4,3,6,4,6,5,5,4,4,6,5,5,6,4,5,5,7,3,4,6,1,Asiatique ,23,Non,,Non,,Licence (BAC +3),Emploi à temps plein,Classe moyenne,En dessous de 20 000,6,6,6,Neutre,Neutre,Neutre,Gauche à centre gauche,Musulman,6-12 mois,163,43
French,2022-04-06 19:13:08,yes,Célibataire,,,,,,,,,,,,,,0,,,,,,,6,6,2,4,2,4,6,7,7,4,2,7,7,2,7,2,7,7,7,7,4,7,5,2,7,2,5,6,7,7,2,7,7,7,7,3,2,7,7,5,2,2,6,6,7,5,6,5,6,2,2,5,5,5,0,1,1,0,1,0,0,1,0,0,0,0,0,1,1,0,0,1,1,1,1,0,0,1,0,0,0,1,1,1,0,1,1,0,1,1,1,1,0,0,1,1,1,1,0,0,1,0,1,0,0,1,1,0,0,1,0,1,1,0,1,1,1,0,1,1,1,0,0,0,0,0,1,0,1,1,0,1,0,0,0,0,1,0,7,0,0,0,7,0,0,0,0,0,4,0,0,0,11 plus,0,0,0,0,0,1,0,0,0,0,0,11 plus,0,0,11 plus,0,11 plus,11 plus,4,1,0,0,0,0,11 plus,11 plus,0,0,0,0,2,0,0,11 plus,11 plus,0,0,0,0,0,0,0,11 plus,0,11 plus,0,0,0,11 plus,0,0,0,0,0,0,0,11 plus,0,0,11 plus,0,0,0,7,4,0,0,0,7,0,0,0,3,6,0,0,0,0,0,7,0,0,7,1,0,0,0,0,0,0,0,0,,3,1,5,5,5,5,5,1,5,1,5,5,5,5,1,1,5,1,5,1,7,7,7,7,7,7,7,7,1,7,1,3,5,2,7,7,6,6,7,7,6,7,1,1,1,7,7,2,7,7,7,1,2,7,7,2,1,"Européennes (autres que françaises), Portugal et Brésil ",19,Non,,Oui,17,Un peu d'université,Préfère ne pas répondre,Classe moyenne,Ne veut pas répondre,5,5,4,Neutre,Neutre,Neutre,Gauche à centre gauche,Athée,Pas en relation actuellement,165,60
French,2022-04-06 19:37:10,yes,En couple,7,7,4,7,7,7,7,7,7,7,1,1,1,0,,,,,,,2,2,7,5,7,2,2,5,5,2,2,2,2,7,2,2,7,7,7,7,2,2,2,7,2,2,7,5,7,2,7,6,7,6,7,5,6,2,3,2,4,2,7,7,2,7,6,7,4,7,3,3,3,3,1,1,1,1,1,1,0,1,0,0,0,0,1,1,1,1,1,1,1,1,0,1,0,1,0,0,0,1,1,1,1,0,1,1,1,1,1,0,0,0,0,1,1,1,1,0,1,0,1,0,0,1,1,1,1,0,0,1,1,1,1,1,1,0,0,1,1,1,0,0,0,0,1,0,0,1,0,1,0,0,0,0,4,0,0,0,0,0,0,0,0,0,0,1,1,0,2,0,11 plus,1,0,0,0,0,0,0,0,0,1,1,11 plus,11 plus,0,0,2,11 plus,0,0,0,0,0,0,0,11 plus,0,5,0,0,0,2,0,0,7,11 plus,1,0,0,0,0,0,0,11 plus,11 plus,11 plus,0,0,11 plus,11 plus,11 plus,0,0,0,0,8,0,0,0,0,0,0,0,0,7,5,5,0,0,5,5,0,0,2,7,0,0,0,2,0,0,0,0,0,0,0,1,0,0,0,0,0,0,,2,1,1,1,4,1,1,5,1,4,5,5,5,5,5,1,5,1,5,1,7,7,7,3,2,7,7,5,1,2,1,4,4,2,7,3,7,5,5,3,7,7,5,1,3,7,3,3,7,5,7,5,3,3,3,6,1,Européennes (autres que françaises),23,Non,,Non,,Lycée terminé/BAC,Emploi à temps plein,Classe moyenne,60 000 - 79 999,7,7,7,Libéral,Libéral,Neutre,Gauche à centre gauche,Athée,5-10 ans,1m55,48kg
French,2022-04-06 20:00:49,yes,Célibataire,,,,,,,,,,,,,,0,,,,,,,2,2,2,7,4,2,2,2,4,4,5,4,6,3,2,5,6,7,7,7,3,4,3,4,5,6,3,2,2,6,4,2,7,7,7,4,6,7,6,6,2,4,6,7,2,7,6,6,3,6,3,4,3,2,0,1,1,0,1,0,1,0,0,0,0,0,1,0,1,0,1,1,0,1,0,0,0,1,0,0,0,0,0,1,1,0,1,0,1,1,0,1,0,0,1,1,0,0,0,1,0,0,1,1,0,0,0,0,1,1,0,1,0,0,0,0,1,0,0,0,1,1,0,1,0,0,1,0,1,0,0,1,0,0,0,0,0,0,0,0,0,0,0,0,0,0,0,11 plus,0,0,0,0,11 plus,0,0,0,0,0,0,0,0,0,0,0,11 plus,8,0,11 plus,0,11 plus,0,0,0,0,0,0,0,0,0,0,0,0,0,0,0,0,0,0,0,0,0,0,0,0,0,0,0,0,0,0,0,8,1,0,7,0,0,0,0,0,0,0,2,0,0,0,7,7,4,0,0,0,0,0,0,1,5,0,0,1,0,0,0,7,0,2,0,0,0,0,0,0,0,0,0,,4,1,1,1,1,1,1,5,1,3,5,4,5,5,1,1,4,1,3,1,7,7,6,7,7,7,6,7,2,4,4,4,4,2,7,7,6,4,6,6,2,4,4,2,4,4,4,7,6,4,6,4,4,4,3,4,1,Françaises,25,Non,,Oui,7,DUT/BTS (BAC +2),service civique,Classe moyenne,Ne veut pas répondre,1,4,2,Neutre,Neutre,Neutre,Centre droit à droite,Catholique,Pas en relation actuellement,170,
French,2022-04-06 20:01:37,yes,Célibataire,,,,,,,,,,,,,,0,,,,,,,3,6,4,5,4,4,3,2,3,5,5,4,5,4,5,6,2,6,6,7,6,4,7,4,7,7,4,7,7,7,2,6,7,7,6,6,2,3,3,2,6,6,6,5,3,7,6,6,5,5,4,3,3,3,0,1,1,1,1,0,0,0,0,0,0,0,0,1,1,1,0,1,0,0,0,0,0,0,0,0,0,1,1,1,1,0,1,0,1,1,1,1,0,1,0,0,1,0,0,1,0,0,1,1,0,0,0,0,1,1,0,1,0,0,0,0,1,0,0,0,1,1,0,0,0,0,1,0,0,0,0,1,0,0,0,0,0,0,0,0,0,0,0,0,0,0,0,0,0,0,0,0,11 plus,0,0,0,0,0,0,0,0,0,0,0,11 plus,3,0,0,0,2,0,0,0,0,0,0,0,1,0,0,0,0,0,1,0,0,0,0,0,0,0,0,0,0,0,0,0,2,0,0,0,7,0,0,0,0,0,0,0,0,0,0,1,0,0,0,7,7,2,0,0,0,0,0,0,3,4,0,0,0,0,0,0,0,0,1,0,0,0,0,0,0,0,0,0,,2,1,3,2,2,1,3,4,1,2,5,5,5,5,2,1,5,1,5,3,7,7,7,7,7,7,6,7,1,4,1,4,4,5,7,7,7,4,4,4,4,4,4,4,4,4,4,5,4,4,4,4,4,4,4,4,1,Françaises,20,Non,,Oui,9 ans et 19 ans,Un peu d'université,Etudiant,Classe moyenne,20 000 - 29 999,3,3,3,Libéral,Libéral,Neutre,Gauche à centre gauche,Athée,Pas en relation actuellement,1m54,environ 50kg
French,2022-04-06 20:24:03,yes,Célibataire,,,,,,,,,,,,,,0,,,,,,,3,5,4,4,2,3,5,5,6,4,3,7,6,7,6,7,2,3,2,3,7,5,7,5,7,2,6,7,7,7,2,7,3,3,5,7,2,2,3,2,6,7,5,5,4,6,7,6,7,7,6,2,2,2,1,1,1,1,1,0,0,0,0,0,0,0,0,1,0,1,0,1,0,1,0,0,0,0,0,0,0,0,0,1,1,1,1,0,1,1,0,0,0,0,1,1,1,0,0,0,1,0,1,1,0,0,0,1,0,1,0,1,0,0,0,0,1,0,0,0,1,1,0,0,0,0,1,0,0,1,0,0,0,0,0,0,3,0,0,0,0,0,0,0,0,0,0,0,1,0,0,0,0,0,0,0,0,0,0,0,0,0,0,0,0,0,0,0,0,11 plus,0,1,0,0,0,5,0,2,0,0,0,0,0,6,0,0,0,0,0,0,0,0,0,0,0,0,0,1,0,0,0,2,0,0,0,0,0,0,0,0,0,0,0,0,0,0,7,0,0,0,0,0,0,0,0,1,1,0,0,0,0,0,0,0,0,0,1,0,0,0,0,0,0,0,0,,2,1,4,1,1,1,1,5,1,1,5,5,4,5,2,1,2,1,5,4,6,4,7,6,4,7,4,7,3,4,1,4,4,3,5,4,7,4,4,4,4,4,4,3,4,5,4,4,4,4,5,4,4,4,4,4,1,"Françaises, Européennes (autres que françaises), Vietnamiennes",20,Non,,Oui,2 ans,Lycée terminé/BAC,Préfère ne pas répondre,Classe moyenne inférieure,Ne veut pas répondre,5,6,6,Neutre,Libéral,Plus ou moins Conservateur,Centre gauche à centre droit,Athée,Pas en relation actuellement,150,36
French,2022-04-06 21:00:40,yes,En couple,7,7,1,2,4,4,7,4,5,4,1,7,1,0,,,,,,,2,2,7,7,7,2,4,4,5,5,5,4,5,4,5,7,5,6,7,4,2,2,3,5,6,3,4,7,6,7,3,7,7,7,7,5,2,4,2,2,6,6,7,7,2,6,6,7,2,4,2,5,6,5,1,1,1,0,1,0,0,0,0,0,0,0,0,1,1,1,1,1,1,0,0,1,0,1,0,0,0,1,1,1,1,1,1,1,1,1,1,1,0,0,1,1,1,1,1,1,0,1,1,1,0,1,1,0,1,1,0,0,1,0,1,1,1,0,1,1,1,1,0,0,0,0,1,0,0,0,0,1,0,1,0,0,11 plus,0,0,1,0,0,0,0,0,0,0,0,0,0,0,0,11 plus,0,0,0,1,0,0,0,0,0,0,1,5,6,0,0,1,0,0,0,0,0,0,1,1,6,11 plus,11 plus,0,0,0,0,0,0,2,8,0,0,1,0,0,0,0,1,9,11 plus,0,3,11 plus,11 plus,0,0,0,0,0,0,0,0,0,0,0,0,0,0,7,1,1,0,0,1,2,0,0,2,7,0,3,0,0,1,0,0,0,0,1,1,0,0,0,0,0,0,0,,2,1,2,1,2,1,2,4,1,1,5,5,5,5,1,1,5,1,5,2,5,3,2,4,7,5,5,5,5,1,1,2,1,1,1,7,7,2,1,7,1,7,1,1,1,7,7,7,7,7,7,1,7,7,6,7,1,Européennes (autres que françaises),26,Non,,Oui,23,Un peu d'université,Emploi à temps partiel,Classe moyenne inférieure,Ne veut pas répondre,4,4,5,Libéral,Libéral,Libéral,Gauche à centre gauche,Athée,5-10 ans,162,69
French,2022-04-06 21:18:46,yes,Célibataire,,,,,,,,,,,,,,0,,,,,,,2,2,7,7,6,2,7,6,5,6,2,5,6,2,2,7,6,7,7,7,4,2,4,7,7,7,6,7,7,6,5,6,7,7,7,6,4,2,4,2,5,4,7,5,4,2,2,7,7,7,5,2,2,2,1,1,1,1,1,0,0,1,0,0,0,0,0,1,1,0,1,1,1,0,0,0,0,1,0,0,0,1,1,1,1,1,1,0,1,1,0,1,0,0,1,1,1,0,0,1,0,1,1,0,0,0,1,0,1,1,0,0,1,1,1,0,1,0,1,1,1,1,0,1,0,0,1,0,1,0,0,1,0,1,0,2,8,1,11 plus,0,0,0,0,0,0,0,0,0,2,0,0,0,11 plus,0,0,0,0,0,0,0,0,0,0,0,11 plus,11 plus,0,11 plus,0,1,0,0,0,0,0,0,0,11 plus,0,0,0,0,0,11 plus,0,0,0,0,0,0,0,0,0,1,0,0,0,0,0,1,0,11 plus,0,0,0,0,0,6,0,11 plus,0,0,11 plus,0,0,0,7,7,7,0,0,0,0,0,0,1,7,0,0,0,4,0,7,0,0,7,0,0,0,0,0,0,0,0,0,,4,3,4,1,5,4,1,2,3,2,4,2,3,4,3,5,2,3,3,5,6,5,6,6,7,3,1,7,4,5,1,4,6,1,7,4,6,1,5,6,7,3,5,5,5,3,4,6,3,7,7,6,1,1,3,3,1,africaines,22,Non,,Oui,6 ans,Un peu d'université,Préfère ne pas répondre,Classe moyenne,Ne veut pas répondre,3,4,6,Très libéral,Neutre,Neutre,Extrême gauche à gauche,Musulman,Pas en relation actuellement,173cm,
French,2022-04-06 21:30:25,yes,Célibataire,,,,,,,,,,,,,,0,,,,,,,2,2,7,7,7,2,2,2,6,4,3,2,2,7,2,6,6,4,3,6,4,6,5,3,2,2,6,2,2,2,7,2,7,7,6,5,6,3,4,3,2,2,6,7,3,3,6,5,5,6,2,5,6,6,0,1,1,0,1,0,0,0,0,0,0,0,0,1,1,1,0,1,0,1,0,0,0,0,0,0,0,1,1,1,1,1,1,0,1,0,1,0,0,0,0,0,0,0,0,1,1,0,1,1,0,0,0,0,1,1,0,0,0,0,0,0,1,0,0,1,1,1,0,0,0,0,0,0,0,0,0,0,0,1,0,0,0,0,0,0,0,0,0,0,0,0,0,0,0,0,0,0,2,0,0,0,0,0,0,0,0,0,1,1,0,0,0,0,0,0,0,0,0,0,0,0,0,0,0,0,0,0,0,0,0,0,0,0,0,0,0,0,0,0,0,0,0,3,0,0,11 plus,11 plus,11 plus,0,0,0,0,0,0,0,0,0,0,0,0,0,6,0,0,0,0,0,0,0,0,1,7,0,5,0,0,0,0,0,0,6,0,0,0,0,0,0,0,0,0,,2,4,4,4,5,4,4,1,4,4,2,1,1,1,1,5,1,1,1,5,1,1,1,1,1,1,1,1,1,1,1,1,1,2,1,1,1,1,1,1,1,1,1,1,1,1,1,1,1,1,1,1,1,1,1,1,1,Françaises,26,Non,,Oui,5,Un peu d'université,"Sans emploi, pas en recherche d'emploi (retraité, femme au foyer...etc)",Classe moyenne,20 000 - 29 999,1,1,2,Libéral,Libéral,Libéral,Centre gauche à centre droit,Athée,Pas en relation actuellement,1m67,90
French,2022-04-06 21:38:52,yes,Marié(e),7,1,4,1,1,1,4,1,2,2,1,1,1,1,7,7,1,7,1,7,2,2,7,6,2,2,3,2,3,7,6,2,3,6,6,5,7,5,6,7,3,4,4,4,3,2,2,2,2,2,5,3,6,6,5,7,2,2,2,2,6,6,4,5,4,6,6,7,7,7,7,2,2,2,1,1,1,1,0,1,0,0,0,0,0,0,1,0,1,1,1,1,1,1,0,0,0,1,0,1,1,1,1,1,0,0,0,0,1,1,0,0,0,0,1,1,0,0,0,1,1,1,0,1,0,1,1,0,0,1,1,1,1,1,1,1,1,0,0,0,1,1,0,1,0,0,0,0,0,0,0,1,0,0,0,1,3,0,7,0,2,0,0,0,0,0,0,0,0,0,0,0,2,0,0,0,0,0,0,0,0,0,0,0,0,0,0,0,0,3,0,0,0,0,0,2,1,0,0,0,0,0,0,0,0,0,2,1,0,0,0,0,2,1,0,8,8,3,0,0,0,8,2,0,0,0,0,0,0,0,0,0,4,0,0,0,1,0,0,0,0,4,4,7,0,1,7,0,0,0,0,0,0,0,0,6,1,0,0,0,0,0,0,0,0,,3,1,1,1,1,1,1,5,1,1,5,5,5,5,1,1,5,1,5,2,2,2,2,2,4,2,2,3,6,2,6,2,1,2,2,5,3,2,2,6,2,6,4,2,2,5,6,6,6,6,6,2,6,4,6,5,1,Françaises,35,Oui,30,Oui,6,Lycée terminé/BAC,"Sans emploi, pas en recherche d'emploi (retraité, femme au foyer...etc)",Classe moyenne inférieure,20 000 - 29 999,2,3,2,Plus ou moins libéral,Libéral,Libéral,Extrême gauche à gauche,Agnostique,10-20 ans,1.63,75
French,2022-04-06 21:55:43,yes,Célibataire,,,,,,,,,,,,,,0,,,,,,,7,7,4,6,4,7,7,7,7,4,7,7,7,3,7,7,7,6,7,7,5,7,6,7,7,7,5,7,7,7,7,7,5,7,6,5,5,4,6,5,5,5,7,7,2,7,7,7,7,7,7,2,2,2,0,1,1,0,0,0,0,1,0,0,0,0,0,1,1,0,0,1,1,0,0,0,0,0,0,0,0,1,1,1,0,1,1,0,1,1,1,1,0,0,1,0,1,0,0,0,1,0,1,1,0,1,0,0,1,1,0,1,0,1,0,0,1,0,1,1,1,0,0,1,0,1,0,0,1,1,1,1,0,0,0,0,3,0,0,0,0,0,0,0,0,0,0,0,0,0,0,0,11 plus,0,0,0,0,0,0,0,0,0,1,1,11 plus,0,0,0,0,11 plus,1,0,1,0,0,0,0,11 plus,0,0,0,0,0,2,0,0,0,0,0,0,0,0,2,0,0,0,0,11 plus,0,0,0,11 plus,0,0,0,0,0,0,0,11 plus,0,0,11 plus,0,0,0,7,7,0,0,0,0,0,7,0,0,7,0,6,0,0,0,1,0,0,7,0,0,0,0,0,0,0,0,0,,3,3,3,1,4,1,1,5,3,3,5,5,5,5,1,5,2,1,5,1,7,7,7,7,4,7,1,6,6,4,6,7,6,7,5,6,7,4,5,7,6,5,7,7,7,5,4,6,6,7,7,7,4,7,7,7,1,"Françaises, Turque",18,Non,,Oui,8,Lycée terminé/BAC,Etudiant,Classe moyenne inférieure,En dessous de 20 000,6,6,7,Libéral,Très libéral,Libéral,Extrême gauche à gauche,Athée,2-5 ans,1.59,40
French,2022-04-06 22:03:29,yes,Célibataire,,,,,,,,,,,,,,0,,,,,,,6,5,2,3,3,6,3,2,6,3,5,6,2,2,3,7,5,3,3,3,6,3,7,5,7,6,6,7,7,7,2,6,2,7,2,7,2,2,2,2,7,7,5,5,3,6,3,6,3,3,2,5,5,5,0,1,1,1,1,0,0,0,0,1,1,0,0,0,1,1,0,1,1,1,0,0,0,1,0,0,0,1,1,1,1,0,1,0,1,0,0,0,0,0,1,1,1,0,0,1,0,1,0,1,0,0,0,0,1,0,0,1,0,1,0,0,1,0,1,1,1,1,0,0,0,0,0,0,1,1,0,1,0,1,0,0,5,3,1,0,0,0,0,0,0,1,0,0,0,0,11 plus,0,11 plus,1,0,0,0,0,1,0,0,0,1,1,11 plus,11 plus,0,2,0,11 plus,0,0,0,0,0,2,0,11 plus,0,0,1,0,2,0,1,0,0,0,0,1,0,0,6,0,3,0,0,6,0,4,0,2,0,0,0,0,0,0,0,11 plus,0,0,1,0,0,0,7,7,3,0,0,0,0,6,0,2,2,0,0,0,0,1,7,0,0,1,1,0,0,0,0,1,0,0,0,,4,1,2,1,2,2,1,3,1,1,5,4,5,4,1,2,2,1,4,1,4,4,4,4,4,4,4,4,4,4,4,4,4,4,4,4,4,4,4,4,4,4,4,4,4,4,4,4,4,4,4,4,4,4,4,4,1,Françaises,18,Non,,Non,,Lycée terminé/BAC,Etudiant,Classe moyenne supérieure,30 000 - 39 999,3,3,3,Neutre,Neutre,Neutre,Centre droit à droite,Catholique,Pas en relation actuellement,1.65,68
French,2022-04-06 23:05:50,yes,Célibataire,,,,,,,,,,,,,,0,,,,,,,2,2,7,7,7,2,2,2,4,4,4,7,4,7,2,4,4,7,7,4,2,4,2,7,2,2,4,2,2,4,7,2,7,7,7,2,7,7,7,7,2,2,7,7,2,4,7,7,2,2,2,4,7,7,0,0,1,0,0,0,1,1,0,0,1,1,1,1,1,1,0,0,1,1,0,1,0,1,1,0,0,1,1,1,1,0,1,0,1,1,1,1,0,1,0,1,1,0,0,1,1,0,1,1,0,0,0,0,0,1,0,1,1,0,1,1,1,1,0,1,1,1,1,0,1,0,1,1,0,0,0,1,1,0,0,0,0,0,0,0,0,0,0,0,0,0,11 plus,11 plus,0,0,0,0,0,0,0,0,0,0,0,11 plus,0,0,0,0,11 plus,0,0,0,0,3,0,0,0,0,0,0,2,0,0,0,0,0,0,5,0,0,0,0,0,0,0,0,0,0,0,0,0,11 plus,0,0,11 plus,11 plus,1,0,0,0,0,0,0,0,0,0,11 plus,4,0,0,7,2,0,0,0,0,0,0,0,3,6,0,6,0,0,0,0,6,6,7,0,1,0,0,0,0,0,1,0,,3,1,1,1,1,1,1,5,1,1,5,5,5,5,1,3,3,3,5,3,6,6,7,6,6,7,4,5,3,5,3,6,6,4,6,4,6,4,4,5,7,3,6,4,7,4,3,6,4,3,4,6,4,4,3,2,1,"Françaises, Europe de l'est, nordique.",32,Non,,Oui,Je ne m'en souviens plus.,DUT/BTS (BAC +2),En formation.,Classe ouvrière,En dessous de 20 000,5,5,5,Neutre,Neutre,Neutre,Droite à extrême droite,Enki.,Pas en relation actuellement,162cm,54km
French,2022-04-06 23:26:39,yes,En couple,1,1,3,5,4,5,4,4,4,1,2,3,3,0,,,,,,,2,2,2,5,4,3,4,5,4,4,4,4,5,3,5,6,4,4,4,6,5,5,6,3,5,6,6,6,5,6,4,5,4,6,4,5,4,3,4,3,3,4,5,6,3,5,6,6,4,5,3,3,4,3,0,1,1,0,1,0,1,0,0,0,0,1,0,1,1,0,1,1,0,1,0,0,0,1,1,0,0,1,1,1,1,1,1,0,1,1,1,1,0,1,1,1,1,1,1,1,1,1,1,1,0,1,1,0,1,1,0,1,1,1,0,1,1,0,1,1,1,1,0,0,0,0,1,0,0,0,0,1,1,0,0,0,11 plus,0,0,0,0,0,0,0,0,0,0,0,0,0,0,3,0,0,0,0,0,0,0,11 plus,0,0,0,0,11 plus,11 plus,0,11 plus,0,11 plus,0,0,0,0,11 plus,11 plus,0,8,3,2,0,0,0,0,0,0,5,0,0,0,1,0,11 plus,0,0,0,5,11 plus,0,0,7,11 plus,11 plus,0,0,0,0,0,0,0,0,0,11 plus,0,0,0,7,5,5,5,0,0,1,1,0,7,6,1,6,0,0,0,0,0,0,7,1,0,0,0,0,0,1,1,0,,3,2,4,2,2,3,3,3,3,2,3,5,5,4,1,2,5,1,5,2,7,7,5,7,7,7,1,7,2,5,4,5,5,3,5,7,7,4,1,7,1,7,4,1,1,6,5,7,7,7,7,4,5,4,6,6,1,Françaises,25,Non,,Oui,8 ans,Master (BAC +5),"Sans emploi, en recherche d'emploi",Classe moyenne inférieure,40 000 - 49 999,5,5,4,Neutre,Neutre,Neutre,Centre gauche à centre droit,Catholique,1-2 ans,1m68,96kg
French,2022-04-07 01:11:19,yes,Célibataire,,,,,,,,,,,,,,0,,,,,,,5,6,5,2,2,7,2,2,4,7,7,4,5,4,6,7,2,5,5,2,3,3,3,5,5,4,6,7,6,5,3,7,5,7,5,6,3,2,5,2,5,6,6,6,5,6,6,6,5,6,2,2,2,2,1,1,1,1,1,0,0,0,0,0,0,0,0,1,1,1,0,1,0,1,1,0,0,1,0,0,0,1,1,1,1,1,1,0,1,1,1,1,0,1,0,1,0,1,0,0,0,1,1,1,0,0,0,0,0,1,0,0,0,1,0,0,1,0,1,0,1,1,0,1,0,0,1,0,1,0,0,0,1,0,0,1,8,0,11 plus,1,0,0,0,0,0,0,0,0,0,0,0,0,6,0,0,0,0,0,0,0,0,0,0,0,11 plus,11 plus,0,11 plus,0,7,0,0,0,0,0,0,1,0,1,0,0,0,0,4,0,0,0,0,0,0,4,0,0,0,6,0,0,1,0,1,0,11 plus,0,0,11 plus,0,0,0,0,11 plus,0,0,0,0,0,0,7,3,7,0,0,0,0,3,0,0,5,0,0,5,0,0,5,0,0,0,0,1,0,0,0,0,0,0,0,,4,1,1,1,1,1,1,5,1,1,5,5,5,5,1,1,5,1,5,3,7,7,7,7,7,7,7,7,1,4,1,4,7,4,7,4,7,4,4,4,4,4,3,6,4,4,4,4,4,6,6,4,4,4,7,4,1,Maghrébine,25,Non,,Oui,2,Master (BAC +5),Etudiant,Classe moyenne inférieure,En dessous de 20 000,4,3,5,Neutre,Neutre,Neutre,Gauche à centre gauche,Musulman,Pas en relation actuellement,1m64,49
French,2022-04-07 12:44:20,yes,En couple,7,7,1,1,1,2,2,1,2,2,1,3,1,0,,,,,,,2,2,7,7,7,2,2,5,4,5,2,5,5,5,7,5,2,3,4,7,7,4,6,4,4,4,5,5,5,4,3,4,6,7,7,6,5,2,2,2,7,7,3,5,3,6,7,7,5,4,4,2,2,2,0,1,1,0,1,0,0,0,0,0,0,0,0,1,1,1,1,1,0,0,0,0,0,1,0,0,0,1,1,1,0,1,1,0,1,0,1,0,0,0,0,0,1,1,1,1,1,1,0,1,0,1,1,0,1,1,0,1,1,1,1,1,1,0,1,0,1,0,0,1,0,1,1,1,1,0,0,0,0,0,0,0,1,1,0,1,0,0,0,0,0,0,0,0,2,0,2,2,2,0,0,0,0,0,1,0,0,0,0,0,2,0,0,0,0,2,0,0,0,0,0,0,0,1,1,1,2,0,1,0,1,0,1,2,0,0,2,0,2,1,2,0,2,2,0,1,0,2,0,0,0,0,0,1,1,2,0,0,0,0,0,0,3,3,0,0,0,0,3,0,0,2,3,0,0,0,0,0,3,0,0,0,0,0,0,0,0,0,0,0,0,,2,1,1,1,3,1,1,5,1,2,5,5,5,5,1,1,5,1,5,2,5,2,4,6,5,5,1,4,5,2,1,4,1,4,4,5,5,1,2,6,5,6,2,1,2,7,7,7,7,7,7,3,5,5,7,7,1,Françaises,18,Non,,Oui,14,Un peu d'université,Etudiant,Classe moyenne inférieure,30 000 - 39 999,2,4,3,Neutre,Neutre,Neutre,Centre gauche à centre droit,Athée,6-12 mois,"1,61m",48kg
French,2022-04-07 18:54:07,yes,Célibataire,,,,,,,,,,,,,,0,,,,,,,2,2,5,7,7,2,3,3,4,6,6,4,5,2,6,3,4,6,7,7,5,6,6,4,5,5,6,7,7,5,2,7,7,4,7,5,5,3,3,2,4,5,2,5,3,3,5,3,5,3,2,2,4,2,1,0,0,1,1,0,0,1,0,0,0,0,0,1,1,0,1,1,0,1,1,0,0,1,0,0,0,1,1,1,1,1,1,0,1,0,1,1,0,0,1,1,1,0,0,1,1,0,1,1,0,1,0,0,1,1,0,1,1,0,0,0,1,0,0,1,1,0,0,0,0,0,1,0,0,1,0,1,0,0,0,0,0,0,4,0,0,0,0,0,0,0,0,0,0,0,0,2,11 plus,0,3,0,0,0,1,0,0,0,1,0,11 plus,0,1,1,0,1,0,0,1,0,0,4,0,6,0,0,0,0,0,2,0,0,0,0,0,2,0,0,1,0,0,0,0,5,0,0,2,11 plus,0,0,0,0,0,0,0,0,2,0,1,0,0,0,7,4,0,0,0,0,0,1,0,3,7,0,3,0,0,1,0,0,0,1,1,0,0,0,0,1,0,0,0,,3,1,3,2,1,3,2,1,1,1,5,4,4,5,1,2,2,1,4,4,4,4,4,4,4,4,4,4,4,4,4,4,4,2,4,4,7,4,4,4,4,4,4,4,4,4,4,4,4,4,4,4,4,4,4,4,Non-binaire,Françaises,21,Non,,Oui,6,Licence (BAC +3),Etudiant,Classe moyenne supérieure,Ne veut pas répondre,5,6,3,Neutre,Neutre,Neutre,Centre gauche à centre droit,Athée,Pas en relation actuellement,163,63
French,2022-04-07 20:59:22,yes,Célibataire,,,,,,,,,,,,,,0,,,,,,,4,5,3,3,2,5,4,5,3,2,4,2,7,4,6,5,6,4,6,5,5,5,2,5,3,5,6,5,7,7,5,7,5,7,6,7,2,2,2,2,7,7,2,4,5,2,3,2,2,3,4,3,5,5,0,1,1,1,0,0,0,0,0,0,0,0,0,1,1,1,0,1,1,1,0,0,0,0,0,0,0,1,0,1,1,1,1,0,1,1,1,0,0,0,0,0,1,0,1,1,1,1,0,1,0,0,0,0,1,1,0,1,0,0,0,0,1,0,1,1,1,1,0,1,0,0,1,0,0,0,0,0,0,0,0,0,5,0,3,0,0,0,0,0,0,0,0,0,2,0,2,0,11 plus,1,1,0,0,0,1,0,0,0,0,0,11 plus,11 plus,0,11 plus,0,11 plus,0,3,0,0,0,0,0,1,0,2,5,7,1,0,0,0,0,0,0,0,0,0,0,0,0,0,0,4,0,2,7,11 plus,2,0,0,0,0,0,0,0,0,0,0,0,0,0,7,5,3,0,0,0,0,2,0,1,4,0,4,1,0,0,0,0,0,0,0,0,0,0,0,0,0,0,0,,4,4,4,2,4,4,4,2,3,3,3,4,1,3,4,2,4,3,4,2,4,4,4,7,7,6,4,6,4,4,4,4,4,5,6,4,2,4,4,4,4,5,3,4,4,4,4,4,4,4,4,5,2,4,4,4,1,Françaises,19,Non,,Oui,9,Un peu d'université,Etudiant,Classe moyenne,40 000 - 49 999,2,4,5,Plus ou moins libéral,Très libéral,Neutre,Extrême gauche à gauche,Païen,Pas en relation actuellement,170,53
French,2022-04-07 22:54:20,yes,Célibataire,,,,,,,,,,,,,,0,,,,,,,5,5,3,4,2,6,6,6,7,2,3,6,4,2,7,6,2,5,6,4,4,5,6,5,4,6,5,6,5,6,4,5,6,6,6,6,6,2,3,2,5,5,5,5,2,3,3,5,4,4,3,4,5,4,1,1,1,1,1,0,0,0,0,0,0,0,0,1,1,0,0,1,1,0,0,0,0,0,0,0,0,1,1,1,0,1,0,0,1,0,0,0,0,1,1,0,0,0,0,0,1,0,0,1,0,0,0,0,1,1,0,0,0,1,0,0,1,0,1,1,1,0,0,1,0,0,0,0,0,1,0,0,0,0,0,0,5,0,0,0,0,0,0,0,0,0,0,0,0,4,0,0,11 plus,0,0,0,0,0,0,0,0,0,1,0,11 plus,0,2,0,0,11 plus,1,0,0,0,1,5,0,0,0,0,0,0,0,0,1,0,0,0,0,7,0,0,0,0,0,0,0,11 plus,0,0,0,11 plus,0,0,0,0,0,0,0,0,1,0,0,0,0,0,7,7,0,0,0,0,0,2,0,1,7,0,0,0,0,1,0,0,0,0,1,0,0,0,0,1,0,0,0,,2,1,2,2,1,4,2,2,1,2,5,5,3,5,1,1,5,1,5,1,1,1,1,1,1,1,1,2,1,2,1,1,1,2,1,2,1,2,2,3,5,1,5,2,1,2,2,1,4,2,2,2,2,1,2,2,1,Françaises,18,Non,,Oui,13,Lycée terminé/BAC,Etudiant,Classe moyenne supérieure,Ne veut pas répondre,1,2,4,Neutre,Neutre,Neutre,Centre gauche à centre droit,Catholique,Pas en relation actuellement,"1,6",55kg
French,2022-04-08 09:50:56,yes,Célibataire,,,,,,,,,,,,,,0,,,,,,,7,7,2,3,2,6,3,5,6,3,3,5,4,4,6,6,2,4,6,6,6,5,6,2,5,5,6,5,5,4,5,5,5,7,6,7,2,2,2,2,7,7,7,5,2,5,6,5,2,6,2,6,5,6,0,1,1,0,1,0,0,0,0,0,0,0,0,1,1,1,1,1,1,1,1,0,0,1,0,0,0,0,0,1,1,1,1,0,1,1,1,1,0,1,0,1,1,0,0,1,1,1,1,1,0,1,0,0,1,1,0,1,0,1,1,1,1,0,1,1,1,1,0,1,0,0,1,1,0,1,0,1,0,0,0,0,1,0,1,0,0,0,0,0,0,0,0,0,1,11 plus,11 plus,1,11 plus,0,1,1,0,0,1,0,0,0,0,0,11 plus,11 plus,2,11 plus,0,1,0,1,0,0,11 plus,0,0,0,0,0,3,0,5,0,0,0,0,0,0,5,1,0,1,0,0,0,5,11 plus,0,2,11 plus,11 plus,0,0,1,0,0,0,0,0,0,0,3,0,0,0,7,7,7,4,0,0,1,5,0,6,7,1,4,1,0,1,0,0,0,1,0,0,0,0,0,0,0,0,0,,4,3,4,5,5,5,5,1,3,4,2,5,5,5,1,1,5,1,5,2,5,5,5,5,5,5,1,5,6,4,2,4,1,1,5,5,6,4,5,6,5,5,3,4,2,4,4,6,6,6,6,4,1,1,5,4,1,Françaises,21,Non,,Oui,14,Licence (BAC +3),Etudiant,Classe moyenne supérieure,Ne veut pas répondre,1,2,2,Plus ou moins libéral,Très libéral,Neutre,Gauche à centre gauche,Catholique,Pas en relation actuellement,167,53
French,2022-04-08 16:47:53,yes,En couple,7,7,1,4,4,4,4,5,4,4,2,5,1,0,,,,,,,2,2,7,7,7,2,3,2,4,4,5,3,4,5,6,5,3,6,5,5,3,4,4,3,4,2,5,3,3,2,5,3,6,5,6,4,5,3,5,3,3,4,2,4,4,2,4,3,2,2,2,7,7,7,0,1,1,0,1,0,0,0,0,0,0,0,1,1,1,0,0,1,1,1,0,0,0,1,0,0,0,1,1,1,1,1,1,0,1,0,1,0,0,0,1,0,1,1,0,1,0,1,0,0,0,1,1,0,0,1,0,1,0,1,0,1,1,0,0,1,1,0,0,1,0,0,1,0,0,0,0,0,0,0,0,0,1,0,0,0,0,0,0,0,0,0,0,0,1,0,0,0,11 plus,0,1,0,0,0,3,0,0,0,0,0,3,11 plus,0,11 plus,0,1,0,0,0,0,0,0,0,11 plus,0,0,1,0,2,0,0,0,1,3,0,0,0,0,1,0,1,0,11 plus,5,0,0,1,11 plus,0,0,0,0,0,3,0,0,0,0,0,0,0,0,7,1,1,0,0,0,3,1,0,1,7,1,1,0,1,0,0,0,0,0,0,0,0,0,0,0,0,0,0,,5,3,4,3,4,3,4,3,3,3,4,4,3,3,2,2,3,3,4,3,4,4,3,4,3,3,4,3,4,1,4,3,2,2,5,5,5,1,4,5,3,6,4,3,4,6,3,5,6,6,7,1,4,5,5,5,1,"Françaises, Européennes (autres que françaises)",20,Non,,Oui,14,Un peu d'université,Emploi à temps partiel,Classe moyenne,20 000 - 29 999,2,4,2,Neutre,Libéral,Neutre,Gauche à centre gauche,Athée,1-2 ans,149,67
French,2022-04-14 13:03:56,yes,Célibataire,,,,,,,,,,,,,,0,,,,,,,2,2,2,7,7,2,3,6,5,2,2,5,5,3,6,7,5,7,7,7,5,3,5,7,3,2,5,3,3,3,5,3,7,7,7,7,3,2,3,2,3,6,7,5,2,7,7,7,5,5,3,6,7,3,1,1,1,0,1,0,0,1,0,0,1,0,0,1,1,0,1,1,1,1,0,0,0,1,0,0,0,0,0,1,1,1,1,0,1,1,1,0,0,0,0,1,1,1,0,1,1,1,1,1,0,0,0,0,1,1,0,1,0,1,0,0,1,0,0,1,1,1,0,1,0,0,1,0,1,1,0,1,0,1,0,0,11 plus,0,2,0,0,0,0,0,0,11 plus,0,0,2,0,0,1,11 plus,1,0,0,0,0,0,0,0,0,0,0,0,0,0,11 plus,0,0,0,0,0,0,0,0,0,0,1,0,0,0,0,11 plus,0,0,0,0,0,0,1,0,0,0,0,0,0,11 plus,0,0,11 plus,11 plus,1,0,7,0,0,0,0,0,0,0,0,0,0,0,7,0,0,0,0,0,0,0,0,2,6,0,4,1,0,0,0,0,0,0,0,0,0,0,0,0,0,0,0,,1,4,4,4,5,4,5,2,1,1,2,1,1,1,5,5,1,5,1,5,1,1,1,1,1,1,1,1,7,1,3,1,1,1,5,1,5,1,3,1,7,1,7,7,7,1,1,1,3,5,7,7,1,1,3,6,1,Françaises,21,Non,,Oui,10,Licence (BAC +3),Etudiant,Classe moyenne inférieure,En dessous de 20 000,3,1,4,Libéral,Très libéral,Neutre,Gauche à centre gauche,Athée,Pas en relation actuellement,179,64
French,2022-04-14 15:50:58,yes,En couple,1,1,2,4,2,4,4,2,3,3,2,2,2,0,,,,,,,2,2,6,6,2,2,3,3,4,3,3,4,6,4,5,6,3,5,5,3,6,4,6,5,6,5,4,5,6,6,3,5,5,6,6,5,3,2,3,2,5,5,4,4,5,4,4,4,3,4,2,3,3,3,0,1,1,0,1,0,0,0,0,0,0,0,0,1,1,1,0,1,1,1,0,0,0,0,0,0,0,1,1,1,1,1,1,0,1,1,0,0,0,1,0,0,0,0,1,1,1,1,0,1,0,1,1,0,1,1,0,1,1,0,0,1,0,0,1,1,1,1,0,0,0,0,1,0,0,0,0,0,0,0,0,0,0,0,5,0,0,0,0,0,0,0,0,0,0,7,0,0,11 plus,0,1,0,0,0,0,0,0,0,0,0,2,0,0,11 plus,0,6,0,0,0,0,0,0,0,0,0,0,0,0,1,0,0,0,2,5,0,0,0,0,0,0,0,0,11 plus,0,0,2,8,11 plus,0,0,0,0,0,0,0,0,0,0,0,0,0,0,7,1,0,0,0,0,5,1,0,0,7,1,4,0,0,0,0,0,0,0,0,0,0,0,0,0,0,0,0,,4,2,2,2,3,2,4,2,2,2,4,5,4,4,2,1,4,2,4,1,5,5,2,5,5,3,2,3,3,2,3,2,2,2,3,3,5,2,3,5,5,6,2,2,2,6,6,4,6,6,5,2,2,3,6,5,2,Françaises,20,Non,,Oui,15,Un peu d'université,Etudiant,Classe moyenne,50 000 - 59 999,2,2,2,Plus ou moins Conservateur,Plus ou moins Conservateur,Neutre,Gauche à centre gauche,Athée,1-2 ans,1m83,69
French,2022-04-19 07:51:22,yes,Célibataire,,,,,,,,,,,,,,0,,,,,,,2,2,7,7,2,2,3,3,3,3,3,6,4,3,5,5,5,7,7,7,5,2,5,7,2,2,3,2,2,5,5,2,7,7,7,6,5,3,3,2,3,3,5,5,3,6,6,6,5,5,3,3,5,5,1,1,1,0,1,0,0,0,0,0,1,0,0,1,1,0,0,1,1,1,0,0,0,1,0,0,0,0,0,1,1,1,1,0,1,1,1,0,0,0,0,1,1,1,0,1,1,1,1,1,0,0,0,0,1,1,0,1,0,1,0,0,1,0,0,1,1,1,0,1,0,0,1,0,1,1,0,1,0,1,0,0,11 plus,0,0,0,0,0,0,0,0,11 plus,0,0,2,0,0,0,11 plus,1,1,0,0,0,0,0,0,0,0,0,0,0,0,11 plus,0,0,0,0,0,0,0,0,0,2,0,0,0,0,0,11 plus,0,0,0,0,0,0,1,0,0,0,0,0,0,11 plus,0,0,11 plus,11 plus,1,0,5,0,0,0,0,0,0,0,0,0,0,0,7,0,0,0,0,0,0,0,0,2,6,0,3,1,0,0,0,0,0,0,0,0,0,0,0,0,0,0,0,,1,5,1,1,5,1,1,5,1,1,1,1,1,1,5,5,1,5,1,5,1,1,1,1,1,1,1,2,7,1,5,1,1,1,1,1,5,1,6,1,7,1,7,7,7,1,7,1,1,1,1,6,1,1,1,1,1,Françaises,21,Non,,Non,,Licence (BAC +3),Etudiant,Classe moyenne inférieure,En dessous de 20 000,4,3,4,Libéral,Libéral,Neutre,Gauche à centre gauche,Athée,Pas en relation actuellement,178,65
French,2022-04-20 18:38:27,yes,Marié(e),7,7,4,1,1,1,1,1,1,1,2,1,1,1,4,4,2,2,1,7,2,2,2,7,7,2,4,4,4,4,3,2,5,4,4,2,5,4,5,5,4,4,4,4,2,5,4,2,2,4,7,2,6,6,6,6,3,2,2,2,6,3,6,5,2,4,6,6,6,5,4,2,3,2,1,1,1,1,1,1,1,1,1,1,1,0,0,1,1,1,1,1,1,1,0,1,0,1,1,1,1,1,1,1,1,1,1,1,1,1,1,1,0,0,0,0,1,1,1,1,1,0,1,1,0,1,1,1,1,1,1,1,1,1,1,0,1,1,1,1,1,1,1,1,0,0,1,0,1,1,0,1,0,0,0,2,3,0,11 plus,3,0,0,0,0,0,11 plus,0,0,0,0,11 plus,0,11 plus,0,0,0,0,0,0,0,0,0,3,1,0,0,0,0,0,7,0,0,0,0,0,0,0,0,0,0,0,0,0,11 plus,0,0,2,1,0,1,0,0,0,0,0,1,0,3,0,0,0,11 plus,0,0,0,0,0,0,0,0,1,0,11 plus,0,0,0,7,0,0,0,0,1,0,3,0,1,5,0,0,0,0,1,0,0,0,5,0,0,0,0,0,1,0,0,0,,3,1,1,1,1,1,1,4,1,1,4,5,4,4,1,1,4,1,5,1,1,1,1,1,7,4,1,1,7,1,7,4,4,4,1,1,1,1,7,1,7,4,7,1,1,1,2,4,1,7,7,1,1,1,4,2,2,Françaises,53,Oui,29,Oui,30,DUT/BTS (BAC +2),Emploi à temps plein,Classe moyenne,30 000 - 39 999,2,4,6,Neutre,Plus ou moins Conservateur,Plus ou moins Conservateur,Centre gauche à centre droit,Athée,Plus de 20 ans,187,102
French,2022-04-20 19:11:01,yes,En couple,5,7,2,4,1,4,2,3,2,1,1,5,7,0,,,,,,,2,2,7,7,7,2,2,2,4,4,5,5,2,5,5,5,2,3,2,7,7,2,7,7,5,7,7,6,5,2,2,7,6,7,5,7,2,2,2,2,7,7,4,5,3,3,4,5,2,7,7,4,7,7,0,1,1,0,1,0,0,0,0,0,0,0,0,1,1,1,0,1,1,1,0,0,0,1,0,0,0,1,1,1,0,0,1,0,1,1,0,0,0,0,0,1,0,1,0,1,1,1,1,1,0,1,1,0,1,1,0,0,0,1,0,1,1,0,0,1,1,0,0,1,0,0,0,0,0,0,0,0,1,1,1,0,3,1,0,0,0,0,0,0,0,0,0,0,1,0,0,0,11 plus,1,2,0,0,0,2,0,0,0,0,0,11 plus,0,0,11 plus,0,3,0,0,0,0,0,0,1,0,0,0,0,0,0,11 plus,0,0,3,3,0,0,0,0,0,0,0,0,11 plus,3,0,0,11 plus,11 plus,0,0,0,0,0,0,0,0,0,0,0,0,0,0,7,3,0,0,0,0,4,0,0,1,7,0,4,0,0,0,0,0,0,0,0,1,0,0,0,0,0,0,0,,4,3,5,4,4,4,4,2,1,1,4,5,5,5,1,1,5,1,5,3,6,6,2,1,4,6,1,1,1,1,1,1,1,1,6,1,7,1,2,7,6,6,3,1,4,4,7,7,7,7,6,1,1,1,6,7,1,Françaises,20,Non,,Oui,2,Licence (BAC +3),Etudiant,Classe moyenne inférieure,Ne veut pas répondre,3,3,4,Neutre,Neutre,Neutre,Gauche à centre gauche,Chrétien protestant,1-2 ans,1m61,52
French,2022-04-20 23:23:12,yes,En couple,2,5,5,1,1,1,1,1,1,2,1,7,7,0,,,,,,,2,2,3,7,5,2,5,2,7,6,6,6,6,3,5,3,6,7,7,7,5,3,5,7,3,2,6,5,2,6,5,2,7,7,7,6,3,2,2,2,5,5,6,6,2,5,6,5,2,5,3,5,2,3,1,1,1,1,1,0,1,0,0,0,1,0,0,1,1,0,0,1,1,1,0,0,0,1,0,0,1,1,1,1,1,1,1,0,1,1,1,1,0,0,0,1,1,1,1,1,0,0,1,1,0,1,1,0,1,1,0,1,0,0,1,1,1,0,0,1,1,1,0,1,0,0,1,0,1,0,0,0,0,1,0,0,1,4,5,0,0,0,0,0,0,4,0,0,4,0,0,0,11 plus,0,1,0,0,0,2,0,0,0,1,1,11 plus,11 plus,0,11 plus,0,11 plus,0,0,0,0,0,0,1,11 plus,0,0,0,0,0,11 plus,0,0,2,5,0,0,1,0,0,0,0,11 plus,0,4,0,0,0,11 plus,0,0,0,0,0,0,0,2,0,0,0,0,0,0,7,1,1,0,0,3,0,0,0,1,4,0,0,0,0,0,1,0,0,0,0,1,0,0,0,0,0,0,0,,5,5,5,5,5,5,5,1,5,3,1,4,2,1,2,2,5,5,5,4,1,1,1,1,1,1,1,1,7,1,7,1,2,1,1,1,1,1,1,7,5,7,1,1,4,7,7,7,7,7,7,1,5,3,7,6,1,Françaises,24,Non,,Oui,14,Licence (BAC +3),Emploi à temps plein,Classe moyenne,30 000 - 39 999,3,6,5,Très libéral,Très libéral,Très libéral,Extrême gauche à gauche,Athée,2-5 ans,1m70,64kg