StartDate,EndDate,Status,IPAddress,Progress,Duration (in seconds),Finished,RecordedDate,ResponseId,RecipientLastName,RecipientFirstName,RecipientEmail,ExternalReference,LocationLatitude,LocationLongitude,DistributionChannel,UserLanguage,QID25,QID20,QID21_1,QID21_2,QID21_3,QID21_4,QID21_5,QID21_6,QID21_7,QID21_8,QID21_9,QID21_10,QID21_11,QID21_12,QID21_13,QID22,QID23_1,QID23_2,QID23_3,QID23_4,QID23_5,QID23_6,QID16_1,QID16_2,QID16_3,QID16_4,QID16_5,QID16_6,QID16_7,QID16_8,QID16_9,QID16_10,QID16_11,QID16_12,QID16_13,QID16_14,QID16_15,QID17_1,QID17_2,QID17_3,QID17_4,QID17_5,QID17_6,QID17_7,QID17_8,QID17_9,QID17_10,QID17_11,QID17_12,QID17_13,QID17_14,QID17_15,QID18_1,QID18_2,QID18_3,QID18_4,QID18_5,QID18_6,QID18_7,QID18_8,QID18_9,QID18_10,QID18_11,QID18_12,QID18_13,QID18_14,QID18_15,QID19_1,QID19_2,QID19_3,QID19_4,QID19_5,QID19_6,QID19_7,QID19_8,QID19_9,QID68_1,QID68_2,QID68_3,QID68_4,QID68_5,QID68_6,QID68_7,QID68_8,QID68_9,QID68_10,QID71_1,QID71_2,QID71_3,QID71_4,QID71_5,QID71_6,QID71_7,QID71_8,QID71_9,QID71_10,QID73_1,QID73_2,QID73_3,QID73_4,QID73_5,QID73_6,QID73_7,QID73_8,QID73_9,QID73_10,QID74_1,QID74_2,QID74_3,QID74_4,QID74_5,QID74_6,QID74_7,QID74_8,QID74_9,QID74_10,QID64_1,QID64_2,QID64_3,QID64_4,QID64_5,QID64_6,QID64_7,QID64_8,QID64_9,QID64_10,QID64_11,QID64_12,QID64_13,QID64_14,QID64_15,QID64_16,QID64_17,QID64_18,QID64_19,QID64_20,QID64_21,QID64_22,QID64_23,QID64_24,QID64_25,QID64_26,QID64_27,QID64_28,QID64_29,QID64_30,QID64_31,QID64_32,QID64_33,QID64_34,QID64_35,QID64_36,QID64_37,QID64_38,QID64_39,QID64_40,QID64_41,QID64_42,QID64_43,QID64_44,QID64_45,QID64_46,QID64_47,QID64_48,QID64_49,QID64_50,QID64_51,QID64_52,QID64_53,QID64_54,QID64_55,QID64_56,QID64_57,QID64_58,QID64_59,QID64_60,QID64_61,QID64_62,QID64_63,QID64_64,QID64_65,QID64_66,QID64_67,QID64_68,QID64_69,QID64_70,QID64_71,QID64_72,QID64_73,QID64_74,QID64_75,QID64_76,QID64_77,QID64_78,QID64_79,QID64_80,QID64_81,QID67_1,QID67_2,QID67_3,QID67_4,QID67_5,QID67_6,QID67_7,QID67_8,QID67_9,QID67_10,QID67_11,QID67_12,QID67_13,QID67_14,QID67_15,QID67_16,QID67_17,QID67_18,QID67_19,QID67_20,QID67_21,QID67_22,QID67_23,QID67_24,QID67_25,QID67_26,QID67_27,QID67_28,QID67_29,QID67_30,QID67_31,QID67_32,QID67_33,QID67_34,QID67_35,QID67_36,QID67_37,QID67_38,QID67_39,QID67_40,QID67_41,QID67_42,QID67_43,QID67_44,QID67_45,QID67_46,QID67_47,QID67_48,QID67_49,QID67_50,QID67_51,QID67_52,QID67_53,QID67_54,QID67_55,QID67_56,QID67_57,QID67_58,QID67_59,QID67_60,QID67_61,QID67_62,QID67_63,QID67_64,QID67_65,QID67_66,QID67_67,QID67_68,QID67_69,QID67_70,QID67_71,QID67_72,QID67_73,QID67_74,QID67_75,QID67_76,QID67_77,QID67_78,QID67_79,QID67_80,QID67_81,QID27_1,QID27_2,QID27_3,QID27_4,QID27_5,QID27_6,QID27_7,QID27_8,QID27_9,QID27_10,QID27_11,QID27_12,QID27_13,QID27_14,QID27_15,QID27_16,QID27_17,QID27_18,QID27_19,QID27_20,QID34_1,QID34_2,QID34_3,QID34_4,QID34_5,QID34_6,QID34_7,QID34_8,QID55,QID59,QID56,QID6_1,QID6_2,QID6_3,QID6_4,QID6_5,QID6_6,QID6_7,QID6_8,QID6_9,QID6_10,QID6_11,QID6_12,QID6_13,QID6_14,QID6_15,QID6_16,QID6_17,QID6_18,QID6_19,QID6_20,QID6_21,QID6_22,QID6_23,QID6_24,QID6_25,QID6_26,QID6_27,QID6_28,QID6_29,QID6_30,QID6_31,QID6_32,QID6_33,QID6_34,QID6_35,QID6_36,QID6_37,QID6_38,QID6_39,QID6_40,QID6_41,QID6_42,QID6_43,QID6_44,QID61_1,QID61_2,QID61_3,QID61_4,QID61_5,QID61_6,QID61_7,QID61_8,QID61_9,QID61_10,QID61_11,QID61_12,QID61_13,QID61_14,QID61_15,QID61_16,QID61_17,QID61_18,QID53_1,QID53_2,QID53_3,QID53_4,QID53_5,QID53_6,QID53_7,QID53_8,QID53_9,QID53_10,QID53_11,QID53_12,QID53_13,QID53_14,QID53_15,QID53_16,QID53_17,QID53_18,QID53_19,QID53_20,QID54_1,QID54_2,QID54_3,QID54_4,QID54_5,QID54_6,QID54_7,QID54_8,QID54_9,QID54_10,QID54_11,QID54_12,QID54_13,QID54_14,QID54_15,QID54_16,QID54_17,QID54_18,QID54_19,QID24_1,QID24_2,QID24_3,QID24_4,QID24_5,QID24_6,QID24_7,QID24_8,QID24_9,QID24_10,QID24_11,QID24_12,QID24_13,QID24_14,QID24_15,QID24_16,QID24_17,QID24_18,QID24_19,QID24_20,QID24_21,QID76_1,QID76_2,QID76_3,QID76_4,QID76_5,QID76_6,QID76_7,QID76_8,QID76_9,QID76_10,QID76_11,QID76_12,QID76_13,QID76_14,QID76_15,QID10_1,QID10_2,QID10_3,QID10_4,QID10_5,QID10_6,QID10_7,QID10_8,QID10_9,QID10_10,QID10_11,QID10_12,QID10_13,QID10_14,QID10_15,QID10_16,QID10_17,QID60_1,QID60_2,QID60_3,QID60_4,QID60_5,QID60_6,QID60_7,QID60_8,QID60_9,QID60_10,QID60_11,QID60_12,QID60_13,QID60_14,QID60_15,QID60_16,QID60_17,QID60_18,QID60_19,QID60_20,QID60_21,QID60_22,QID60_23,QID60_24,QID60_25,QID60_26,QID60_27,QID60_28,QID60_29,QID60_30,QID60_31,QID60_32,QID60_33,QID60_34,QID60_35,QID60_36,QID2_1,QID2_2,QID2_3,QID2_4,QID2_5,QID2_6,QID2_7,QID2_8,QID2_9,QID2_10,QID2_11,QID2_12,QID28_1,QID28_2,QID28_3,QID28_4,QID28_5,QID28_6,QID28_7,QID28_8,QID28_9,QID28_10,QID11,QID29,QID29_6_TEXT,QID8,QID48,QID49,QID50,QID51,QID9,QID26,QID26_6_TEXT,QID13,QID15_1,QID15_2,QID15_3,QID15_4,QID15_5,QID15_6,QID15_7,QID15_8,QID14,QID30,QID31,QID32,QID33_1,QID33_2,QID33_3,QID35,QID36,QID36_8_TEXT,QID37,QID38,QID43,QID42
Start Date,End Date,Response Type,IP Address,Progress,Duration (in seconds),Finished,Recorded Date,Response ID,Recipient Last Name,Recipient First Name,Recipient Email,External Data Reference,Location Latitude,Location Longitude,Distribution Channel,User Language,"Dans le cadre de nos études de psychologie à l'université de Grenoble Alpes, nous menons une recherche de réplication sur les motifs sociaux fondamentaux. 

 

Vos droits à la confidentialité et au respect de la vie privée


A la fin de ce questionnaire, vos données seront stockées et analysées. Néanmoins ces données resteront strictement anonymes et confidentielles et ne seront utilisées que dans le cadre notre étude, dans un but unique de recherche expérimentale. Conformément au Règlement Général sur la Protection des Données (RGPD), vous disposez des droits d’opposition, d’accès, de rectification et de suppression de vos données personnelles. Vous possédez donc le droit d’arrêter ce questionnaire à tout moment, vos données ne seront alors ni stockées ni utilisées.



Consentement à la participation


En cochant la case ci-dessous, vous confirmez avoir plus de 18 ans, avoir lu et compris les renseignements ci-dessus.",Quel est l'état actuel de votre relation ?,"Pour chaque question, réfléchissez à la mesure dans
laquelle vous êtes en accord ou en désaccord avec l’affirmation. - 1.	Il est important pour moi que mon partenaire soit fidèle sexuellement envers moi","Pour chaque question, réfléchissez à la mesure dans
laquelle vous êtes en accord ou en désaccord avec l’affirmation. - 2.	Il est important pour moi que mon partenaire soit émotionnellement fidèle envers moi","Pour chaque question, réfléchissez à la mesure dans
laquelle vous êtes en accord ou en désaccord avec l’affirmation. - 3.	Je ne consacre pas beaucoup de temps et d’énergie à faire des choses pour que mon partenaire reste investi(e)dans notre relation","Pour chaque question, réfléchissez à la mesure dans
laquelle vous êtes en accord ou en désaccord avec l’affirmation. - 4.	Je me demande souvent si mon partenaire va me quitter","Pour chaque question, réfléchissez à la mesure dans
laquelle vous êtes en accord ou en désaccord avec l’affirmation. - 5.	Je crains que les autres me volent mon partenaire sexuel/romantique","Pour chaque question, réfléchissez à la mesure dans
laquelle vous êtes en accord ou en désaccord avec l’affirmation. - 6.	Je crains que mon partenaire sexuel/romantique me quitte","Pour chaque question, réfléchissez à la mesure dans
laquelle vous êtes en accord ou en désaccord avec l’affirmation. - 7.	Je suis jaloux si d’autres prêtent attention à mon partenaire sexuel/romantique","Pour chaque question, réfléchissez à la mesure dans
laquelle vous êtes en accord ou en désaccord avec l’affirmation. - 8.	Je me demande si mon partenaire va me quitter pour quelqu’un d’autres","Pour chaque question, réfléchissez à la mesure dans
laquelle vous êtes en accord ou en désaccord avec l’affirmation. - 9.	Je crains que d’autres personnes s’intéressent à mon partenaire sexuel/romantique","Pour chaque question, réfléchissez à la mesure dans
laquelle vous êtes en accord ou en désaccord avec l’affirmation. - 10.	Je crains que mon partenaire et moi nous séparions","Pour chaque question, réfléchissez à la mesure dans
laquelle vous êtes en accord ou en désaccord avec l’affirmation. - 11.	Ce ne serait pas grave pour moi si mon partenaire et moi rompions","Pour chaque question, réfléchissez à la mesure dans
laquelle vous êtes en accord ou en désaccord avec l’affirmation. - 12.	Si d’autres personnes étaient intéressées romantiquement par mon partenaire, cela ne me dérangerait pas beaucoup","Pour chaque question, réfléchissez à la mesure dans
laquelle vous êtes en accord ou en désaccord avec l’affirmation. - 13.	Si mon partenaire devait avoir des relations romantiques ou sexuelles avec d’autres personnes, cela me conviendrait",Avez-vous des enfants ?,"Pour chaque question, réfléchissez à la mesure dans laquelle vous êtes en accord ou en désaccord avec l’affirmation. - 1.	J’aide à prendre soin de mes enfants","Pour chaque question, réfléchissez à la mesure dans laquelle vous êtes en accord ou en désaccord avec l’affirmation. - 2.	J’aime passer du temps avec mes enfants","Pour chaque question, réfléchissez à la mesure dans laquelle vous êtes en accord ou en désaccord avec l’affirmation. - 3.	Prendre soin de mes enfants n’est pas une grande priorité pour moi à l’heure actuelle","Pour chaque question, réfléchissez à la mesure dans laquelle vous êtes en accord ou en désaccord avec l’affirmation. - 4.	Je pense souvent à la façon dont je pourrais empêcher que de mauvaises choses n’arrivent à mes enfants","Pour chaque question, réfléchissez à la mesure dans laquelle vous êtes en accord ou en désaccord avec l’affirmation. - 5.	Je pense rarement à protéger mes enfants","Pour chaque question, réfléchissez à la mesure dans laquelle vous êtes en accord ou en désaccord avec l’affirmation. - 6.	Il est important pour moi de subvenir aux besoins de mes enfants","Pour chaque question, réfléchissez à la mesure dans laquelle vous êtes
en accord ou en désaccord avec l’affirmation. - 1.	Je passe beaucoup de temps à réfléchir sur les moyens de rencontrer des partenaires possibles","Pour chaque question, réfléchissez à la mesure dans laquelle vous êtes
en accord ou en désaccord avec l’affirmation. - 2. Je suis intéressé(e) par la recherche d’un nouveau partenaire sexuel/romantique.","Pour chaque question, réfléchissez à la mesure dans laquelle vous êtes
en accord ou en désaccord avec l’affirmation. - 3.	Je ne suis pas intéressé(e) à rencontrer des gens pour flirter avec sortir en rendez-vous.","Pour chaque question, réfléchissez à la mesure dans laquelle vous êtes
en accord ou en désaccord avec l’affirmation. - 4.	Commencer une nouvelle relation sexuelle/ romantique n’est pas une haute priorité pour moi","Pour chaque question, réfléchissez à la mesure dans laquelle vous êtes
en accord ou en désaccord avec l’affirmation. - 5.	Je pense rarement à trouver un(e) partenaire romantique/ sexuel(le)","Pour chaque question, réfléchissez à la mesure dans laquelle vous êtes
en accord ou en désaccord avec l’affirmation. - 6.	Je voudrais trouver un(e) nouvel(le) partenaire romantique/ sexuel(le) rapidement","Pour chaque question, réfléchissez à la mesure dans laquelle vous êtes
en accord ou en désaccord avec l’affirmation. - 7.	Il est important pour moi que les autres personnes m’admirent","Pour chaque question, réfléchissez à la mesure dans laquelle vous êtes
en accord ou en désaccord avec l’affirmation. - 8.	Je veux être dans une position de leader","Pour chaque question, réfléchissez à la mesure dans laquelle vous êtes
en accord ou en désaccord avec l’affirmation. - 9.	Il est important que les autres respectent mon rang ou ma position","Pour chaque question, réfléchissez à la mesure dans laquelle vous êtes
en accord ou en désaccord avec l’affirmation. - 10.	Je laisse autrui prendre la tête lors d’un travail de groupe","Pour chaque question, réfléchissez à la mesure dans laquelle vous êtes
en accord ou en désaccord avec l’affirmation. - 11.	En groupe, je préfère suivre plutôt que diriger","Pour chaque question, réfléchissez à la mesure dans laquelle vous êtes
en accord ou en désaccord avec l’affirmation. - 12.	Je fais des choses pour m’assurer que je ne perds pas le statut que je possède","Pour chaque question, réfléchissez à la mesure dans laquelle vous êtes
en accord ou en désaccord avec l’affirmation. - 13.	Je n’aime pas être au bas d’une hiérarchie","Pour chaque question, réfléchissez à la mesure dans laquelle vous êtes
en accord ou en désaccord avec l’affirmation. - 14.	Je ne m’inquiète pas beaucoup de perdre mon statut","Pour chaque question, réfléchissez à la mesure dans laquelle vous êtes
en accord ou en désaccord avec l’affirmation. - 15.	M’entendre avec les gens qui m’entourent est une grande priorité","Pour chaque question, réfléchissez à la mesure dans laquelle vous êtes
en accord ou en désaccord avec l’affirmation. - 1.	Je serais extrêmement blessé si j’étais exclu(e) par un ami","Pour chaque question, réfléchissez à la mesure dans laquelle vous êtes
en accord ou en désaccord avec l’affirmation. - 2.	Si je perdais une amitié je passerais facilement au-dessus","Pour chaque question, réfléchissez à la mesure dans laquelle vous êtes
en accord ou en désaccord avec l’affirmation. - 3. Je préfèrerais passer du temps seul(e) plutôt que d’être entouré(e) par d’autres personnes","Pour chaque question, réfléchissez à la mesure dans laquelle vous êtes
en accord ou en désaccord avec l’affirmation. - 4.	J’aime être seul, même si je risque de perdre des amis à cause de cela","Pour chaque question, réfléchissez à la mesure dans laquelle vous êtes
en accord ou en désaccord avec l’affirmation. - 5.	Etre séparé de mes amis pendant de longue période ne me dérange pas","Pour chaque question, réfléchissez à la mesure dans laquelle vous êtes
en accord ou en désaccord avec l’affirmation. - 6.	Faire partie d’un groupe est important pour moi","Pour chaque question, réfléchissez à la mesure dans laquelle vous êtes
en accord ou en désaccord avec l’affirmation. - 7.	J’aime travailler avec un groupe pour accomplir un but","Pour chaque question, réfléchissez à la mesure dans laquelle vous êtes
en accord ou en désaccord avec l’affirmation. - 8.	J’aime faire partir d’un groupe","Pour chaque question, réfléchissez à la mesure dans laquelle vous êtes
en accord ou en désaccord avec l’affirmation. - 9.	Le travail de groupe est généralement plus pénible qu’il n’en vaut la peine","Pour chaque question, réfléchissez à la mesure dans laquelle vous êtes
en accord ou en désaccord avec l’affirmation. - 10.	Ce serait un gros problème pour moi si j’étais exclu par un groupe","Pour chaque question, réfléchissez à la mesure dans laquelle vous êtes
en accord ou en désaccord avec l’affirmation. - 11.	Ça me dérange quand des groupes de personnes que je connais font des choses sans moi","Pour chaque question, réfléchissez à la mesure dans laquelle vous êtes
en accord ou en désaccord avec l’affirmation. - 12.	Quand je suis dans un groupe, je fais des choses pour aider le groupe à rester ensemble.","Pour chaque question, réfléchissez à la mesure dans laquelle vous êtes
en accord ou en désaccord avec l’affirmation. - 13.	Je crains d’être rejeté(e)","Pour chaque question, réfléchissez à la mesure dans laquelle vous êtes
en accord ou en désaccord avec l’affirmation. - 14.	Je me demande souvent si je suis exclu (e)","Pour chaque question, réfléchissez à la mesure dans laquelle vous êtes
en accord ou en désaccord avec l’affirmation. - 15.	Je n’aime pas être mis de côté lors d’activités avec mes amis","Pour chaque question, réfléchissez à la mesure dans laquelle vous êtes en accord ou en désaccord avec l’affirmation. - 1. Je ne m’inquiète pas beaucoup d’être exclu(e) par les autres","Pour chaque question, réfléchissez à la mesure dans laquelle vous êtes en accord ou en désaccord avec l’affirmation. - 2.	Je me demande souvent si les autres m’acceptent","Pour chaque question, réfléchissez à la mesure dans laquelle vous êtes en accord ou en désaccord avec l’affirmation. - 3.	Cela ne me dérange pas d’être seul(e) pendant de longues périodes","Pour chaque question, réfléchissez à la mesure dans laquelle vous êtes en accord ou en désaccord avec l’affirmation. - 4.	Avoir du temps pour moi est très important","Pour chaque question, réfléchissez à la mesure dans laquelle vous êtes en accord ou en désaccord avec l’affirmation. - 5.	J’aime être seul(e)","Pour chaque question, réfléchissez à la mesure dans laquelle vous êtes en accord ou en désaccord avec l’affirmation. - 6.	Prendre soin des membres de ma famille est important pour moi","Pour chaque question, réfléchissez à la mesure dans laquelle vous êtes en accord ou en désaccord avec l’affirmation. - 7.	Avoir des liens étroits avec ma famille n’est pas très important pour moi","Pour chaque question, réfléchissez à la mesure dans laquelle vous êtes en accord ou en désaccord avec l’affirmation. - 8.	Je ne suis pas très intéressé par l’idée d’aider les membres de ma famille","Pour chaque question, réfléchissez à la mesure dans laquelle vous êtes en accord ou en désaccord avec l’affirmation. - 9.	Je préfère ne pas passer de temps avec les membres de ma famille","Pour chaque question, réfléchissez à la mesure dans laquelle vous êtes en accord ou en désaccord avec l’affirmation. - 10.	Si un membre de ma famille a besoin de quelque chose, je préfère ne pas l’aider","Pour chaque question, réfléchissez à la mesure dans laquelle vous êtes en accord ou en désaccord avec l’affirmation. - 11.	Être proche des membres de ma famille est extrêmement important pour moi","Pour chaque question, réfléchissez à la mesure dans laquelle vous êtes en accord ou en désaccord avec l’affirmation. - 12.	Il est extrêmement important pour moi d’avoir une bonne relation avec les membres de ma famille.","Pour chaque question, réfléchissez à la mesure dans laquelle vous êtes en accord ou en désaccord avec l’affirmation. - 13.	Je réfléchis à comment me protéger des personnes dangereuses","Pour chaque question, réfléchissez à la mesure dans laquelle vous êtes en accord ou en désaccord avec l’affirmation. - 14.	Je suis motivé pour assurer ma sécurité vis-à-vis des autres","Pour chaque question, réfléchissez à la mesure dans laquelle vous êtes en accord ou en désaccord avec l’affirmation. - 15.	Je ne me soucie pas de me protéger des autres","Pour chaque question, réfléchissez à la mesure dans laquelle vous êtes en accord ou en désaccord avec l’affirmation. - 1.	Je m’inquiète souvent des gens dangereux","Pour chaque question, réfléchissez à la mesure dans laquelle vous êtes en accord ou en désaccord avec l’affirmation. - 2.	Je réfléchis à la façon de me protéger des personnes dangereuses","Pour chaque question, réfléchissez à la mesure dans laquelle vous êtes en accord ou en désaccord avec l’affirmation. - 3.	Je suis motivé(e) pour me protéger des personnes dangereuses","Pour chaque question, réfléchissez à la mesure dans laquelle vous êtes en accord ou en désaccord avec l’affirmation. - 4.	J’évite les endroits et les personnes susceptibles d’être porteurs de maladies","Pour chaque question, réfléchissez à la mesure dans laquelle vous êtes en accord ou en désaccord avec l’affirmation. - 5.	J’évite les personnes qui pourraient avoir une maladie contagieuse","Pour chaque question, réfléchissez à la mesure dans laquelle vous êtes en accord ou en désaccord avec l’affirmation. - 6.	Je crains d’attraper un rhume ou la grippe en ayant trop de contacts avec d’autres personnes","Pour chaque question, réfléchissez à la mesure dans laquelle vous êtes en accord ou en désaccord avec l’affirmation. - 7.	Je ne m’inquiète pas beaucoup d’attraper les germes des autres","Pour chaque question, réfléchissez à la mesure dans laquelle vous êtes en accord ou en désaccord avec l’affirmation. - 8.	Quand quelqu’un près de moi est malade, cela ne me dérange pas beaucoup","Pour chaque question, réfléchissez à la mesure dans laquelle vous êtes en accord ou en désaccord avec l’affirmation. - 9.	Ça ne me dérange pas d’être entouré de gens malades","Quels objectifs sont importants pour vous ? Lesquels ne le sont pas ? Évaluez les objectifs ci-dessous par rapport à leur degré d'importance actuellement dans votre vie, allant de 1 = sans importance pour moi à 5 = très important pour moi - Me protéger de personnes dangereuses","Quels objectifs sont importants pour vous ? Lesquels ne le sont pas ? Évaluez les objectifs ci-dessous par rapport à leur degré d'importance actuellement dans votre vie, allant de 1 = sans importance pour moi à 5 = très important pour moi - éviter les maladies","Quels objectifs sont importants pour vous ? Lesquels ne le sont pas ? Évaluez les objectifs ci-dessous par rapport à leur degré d'importance actuellement dans votre vie, allant de 1 = sans importance pour moi à 5 = très important pour moi - Passer du temps avec des amis","Quels objectifs sont importants pour vous ? Lesquels ne le sont pas ? Évaluez les objectifs ci-dessous par rapport à leur degré d'importance actuellement dans votre vie, allant de 1 = sans importance pour moi à 5 = très important pour moi - Faire partie d’un groupe ou d’une équipe","Quels objectifs sont importants pour vous ? Lesquels ne le sont pas ? Évaluez les objectifs ci-dessous par rapport à leur degré d'importance actuellement dans votre vie, allant de 1 = sans importance pour moi à 5 = très important pour moi - Etre inclus et accepté","Quels objectifs sont importants pour vous ? Lesquels ne le sont pas ? Évaluez les objectifs ci-dessous par rapport à leur degré d'importance actuellement dans votre vie, allant de 1 = sans importance pour moi à 5 = très important pour moi - que les autres respectent mon statut","Quels objectifs sont importants pour vous ? Lesquels ne le sont pas ? Évaluez les objectifs ci-dessous par rapport à leur degré d'importance actuellement dans votre vie, allant de 1 = sans importance pour moi à 5 = très important pour moi - trouver un nouveau partenaire romantique/sexuel","Quels objectifs sont importants pour vous ? Lesquels ne le sont pas ? Évaluez les objectifs ci-dessous par rapport à leur degré d'importance actuellement dans votre vie, allant de 1 = sans importance pour moi à 5 = très important pour moi - avoir une relation durable avec un partenaire (romantique ou sexuel)","Quels objectifs sont importants pour vous ? Lesquels ne le sont pas ? Évaluez les objectifs ci-dessous par rapport à leur degré d'importance actuellement dans votre vie, allant de 1 = sans importance pour moi à 5 = très important pour moi - prendre soin d’un ou plusieurs enfants","Quels objectifs sont importants pour vous ? Lesquels ne le sont pas ? Évaluez les objectifs ci-dessous par rapport à leur degré d'importance actuellement dans votre vie, allant de 1 = sans importance pour moi à 5 = très important pour moi - passer du temps et apporter du soutien à ma famille ( parents, frère, soeur ou autre)",Classez les objectifs vu précédemment selon leur importance de 1 à 10. 1 étant l’objectif le plus important pour vous actuellement et 10 le moins important. - Me protéger de personnes dangereuses,Classez les objectifs vu précédemment selon leur importance de 1 à 10. 1 étant l’objectif le plus important pour vous actuellement et 10 le moins important. - éviter les maladies,Classez les objectifs vu précédemment selon leur importance de 1 à 10. 1 étant l’objectif le plus important pour vous actuellement et 10 le moins important. - Passer du temps avec des amis,Classez les objectifs vu précédemment selon leur importance de 1 à 10. 1 étant l’objectif le plus important pour vous actuellement et 10 le moins important. - Faire partie d’un groupe ou d’une équipe,Classez les objectifs vu précédemment selon leur importance de 1 à 10. 1 étant l’objectif le plus important pour vous actuellement et 10 le moins important. - Etre inclus et accepté,Classez les objectifs vu précédemment selon leur importance de 1 à 10. 1 étant l’objectif le plus important pour vous actuellement et 10 le moins important. - que les autres respectent mon statut,"Classez les objectifs vu précédemment selon leur importance de 1 à 10. 1 étant l’objectif le plus important pour vous actuellement et 10 le moins important. - trouver un nouveau partenaire romantique/sexuel ","Classez les objectifs vu précédemment selon leur importance de 1 à 10. 1 étant l’objectif le plus important pour vous actuellement et 10 le moins important. - avoir une relation durable avec un partenaire (romantique ou sexuel) ",Classez les objectifs vu précédemment selon leur importance de 1 à 10. 1 étant l’objectif le plus important pour vous actuellement et 10 le moins important. - prendre soin d’un ou plusieurs enfants,"Classez les objectifs vu précédemment selon leur importance de 1 à 10. 1 étant l’objectif le plus important pour vous actuellement et 10 le moins important. - passer du temps et apporter du soutien à ma famille ( parents, frère, soeur ou autre)","Pensez à vous- même il y a 10 ans (2010). Que faisiez-vous, pensiez-vous et par quoi étiez-vous intéressé ? Quels objectifs étaient importants pour vous à cette époque ? Et lesquels ne l’étaient pas ? Évaluez les objectifs ci-dessous par rapport à leur degré d'importance pour vous il y a 10 ans, allant de 1 = sans importance pour moi à 5 = très important pour moi - Me protéger de personnes dangereuses","Pensez à vous- même il y a 10 ans (2010). Que faisiez-vous, pensiez-vous et par quoi étiez-vous intéressé ? Quels objectifs étaient importants pour vous à cette époque ? Et lesquels ne l’étaient pas ? Évaluez les objectifs ci-dessous par rapport à leur degré d'importance pour vous il y a 10 ans, allant de 1 = sans importance pour moi à 5 = très important pour moi - éviter les maladies","Pensez à vous- même il y a 10 ans (2010). Que faisiez-vous, pensiez-vous et par quoi étiez-vous intéressé ? Quels objectifs étaient importants pour vous à cette époque ? Et lesquels ne l’étaient pas ? Évaluez les objectifs ci-dessous par rapport à leur degré d'importance pour vous il y a 10 ans, allant de 1 = sans importance pour moi à 5 = très important pour moi - Passer du temps avec des amis","Pensez à vous- même il y a 10 ans (2010). Que faisiez-vous, pensiez-vous et par quoi étiez-vous intéressé ? Quels objectifs étaient importants pour vous à cette époque ? Et lesquels ne l’étaient pas ? Évaluez les objectifs ci-dessous par rapport à leur degré d'importance pour vous il y a 10 ans, allant de 1 = sans importance pour moi à 5 = très important pour moi - Faire partie d’un groupe ou d’une équipe","Pensez à vous- même il y a 10 ans (2010). Que faisiez-vous, pensiez-vous et par quoi étiez-vous intéressé ? Quels objectifs étaient importants pour vous à cette époque ? Et lesquels ne l’étaient pas ? Évaluez les objectifs ci-dessous par rapport à leur degré d'importance pour vous il y a 10 ans, allant de 1 = sans importance pour moi à 5 = très important pour moi - Etre inclus et accepté","Pensez à vous- même il y a 10 ans (2010). Que faisiez-vous, pensiez-vous et par quoi étiez-vous intéressé ? Quels objectifs étaient importants pour vous à cette époque ? Et lesquels ne l’étaient pas ? Évaluez les objectifs ci-dessous par rapport à leur degré d'importance pour vous il y a 10 ans, allant de 1 = sans importance pour moi à 5 = très important pour moi - que les autres respectent mon statut","Pensez à vous- même il y a 10 ans (2010). Que faisiez-vous, pensiez-vous et par quoi étiez-vous intéressé ? Quels objectifs étaient importants pour vous à cette époque ? Et lesquels ne l’étaient pas ? Évaluez les objectifs ci-dessous par rapport à leur degré d'importance pour vous il y a 10 ans, allant de 1 = sans importance pour moi à 5 = très important pour moi - trouver un nouveau partenaire romantique/sexuel","Pensez à vous- même il y a 10 ans (2010). Que faisiez-vous, pensiez-vous et par quoi étiez-vous intéressé ? Quels objectifs étaient importants pour vous à cette époque ? Et lesquels ne l’étaient pas ? Évaluez les objectifs ci-dessous par rapport à leur degré d'importance pour vous il y a 10 ans, allant de 1 = sans importance pour moi à 5 = très important pour moi - avoir une relation durable avec un partenaire (romantique ou sexuel)","Pensez à vous- même il y a 10 ans (2010). Que faisiez-vous, pensiez-vous et par quoi étiez-vous intéressé ? Quels objectifs étaient importants pour vous à cette époque ? Et lesquels ne l’étaient pas ? Évaluez les objectifs ci-dessous par rapport à leur degré d'importance pour vous il y a 10 ans, allant de 1 = sans importance pour moi à 5 = très important pour moi - prendre soin d’un ou plusieurs enfants","Pensez à vous- même il y a 10 ans (2010). Que faisiez-vous, pensiez-vous et par quoi étiez-vous intéressé ? Quels objectifs étaient importants pour vous à cette époque ? Et lesquels ne l’étaient pas ? Évaluez les objectifs ci-dessous par rapport à leur degré d'importance pour vous il y a 10 ans, allant de 1 = sans importance pour moi à 5 = très important pour moi - passer du temps et apporter du soutien à ma famille ( parents, frère, soeur ou autre)","Classez les objectifs vu précédemment selon leur importance de 1 à 10. 

1 étant l’objectif le plus important pour vous il y a 10 ans et 10 le moins important. - Me protéger de personnes dangereuses","Classez les objectifs vu précédemment selon leur importance de 1 à 10. 

1 étant l’objectif le plus important pour vous il y a 10 ans et 10 le moins important. - éviter les maladies","Classez les objectifs vu précédemment selon leur importance de 1 à 10. 

1 étant l’objectif le plus important pour vous il y a 10 ans et 10 le moins important. - Passer du temps avec des amis","Classez les objectifs vu précédemment selon leur importance de 1 à 10. 

1 étant l’objectif le plus important pour vous il y a 10 ans et 10 le moins important. - Faire partie d’un groupe ou d’une équipe","Classez les objectifs vu précédemment selon leur importance de 1 à 10. 

1 étant l’objectif le plus important pour vous il y a 10 ans et 10 le moins important. - Etre inclus et accepté","Classez les objectifs vu précédemment selon leur importance de 1 à 10. 

1 étant l’objectif le plus important pour vous il y a 10 ans et 10 le moins important. - que les autres respectent mon statut","Classez les objectifs vu précédemment selon leur importance de 1 à 10. 

1 étant l’objectif le plus important pour vous il y a 10 ans et 10 le moins important. - trouver un nouveau partenaire romantique/sexuel ","Classez les objectifs vu précédemment selon leur importance de 1 à 10. 

1 étant l’objectif le plus important pour vous il y a 10 ans et 10 le moins important. - avoir une relation durable avec un partenaire (romantique ou sexuel) ","Classez les objectifs vu précédemment selon leur importance de 1 à 10. 

1 étant l’objectif le plus important pour vous il y a 10 ans et 10 le moins important. - prendre soin d’un ou plusieurs enfants","Classez les objectifs vu précédemment selon leur importance de 1 à 10. 

1 étant l’objectif le plus important pour vous il y a 10 ans et 10 le moins important. - passer du temps et apporter du soutien à ma famille ( parents, frère, soeur ou autre)",Avez-vous déjà ? - été aux urgences à cause d’une maladie (et non pour des blessures),Avez-vous déjà ? - resté à la maison car vous étiez trop malade pour travailler ou sortir,Avez-vous déjà ? - visité quelqu’un à l'hôpital,Avez-vous déjà ? - évité de serrer la main à quelqu’un qui semblait malade,Avez-vous déjà ? - été aux urgences pour une blessure (et non pour une maladie),Avez-vous déjà ? - emmené un enfant aux urgences,Avez-vous déjà ? - été victime d’un accident de voiture,Avez-vous déjà ? - pris part à une bagarre,Avez-vous déjà ? - acheté une arme à feu,Avez-vous déjà ? - conservé une arme à feu à votre domicile,Avez-vous déjà ? - utilisé un système de sécurité domestique,Avez-vous déjà ? - porté une arme en public,Avez-vous déjà ? - possédé un spray au poivre afin de vous défendre,Avez-vous déjà ? - coupé les ponts avec un ami,Avez-vous déjà ? - joué à un sport collectif,Avez-vous déjà ? - donné bénévolement de votre temps à une association,Avez-vous déjà ? - connu la perte d’un de vos ami proche (décès),Avez-vous déjà ? - utilisé un réseau social (comme facebook),Avez-vous déjà ? - déménagé dans la même ville,Avez-vous déjà ? - déménagé dans une ville différente,Avez-vous déjà ? - déménagé dans un autre pays,Avez-vous déjà ? - obtenu une promotion,Avez-vous déjà ? - été licencié de votre travail,Avez-vous déjà ? - commencé un nouveau travail,Avez-vous déjà ? - touché des prestations chômages,Avez-vous déjà ? - acheté une voiture neuve,Avez-vous déjà ? - acheté une voiture d’occasion,Avez-vous déjà ? - acheté un nouveau téléphone,Avez-vous déjà ? - acheté un nouvel ordinateur,Avez-vous déjà ? - pris le bus,Avez-vous déjà ? - pris le métro ou le RER,Avez-vous déjà ? - pris l’avion,Avez-vous déjà ? - pris le train,Avez-vous déjà ? - dépensé plus de 100 euros au restaurant pour un rendez-vous galant,Avez-vous déjà ? - crié sur quelqu’un,Avez-vous déjà ? - frappé ou fortement bousculé quelqu’un,Avez-vous déjà ? - choisi de mettre fin à une relation,Avez-vous déjà ? - été plaqué par quelqu’un,Avez-vous déjà ? - divorcé,Avez-vous déjà ? - été à une salle de sport,Avez-vous déjà ? - été au régime,Avez-vous déjà ? - perdu plus de 5 kilos,"Avez-vous déjà ? - créé une oeuvre d’art (peinture, sculpture, dessin)",Avez-vous déjà ? - été invité à un rendez-vous galant,Avez-vous déjà ? - invité quelqu’un à un rendez-vous galant,Avez-vous déjà ? - allé à un concert de musique,Avez-vous déjà ? - joué ou fait une représentation de musique ou de chant,Avez-vous déjà ? - sorti danser dans un club,Avez-vous déjà ? - passé une journée entière sans manger,Avez-vous déjà ? - assisté à un mariage,Avez-vous déjà ? - été voir un conseiller conjugal,Avez-vous déjà ? - acheté un cadeau d’anniversaire ou pour les fêtes à votre conjoint,Avez-vous déjà ? - acheté un cadeau à votre conjoint sans que ça soit son anniversaire ou une fête,Avez-vous déjà ? - acheté une maison,Avez-vous déjà ? - assisté à un office religieux,Avez-vous déjà ? - perdu un membre de votre famille (décès),Avez-vous déjà ? - un ou plusieurs enfants,Avez-vous déjà ? - un membre de votre famille qui est parent d’un enfant,Avez-vous déjà ? - emmené un proche à l'hôpital,Avez-vous déjà ? - fait du babysitting à un membre de votre famille,Avez-vous déjà ? - eu des relations sexuelles sans préservatif,Avez-vous déjà ? - eu des relations sexuelles avec préservatif,Avez-vous déjà ? - mis de l’argent de côté,Avez-vous déjà ? - acheté ou échangé des actions en bourse,Avez-vous déjà ? - emprunté de l’argent à un membre de votre famille,Avez-vous déjà ? - joué à un sport individuel,Avez-vous déjà ? - cuisiné un repas à la maison,Avez-vous déjà ? - donné de l’argent à une association,Avez-vous déjà ? - servi dans l’armée,Avez-vous déjà ? - fumé des cigarettes,Avez-vous déjà ? - eu un emploi où des personnes travaillent pour vous,Avez-vous déjà ? - trompé un partenaire (sexuel ou romantique),Avez-vous déjà ? - pris un taxi,Avez-vous déjà ? - été arrêté,Avez-vous déjà ? - utilisé twitter,Avez-vous déjà ? - été vacciné contre la grippe,Avez-vous déjà ? - obtenu un brevet pour une idée ou une invention,"Avez-vous déjà ? - commenté un article, un blog ou un forum en ligne",Avez-vous déjà ? - pris des cours de self défense,Avez-vous déjà ? - cassé un os,Avez-vous déjà ? - fait du parachutisme,Au cours de l’année dernière (depuis mars 2020) combien de fois avez-vous….? - été aux urgences à cause d’une maladie (et non pour des blessures),Au cours de l’année dernière (depuis mars 2020) combien de fois avez-vous….? - resté à la maison car vous étiez trop malade pour travailler ou sortir,Au cours de l’année dernière (depuis mars 2020) combien de fois avez-vous….? - visité quelqu’un à l'hôpital,Au cours de l’année dernière (depuis mars 2020) combien de fois avez-vous….? - évité de serrer la main à quelqu’un qui semblait malade,Au cours de l’année dernière (depuis mars 2020) combien de fois avez-vous….? - été aux urgences pour une blessure (et non pour une maladie),Au cours de l’année dernière (depuis mars 2020) combien de fois avez-vous….? - emmené un enfant aux urgences,Au cours de l’année dernière (depuis mars 2020) combien de fois avez-vous….? - été victime d’un accident de voiture,Au cours de l’année dernière (depuis mars 2020) combien de fois avez-vous….? - pris part à une bagarre,Au cours de l’année dernière (depuis mars 2020) combien de fois avez-vous….? - acheté une arme à feu,Au cours de l’année dernière (depuis mars 2020) combien de fois avez-vous….? - conservé une arme à feu à votre domicile,Au cours de l’année dernière (depuis mars 2020) combien de fois avez-vous….? - utilisé un système de sécurité domestique,Au cours de l’année dernière (depuis mars 2020) combien de fois avez-vous….? - porté une arme en public,Au cours de l’année dernière (depuis mars 2020) combien de fois avez-vous….? - possédé un spray au poivre afin de vous défendre,Au cours de l’année dernière (depuis mars 2020) combien de fois avez-vous….? - coupé les ponts avec un ami,Au cours de l’année dernière (depuis mars 2020) combien de fois avez-vous….? - joué à un sport collectif,Au cours de l’année dernière (depuis mars 2020) combien de fois avez-vous….? - donné bénévolement de votre temps à une association,Au cours de l’année dernière (depuis mars 2020) combien de fois avez-vous….? - connu la perte d’un de vos ami proche (décès),Au cours de l’année dernière (depuis mars 2020) combien de fois avez-vous….? - utilisé un réseau social (comme facebook),Au cours de l’année dernière (depuis mars 2020) combien de fois avez-vous….? - déménagé dans la même ville,Au cours de l’année dernière (depuis mars 2020) combien de fois avez-vous….? - déménagé dans une ville différente,Au cours de l’année dernière (depuis mars 2020) combien de fois avez-vous….? - déménagé dans un autre pays,Au cours de l’année dernière (depuis mars 2020) combien de fois avez-vous….? - obtenu une promotion,Au cours de l’année dernière (depuis mars 2020) combien de fois avez-vous….? - été licencié de votre travail,Au cours de l’année dernière (depuis mars 2020) combien de fois avez-vous….? - commencé un nouveau travail,Au cours de l’année dernière (depuis mars 2020) combien de fois avez-vous….? - touché des prestations chômages,Au cours de l’année dernière (depuis mars 2020) combien de fois avez-vous….? - acheté une voiture neuve,Au cours de l’année dernière (depuis mars 2020) combien de fois avez-vous….? - acheté une voiture d’occasion,Au cours de l’année dernière (depuis mars 2020) combien de fois avez-vous….? - acheté un nouveau téléphone,Au cours de l’année dernière (depuis mars 2020) combien de fois avez-vous….? - acheté un nouvel ordinateur,Au cours de l’année dernière (depuis mars 2020) combien de fois avez-vous….? - pris le bus,Au cours de l’année dernière (depuis mars 2020) combien de fois avez-vous….? - pris le métro ou le RER,Au cours de l’année dernière (depuis mars 2020) combien de fois avez-vous….? - pris l’avion,Au cours de l’année dernière (depuis mars 2020) combien de fois avez-vous….? - pris le train,Au cours de l’année dernière (depuis mars 2020) combien de fois avez-vous….? - dépensé plus de 100 euros au restaurant pour un rendez-vous galant,Au cours de l’année dernière (depuis mars 2020) combien de fois avez-vous….? - crié sur quelqu’un,Au cours de l’année dernière (depuis mars 2020) combien de fois avez-vous….? - frappé ou fortement bousculé quelqu’un,Au cours de l’année dernière (depuis mars 2020) combien de fois avez-vous….? - choisi de mettre fin à une relation,Au cours de l’année dernière (depuis mars 2020) combien de fois avez-vous….? - été plaqué par quelqu’un,Au cours de l’année dernière (depuis mars 2020) combien de fois avez-vous….? - divorcé,Au cours de l’année dernière (depuis mars 2020) combien de fois avez-vous….? - été à une salle de sport,Au cours de l’année dernière (depuis mars 2020) combien de fois avez-vous….? - été au régime,Au cours de l’année dernière (depuis mars 2020) combien de fois avez-vous….? - perdu plus de 5 kilos,"Au cours de l’année dernière (depuis mars 2020) combien de fois avez-vous….? - créé une oeuvre d’art (peinture, sculpture, dessin)",Au cours de l’année dernière (depuis mars 2020) combien de fois avez-vous….? - été invité à un rendez-vous galant,Au cours de l’année dernière (depuis mars 2020) combien de fois avez-vous….? - invité quelqu’un à un rendez-vous galant,Au cours de l’année dernière (depuis mars 2020) combien de fois avez-vous….? - allé à un concert de musique,Au cours de l’année dernière (depuis mars 2020) combien de fois avez-vous….? - joué ou fait une représentation de musique ou de chant,Au cours de l’année dernière (depuis mars 2020) combien de fois avez-vous….? - sorti danser dans un club,Au cours de l’année dernière (depuis mars 2020) combien de fois avez-vous….? - passé une journée entière sans manger,Au cours de l’année dernière (depuis mars 2020) combien de fois avez-vous….? - assisté à un mariage,Au cours de l’année dernière (depuis mars 2020) combien de fois avez-vous….? - été voir un conseiller conjugal,Au cours de l’année dernière (depuis mars 2020) combien de fois avez-vous….? - acheté un cadeau d’anniversaire ou pour les fêtes à votre conjoint,Au cours de l’année dernière (depuis mars 2020) combien de fois avez-vous….? - acheté un cadeau à votre conjoint sans que ça soit son anniversaire ou une fête,Au cours de l’année dernière (depuis mars 2020) combien de fois avez-vous….? - acheté une maison,Au cours de l’année dernière (depuis mars 2020) combien de fois avez-vous….? - assisté à un office religieux,Au cours de l’année dernière (depuis mars 2020) combien de fois avez-vous….? - perdu un membre de votre famille (décès),Au cours de l’année dernière (depuis mars 2020) combien de fois avez-vous….? - un ou plusieurs enfants,Au cours de l’année dernière (depuis mars 2020) combien de fois avez-vous….? - un membre de votre famille qui est parent d’un enfant,Au cours de l’année dernière (depuis mars 2020) combien de fois avez-vous….? - emmené un proche à l'hôpital,Au cours de l’année dernière (depuis mars 2020) combien de fois avez-vous….? - fait du babysitting à un membre de votre famille,Au cours de l’année dernière (depuis mars 2020) combien de fois avez-vous….? - eu des relations sexuelles sans préservatif,Au cours de l’année dernière (depuis mars 2020) combien de fois avez-vous….? - eu des relations sexuelles avec préservatif,Au cours de l’année dernière (depuis mars 2020) combien de fois avez-vous….? - mis de l’argent de côté,Au cours de l’année dernière (depuis mars 2020) combien de fois avez-vous….? - acheté ou échangé des actions en bourse,Au cours de l’année dernière (depuis mars 2020) combien de fois avez-vous….? - emprunté de l’argent à un membre de votre famille,Au cours de l’année dernière (depuis mars 2020) combien de fois avez-vous….? - joué à un sport individuel,Au cours de l’année dernière (depuis mars 2020) combien de fois avez-vous….? - cuisiné un repas à la maison,Au cours de l’année dernière (depuis mars 2020) combien de fois avez-vous….? - donné de l’argent à une association,Au cours de l’année dernière (depuis mars 2020) combien de fois avez-vous….? - servi dans l’armée,Au cours de l’année dernière (depuis mars 2020) combien de fois avez-vous….? - fumé des cigarettes,Au cours de l’année dernière (depuis mars 2020) combien de fois avez-vous….? - eu un emploi où des personnes travaillent pour vous,Au cours de l’année dernière (depuis mars 2020) combien de fois avez-vous….? - trompé un partenaire (sexuel ou romantique),Au cours de l’année dernière (depuis mars 2020) combien de fois avez-vous….? - pris un taxi,Au cours de l’année dernière (depuis mars 2020) combien de fois avez-vous….? - été arrêté,Au cours de l’année dernière (depuis mars 2020) combien de fois avez-vous….? - utilisé twitter,Au cours de l’année dernière (depuis mars 2020) combien de fois avez-vous….? - été vacciné contre la grippe,Au cours de l’année dernière (depuis mars 2020) combien de fois avez-vous….? - obtenu un brevet pour une idée ou une invention,"Au cours de l’année dernière (depuis mars 2020) combien de fois avez-vous….? - commenté un article, un blog ou un forum en ligne",Au cours de l’année dernière (depuis mars 2020) combien de fois avez-vous….? - pris des cours de self défense,Au cours de l’année dernière (depuis mars 2020) combien de fois avez-vous….? - cassé un os,Au cours de l’année dernière (depuis mars 2020) combien de fois avez-vous….? - fait du parachutisme,"Au cours de l'année dernière (depuis mars 2020), à quelle fréquence en moyenne avez-vous…. - Avez-vous déjà utilisé un site Web de réseautage social (comme Facebook) ?","Au cours de l'année dernière (depuis mars 2020), à quelle fréquence en moyenne avez-vous…. - Avez-vous déjà pris le bus ?","Au cours de l'année dernière (depuis mars 2020), à quelle fréquence en moyenne avez-vous…. - Avez-vous déjà pris le métro ou le RER ?","Au cours de l'année dernière (depuis mars 2020), à quelle fréquence en moyenne avez-vous…. - êtes vous déjà allé(e) dans une salle de sport ou un cours de gym ?","Au cours de l'année dernière (depuis mars 2020), à quelle fréquence en moyenne avez-vous…. - Avez-vous déjà été chez un conseiller en relations ?","Au cours de l'année dernière (depuis mars 2020), à quelle fréquence en moyenne avez-vous…. - Avez-vous déjà eu des relations sexuelles sans préservatif ?","Au cours de l'année dernière (depuis mars 2020), à quelle fréquence en moyenne avez-vous…. - Avez-vous déjà eu des relations sexuelles avec préservatif ?","Au cours de l'année dernière (depuis mars 2020), à quelle fréquence en moyenne avez-vous…. - Avez-vous déjà gardé ou pris soin d’un proche plus jeune ?","Au cours de l'année dernière (depuis mars 2020), à quelle fréquence en moyenne avez-vous…. - Avez-vous déjà acheté ou négocié des actions sur le marché boursier ?","Au cours de l'année dernière (depuis mars 2020), à quelle fréquence en moyenne avez-vous…. - Avez-vous déjà mis de l'argent dans de coté ?","Au cours de l'année dernière (depuis mars 2020), à quelle fréquence en moyenne avez-vous…. - Avez-vous déjà cuisiné un repas à la maison ?","Au cours de l'année dernière (depuis mars 2020), à quelle fréquence en moyenne avez-vous…. - Avez-vous déjà joué à un sport collectif ?","Au cours de l'année dernière (depuis mars 2020), à quelle fréquence en moyenne avez-vous…. - Avez-vous déjà joué à un sport individuel ?","Au cours de l'année dernière (depuis mars 2020), à quelle fréquence en moyenne avez-vous…. - Avez-vous déjà fumé des cigarettes ?","Au cours de l'année dernière (depuis mars 2020), à quelle fréquence en moyenne avez-vous…. - Avez-vous déjà pris un taxi ?","Au cours de l'année dernière (depuis mars 2020), à quelle fréquence en moyenne avez-vous…. - Avez-vous déjà assisté à un office religieux ?","Au cours de l'année dernière (depuis mars 2020), à quelle fréquence en moyenne avez-vous…. - Avez-vous déjà utilisé Twitter ?","Au cours de l'année dernière (depuis mars 2020), à quelle fréquence en moyenne avez-vous…. - Avez-vous déjà porté une masse / un spray au poivre pour vous protéger ?","Au cours de l'année dernière (depuis mars 2020), à quelle fréquence en moyenne avez-vous…. - Avez-vous déjà porté une arme en public ?","Au cours de l'année dernière (depuis mars 2020), à quelle fréquence en moyenne avez-vous…. - Avez-vous déjà commenté sur un blog en ligne, un forum ou un article d’actualité ?","Au cours de l'année dernière (depuis mars 2020), avez-vous à un certain moment - Avez vous déjà fait un régime ?","Au cours de l'année dernière (depuis mars 2020), avez-vous à un certain moment - Avez vous déjà perdu 5kg ou plus ?","Au cours de l'année dernière (depuis mars 2020), avez-vous à un certain moment - Avez-vous déjà acheté une maison ?","Au cours de l'année dernière (depuis mars 2020), avez-vous à un certain moment - Avez-vous déjà servi dans l'armée ?","Au cours de l'année dernière (depuis mars 2020), avez-vous à un certain moment - Avez-vous déjà eu un emploi dans lequel d'autres personnes travaillaient pour vous ?","Au cours de l'année dernière (depuis mars 2020), avez-vous à un certain moment - Avez-vous déjà été vacciné contre la grippe ?","Au cours de l'année dernière (depuis mars 2020), avez-vous à un certain moment - Avez-vous déjà suivi un cours de self défense ?","Au cours de l'année dernière (depuis mars 2020), avez-vous à un certain moment - Avez-vous déjà gardé une arme dans votre maison ?",Avez-vous déjà divorcé ?,Depuis combien de temps êtes-vous divorcé ?,À quand remonte la dernière fois que vous vous êtes acheté des vêtements ?,"Voici un certain nombre de caractéristiques qui peuvent ou non
s'appliquer à vous. Par exemple, êtes-vous d'accord que vous êtes quelqu'un qui
aime passer du temps avec les autres ? Veuillez indiquer dans quelle mesure vous
êtes d'accord ou en désaccord avec cette déclaration. Je suis quelqu'un qui... - 1.	Est bavard","Voici un certain nombre de caractéristiques qui peuvent ou non
s'appliquer à vous. Par exemple, êtes-vous d'accord que vous êtes quelqu'un qui
aime passer du temps avec les autres ? Veuillez indiquer dans quelle mesure vous
êtes d'accord ou en désaccord avec cette déclaration. Je suis quelqu'un qui... - 2.	A tendance à critiquer les autres","Voici un certain nombre de caractéristiques qui peuvent ou non
s'appliquer à vous. Par exemple, êtes-vous d'accord que vous êtes quelqu'un qui
aime passer du temps avec les autres ? Veuillez indiquer dans quelle mesure vous
êtes d'accord ou en désaccord avec cette déclaration. Je suis quelqu'un qui... - 3.	Fait le travail difficile","Voici un certain nombre de caractéristiques qui peuvent ou non
s'appliquer à vous. Par exemple, êtes-vous d'accord que vous êtes quelqu'un qui
aime passer du temps avec les autres ? Veuillez indiquer dans quelle mesure vous
êtes d'accord ou en désaccord avec cette déclaration. Je suis quelqu'un qui... - 4.	Est déprimé","Voici un certain nombre de caractéristiques qui peuvent ou non
s'appliquer à vous. Par exemple, êtes-vous d'accord que vous êtes quelqu'un qui
aime passer du temps avec les autres ? Veuillez indiquer dans quelle mesure vous
êtes d'accord ou en désaccord avec cette déclaration. Je suis quelqu'un qui... - 5.	Est original, propose de nouvelles idées","Voici un certain nombre de caractéristiques qui peuvent ou non
s'appliquer à vous. Par exemple, êtes-vous d'accord que vous êtes quelqu'un qui
aime passer du temps avec les autres ? Veuillez indiquer dans quelle mesure vous
êtes d'accord ou en désaccord avec cette déclaration. Je suis quelqu'un qui... - 6.	Est réservé","Voici un certain nombre de caractéristiques qui peuvent ou non
s'appliquer à vous. Par exemple, êtes-vous d'accord que vous êtes quelqu'un qui
aime passer du temps avec les autres ? Veuillez indiquer dans quelle mesure vous
êtes d'accord ou en désaccord avec cette déclaration. Je suis quelqu'un qui... - 7.	Est utile et généreux avec les autres","Voici un certain nombre de caractéristiques qui peuvent ou non
s'appliquer à vous. Par exemple, êtes-vous d'accord que vous êtes quelqu'un qui
aime passer du temps avec les autres ? Veuillez indiquer dans quelle mesure vous
êtes d'accord ou en désaccord avec cette déclaration. Je suis quelqu'un qui... - 8.	Peut être un peu insouciant","Voici un certain nombre de caractéristiques qui peuvent ou non
s'appliquer à vous. Par exemple, êtes-vous d'accord que vous êtes quelqu'un qui
aime passer du temps avec les autres ? Veuillez indiquer dans quelle mesure vous
êtes d'accord ou en désaccord avec cette déclaration. Je suis quelqu'un qui... - 9.	Est détendu, gère bien le stress","Voici un certain nombre de caractéristiques qui peuvent ou non
s'appliquer à vous. Par exemple, êtes-vous d'accord que vous êtes quelqu'un qui
aime passer du temps avec les autres ? Veuillez indiquer dans quelle mesure vous
êtes d'accord ou en désaccord avec cette déclaration. Je suis quelqu'un qui... - 10.	Est curieux de bien des choses différentes","Voici un certain nombre de caractéristiques qui peuvent ou non
s'appliquer à vous. Par exemple, êtes-vous d'accord que vous êtes quelqu'un qui
aime passer du temps avec les autres ? Veuillez indiquer dans quelle mesure vous
êtes d'accord ou en désaccord avec cette déclaration. Je suis quelqu'un qui... - 11.	Est plein d’énergie","Voici un certain nombre de caractéristiques qui peuvent ou non
s'appliquer à vous. Par exemple, êtes-vous d'accord que vous êtes quelqu'un qui
aime passer du temps avec les autres ? Veuillez indiquer dans quelle mesure vous
êtes d'accord ou en désaccord avec cette déclaration. Je suis quelqu'un qui... - 12.	Commence des querelles avec les autres","Voici un certain nombre de caractéristiques qui peuvent ou non
s'appliquer à vous. Par exemple, êtes-vous d'accord que vous êtes quelqu'un qui
aime passer du temps avec les autres ? Veuillez indiquer dans quelle mesure vous
êtes d'accord ou en désaccord avec cette déclaration. Je suis quelqu'un qui... - 13.	Est un travailleur fiable","Voici un certain nombre de caractéristiques qui peuvent ou non
s'appliquer à vous. Par exemple, êtes-vous d'accord que vous êtes quelqu'un qui
aime passer du temps avec les autres ? Veuillez indiquer dans quelle mesure vous
êtes d'accord ou en désaccord avec cette déclaration. Je suis quelqu'un qui... - 14.	Peut être tendu","Voici un certain nombre de caractéristiques qui peuvent ou non
s'appliquer à vous. Par exemple, êtes-vous d'accord que vous êtes quelqu'un qui
aime passer du temps avec les autres ? Veuillez indiquer dans quelle mesure vous
êtes d'accord ou en désaccord avec cette déclaration. Je suis quelqu'un qui... - 15.	Est ingénieux, un penseur profond","Voici un certain nombre de caractéristiques qui peuvent ou non
s'appliquer à vous. Par exemple, êtes-vous d'accord que vous êtes quelqu'un qui
aime passer du temps avec les autres ? Veuillez indiquer dans quelle mesure vous
êtes d'accord ou en désaccord avec cette déclaration. Je suis quelqu'un qui... - 16.	Génère beaucoup d'enthousiasme","Voici un certain nombre de caractéristiques qui peuvent ou non
s'appliquer à vous. Par exemple, êtes-vous d'accord que vous êtes quelqu'un qui
aime passer du temps avec les autres ? Veuillez indiquer dans quelle mesure vous
êtes d'accord ou en désaccord avec cette déclaration. Je suis quelqu'un qui... - 17.	Pardonne facilement","Voici un certain nombre de caractéristiques qui peuvent ou non
s'appliquer à vous. Par exemple, êtes-vous d'accord que vous êtes quelqu'un qui
aime passer du temps avec les autres ? Veuillez indiquer dans quelle mesure vous
êtes d'accord ou en désaccord avec cette déclaration. Je suis quelqu'un qui... - 18.	A tendance à être désorganisé","Voici un certain nombre de caractéristiques qui peuvent ou non
s'appliquer à vous. Par exemple, êtes-vous d'accord que vous êtes quelqu'un qui
aime passer du temps avec les autres ? Veuillez indiquer dans quelle mesure vous
êtes d'accord ou en désaccord avec cette déclaration. Je suis quelqu'un qui... - 19.	S'inquiète beaucoup","Voici un certain nombre de caractéristiques qui peuvent ou non
s'appliquer à vous. Par exemple, êtes-vous d'accord que vous êtes quelqu'un qui
aime passer du temps avec les autres ? Veuillez indiquer dans quelle mesure vous
êtes d'accord ou en désaccord avec cette déclaration. Je suis quelqu'un qui... - 20.	A une imagination active","Voici un certain nombre de caractéristiques qui peuvent ou non
s'appliquer à vous. Par exemple, êtes-vous d'accord que vous êtes quelqu'un qui
aime passer du temps avec les autres ? Veuillez indiquer dans quelle mesure vous
êtes d'accord ou en désaccord avec cette déclaration. Je suis quelqu'un qui... - 21.	A tendance à être silencieux","Voici un certain nombre de caractéristiques qui peuvent ou non
s'appliquer à vous. Par exemple, êtes-vous d'accord que vous êtes quelqu'un qui
aime passer du temps avec les autres ? Veuillez indiquer dans quelle mesure vous
êtes d'accord ou en désaccord avec cette déclaration. Je suis quelqu'un qui... - 22.	Est généralement confiant","Voici un certain nombre de caractéristiques qui peuvent ou non
s'appliquer à vous. Par exemple, êtes-vous d'accord que vous êtes quelqu'un qui
aime passer du temps avec les autres ? Veuillez indiquer dans quelle mesure vous
êtes d'accord ou en désaccord avec cette déclaration. Je suis quelqu'un qui... - 23.	A tendance à être paresseux","Voici un certain nombre de caractéristiques qui peuvent ou non
s'appliquer à vous. Par exemple, êtes-vous d'accord que vous êtes quelqu'un qui
aime passer du temps avec les autres ? Veuillez indiquer dans quelle mesure vous
êtes d'accord ou en désaccord avec cette déclaration. Je suis quelqu'un qui... - 24.	Est émotionnellement stable, pas facilement bouleversé","Voici un certain nombre de caractéristiques qui peuvent ou non
s'appliquer à vous. Par exemple, êtes-vous d'accord que vous êtes quelqu'un qui
aime passer du temps avec les autres ? Veuillez indiquer dans quelle mesure vous
êtes d'accord ou en désaccord avec cette déclaration. Je suis quelqu'un qui... - 25.	Est inventif","Voici un certain nombre de caractéristiques qui peuvent ou non
s'appliquer à vous. Par exemple, êtes-vous d'accord que vous êtes quelqu'un qui
aime passer du temps avec les autres ? Veuillez indiquer dans quelle mesure vous
êtes d'accord ou en désaccord avec cette déclaration. Je suis quelqu'un qui... - 26.	A une personnalité affirmée","Voici un certain nombre de caractéristiques qui peuvent ou non
s'appliquer à vous. Par exemple, êtes-vous d'accord que vous êtes quelqu'un qui
aime passer du temps avec les autres ? Veuillez indiquer dans quelle mesure vous
êtes d'accord ou en désaccord avec cette déclaration. Je suis quelqu'un qui... - 27.	Peut être froid et distant","Voici un certain nombre de caractéristiques qui peuvent ou non
s'appliquer à vous. Par exemple, êtes-vous d'accord que vous êtes quelqu'un qui
aime passer du temps avec les autres ? Veuillez indiquer dans quelle mesure vous
êtes d'accord ou en désaccord avec cette déclaration. Je suis quelqu'un qui... - 28.	Persévère jusqu'à ce que la tâche soit terminée","Voici un certain nombre de caractéristiques qui peuvent ou non
s'appliquer à vous. Par exemple, êtes-vous d'accord que vous êtes quelqu'un qui
aime passer du temps avec les autres ? Veuillez indiquer dans quelle mesure vous
êtes d'accord ou en désaccord avec cette déclaration. Je suis quelqu'un qui... - 29.	Peut être de mauvaise humeur","Voici un certain nombre de caractéristiques qui peuvent ou non
s'appliquer à vous. Par exemple, êtes-vous d'accord que vous êtes quelqu'un qui
aime passer du temps avec les autres ? Veuillez indiquer dans quelle mesure vous
êtes d'accord ou en désaccord avec cette déclaration. Je suis quelqu'un qui... - 30.	Apprécie des expériences artistiques et esthétiques","Voici un certain nombre de caractéristiques qui peuvent ou non
s'appliquer à vous. Par exemple, êtes-vous d'accord que vous êtes quelqu'un qui
aime passer du temps avec les autres ? Veuillez indiquer dans quelle mesure vous
êtes d'accord ou en désaccord avec cette déclaration. Je suis quelqu'un qui... - 31.	Est parfois malhonnête, inhibé","Voici un certain nombre de caractéristiques qui peuvent ou non
s'appliquer à vous. Par exemple, êtes-vous d'accord que vous êtes quelqu'un qui
aime passer du temps avec les autres ? Veuillez indiquer dans quelle mesure vous
êtes d'accord ou en désaccord avec cette déclaration. Je suis quelqu'un qui... - 32. Est prévenant et apprécié des autres","Voici un certain nombre de caractéristiques qui peuvent ou non
s'appliquer à vous. Par exemple, êtes-vous d'accord que vous êtes quelqu'un qui
aime passer du temps avec les autres ? Veuillez indiquer dans quelle mesure vous
êtes d'accord ou en désaccord avec cette déclaration. Je suis quelqu'un qui... - 33.	Fait les choses de manière efficace","Voici un certain nombre de caractéristiques qui peuvent ou non
s'appliquer à vous. Par exemple, êtes-vous d'accord que vous êtes quelqu'un qui
aime passer du temps avec les autres ? Veuillez indiquer dans quelle mesure vous
êtes d'accord ou en désaccord avec cette déclaration. Je suis quelqu'un qui... - 34.	Reste calme dans les situations stressantes","Voici un certain nombre de caractéristiques qui peuvent ou non
s'appliquer à vous. Par exemple, êtes-vous d'accord que vous êtes quelqu'un qui
aime passer du temps avec les autres ? Veuillez indiquer dans quelle mesure vous
êtes d'accord ou en désaccord avec cette déclaration. Je suis quelqu'un qui... - 35.	Préfère le travail de routine","Voici un certain nombre de caractéristiques qui peuvent ou non
s'appliquer à vous. Par exemple, êtes-vous d'accord que vous êtes quelqu'un qui
aime passer du temps avec les autres ? Veuillez indiquer dans quelle mesure vous
êtes d'accord ou en désaccord avec cette déclaration. Je suis quelqu'un qui... - 36.	Est extraverti, sociable","Voici un certain nombre de caractéristiques qui peuvent ou non
s'appliquer à vous. Par exemple, êtes-vous d'accord que vous êtes quelqu'un qui
aime passer du temps avec les autres ? Veuillez indiquer dans quelle mesure vous
êtes d'accord ou en désaccord avec cette déclaration. Je suis quelqu'un qui... - 37.	Est parfois impoli envers les autres","Voici un certain nombre de caractéristiques qui peuvent ou non
s'appliquer à vous. Par exemple, êtes-vous d'accord que vous êtes quelqu'un qui
aime passer du temps avec les autres ? Veuillez indiquer dans quelle mesure vous
êtes d'accord ou en désaccord avec cette déclaration. Je suis quelqu'un qui... - 38.	Fait des plans et les suit","Voici un certain nombre de caractéristiques qui peuvent ou non
s'appliquer à vous. Par exemple, êtes-vous d'accord que vous êtes quelqu'un qui
aime passer du temps avec les autres ? Veuillez indiquer dans quelle mesure vous
êtes d'accord ou en désaccord avec cette déclaration. Je suis quelqu'un qui... - 39. Devient facilement nerveux","Voici un certain nombre de caractéristiques qui peuvent ou non
s'appliquer à vous. Par exemple, êtes-vous d'accord que vous êtes quelqu'un qui
aime passer du temps avec les autres ? Veuillez indiquer dans quelle mesure vous
êtes d'accord ou en désaccord avec cette déclaration. Je suis quelqu'un qui... - 40.	Aime réfléchir, jouer avec les idées","Voici un certain nombre de caractéristiques qui peuvent ou non
s'appliquer à vous. Par exemple, êtes-vous d'accord que vous êtes quelqu'un qui
aime passer du temps avec les autres ? Veuillez indiquer dans quelle mesure vous
êtes d'accord ou en désaccord avec cette déclaration. Je suis quelqu'un qui... - 41.	A peu d'intérêts artistiques","Voici un certain nombre de caractéristiques qui peuvent ou non
s'appliquer à vous. Par exemple, êtes-vous d'accord que vous êtes quelqu'un qui
aime passer du temps avec les autres ? Veuillez indiquer dans quelle mesure vous
êtes d'accord ou en désaccord avec cette déclaration. Je suis quelqu'un qui... - 42.	Aime coopérer avec les autres","Voici un certain nombre de caractéristiques qui peuvent ou non
s'appliquer à vous. Par exemple, êtes-vous d'accord que vous êtes quelqu'un qui
aime passer du temps avec les autres ? Veuillez indiquer dans quelle mesure vous
êtes d'accord ou en désaccord avec cette déclaration. Je suis quelqu'un qui... - 43.	Est facilement distrait","Voici un certain nombre de caractéristiques qui peuvent ou non
s'appliquer à vous. Par exemple, êtes-vous d'accord que vous êtes quelqu'un qui
aime passer du temps avec les autres ? Veuillez indiquer dans quelle mesure vous
êtes d'accord ou en désaccord avec cette déclaration. Je suis quelqu'un qui... - 44.	Est sophistiqué en art, musique ou littérature","Par rapport aux autres, vous diriez que vous êtes... - Digne de confiance","Par rapport aux autres, vous diriez que vous êtes... - intelligent","Par rapport aux autres, vous diriez que vous êtes... - Bien respecté","Par rapport aux autres, vous diriez que vous êtes... - Niveau de statut social","Par rapport aux autres, vous diriez que vous êtes... - Riche","Par rapport aux autres, vous diriez que vous êtes... - Populaire","Par rapport aux autres, vous diriez que vous êtes... - Axé sur la famille","Par rapport aux autres, vous diriez que vous êtes... - Indépendant","Par rapport aux autres, vous diriez que vous êtes... - Dominant","Par rapport aux autres, vous diriez que vous êtes... - Preneur de risque","Par rapport aux autres, vous diriez que vous êtes... - Fort physiquement","Par rapport aux autres, vous diriez que vous êtes... - Beau","Par rapport aux autres, vous diriez que vous êtes... - Attrayant pour le sexe opposé","Par rapport aux autres, vous diriez que vous êtes... - Reçoit l'attention des membres du sexe opposé","Par rapport aux autres, vous diriez que vous êtes... - Se préoccupe de leurs relations","Par rapport aux autres, vous diriez que vous êtes... - Trouve difficile de dépendre des autres","Par rapport aux autres, vous diriez que vous êtes... - Votre poids (par rapport aux autres du même sexe9","Par rapport aux autres, vous diriez que vous êtes... - Votre taille (par rapport aux autres du même sexe)","Veuillez évaluer dans quelle mesure vous êtes d'accord ou en désaccord avec chaque énoncé. Certains énoncés peuvent ne pas s'appliquer à vous (par exemple, si vous n'avez pas d'enfants). Veuillez ignorer les déclarations qui ne s'appliquent pas à vous - 1.Je peux souvent dire comment les choses vont se passer.","Veuillez évaluer dans quelle mesure vous êtes d'accord ou en désaccord avec chaque énoncé. Certains énoncés peuvent ne pas s'appliquer à vous (par exemple, si vous n'avez pas d'enfants). Veuillez ignorer les déclarations qui ne s'appliquent pas à vous - 2.J'essaie de comprendre comment je suis entré dans une situation pour comprendre comment la gérer.","Veuillez évaluer dans quelle mesure vous êtes d'accord ou en désaccord avec chaque énoncé. Certains énoncés peuvent ne pas s'appliquer à vous (par exemple, si vous n'avez pas d'enfants). Veuillez ignorer les déclarations qui ne s'appliquent pas à vous - 3 Je trouve souvent le bon côté des choses dans une mauvaise situation.","Veuillez évaluer dans quelle mesure vous êtes d'accord ou en désaccord avec chaque énoncé. Certains énoncés peuvent ne pas s'appliquer à vous (par exemple, si vous n'avez pas d'enfants). Veuillez ignorer les déclarations qui ne s'appliquent pas à vous - 4. Je n'abandonne pas tant que je n'ai pas résolu mes problèmes.","Veuillez évaluer dans quelle mesure vous êtes d'accord ou en désaccord avec chaque énoncé. Certains énoncés peuvent ne pas s'appliquer à vous (par exemple, si vous n'avez pas d'enfants). Veuillez ignorer les déclarations qui ne s'appliquent pas à vous - 5. Souvent, je fais des plans à l'avance.","Veuillez évaluer dans quelle mesure vous êtes d'accord ou en désaccord avec chaque énoncé. Certains énoncés peuvent ne pas s'appliquer à vous (par exemple, si vous n'avez pas d'enfants). Veuillez ignorer les déclarations qui ne s'appliquent pas à vous - 6. J’évite de prendre des risques","Veuillez évaluer dans quelle mesure vous êtes d'accord ou en désaccord avec chaque énoncé. Certains énoncés peuvent ne pas s'appliquer à vous (par exemple, si vous n'avez pas d'enfants). Veuillez ignorer les déclarations qui ne s'appliquent pas à vous - 7.En grandissant, j'ai eu une relation étroite et chaleureuse avec ma mère biologique.","Veuillez évaluer dans quelle mesure vous êtes d'accord ou en désaccord avec chaque énoncé. Certains énoncés peuvent ne pas s'appliquer à vous (par exemple, si vous n'avez pas d'enfants). Veuillez ignorer les déclarations qui ne s'appliquent pas à vous - 8.En grandissant, j'ai eu une relation étroite et chaleureuse avec mon père biologique.","Veuillez évaluer dans quelle mesure vous êtes d'accord ou en désaccord avec chaque énoncé. Certains énoncés peuvent ne pas s'appliquer à vous (par exemple, si vous n'avez pas d'enfants). Veuillez ignorer les déclarations qui ne s'appliquent pas à vous - 9. J'ai une relation étroite et chaleureuse avec mes propres enfants","Veuillez évaluer dans quelle mesure vous êtes d'accord ou en désaccord avec chaque énoncé. Certains énoncés peuvent ne pas s'appliquer à vous (par exemple, si vous n'avez pas d'enfants). Veuillez ignorer les déclarations qui ne s'appliquent pas à vous - 10.J'ai une relation étroite et chaleureuse avec mon partenaire sexuel.","Veuillez évaluer dans quelle mesure vous êtes d'accord ou en désaccord avec chaque énoncé. Certains énoncés peuvent ne pas s'appliquer à vous (par exemple, si vous n'avez pas d'enfants). Veuillez ignorer les déclarations qui ne s'appliquent pas à vous - 11Je préférerais avoir une que plusieurs relations sexuelles à la fois.","Veuillez évaluer dans quelle mesure vous êtes d'accord ou en désaccord avec chaque énoncé. Certains énoncés peuvent ne pas s'appliquer à vous (par exemple, si vous n'avez pas d'enfants). Veuillez ignorer les déclarations qui ne s'appliquent pas à vous - 12.Je dois être étroitement attaché à quelqu'un avant de me sentir à l'aise d'avoir des relations sexuelles avec eux.","Veuillez évaluer dans quelle mesure vous êtes d'accord ou en désaccord avec chaque énoncé. Certains énoncés peuvent ne pas s'appliquer à vous (par exemple, si vous n'avez pas d'enfants). Veuillez ignorer les déclarations qui ne s'appliquent pas à vous - 13.Je suis souvent en contact social avec mes proches.","Veuillez évaluer dans quelle mesure vous êtes d'accord ou en désaccord avec chaque énoncé. Certains énoncés peuvent ne pas s'appliquer à vous (par exemple, si vous n'avez pas d'enfants). Veuillez ignorer les déclarations qui ne s'appliquent pas à vous - 14.Je reçois souvent un soutien émotionnel et l'aide pratique de mes parents.","Veuillez évaluer dans quelle mesure vous êtes d'accord ou en désaccord avec chaque énoncé. Certains énoncés peuvent ne pas s'appliquer à vous (par exemple, si vous n'avez pas d'enfants). Veuillez ignorer les déclarations qui ne s'appliquent pas à vous - 15.Je donne souvent un soutien émotionnel et une aide pratique à mes parents.","Veuillez évaluer dans quelle mesure vous êtes d'accord ou en désaccord avec chaque énoncé. Certains énoncés peuvent ne pas s'appliquer à vous (par exemple, si vous n'avez pas d'enfants). Veuillez ignorer les déclarations qui ne s'appliquent pas à vous - 16.Je suis souvent en contact social avec mes amis.","Veuillez évaluer dans quelle mesure vous êtes d'accord ou en désaccord avec chaque énoncé. Certains énoncés peuvent ne pas s'appliquer à vous (par exemple, si vous n'avez pas d'enfants). Veuillez ignorer les déclarations qui ne s'appliquent pas à vous - 17 Je reçois souvent le soutien émotionnel de mes amis.","Veuillez évaluer dans quelle mesure vous êtes d'accord ou en désaccord avec chaque énoncé. Certains énoncés peuvent ne pas s'appliquer à vous (par exemple, si vous n'avez pas d'enfants). Veuillez ignorer les déclarations qui ne s'appliquent pas à vous - 18 Je donne souvent un soutien émotionnel à mes amis.","Veuillez évaluer dans quelle mesure vous êtes d'accord ou en désaccord avec chaque énoncé. Certains énoncés peuvent ne pas s'appliquer à vous (par exemple, si vous n'avez pas d'enfants). Veuillez ignorer les déclarations qui ne s'appliquent pas à vous - 19.Je suis étroitement connecté et impliqué dans ma communauté.","Veuillez évaluer dans quelle mesure vous êtes d'accord ou en désaccord avec chaque énoncé. Certains énoncés peuvent ne pas s'appliquer à vous (par exemple, si vous n'avez pas d'enfants). Veuillez ignorer les déclarations qui ne s'appliquent pas à vous - 20. Je suis étroitement lié et impliqué dans ma religion.","Veuillez répondre honnêtement aux questions suivantes - 1- Je peux facilement m'imaginer être à l'aise et profiter des relations sexuelles ""occasionnelles"" avec différents partenaires.",Veuillez répondre honnêtement aux questions suivantes - 2- Je peux m'imaginer en train de profiter d'une brève relation sexuelle avec une personne que je trouve très attirante.,Veuillez répondre honnêtement aux questions suivantes - 3- Je pourrais facilement m'imaginer profiter d'un coup d'un soir avec quelqu'un que je ne reverrais plus jamais.,"Veuillez répondre honnêtement aux questions suivantes - 4 - Le sexe sans amour, c'est ok.",Veuillez répondre honnêtement aux questions suivantes - 5- Je pourrais profiter de relations sexuelles avec une personne que je trouve très désirable même si cette personne n'a pas de potentiel à long terme.,Veuillez répondre honnêtement aux questions suivantes - 6-  J'envisagerais d'avoir des relations sexuelles avec un étranger si je pouvais être assuré que c'était sans danger et qu'il/elle était attirant(e) pour moi.,Veuillez répondre honnêtement aux questions suivantes - 7- Je n'envisagerais jamais d'avoir une brève relation sexuelle avec quelqu'un.,"Veuillez répondre honnêtement aux questions suivantes - 8- Parfois, je préférerais avoir des relations sexuelles avec quelqu'un dont je ne me soucie pas.",Veuillez répondre honnêtement aux questions suivantes - 9- Je crois en saisir les opportunités sexuelles quand je les trouve.,Veuillez répondre honnêtement aux questions suivantes - 10- Il faudrait que je sois étroitement attaché à quelqu'un (tant émotionnellement que psychologiquement) avant de pouvoir me sentir à l'aise et profiter pleinement d'une relation sexuelle avec lui ou elle.,Veuillez répondre honnêtement aux questions suivantes - 11- Je suis intéressé à entretenir une relation à long terme avec quelqu'un de spécial.,Veuillez répondre honnêtement aux questions suivantes - 12- J'espère avoir une relation romantique qui durera toute ma vie.,Veuillez répondre honnêtement aux questions suivantes - 13- J'aimerais avoir une relation romantique qui durera éternellement.,Veuillez répondre honnêtement aux questions suivantes - 14- Les relations romantiques à long terme ne sont PAS pour moi.,Veuillez répondre honnêtement aux questions suivantes - 15- Trouver un partenaire romantique à long terme n'est PAS important pour moi.,Veuillez répondre honnêtement aux questions suivantes - 16- Je me vois facilement m'engager dans une relation romantique à long terme avec quelqu'un de spécial.,Veuillez répondre honnêtement aux questions suivantes - 17- Je ne m'imagine pas passer le reste de ma vie avec un seul partenaire sexuel.,Veuillez répondre honnêtement aux questions suivantes - 18- Je me vois bien m'installer romantiquement avec une personne spéciale.,"Veuillez répondre honnêtement aux questions suivantes - 19- Si je ne m'installe jamais avec un seul partenaire romantique, ce ne serait pas grave.","Les items suivants décrivent une variété de concepts.
Veuillez évaluer dans quelle mesure vous trouvez dégoûtants les concepts
décrits dans les items. - 1 Vol à l'étalage d'une barre chocolatée dans une épicerie.","Les items suivants décrivent une variété de concepts.
Veuillez évaluer dans quelle mesure vous trouvez dégoûtants les concepts
décrits dans les items. - 2 Entendre deux inconnus faire l'amour","Les items suivants décrivent une variété de concepts.
Veuillez évaluer dans quelle mesure vous trouvez dégoûtants les concepts
décrits dans les items. - 3 Marcher sur une crotte de chien","Les items suivants décrivent une variété de concepts.
Veuillez évaluer dans quelle mesure vous trouvez dégoûtants les concepts
décrits dans les items. - 4 Voler un voisin","Les items suivants décrivent une variété de concepts.
Veuillez évaluer dans quelle mesure vous trouvez dégoûtants les concepts
décrits dans les items. - 5 Pratiquer du sexe oral","Les items suivants décrivent une variété de concepts.
Veuillez évaluer dans quelle mesure vous trouvez dégoûtants les concepts
décrits dans les items. - 6 S'asseoir à côté d'une personne qui a des plaies rouges au bras","Les items suivants décrivent une variété de concepts.
Veuillez évaluer dans quelle mesure vous trouvez dégoûtants les concepts
décrits dans les items. - 7 Un élève qui triche pour avoir de bonnes notes","Les items suivants décrivent une variété de concepts.
Veuillez évaluer dans quelle mesure vous trouvez dégoûtants les concepts
décrits dans les items. - 8 Regarder une vidéo pornographique","Les items suivants décrivent une variété de concepts.
Veuillez évaluer dans quelle mesure vous trouvez dégoûtants les concepts
décrits dans les items. - 9 Serrer la main d'un inconnu qui a les paumes des mains moites","Les items suivants décrivent une variété de concepts.
Veuillez évaluer dans quelle mesure vous trouvez dégoûtants les concepts
décrits dans les items. - 10 Tromper un ami","Les items suivants décrivent une variété de concepts.
Veuillez évaluer dans quelle mesure vous trouvez dégoûtants les concepts
décrits dans les items. - 11 Découvrir qu'une personne que vous n'aimez pas a des fantasmes sexuels à votre sujet","Les items suivants décrivent une variété de concepts.
Veuillez évaluer dans quelle mesure vous trouvez dégoûtants les concepts
décrits dans les items. - 12 Voir de la moisissure sur de vieux restes dans votre réfrigérateur","Les items suivants décrivent une variété de concepts.
Veuillez évaluer dans quelle mesure vous trouvez dégoûtants les concepts
décrits dans les items. - 13 Imiter la signature de quelqu'un sur un document juridique","Les items suivants décrivent une variété de concepts.
Veuillez évaluer dans quelle mesure vous trouvez dégoûtants les concepts
décrits dans les items. - 14 Ramener une personne que vous venez de rencontrer dans votre chambre pour avoir des relations sexuelles","Les items suivants décrivent une variété de concepts.
Veuillez évaluer dans quelle mesure vous trouvez dégoûtants les concepts
décrits dans les items. - 15 Se tenir à proximité d'une personne qui a une odeur corporelle","Les items suivants décrivent une variété de concepts.
Veuillez évaluer dans quelle mesure vous trouvez dégoûtants les concepts
décrits dans les items. - 16 Se couper en tête de file pour acheter les derniers billets d'un spectacle","Les items suivants décrivent une variété de concepts.
Veuillez évaluer dans quelle mesure vous trouvez dégoûtants les concepts
décrits dans les items. - 17 Un Inconnu du sexe opposé vous frottant intentionnellement la cuisse dans un ascenseur","Les items suivants décrivent une variété de concepts.
Veuillez évaluer dans quelle mesure vous trouvez dégoûtants les concepts
décrits dans les items. - 18 Voir un cafard courir sur le sol","Les items suivants décrivent une variété de concepts.
Veuillez évaluer dans quelle mesure vous trouvez dégoûtants les concepts
décrits dans les items. - 19 Mentir intentionnellement pendant une transaction commerciale","Les items suivants décrivent une variété de concepts.
Veuillez évaluer dans quelle mesure vous trouvez dégoûtants les concepts
décrits dans les items. - 20 Avoir des relations sexuelles anales avec une personne du sexe opposé","Les items suivants décrivent une variété de concepts.
Veuillez évaluer dans quelle mesure vous trouvez dégoûtants les concepts
décrits dans les items. - 21 Toucher accidentellement la coupure sanglante d'une personne","Pour chacune des déclarations suivantes, évaluez dans quelle mesure vous êtes en accord ou en désaccord avec la déclaration - 1. Cela m'ennuie fortement quand les gens éternuent sans se couvrir la bouche","Pour chacune des déclarations suivantes, évaluez dans quelle mesure vous êtes en accord ou en désaccord avec la déclaration - 2. Si une maladie ""circule"", je l'attrape","Pour chacune des déclarations suivantes, évaluez dans quelle mesure vous êtes en accord ou en désaccord avec la déclaration - 3. ça ne me dérange pas de partager une bouteille d'eau avec un ami","Pour chacune des déclarations suivantes, évaluez dans quelle mesure vous êtes en accord ou en désaccord avec la déclaration - 4. Je n'aime pas écrire avec un crayon que quelqu'un a clairement mâché","Pour chacune des déclarations suivantes, évaluez dans quelle mesure vous êtes en accord ou en désaccord avec la déclaration - 5. Mes expériences passées me font croire que je ne risque pas de tomber malade, même si mes amis sont malades","Pour chacune des déclarations suivantes, évaluez dans quelle mesure vous êtes en accord ou en désaccord avec la déclaration - 6. J'ai des antécédents de susceptibilité aux maladies infectieuses","Pour chacune des déclarations suivantes, évaluez dans quelle mesure vous êtes en accord ou en désaccord avec la déclaration - 7. Je préfère me laver les mains assez rapidement après avoir sérré la main à quelqu'un","Pour chacune des déclarations suivantes, évaluez dans quelle mesure vous êtes en accord ou en désaccord avec la déclaration - 8. En général, je suis très sensible aux rhumes, grippes et autres maladies infectieuses","Pour chacune des déclarations suivantes, évaluez dans quelle mesure vous êtes en accord ou en désaccord avec la déclaration - 9. Je n'aime pas porter des vêtements usagés parce que je ne sais pas comment était la personne qui les portait dans le passé","Pour chacune des déclarations suivantes, évaluez dans quelle mesure vous êtes en accord ou en désaccord avec la déclaration - 10. Je suis plus susceptible que les personnes qui m'entourent d'attraper une maladie infectieuse","Pour chacune des déclarations suivantes, évaluez dans quelle mesure vous êtes en accord ou en désaccord avec la déclaration - 11. Je ne ressens pas mes mains sales après avoir touché de l'argent","Pour chacune des déclarations suivantes, évaluez dans quelle mesure vous êtes en accord ou en désaccord avec la déclaration - 12. Il est peu probable que j'attrape un rhume, une grippe ou une autre maladie, même si elle circule actuellement","Pour chacune des déclarations suivantes, évaluez dans quelle mesure vous êtes en accord ou en désaccord avec la déclaration - 13. Cela ne me rend pas anxieux de côtoyer des personnes malades","Pour chacune des déclarations suivantes, évaluez dans quelle mesure vous êtes en accord ou en désaccord avec la déclaration - 14. Mon système immunitaire me protège de la plupart des maladies dont souffrent les autres personnes","Pour chacune des déclarations suivantes, évaluez dans quelle mesure vous êtes en accord ou en désaccord avec la déclaration - 15. J'évite d'utiliser les téléphones publics car je risque d'attraper quelques choses de l'utilisateur précédent","Veuillez indiquer dans quelle mesure chaque
déclaration vous décrit avec précision - 1. Les membres de mon groupe de pairs me respectent et m'admirent.","Veuillez indiquer dans quelle mesure chaque
déclaration vous décrit avec précision - 2. Les membres de mon groupe de pairs ne veulent PAS être comme moi.","Veuillez indiquer dans quelle mesure chaque
déclaration vous décrit avec précision - 3.	J'aime contrôler les autres.","Veuillez indiquer dans quelle mesure chaque
déclaration vous décrit avec précision - 4.	Les autres attendent toujours de moi que je réussisse.","Veuillez indiquer dans quelle mesure chaque
déclaration vous décrit avec précision - 5.	J'essaie souvent d'avoir ma propre façon (d'agir et penser), indépendamment de ce que les autres peuvent vouloir.","Veuillez indiquer dans quelle mesure chaque
déclaration vous décrit avec précision - 6.	Les autres n'apprécient PAS mon opinion.","Veuillez indiquer dans quelle mesure chaque
déclaration vous décrit avec précision - 7.	Je suis prêt à utiliser des tactiques agressives pour obtenir ce que je veux.","Veuillez indiquer dans quelle mesure chaque
déclaration vous décrit avec précision - 8.	Je suis tenu en haute estime par ceux que je connais.","Veuillez indiquer dans quelle mesure chaque
déclaration vous décrit avec précision - 9.	J'essaie de contrôler les autres plutôt que de leur permettre de me contrôler.","Veuillez indiquer dans quelle mesure chaque
déclaration vous décrit avec précision - 10.	Je n'ai PAS une personnalité forte ou dominante.","Veuillez indiquer dans quelle mesure chaque
déclaration vous décrit avec précision - 11.	Les autres savent qu'il est préférable de me laisser faire à ma guise.","Veuillez indiquer dans quelle mesure chaque
déclaration vous décrit avec précision - 12.	Je n'aime PAS avoir de l'autorité sur les autres.","Veuillez indiquer dans quelle mesure chaque
déclaration vous décrit avec précision - 13.	Mes talents et mes capacités uniques sont reconnus par les autres.","Veuillez indiquer dans quelle mesure chaque
déclaration vous décrit avec précision - 14. Je suis considéré comme un expert sur certaines questions par les autres.","Veuillez indiquer dans quelle mesure chaque
déclaration vous décrit avec précision - 15.	D'autres me demandent mon avis sur diverses questions.","Veuillez indiquer dans quelle mesure chaque
déclaration vous décrit avec précision - 16.	Certaines personnes ont peur de moi.","Veuillez indiquer dans quelle mesure chaque
déclaration vous décrit avec précision - 17.	D'autres n'aiment pas se retrouver avec moi.","Les déclarations ci-dessous concernent la façon dont vous vous sentez dans des relations émotionnellement intimes. Nous nous intéressons à la façon dont vous vivez généralement les relations, et pas seulement à ce qui se passe dans une relation actuelle. - 1 J'ai peur de perdre l'amour de mon partenaire.","Les déclarations ci-dessous concernent la façon dont vous vous sentez dans des relations émotionnellement intimes. Nous nous intéressons à la façon dont vous vivez généralement les relations, et pas seulement à ce qui se passe dans une relation actuelle. - 2 Je crains souvent que mon partenaire ne veuille pas rester avec moi.","Les déclarations ci-dessous concernent la façon dont vous vous sentez dans des relations émotionnellement intimes. Nous nous intéressons à la façon dont vous vivez généralement les relations, et pas seulement à ce qui se passe dans une relation actuelle. - 3 J'ai souvent peur que mon partenaire ne m'aime pas vraiment.","Les déclarations ci-dessous concernent la façon dont vous vous sentez dans des relations émotionnellement intimes. Nous nous intéressons à la façon dont vous vivez généralement les relations, et pas seulement à ce qui se passe dans une relation actuelle. - 4 J'ai peur que mes partenaires romantiques ne s'intéressent pas à moi autant que je m'intéresse à eux.","Les déclarations ci-dessous concernent la façon dont vous vous sentez dans des relations émotionnellement intimes. Nous nous intéressons à la façon dont vous vivez généralement les relations, et pas seulement à ce qui se passe dans une relation actuelle. - 5 Je souhaite souvent que les sentiments de mon partenaire à mon égard soient aussi forts que les miens à son égard.","Les déclarations ci-dessous concernent la façon dont vous vous sentez dans des relations émotionnellement intimes. Nous nous intéressons à la façon dont vous vivez généralement les relations, et pas seulement à ce qui se passe dans une relation actuelle. - 6 Je m'inquiète beaucoup de mes relations.","Les déclarations ci-dessous concernent la façon dont vous vous sentez dans des relations émotionnellement intimes. Nous nous intéressons à la façon dont vous vivez généralement les relations, et pas seulement à ce qui se passe dans une relation actuelle. - 7 Lorsque mon partenaire est hors de vue, je crains qu'il ou elle s'intéresse à quelqu'un d'autre.","Les déclarations ci-dessous concernent la façon dont vous vous sentez dans des relations émotionnellement intimes. Nous nous intéressons à la façon dont vous vivez généralement les relations, et pas seulement à ce qui se passe dans une relation actuelle. - 8 Lorsque je montre mes sentiments pour mes partenaires romantiques, j'ai peur qu'ils ne ressentent pas la même chose pour moi.","Les déclarations ci-dessous concernent la façon dont vous vous sentez dans des relations émotionnellement intimes. Nous nous intéressons à la façon dont vous vivez généralement les relations, et pas seulement à ce qui se passe dans une relation actuelle. - 9 J'ai rarement peur que mon partenaire me quitte.","Les déclarations ci-dessous concernent la façon dont vous vous sentez dans des relations émotionnellement intimes. Nous nous intéressons à la façon dont vous vivez généralement les relations, et pas seulement à ce qui se passe dans une relation actuelle. - 10 Mon partenaire romantique me fait douter de moi-même.","Les déclarations ci-dessous concernent la façon dont vous vous sentez dans des relations émotionnellement intimes. Nous nous intéressons à la façon dont vous vivez généralement les relations, et pas seulement à ce qui se passe dans une relation actuelle. - 11 Je n'ai pas souvent peur d'être abandonné.","Les déclarations ci-dessous concernent la façon dont vous vous sentez dans des relations émotionnellement intimes. Nous nous intéressons à la façon dont vous vivez généralement les relations, et pas seulement à ce qui se passe dans une relation actuelle. - 12 Je constate que mon ou mes partenaires ne veulent pas se rapprocher autant que je le voudrais.","Les déclarations ci-dessous concernent la façon dont vous vous sentez dans des relations émotionnellement intimes. Nous nous intéressons à la façon dont vous vivez généralement les relations, et pas seulement à ce qui se passe dans une relation actuelle. - 13 Il arrive que des partenaires romantiques changent leurs sentiments à mon égard sans raison apparente.","Les déclarations ci-dessous concernent la façon dont vous vous sentez dans des relations émotionnellement intimes. Nous nous intéressons à la façon dont vous vivez généralement les relations, et pas seulement à ce qui se passe dans une relation actuelle. - 14 Mon désir d'être très proche fait parfois fuir les gens.","Les déclarations ci-dessous concernent la façon dont vous vous sentez dans des relations émotionnellement intimes. Nous nous intéressons à la façon dont vous vivez généralement les relations, et pas seulement à ce qui se passe dans une relation actuelle. - 15 J'ai peur qu'une fois qu'un partenaire romantique me connait, il ou elle n'aime pas ce que je suis vraiment.","Les déclarations ci-dessous concernent la façon dont vous vous sentez dans des relations émotionnellement intimes. Nous nous intéressons à la façon dont vous vivez généralement les relations, et pas seulement à ce qui se passe dans une relation actuelle. - 16 Cela me met en colère de ne pas recevoir de mon partenaire l'affection et le soutien dont j'ai besoin.","Les déclarations ci-dessous concernent la façon dont vous vous sentez dans des relations émotionnellement intimes. Nous nous intéressons à la façon dont vous vivez généralement les relations, et pas seulement à ce qui se passe dans une relation actuelle. - 17 J'ai peur de ne pas être à la hauteur des autres personnes.","Les déclarations ci-dessous concernent la façon dont vous vous sentez dans des relations émotionnellement intimes. Nous nous intéressons à la façon dont vous vivez généralement les relations, et pas seulement à ce qui se passe dans une relation actuelle. - 18 Mon partenaire ne semble me remarquer que lorsque je suis en colère.","Les déclarations ci-dessous concernent la façon dont vous vous sentez dans des relations émotionnellement intimes. Nous nous intéressons à la façon dont vous vivez généralement les relations, et pas seulement à ce qui se passe dans une relation actuelle. - 19 Je préfère ne pas montrer à mon partenaire ce que je ressens au fond de moi.","Les déclarations ci-dessous concernent la façon dont vous vous sentez dans des relations émotionnellement intimes. Nous nous intéressons à la façon dont vous vivez généralement les relations, et pas seulement à ce qui se passe dans une relation actuelle. - 20 Je me sens à l'aise de partager mes pensées et sentiments privés avec mon partenaire.","Les déclarations ci-dessous concernent la façon dont vous vous sentez dans des relations émotionnellement intimes. Nous nous intéressons à la façon dont vous vivez généralement les relations, et pas seulement à ce qui se passe dans une relation actuelle. - 21 J'ai du mal à me permettre de dépendre de partenaires romantiques.","Les déclarations ci-dessous concernent la façon dont vous vous sentez dans des relations émotionnellement intimes. Nous nous intéressons à la façon dont vous vivez généralement les relations, et pas seulement à ce qui se passe dans une relation actuelle. - 22 Je me sens très à l'aise d'être proche de partenaires romantiques.","Les déclarations ci-dessous concernent la façon dont vous vous sentez dans des relations émotionnellement intimes. Nous nous intéressons à la façon dont vous vivez généralement les relations, et pas seulement à ce qui se passe dans une relation actuelle. - 23 Je ne me sens pas à l'aise de m'ouvrir à des partenaires romantiques.","Les déclarations ci-dessous concernent la façon dont vous vous sentez dans des relations émotionnellement intimes. Nous nous intéressons à la façon dont vous vivez généralement les relations, et pas seulement à ce qui se passe dans une relation actuelle. - 24 Je préfère ne pas être trop proche de mes partenaires romantiques.","Les déclarations ci-dessous concernent la façon dont vous vous sentez dans des relations émotionnellement intimes. Nous nous intéressons à la façon dont vous vivez généralement les relations, et pas seulement à ce qui se passe dans une relation actuelle. - 25 Je me sens mal à l'aise lorsqu'un partenaire romantique veut être très proche.","Les déclarations ci-dessous concernent la façon dont vous vous sentez dans des relations émotionnellement intimes. Nous nous intéressons à la façon dont vous vivez généralement les relations, et pas seulement à ce qui se passe dans une relation actuelle. - 26 Je trouve qu'il est relativement facile de se rapprocher de mon partenaire.","Les déclarations ci-dessous concernent la façon dont vous vous sentez dans des relations émotionnellement intimes. Nous nous intéressons à la façon dont vous vivez généralement les relations, et pas seulement à ce qui se passe dans une relation actuelle. - 27 Il ne m'est pas difficile de me rapprocher de mon partenaire.","Les déclarations ci-dessous concernent la façon dont vous vous sentez dans des relations émotionnellement intimes. Nous nous intéressons à la façon dont vous vivez généralement les relations, et pas seulement à ce qui se passe dans une relation actuelle. - 28 Je discute généralement de mes problèmes et de mes préoccupations avec mon partenaire.","Les déclarations ci-dessous concernent la façon dont vous vous sentez dans des relations émotionnellement intimes. Nous nous intéressons à la façon dont vous vivez généralement les relations, et pas seulement à ce qui se passe dans une relation actuelle. - 29 Il m'est utile de me tourner vers mon partenaire romantique en cas de besoin.","Les déclarations ci-dessous concernent la façon dont vous vous sentez dans des relations émotionnellement intimes. Nous nous intéressons à la façon dont vous vivez généralement les relations, et pas seulement à ce qui se passe dans une relation actuelle. - 30 Je dis à mon partenaire à peu près tout.","Les déclarations ci-dessous concernent la façon dont vous vous sentez dans des relations émotionnellement intimes. Nous nous intéressons à la façon dont vous vivez généralement les relations, et pas seulement à ce qui se passe dans une relation actuelle. - 31 Je discute de tout avec mon partenaire.","Les déclarations ci-dessous concernent la façon dont vous vous sentez dans des relations émotionnellement intimes. Nous nous intéressons à la façon dont vous vivez généralement les relations, et pas seulement à ce qui se passe dans une relation actuelle. - 32 Je suis nerveux lorsque mon partenaire est trop proche de moi.","Les déclarations ci-dessous concernent la façon dont vous vous sentez dans des relations émotionnellement intimes. Nous nous intéressons à la façon dont vous vivez généralement les relations, et pas seulement à ce qui se passe dans une relation actuelle. - 33 Je me sens à l'aise de dépendre de partenaires romantiques.","Les déclarations ci-dessous concernent la façon dont vous vous sentez dans des relations émotionnellement intimes. Nous nous intéressons à la façon dont vous vivez généralement les relations, et pas seulement à ce qui se passe dans une relation actuelle. - 34 Je trouve qu'il est facile de dépendre de partenaires romantiques.","Les déclarations ci-dessous concernent la façon dont vous vous sentez dans des relations émotionnellement intimes. Nous nous intéressons à la façon dont vous vivez généralement les relations, et pas seulement à ce qui se passe dans une relation actuelle. - 35 Il est facile pour moi d'être affectueux avec mon partenaire.","Les déclarations ci-dessous concernent la façon dont vous vous sentez dans des relations émotionnellement intimes. Nous nous intéressons à la façon dont vous vivez généralement les relations, et pas seulement à ce qui se passe dans une relation actuelle. - 36 Mon partenaire me comprend vraiment et comprend mes besoins.","Pour chacun des énoncés suivants, évaluez dans quelle
mesure vous êtes d'accord ou en désaccord avec l'énoncé - 1. Il semble que chaque année, il y ait de moins en moins de personnes vraiment respectables, et de plus en plus de personnes sans moralité qui menacent tout le monde","Pour chacun des énoncés suivants, évaluez dans quelle
mesure vous êtes d'accord ou en désaccord avec l'énoncé - 2. Bien qu'il puisse sembler que les choses deviennent constamment plus dangereuses et chaotiques, ce n'est vraiment pas le cas. Chaque époque a ses problèmes, et les chances d’une personne de vivre une vie sûre et sereine sont meilleures que jamais.","Pour chacun des énoncés suivants, évaluez dans quelle
mesure vous êtes d'accord ou en désaccord avec l'énoncé - 3. Si notre société continue de dégénérer comme elle l’a fait ces derniers temps, elle risque de s’effondrer comme une bûche pourrie et tout sera dans le chaos","Pour chacun des énoncés suivants, évaluez dans quelle
mesure vous êtes d'accord ou en désaccord avec l'énoncé - 4. Notre société n'est pas pleine de gens immoraux et dégénérés qui s'attaquent à des gens décents. Les nouveaux rapports de tels cas sont grossièrement exagérés et trompeurs.","Pour chacun des énoncés suivants, évaluez dans quelle
mesure vous êtes d'accord ou en désaccord avec l'énoncé - 5. La «fin» n'est pas proche. Les gens qui pensent que les tremblements de terre, les guerres et les famines signifient que Dieu pourrait être sur le point de détruire le monde sont stupides","Pour chacun des énoncés suivants, évaluez dans quelle
mesure vous êtes d'accord ou en désaccord avec l'énoncé - 6. Il y a beaucoup de gens dangereux dans notre société qui attaqueront quelqu'un par pure méchanceté et sans aucune raison.","Pour chacun des énoncés suivants, évaluez dans quelle
mesure vous êtes d'accord ou en désaccord avec l'énoncé - 7. Malgré ce que l'on entend parler à propos de «crime dans la rue», il n'y en a probablement pas plus maintenant qu'il n'y en a jamais eu","Pour chacun des énoncés suivants, évaluez dans quelle
mesure vous êtes d'accord ou en désaccord avec l'énoncé - 8. Le chaos et l'anarchie pourraient éclater autour de nous d’un jour à l’autre. Tous les signes l'indiquent","Pour chacun des énoncés suivants, évaluez dans quelle
mesure vous êtes d'accord ou en désaccord avec l'énoncé - 9. Si une personne prend quelques précautions raisonnables, rien de mal ne lui arrivera. Nous ne vivons pas dans un monde dangereux","Pour chacun des énoncés suivants, évaluez dans quelle
mesure vous êtes d'accord ou en désaccord avec l'énoncé - 10. Chaque jour, alors que notre société devient de plus en plus anarchique et bestiale, les chances d’une personne d’être volée, agressée et même assassinée augmentent sans cesse","Pour chacun des énoncés suivants, évaluez dans quelle
mesure vous êtes d'accord ou en désaccord avec l'énoncé - 11. Les choses vont si mal que même une personne honnête et respectueuse des lois qui prend des précautions raisonnables peut encore être victime de violence et de crime","Pour chacun des énoncés suivants, évaluez dans quelle
mesure vous êtes d'accord ou en désaccord avec l'énoncé - 12. Notre pays ne s'effondre pas ou ne pourrit pas de l'intérieur","Pour chaque énoncé ci-dessous, indiquez le degré d’accord ou de désaccord. - 1. Si les autres semblent ne pas m’accepter, je ne le laisse pas m’atteindre","Pour chaque énoncé ci-dessous, indiquez le degré d’accord ou de désaccord. - J’essaye fortement de ne pas faire des choses qui feraient que les autres m’évitent ou me rejettent","Pour chaque énoncé ci-dessous, indiquez le degré d’accord ou de désaccord. - 3. Je m’inquiète rarement de savoir si les autres se soucient de moi","Pour chaque énoncé ci-dessous, indiquez le degré d’accord ou de désaccord. - 4. J'ai besoin de sentir qu'il y a des gens vers qui je peux me tourner en cas de besoin","Pour chaque énoncé ci-dessous, indiquez le degré d’accord ou de désaccord. - 5. Je veux que les autres m'acceptent","Pour chaque énoncé ci-dessous, indiquez le degré d’accord ou de désaccord. - 6. Je n’aime pas être seul","Pour chaque énoncé ci-dessous, indiquez le degré d’accord ou de désaccord. - 7. Être loin de mes amis pendant de longues périodes ne me dérange pas","Pour chaque énoncé ci-dessous, indiquez le degré d’accord ou de désaccord. - 8. J'ai un fort besoin d'appartenir.","Pour chaque énoncé ci-dessous, indiquez le degré d’accord ou de désaccord. - 9. Cela me dérange beaucoup quand je ne suis pas inclus dans les plans des autres","Pour chaque énoncé ci-dessous, indiquez le degré d’accord ou de désaccord. - 10. Mes sentiments sont facilement blessés lorsque je sens que les autres ne m'acceptent pas.",Genre,Quelles sont vos origines ? - Selected Choice,Quelles sont vos origines ? - Autre - Texte,Quel âge avez vous ?,Avez-vous des enfants ?,A quel âge avez-vous eu votre premier enfant ?,"Au cours de votre vie, est-ce qu’un membre de votre famille est décédé ?","Quel âge aviez-vous quand votre membre de famille est décédé ? (si plusieurs membres de votre famille sont décédés, indiquer l’âge que vous aviez quand c’est arrivé pour la première fois).",Quel est le niveau d'éducation le plus élevé que vous ayez atteint ?,Quel est votre statut actuel professionnel ? (cochez tout ce qui s'applique) - Selected Choice,Quel est votre statut actuel professionnel ? (cochez tout ce qui s'applique) - Autre - Texte,A quel statut socio-économique vous identifiez-vous le plus ?,Veuillez évaluer votre accord avec les affirmations suivantes. - 1. Ma famille avait généralement assez d'argent pour les choses quand je grandissais,Veuillez évaluer votre accord avec les affirmations suivantes. - 2. J'ai grandi dans un quartier relativement riche,Veuillez évaluer votre accord avec les affirmations suivantes. - 3. Je me sentais relativement riche par rapport aux autres enfants de mon école,Veuillez évaluer votre accord avec les affirmations suivantes. - 4. Ma famille a eu des difficultés financières quand je grandissais,Veuillez évaluer votre accord avec les affirmations suivantes. - 5. J'ai actuellement assez d'argent pour acheter les choses que je veux,Veuillez évaluer votre accord avec les affirmations suivantes. - 6. Je n'ai actuellement pas besoin de trop m'inquiéter du paiement des factures,Veuillez évaluer votre accord avec les affirmations suivantes. - 7. Je n'aurai pas trop à me soucier de l'argent à l'avenir,Veuillez évaluer votre accord avec les affirmations suivantes. - 8. Je pourrai acheter les choses dont j'ai besoin et que je veux plus tard dans la vie,Quel est le revenu approximatif de votre ménage en euros (avant impôt) ?,"Par rapport à la personne moyenne, dans quelle mesure votre vie à la maison était-elle stable lorsque vous grandissiez ?","Par rapport à la personne moyenne, dans quelle mesure votre vie était-elle prévisible lorsque vous grandissiez ?","Par rapport à la personne moyenne, à quel point votre vie était-elle difficile lorsque vous grandissiez ?","veuillez répondre - Dans l'ensemble, dans quelle mesure êtes-vous conservateur à libéral?","veuillez répondre - Sur les questions sociales, dans quelle mesure êtes-vous conservateur à libéral?","veuillez répondre - sur les questions économiques, à quel point êtes-vous conservateur à libéral ?",Quelle est votre affiliation politique ?,Quelle est votre affiliation religieuse ? - Selected Choice,Quelle est votre affiliation religieuse ? - Autre : - Texte,Depuis combien de temps entretenez-vous votre relation actuelle?,combien mesurez-vous en taille ?,Combien mesurez-vous en pointure ?,Combien pesez-vous ?
"{""ImportId"":""startDate"",""timeZone"":""America/Denver""}","{""ImportId"":""endDate"",""timeZone"":""America/Denver""}","{""ImportId"":""status""}","{""ImportId"":""ipAddress""}","{""ImportId"":""progress""}","{""ImportId"":""duration""}","{""ImportId"":""finished""}","{""ImportId"":""recordedDate"",""timeZone"":""America/Denver""}","{""ImportId"":""_recordId""}","{""ImportId"":""recipientLastName""}","{""ImportId"":""recipientFirstName""}","{""ImportId"":""recipientEmail""}","{""ImportId"":""externalDataReference""}","{""ImportId"":""locationLatitude""}","{""ImportId"":""locationLongitude""}","{""ImportId"":""distributionChannel""}","{""ImportId"":""userLanguage""}","{""ImportId"":""QID25""}","{""ImportId"":""QID20""}","{""ImportId"":""QID21_1""}","{""ImportId"":""QID21_2""}","{""ImportId"":""QID21_3""}","{""ImportId"":""QID21_4""}","{""ImportId"":""QID21_5""}","{""ImportId"":""QID21_6""}","{""ImportId"":""QID21_7""}","{""ImportId"":""QID21_8""}","{""ImportId"":""QID21_9""}","{""ImportId"":""QID21_10""}","{""ImportId"":""QID21_11""}","{""ImportId"":""QID21_12""}","{""ImportId"":""QID21_13""}","{""ImportId"":""QID22""}","{""ImportId"":""QID23_1""}","{""ImportId"":""QID23_2""}","{""ImportId"":""QID23_3""}","{""ImportId"":""QID23_4""}","{""ImportId"":""QID23_5""}","{""ImportId"":""QID23_6""}","{""ImportId"":""QID16_1""}","{""ImportId"":""QID16_2""}","{""ImportId"":""QID16_3""}","{""ImportId"":""QID16_4""}","{""ImportId"":""QID16_5""}","{""ImportId"":""QID16_6""}","{""ImportId"":""QID16_7""}","{""ImportId"":""QID16_8""}","{""ImportId"":""QID16_9""}","{""ImportId"":""QID16_10""}","{""ImportId"":""QID16_11""}","{""ImportId"":""QID16_12""}","{""ImportId"":""QID16_13""}","{""ImportId"":""QID16_14""}","{""ImportId"":""QID16_15""}","{""ImportId"":""QID17_1""}","{""ImportId"":""QID17_2""}","{""ImportId"":""QID17_3""}","{""ImportId"":""QID17_4""}","{""ImportId"":""QID17_5""}","{""ImportId"":""QID17_6""}","{""ImportId"":""QID17_7""}","{""ImportId"":""QID17_8""}","{""ImportId"":""QID17_9""}","{""ImportId"":""QID17_10""}","{""ImportId"":""QID17_11""}","{""ImportId"":""QID17_12""}","{""ImportId"":""QID17_13""}","{""ImportId"":""QID17_14""}","{""ImportId"":""QID17_15""}","{""ImportId"":""QID18_1""}","{""ImportId"":""QID18_2""}","{""ImportId"":""QID18_3""}","{""ImportId"":""QID18_4""}","{""ImportId"":""QID18_5""}","{""ImportId"":""QID18_6""}","{""ImportId"":""QID18_7""}","{""ImportId"":""QID18_8""}","{""ImportId"":""QID18_9""}","{""ImportId"":""QID18_10""}","{""ImportId"":""QID18_11""}","{""ImportId"":""QID18_12""}","{""ImportId"":""QID18_13""}","{""ImportId"":""QID18_14""}","{""ImportId"":""QID18_15""}","{""ImportId"":""QID19_1""}","{""ImportId"":""QID19_2""}","{""ImportId"":""QID19_3""}","{""ImportId"":""QID19_4""}","{""ImportId"":""QID19_5""}","{""ImportId"":""QID19_6""}","{""ImportId"":""QID19_7""}","{""ImportId"":""QID19_8""}","{""ImportId"":""QID19_9""}","{""ImportId"":""QID68_1""}","{""ImportId"":""QID68_2""}","{""ImportId"":""QID68_3""}","{""ImportId"":""QID68_4""}","{""ImportId"":""QID68_5""}","{""ImportId"":""QID68_6""}","{""ImportId"":""QID68_7""}","{""ImportId"":""QID68_8""}","{""ImportId"":""QID68_9""}","{""ImportId"":""QID68_10""}","{""ImportId"":""QID71_1""}","{""ImportId"":""QID71_2""}","{""ImportId"":""QID71_3""}","{""ImportId"":""QID71_4""}","{""ImportId"":""QID71_5""}","{""ImportId"":""QID71_6""}","{""ImportId"":""QID71_7""}","{""ImportId"":""QID71_8""}","{""ImportId"":""QID71_9""}","{""ImportId"":""QID71_10""}","{""ImportId"":""QID73_1""}","{""ImportId"":""QID73_2""}","{""ImportId"":""QID73_3""}","{""ImportId"":""QID73_4""}","{""ImportId"":""QID73_5""}","{""ImportId"":""QID73_6""}","{""ImportId"":""QID73_7""}","{""ImportId"":""QID73_8""}","{""ImportId"":""QID73_9""}","{""ImportId"":""QID73_10""}","{""ImportId"":""QID74_1""}","{""ImportId"":""QID74_2""}","{""ImportId"":""QID74_3""}","{""ImportId"":""QID74_4""}","{""ImportId"":""QID74_5""}","{""ImportId"":""QID74_6""}","{""ImportId"":""QID74_7""}","{""ImportId"":""QID74_8""}","{""ImportId"":""QID74_9""}","{""ImportId"":""QID74_10""}","{""ImportId"":""QID64_1""}","{""ImportId"":""QID64_2""}","{""ImportId"":""QID64_3""}","{""ImportId"":""QID64_4""}","{""ImportId"":""QID64_5""}","{""ImportId"":""QID64_6""}","{""ImportId"":""QID64_7""}","{""ImportId"":""QID64_8""}","{""ImportId"":""QID64_9""}","{""ImportId"":""QID64_10""}","{""ImportId"":""QID64_11""}","{""ImportId"":""QID64_12""}","{""ImportId"":""QID64_13""}","{""ImportId"":""QID64_14""}","{""ImportId"":""QID64_15""}","{""ImportId"":""QID64_16""}","{""ImportId"":""QID64_17""}","{""ImportId"":""QID64_18""}","{""ImportId"":""QID64_19""}","{""ImportId"":""QID64_20""}","{""ImportId"":""QID64_21""}","{""ImportId"":""QID64_22""}","{""ImportId"":""QID64_23""}","{""ImportId"":""QID64_24""}","{""ImportId"":""QID64_25""}","{""ImportId"":""QID64_26""}","{""ImportId"":""QID64_27""}","{""ImportId"":""QID64_28""}","{""ImportId"":""QID64_29""}","{""ImportId"":""QID64_30""}","{""ImportId"":""QID64_31""}","{""ImportId"":""QID64_32""}","{""ImportId"":""QID64_33""}","{""ImportId"":""QID64_34""}","{""ImportId"":""QID64_35""}","{""ImportId"":""QID64_36""}","{""ImportId"":""QID64_37""}","{""ImportId"":""QID64_38""}","{""ImportId"":""QID64_39""}","{""ImportId"":""QID64_40""}","{""ImportId"":""QID64_41""}","{""ImportId"":""QID64_42""}","{""ImportId"":""QID64_43""}","{""ImportId"":""QID64_44""}","{""ImportId"":""QID64_45""}","{""ImportId"":""QID64_46""}","{""ImportId"":""QID64_47""}","{""ImportId"":""QID64_48""}","{""ImportId"":""QID64_49""}","{""ImportId"":""QID64_50""}","{""ImportId"":""QID64_51""}","{""ImportId"":""QID64_52""}","{""ImportId"":""QID64_53""}","{""ImportId"":""QID64_54""}","{""ImportId"":""QID64_55""}","{""ImportId"":""QID64_56""}","{""ImportId"":""QID64_57""}","{""ImportId"":""QID64_58""}","{""ImportId"":""QID64_59""}","{""ImportId"":""QID64_60""}","{""ImportId"":""QID64_61""}","{""ImportId"":""QID64_62""}","{""ImportId"":""QID64_63""}","{""ImportId"":""QID64_64""}","{""ImportId"":""QID64_65""}","{""ImportId"":""QID64_66""}","{""ImportId"":""QID64_67""}","{""ImportId"":""QID64_68""}","{""ImportId"":""QID64_69""}","{""ImportId"":""QID64_70""}","{""ImportId"":""QID64_71""}","{""ImportId"":""QID64_72""}","{""ImportId"":""QID64_73""}","{""ImportId"":""QID64_74""}","{""ImportId"":""QID64_75""}","{""ImportId"":""QID64_76""}","{""ImportId"":""QID64_77""}","{""ImportId"":""QID64_78""}","{""ImportId"":""QID64_79""}","{""ImportId"":""QID64_80""}","{""ImportId"":""QID64_81""}","{""ImportId"":""QID67_1""}","{""ImportId"":""QID67_2""}","{""ImportId"":""QID67_3""}","{""ImportId"":""QID67_4""}","{""ImportId"":""QID67_5""}","{""ImportId"":""QID67_6""}","{""ImportId"":""QID67_7""}","{""ImportId"":""QID67_8""}","{""ImportId"":""QID67_9""}","{""ImportId"":""QID67_10""}","{""ImportId"":""QID67_11""}","{""ImportId"":""QID67_12""}","{""ImportId"":""QID67_13""}","{""ImportId"":""QID67_14""}","{""ImportId"":""QID67_15""}","{""ImportId"":""QID67_16""}","{""ImportId"":""QID67_17""}","{""ImportId"":""QID67_18""}","{""ImportId"":""QID67_19""}","{""ImportId"":""QID67_20""}","{""ImportId"":""QID67_21""}","{""ImportId"":""QID67_22""}","{""ImportId"":""QID67_23""}","{""ImportId"":""QID67_24""}","{""ImportId"":""QID67_25""}","{""ImportId"":""QID67_26""}","{""ImportId"":""QID67_27""}","{""ImportId"":""QID67_28""}","{""ImportId"":""QID67_29""}","{""ImportId"":""QID67_30""}","{""ImportId"":""QID67_31""}","{""ImportId"":""QID67_32""}","{""ImportId"":""QID67_33""}","{""ImportId"":""QID67_34""}","{""ImportId"":""QID67_35""}","{""ImportId"":""QID67_36""}","{""ImportId"":""QID67_37""}","{""ImportId"":""QID67_38""}","{""ImportId"":""QID67_39""}","{""ImportId"":""QID67_40""}","{""ImportId"":""QID67_41""}","{""ImportId"":""QID67_42""}","{""ImportId"":""QID67_43""}","{""ImportId"":""QID67_44""}","{""ImportId"":""QID67_45""}","{""ImportId"":""QID67_46""}","{""ImportId"":""QID67_47""}","{""ImportId"":""QID67_48""}","{""ImportId"":""QID67_49""}","{""ImportId"":""QID67_50""}","{""ImportId"":""QID67_51""}","{""ImportId"":""QID67_52""}","{""ImportId"":""QID67_53""}","{""ImportId"":""QID67_54""}","{""ImportId"":""QID67_55""}","{""ImportId"":""QID67_56""}","{""ImportId"":""QID67_57""}","{""ImportId"":""QID67_58""}","{""ImportId"":""QID67_59""}","{""ImportId"":""QID67_60""}","{""ImportId"":""QID67_61""}","{""ImportId"":""QID67_62""}","{""ImportId"":""QID67_63""}","{""ImportId"":""QID67_64""}","{""ImportId"":""QID67_65""}","{""ImportId"":""QID67_66""}","{""ImportId"":""QID67_67""}","{""ImportId"":""QID67_68""}","{""ImportId"":""QID67_69""}","{""ImportId"":""QID67_70""}","{""ImportId"":""QID67_71""}","{""ImportId"":""QID67_72""}","{""ImportId"":""QID67_73""}","{""ImportId"":""QID67_74""}","{""ImportId"":""QID67_75""}","{""ImportId"":""QID67_76""}","{""ImportId"":""QID67_77""}","{""ImportId"":""QID67_78""}","{""ImportId"":""QID67_79""}","{""ImportId"":""QID67_80""}","{""ImportId"":""QID67_81""}","{""ImportId"":""QID27_1""}","{""ImportId"":""QID27_2""}","{""ImportId"":""QID27_3""}","{""ImportId"":""QID27_4""}","{""ImportId"":""QID27_5""}","{""ImportId"":""QID27_6""}","{""ImportId"":""QID27_7""}","{""ImportId"":""QID27_8""}","{""ImportId"":""QID27_9""}","{""ImportId"":""QID27_10""}","{""ImportId"":""QID27_11""}","{""ImportId"":""QID27_12""}","{""ImportId"":""QID27_13""}","{""ImportId"":""QID27_14""}","{""ImportId"":""QID27_15""}","{""ImportId"":""QID27_16""}","{""ImportId"":""QID27_17""}","{""ImportId"":""QID27_18""}","{""ImportId"":""QID27_19""}","{""ImportId"":""QID27_20""}","{""ImportId"":""QID34_1""}","{""ImportId"":""QID34_2""}","{""ImportId"":""QID34_3""}","{""ImportId"":""QID34_4""}","{""ImportId"":""QID34_5""}","{""ImportId"":""QID34_6""}","{""ImportId"":""QID34_7""}","{""ImportId"":""QID34_8""}","{""ImportId"":""QID55""}","{""ImportId"":""QID59_TEXT""}","{""ImportId"":""QID56""}","{""ImportId"":""QID6_1""}","{""ImportId"":""QID6_2""}","{""ImportId"":""QID6_3""}","{""ImportId"":""QID6_4""}","{""ImportId"":""QID6_5""}","{""ImportId"":""QID6_6""}","{""ImportId"":""QID6_7""}","{""ImportId"":""QID6_8""}","{""ImportId"":""QID6_9""}","{""ImportId"":""QID6_10""}","{""ImportId"":""QID6_11""}","{""ImportId"":""QID6_12""}","{""ImportId"":""QID6_13""}","{""ImportId"":""QID6_14""}","{""ImportId"":""QID6_15""}","{""ImportId"":""QID6_16""}","{""ImportId"":""QID6_17""}","{""ImportId"":""QID6_18""}","{""ImportId"":""QID6_19""}","{""ImportId"":""QID6_20""}","{""ImportId"":""QID6_21""}","{""ImportId"":""QID6_22""}","{""ImportId"":""QID6_23""}","{""ImportId"":""QID6_24""}","{""ImportId"":""QID6_25""}","{""ImportId"":""QID6_26""}","{""ImportId"":""QID6_27""}","{""ImportId"":""QID6_28""}","{""ImportId"":""QID6_29""}","{""ImportId"":""QID6_30""}","{""ImportId"":""QID6_31""}","{""ImportId"":""QID6_32""}","{""ImportId"":""QID6_33""}","{""ImportId"":""QID6_34""}","{""ImportId"":""QID6_35""}","{""ImportId"":""QID6_36""}","{""ImportId"":""QID6_37""}","{""ImportId"":""QID6_38""}","{""ImportId"":""QID6_39""}","{""ImportId"":""QID6_40""}","{""ImportId"":""QID6_41""}","{""ImportId"":""QID6_42""}","{""ImportId"":""QID6_43""}","{""ImportId"":""QID6_44""}","{""ImportId"":""QID61_1""}","{""ImportId"":""QID61_2""}","{""ImportId"":""QID61_3""}","{""ImportId"":""QID61_4""}","{""ImportId"":""QID61_5""}","{""ImportId"":""QID61_6""}","{""ImportId"":""QID61_7""}","{""ImportId"":""QID61_8""}","{""ImportId"":""QID61_9""}","{""ImportId"":""QID61_10""}","{""ImportId"":""QID61_11""}","{""ImportId"":""QID61_12""}","{""ImportId"":""QID61_13""}","{""ImportId"":""QID61_14""}","{""ImportId"":""QID61_15""}","{""ImportId"":""QID61_16""}","{""ImportId"":""QID61_17""}","{""ImportId"":""QID61_18""}","{""ImportId"":""QID53_1""}","{""ImportId"":""QID53_2""}","{""ImportId"":""QID53_3""}","{""ImportId"":""QID53_4""}","{""ImportId"":""QID53_5""}","{""ImportId"":""QID53_6""}","{""ImportId"":""QID53_7""}","{""ImportId"":""QID53_8""}","{""ImportId"":""QID53_9""}","{""ImportId"":""QID53_10""}","{""ImportId"":""QID53_11""}","{""ImportId"":""QID53_12""}","{""ImportId"":""QID53_13""}","{""ImportId"":""QID53_14""}","{""ImportId"":""QID53_15""}","{""ImportId"":""QID53_16""}","{""ImportId"":""QID53_17""}","{""ImportId"":""QID53_18""}","{""ImportId"":""QID53_19""}","{""ImportId"":""QID53_20""}","{""ImportId"":""QID54_1""}","{""ImportId"":""QID54_2""}","{""ImportId"":""QID54_3""}","{""ImportId"":""QID54_4""}","{""ImportId"":""QID54_5""}","{""ImportId"":""QID54_6""}","{""ImportId"":""QID54_7""}","{""ImportId"":""QID54_8""}","{""ImportId"":""QID54_9""}","{""ImportId"":""QID54_10""}","{""ImportId"":""QID54_11""}","{""ImportId"":""QID54_12""}","{""ImportId"":""QID54_13""}","{""ImportId"":""QID54_14""}","{""ImportId"":""QID54_15""}","{""ImportId"":""QID54_16""}","{""ImportId"":""QID54_17""}","{""ImportId"":""QID54_18""}","{""ImportId"":""QID54_19""}","{""ImportId"":""QID24_1""}","{""ImportId"":""QID24_2""}","{""ImportId"":""QID24_3""}","{""ImportId"":""QID24_4""}","{""ImportId"":""QID24_5""}","{""ImportId"":""QID24_6""}","{""ImportId"":""QID24_7""}","{""ImportId"":""QID24_8""}","{""ImportId"":""QID24_9""}","{""ImportId"":""QID24_10""}","{""ImportId"":""QID24_11""}","{""ImportId"":""QID24_12""}","{""ImportId"":""QID24_13""}","{""ImportId"":""QID24_14""}","{""ImportId"":""QID24_15""}","{""ImportId"":""QID24_16""}","{""ImportId"":""QID24_17""}","{""ImportId"":""QID24_18""}","{""ImportId"":""QID24_19""}","{""ImportId"":""QID24_20""}","{""ImportId"":""QID24_21""}","{""ImportId"":""QID76_1""}","{""ImportId"":""QID76_2""}","{""ImportId"":""QID76_3""}","{""ImportId"":""QID76_4""}","{""ImportId"":""QID76_5""}","{""ImportId"":""QID76_6""}","{""ImportId"":""QID76_7""}","{""ImportId"":""QID76_8""}","{""ImportId"":""QID76_9""}","{""ImportId"":""QID76_10""}","{""ImportId"":""QID76_11""}","{""ImportId"":""QID76_12""}","{""ImportId"":""QID76_13""}","{""ImportId"":""QID76_14""}","{""ImportId"":""QID76_15""}","{""ImportId"":""QID10_1""}","{""ImportId"":""QID10_2""}","{""ImportId"":""QID10_3""}","{""ImportId"":""QID10_4""}","{""ImportId"":""QID10_5""}","{""ImportId"":""QID10_6""}","{""ImportId"":""QID10_7""}","{""ImportId"":""QID10_8""}","{""ImportId"":""QID10_9""}","{""ImportId"":""QID10_10""}","{""ImportId"":""QID10_11""}","{""ImportId"":""QID10_12""}","{""ImportId"":""QID10_13""}","{""ImportId"":""QID10_14""}","{""ImportId"":""QID10_15""}","{""ImportId"":""QID10_16""}","{""ImportId"":""QID10_17""}","{""ImportId"":""QID60_1""}","{""ImportId"":""QID60_2""}","{""ImportId"":""QID60_3""}","{""ImportId"":""QID60_4""}","{""ImportId"":""QID60_5""}","{""ImportId"":""QID60_6""}","{""ImportId"":""QID60_7""}","{""ImportId"":""QID60_8""}","{""ImportId"":""QID60_9""}","{""ImportId"":""QID60_10""}","{""ImportId"":""QID60_11""}","{""ImportId"":""QID60_12""}","{""ImportId"":""QID60_13""}","{""ImportId"":""QID60_14""}","{""ImportId"":""QID60_15""}","{""ImportId"":""QID60_16""}","{""ImportId"":""QID60_17""}","{""ImportId"":""QID60_18""}","{""ImportId"":""QID60_19""}","{""ImportId"":""QID60_20""}","{""ImportId"":""QID60_21""}","{""ImportId"":""QID60_22""}","{""ImportId"":""QID60_23""}","{""ImportId"":""QID60_24""}","{""ImportId"":""QID60_25""}","{""ImportId"":""QID60_26""}","{""ImportId"":""QID60_27""}","{""ImportId"":""QID60_28""}","{""ImportId"":""QID60_29""}","{""ImportId"":""QID60_30""}","{""ImportId"":""QID60_31""}","{""ImportId"":""QID60_32""}","{""ImportId"":""QID60_33""}","{""ImportId"":""QID60_34""}","{""ImportId"":""QID60_35""}","{""ImportId"":""QID60_36""}","{""ImportId"":""QID2_1""}","{""ImportId"":""QID2_2""}","{""ImportId"":""QID2_3""}","{""ImportId"":""QID2_4""}","{""ImportId"":""QID2_5""}","{""ImportId"":""QID2_6""}","{""ImportId"":""QID2_7""}","{""ImportId"":""QID2_8""}","{""ImportId"":""QID2_9""}","{""ImportId"":""QID2_10""}","{""ImportId"":""QID2_11""}","{""ImportId"":""QID2_12""}","{""ImportId"":""QID28_1""}","{""ImportId"":""QID28_2""}","{""ImportId"":""QID28_3""}","{""ImportId"":""QID28_4""}","{""ImportId"":""QID28_5""}","{""ImportId"":""QID28_6""}","{""ImportId"":""QID28_7""}","{""ImportId"":""QID28_8""}","{""ImportId"":""QID28_9""}","{""ImportId"":""QID28_10""}","{""ImportId"":""QID11""}","{""ImportId"":""QID29""}","{""ImportId"":""QID29_6_TEXT""}","{""ImportId"":""QID8_TEXT""}","{""ImportId"":""QID48""}","{""ImportId"":""QID49_TEXT""}","{""ImportId"":""QID50""}","{""ImportId"":""QID51_TEXT""}","{""ImportId"":""QID9""}","{""ImportId"":""QID26""}","{""ImportId"":""QID26_6_TEXT""}","{""ImportId"":""QID13""}","{""ImportId"":""QID15_1""}","{""ImportId"":""QID15_2""}","{""ImportId"":""QID15_3""}","{""ImportId"":""QID15_4""}","{""ImportId"":""QID15_5""}","{""ImportId"":""QID15_6""}","{""ImportId"":""QID15_7""}","{""ImportId"":""QID15_8""}","{""ImportId"":""QID14""}","{""ImportId"":""QID30""}","{""ImportId"":""QID31""}","{""ImportId"":""QID32""}","{""ImportId"":""QID33_1""}","{""ImportId"":""QID33_2""}","{""ImportId"":""QID33_3""}","{""ImportId"":""QID35""}","{""ImportId"":""QID36""}","{""ImportId"":""QID36_8_TEXT""}","{""ImportId"":""QID37""}","{""ImportId"":""QID38_TEXT""}","{""ImportId"":""QID43_TEXT""}","{""ImportId"":""QID42_TEXT""}"
2021-04-15 06:33:23,2021-04-15 07:31:58,0,37.164.181.127,100,3514,1,2021-04-15 07:31:59,R_28TfiV57qm7aHVM,,,,,48.8582000732421875,2.3386993408203125,anonymous,FR,1,2,1,1,6,7,6,7,4,7,5,7,7,5,7,2,,,,,,,7,7,1,1,1,7,3,3,2,4,4,3,3,5,2,1,7,5,5,5,2,3,3,4,4,2,4,2,3,1,7,2,5,2,5,2,5,5,6,6,2,2,1,2,6,1,1,1,5,3,7,3,2,2,4,3,5,4,4,4,1,5,4,4,4,9,3,5,6,7,10,1,8,2,3,1,5,5,5,1,5,5,1,3,6,10,3,2,4,8,9,1,7,5,2,1,1,2,2,2,2,2,2,2,1,2,2,1,2,2,2,1,1,1,2,1,2,1,2,2,2,1,1,1,1,2,1,1,1,1,1,2,2,1,1,1,1,2,2,2,2,1,2,2,2,2,1,2,2,1,2,1,2,2,1,2,1,2,2,2,1,2,2,2,2,2,2,2,1,2,2,1,2,2,2,,1,1,,,,,,,,6,,,1,,,,13,1,1,,3,,3,,,,1,1,13,1,,4,3,13,1,1,,2,1,3,1,6,,,,,1,,,,,13,,,1,,1,,,13,,13,,,,13,,,,,,,,5,2,,5,,,,8,8,2,2,,8,,,,3,8,,,,,,2,,,2,2,2,,,,,,,2,,2,4,4,2,3,2,1,3,2,4,1,1,4,1,1,3,2,2,5,2,1,2,4,3,4,2,3,3,3,2,2,4,3,2,4,2,4,4,2,3,2,5,2,3,3,9,7,5,5,4,1,5,6,3,4,2,4,4,4,9,5,7,4,3,3,3,3,2,3,2,2,,1,1,1,3,2,3,3,3,2,4,4,,,,,,,,,,,,,,,,,,,,,,,,,,,,,,,,,,,,,,,,,,,,,,,,,,,,,,,,,,,,,,,,,,,,,,,,,6,7,7,7,3,7,7,7,1,6,6,7,7,4,7,6,4,7,7,1,3,1,7,7,7,2,1,1,1,1,1,7,2,1,1,1,6,10,6,11,9,7,8,8,11,8,7,12,3,2,4,1,3,2,4,3,2,2,1,1,,22,2,0,1,6 ans,6,1,,3,4,4,4,3,3,3,3,3,4,5,4,3,4,4,4,4,7,,7,161,36,72
2021-04-15 07:17:52,2021-04-15 07:39:32,0,176.153.106.156,100,1300,1,2021-04-15 07:39:33,R_2ZJobs6gYm0qUTd,,,,,45.5623016357421875,6.0054931640625,anonymous,FR,1,1,,,,,,,,,,,,,,2,,,,,,,4,2,6,4,6,3,3,5,3,6,6,4,3,5,1,2,6,5,5,7,2,4,2,5,2,4,3,3,4,2,5,3,5,3,4,3,4,6,5,6,4,3,3,3,6,3,2,2,5,5,7,1,3,2,3,1,5,5,5,5,4,5,3,3,8,9,1,3,5,7,2,4,10,6,2,3,5,3,5,5,5,5,2,3,8,9,1,4,6,2,3,5,10,7,2,1,2,1,2,2,2,2,2,2,2,2,1,2,1,2,2,1,1,2,2,2,2,2,2,2,2,1,2,1,2,1,1,2,1,2,1,2,2,2,1,2,2,1,1,2,2,1,1,1,2,1,1,2,1,2,2,2,2,1,2,1,1,2,2,2,1,2,2,1,2,2,2,2,2,2,2,2,1,2,2,,3,,7,,,,,,,,,12,,6,,,7,8,,,,,,,,,2,,3,,5,10,,13,,3,,2,,6,,,13,4,,,13,8,2,,6,7,,7,,,,,9,,13,10,,,,13,,,13,,,,,2,,,,13,,,8,8,,,,,8,7,,8,7,5,,8,,3,,8,,,1,,,,,,2,,2,,5,1,3,1,2,1,3,1,1,3,1,3,3,1,1,1,1,2,5,1,1,3,3,4,3,2,3,2,1,2,2,2,3,3,3,2,4,4,3,3,1,1,2,3,2,7,5,6,5,5,5,4,9,5,5,5,5,7,8,6,5,5,5,4,3,6,4,3,4,3,2,2,2,4,4,3,3,2,3,3,4,4,4,,,,,,,,,,,,,,,,,,,,,,,,,,,,,,,,,,,,,,,,,,,,,,,,,,,,,,,,,,,,,,,,,,,,,,,,,3,2,4,4,4,4,6,3,4,4,4,4,3,3,3,3,3,4,5,4,3,3,3,4,4,4,4,4,5,5,3,2,3,3,4,3,9,9,10,11,9,8,8,7,9,9,9,8,2,2,2,3,3,3,2,2,2,3,1,1,,22,2,"J'en es pas ",2,Non,6,5,,3,5,6,7,1,5,7,4,2,1,7,5,7,3,4,4,2,1,,1,163,39,62
2021-04-15 07:35:15,2021-04-15 08:12:08,0,37.173.12.136,100,2212,1,2021-04-15 08:12:09,R_cNNELJlfXIsdQHv,,,,,48.8582000732421875,2.3386993408203125,anonymous,FR,1,1,,,,,,,,,,,,,,2,,,,,,,3,1,7,3,5,4,4,5,4,3,3,5,5,5,3,2,6,6,6,7,3,2,2,3,5,3,3,3,3,3,6,2,7,1,3,1,7,7,7,7,1,1,2,3,5,3,3,3,7,4,4,4,5,7,2,2,5,4,4,3,3,3,1,5,3,7,2,5,6,8,4,9,10,1,1,1,5,5,5,1,1,1,1,3,6,7,1,2,3,5,8,9,10,4,2,1,1,2,2,2,1,1,2,2,2,2,1,1,1,2,2,1,2,1,2,2,2,1,1,2,1,1,1,1,1,1,1,2,1,1,1,1,2,1,2,2,1,1,1,1,2,1,2,1,2,1,1,2,2,1,2,1,2,2,1,1,1,2,2,1,1,2,2,1,2,1,1,2,2,1,2,1,2,2,2,,1,1,,,,1,1,,,,,7,1,1,,,13,,3,,,,3,3,,1,1,3,13,13,1,3,,1,1,3,1,1,1,,,1,1,1,1,,1,,1,,3,3,,,1,,1,,,6,4,5,,,1,13,,,7,,3,1,,1,,,1,,,,8,6,6,4,,2,2,,,2,6,5,5,2,2,,,2,,2,,,,,,2,,,2,,2,4,2,3,4,4,1,1,3,2,5,2,5,1,2,4,2,2,5,2,4,2,4,3,5,5,2,2,2,2,2,5,2,2,4,5,4,5,2,5,3,4,2,2,4,7,5,5,5,3,3,7,8,5,3,2,3,5,5,3,4,5,5,7,3,3,3,3,3,1,1,7,7,1,1,1,1,1,1,5,3,3,7,1,1,1,1,1,1,5,1,3,5,2,2,2,5,5,1,5,1,5,2,2,5,5,4,1,1,1,6,5,4,6,3,2,5,4,7,5,1,2,4,1,7,2,7,7,7,1,7,1,7,7,5,5,5,4,10,8,12,9,7,9,10,9,11,10,8,8,9,8,8,12,9,,,,,,,,,,,,,,,,,,,,,,,,,,,,,,,,,,,,,,,,,,,,,,,,,,,,,,,,,,,1,1,,21,2,0,1,19,7,6,Alternant,1,1,6,7,5,1,6,7,3,1,1,1,1,4,4,4,3,2,,1,169cm,41,55kg
2021-04-15 07:36:42,2021-04-15 08:24:34,0,81.185.172.50,100,2871,1,2021-04-15 08:24:35,R_2sYDjJlEtjN2d7H,,,,,43.2855072021484375,5.369293212890625,anonymous,FR,1,1,,,,,,,,,,,,,,2,,,,,,,2,1,5,5,6,2,2,1,3,4,5,2,1,3,6,4,2,3,3,5,5,2,3,2,5,3,3,4,2,2,5,1,3,2,3,4,2,5,4,5,3,4,1,1,7,2,1,2,5,6,6,3,3,5,4,3,3,3,4,4,5,2,2,3,5,8,3,7,1,4,2,9,10,6,3,2,4,5,5,4,1,1,1,4,3,7,4,9,1,5,2,8,10,6,2,1,1,2,1,2,2,1,2,2,1,2,2,1,1,1,2,1,2,2,2,2,2,1,2,2,1,1,1,1,1,1,1,1,1,1,1,1,2,1,2,2,1,1,1,1,1,1,2,1,2,1,1,2,2,1,2,1,2,2,2,1,1,2,2,1,1,2,2,1,2,2,1,2,2,1,2,2,2,2,2,,3,2,,2,,,3,,,5,,,6,13,1,,13,,,,,,4,,,1,3,1,13,1,4,5,3,9,3,3,1,2,13,,,1,3,5,1,1,13,,4,,1,1,,,3,,3,,,,4,13,,,13,13,,,13,,,5,,1,,,,,,,8,5,2,8,,,2,,,3,8,3,5,6,3,,,,,,,,,,,1,,,2,,5,4,4,3,2,2,2,1,5,1,1,2,3,1,4,1,2,5,4,2,2,2,2,3,4,2,1,1,2,1,1,4,2,1,1,5,2,5,2,4,1,5,3,4,1,9,7,7,5,5,6,3,7,6,7,7,7,7,5,5,9,4,5,3,2,1,2,3,5,3,6,4,5,6,6,3,6,4,3,5,3,3,4,,,,,,,,,,,,,,,,,,,,,,,,,,,,,,,,,,,,,,,,,,,,,,,,,,,,,,,,,,,,,,,,,,,,,,,,,6,6,4,2,3,2,5,3,4,5,5,5,5,4,1,3,5,6,1,7,1,6,2,1,2,4,5,6,5,6,6,4,7,6,3,4,9,8,10,9,7,6,10,9,10,9,7,8,2,2,4,2,2,4,2,4,2,1,2,1,,19,2,,1,16,4,5,,4,2,4,3,5,3,4,6,3,10,2,4,3,6,7,3,2,,,1,1'76,44,60
2021-04-15 07:24:53,2021-04-15 08:29:22,0,88.166.91.28,100,3868,1,2021-04-15 08:29:23,R_3mmfBHvETJL00lC,,,,,43.6490020751953125,1.3240966796875,anonymous,FR,1,5,,,,,,,,,,,,,,1,1,1,7,1,7,7,7,7,1,1,1,7,4,4,4,4,4,7,4,4,1,2,5,5,6,7,2,4,4,2,2,3,3,3,5,3,3,4,7,2,6,1,1,7,7,7,1,1,1,1,4,3,4,2,1,1,1,7,7,6,5,3,5,3,4,4,1,1,4,5,5,7,3,6,4,8,9,10,2,1,3,2,4,3,3,3,3,3,5,5,8,9,3,5,6,7,10,4,2,1,2,1,1,2,1,2,2,2,2,2,2,2,2,2,2,1,1,1,1,1,2,2,2,2,2,2,2,1,1,1,1,1,1,2,1,2,2,1,2,2,2,2,2,2,2,1,2,2,2,2,2,2,2,1,1,1,2,2,2,2,2,2,1,2,2,2,1,2,2,2,2,2,1,2,2,1,2,1,2,1,2,,1,1,,1,,,,,,,,,,,1,3,1,1,1,,,,,,,,1,1,13,1,1,13,,3,,,1,1,,,,,,,1,,,,,,,,1,1,1,,,,,,,7,,,,13,,,,,,1,,1,,,1,,1,,1,2,1,,,,,,,2,8,,,,1,1,,,,1,,,2,,,2,,,1,30 ANS,2,2,3,2,2,2,2,1,4,4,1,3,4,2,2,2,2,3,4,2,2,3,2,4,3,2,1,3,2,3,2,5,2,1,2,5,2,4,2,2,2,2,2,5,4,8,7,8,5,5,5,8,5,5,5,4,5,5,5,5,5,5,5,4,2,4,4,2,4,3,3,2,3,7,3,2,,,2,2,2,5,5,5,5,5,5,5,5,5,3,3,1,1,1,1,5,3,2,3,3,3,6,7,7,7,7,7,6,7,5,6,6,6,7,7,6,6,7,5,6,7,5,1,2,3,3,4,4,4,3,1,3,5,3,4,4,4,7,9,8,9,7,9,9,8,9,8,9,9,7,7,7,9,9,,,,,,,,,,,,,,,,,,,,,,,,,,,,,,,,,,,,,,,,,,,,,,,,,,,,,,,,,,,1,1,,77 ans,1,25 ANS,1,23 ANS,3,6,RETRAITEE,3,4,4,4,4,3,2,3,4,2,2,3,3,3,3,2,4,2,,9,160,38,65
2021-04-15 07:47:43,2021-04-15 08:33:18,0,91.165.171.198,100,2735,1,2021-04-15 08:33:19,R_2PdNxhPc5yF5c0n,,,,,45.15350341796875,5.6714935302734375,anonymous,FR,1,1,,,,,,,,,,,,,,2,,,,,,,3,2,2,5,6,4,3,4,1,5,5,3,1,4,1,1,6,6,7,5,2,1,1,6,2,3,2,2,3,1,5,3,1,1,2,1,7,7,7,7,1,2,3,3,4,2,2,2,2,4,7,5,4,6,3,4,5,4,5,5,4,5,5,5,9,3,2,6,7,8,4,5,10,1,1,2,4,3,4,4,1,1,2,3,6,7,1,4,3,5,9,10,8,2,1,1,1,2,1,2,1,1,2,2,2,2,2,1,1,2,2,1,2,2,2,2,2,1,2,2,2,1,1,1,2,2,2,2,1,1,1,2,2,1,1,1,1,2,2,1,1,2,2,1,2,2,2,2,1,1,2,1,1,2,2,2,1,2,1,1,1,1,2,2,2,2,1,2,1,2,2,2,2,2,2,1,1,1,,1,,1,1,,,,,,1,1,,,13,,,,,,1,,,,1,1,13,,,,,13,1,1,,1,1,6,1,1,,,1,1,,,1,,,,,1,1,,1,1,,,,13,,5,13,13,5,,,,,1,,13,1,,,,,,6,8,,1,,,,,,3,6,1,6,,1,1,6,,,,1,2,,,,,,,2,,3,1,2,2,3,2,1,2,2,3,2,1,4,1,1,5,2,2,5,2,2,2,3,2,2,2,3,2,2,2,2,4,2,2,3,3,3,5,2,2,3,4,2,2,2,9,6,6,6,5,5,8,5,5,6,6,7,5,4,5,5,7,5,4,3,3,3,2,5,1,2,,,1,2,3,1,1,1,2,1,4,3,5,3,4,3,4,3,3,5,5,2,1,1,1,5,5,1,5,1,5,1,3,7,7,7,3,7,7,3,7,7,7,7,2,6,5,7,7,3,3,5,1,6,1,1,6,4,5,1,1,3,2,6,5,5,4,9,9,8,7,8,9,10,8,8,8,9,9,8,9,8,10,9,,,,,,,,,,,,,,,,,,,,,,,,,,,,,,,,,,,,,,,,,,,,,,,,,,,,,,,,,,,1,6,Italienne,18,2,,1,1 an,3,5,,3,5,5,5,1,2,2,4,4,2,1,2,1,1,3,1,5,2,,1,"1,68m",41,61.5kg
2021-04-15 08:00:36,2021-04-15 08:41:56,0,88.126.7.217,100,2480,1,2021-04-15 08:41:57,R_3kk9X70R2suhLg1,,,,,45.1660003662109375,5.710205078125,anonymous,FR,1,1,,,,,,,,,,,,,,2,,,,,,,5,5,1,1,5,7,6,7,6,1,3,7,7,2,1,5,3,1,1,1,5,2,2,3,7,2,1,5,7,5,1,6,1,1,1,5,1,1,1,1,7,7,3,6,6,5,5,7,7,7,7,1,1,1,1,1,4,2,2,3,2,3,1,2,7,8,2,3,4,1,9,5,10,6,1,4,1,5,5,5,5,1,4,5,6,7,9,2,1,3,8,10,4,5,1,1,1,2,1,2,2,2,2,2,2,2,2,1,1,2,2,1,1,1,2,2,2,1,2,2,2,1,1,1,1,1,1,2,1,2,1,1,2,1,1,1,1,1,2,1,2,1,1,1,2,1,1,2,2,1,2,2,2,1,1,1,1,2,1,1,1,1,2,2,2,2,1,2,1,2,2,2,2,1,2,3,13,1,,1,,,,,,,,,1,1,,,13,1,1,,,,3,,,,1,3,7,1,1,6,,1,,1,1,1,1,7,1,13,4,,1,,1,4,1,,1,1,,,1,,,,1,13,1,13,,1,13,13,13,,,,,3,,13,1,,,,1,,8,2,1,1,,6,1,1,,3,7,1,6,,2,,8,,,,1,2,,,,,,,2,,5,4,4,4,2,1,1,2,1,2,2,3,5,4,2,3,3,2,1,2,1,2,4,1,1,1,5,1,4,2,1,4,3,2,1,2,4,5,5,5,1,5,4,1,1,5,7,7,5,8,4,2,8,3,2,6,6,7,7,8,9,7,2,3,1,1,3,5,1,7,7,4,6,1,1,6,1,1,6,7,3,7,7,,,,,,,,,,,,,,,,,,,,,,,,,,,,,,,,,,,,,,,,,,,,,,,,,,,,,,,,,,,,,,,,,,,,,,,,,1,1,1,1,1,5,7,1,7,1,7,4,1,7,1,1,1,3,1,1,1,7,1,6,1,7,7,5,1,5,7,2,7,7,3,7,12,7,12,8,6,10,6,11,11,12,8,7,1,2,1,5,5,5,1,5,5,5,1,1,,22,2,,1,20,6,5,,4,1,1,1,7,1,1,1,1,1,3,2,1,5,7,2,2,7,,1,156cm,37,57 kg
2021-04-15 07:59:21,2021-04-15 08:43:10,0,92.184.100.197,100,2628,1,2021-04-15 08:43:10,R_C7erNHX9Ao3Tm0x,,,,,45.7480010986328125,4.850006103515625,anonymous,FR,1,1,,,,,,,,,,,,,,2,,,,,,,3,2,4,4,5,3,3,3,2,5,5,4,4,6,1,1,5,5,4,5,2,2,2,4,2,4,2,2,2,2,5,3,5,2,3,1,6,5,6,6,2,1,3,3,4,3,3,2,2,4,6,2,2,2,3,3,4,4,5,3,4,4,4,5,9,10,1,4,3,8,6,2,7,5,4,1,5,4,5,4,5,3,1,4,6,9,4,1,2,5,3,7,10,8,1,1,1,1,2,2,1,1,2,2,2,2,2,1,1,1,1,1,1,1,1,1,2,1,2,2,2,1,1,1,1,1,1,2,1,2,1,1,2,1,2,1,1,1,1,1,2,1,2,1,2,1,1,2,1,1,2,1,2,1,1,1,1,2,1,1,1,1,2,1,2,2,1,2,2,1,2,1,2,2,2,2,3,4,12,,,1,1,,,,,,3,1,7,1,13,1,3,3,3,,1,,,,1,1,13,13,8,13,,12,,3,1,2,1,,3,3,1,4,1,,1,,1,,4,4,,6,3,,1,,1,3,13,7,,4,13,13,1,,4,,,8,,1,,,7,,,,8,6,5,1,,2,3,3,,3,7,1,6,2,3,2,,,,2,,1,,,,2,,,2,,2,4,4,2,5,3,2,3,3,2,2,2,4,1,2,3,3,2,4,2,2,2,1,4,1,2,4,2,1,4,1,4,3,2,1,2,3,3,2,3,2,4,2,3,3,6,6,5,5,5,5,5,6,3,4,5,5,4,5,5,5,5,5,4,4,3,2,2,2,2,2,4,4,2,2,2,2,3,2,2,2,3,4,4,2,3,2,2,3,3,3,3,2,2,2,2,4,4,2,4,2,4,4,4,3,5,3,2,3,2,3,5,2,3,5,2,3,4,2,1,4,2,3,2,4,1,3,2,4,4,4,5,4,4,3,3,3,2,9,9,9,8,9,9,10,8,10,7,9,9,8,7,7,11,9,,,,,,,,,,,,,,,,,,,,,,,,,,,,,,,,,,,,,,,,,,,,,,,,,,,,,,,,,,,2,1,,21,2,,1,19,6,"2,3,5",,4,4,4,5,3,4,5,4,3,5,5,5,4,4,4,4,2,3,,1,180,46,72
2021-04-15 07:35:03,2021-04-15 08:55:55,0,86.200.197.197,100,4851,1,2021-04-15 08:55:55,R_3MJWAsYYsSrMKCp,,,,,46.359405517578125,6.1356964111328125,anonymous,FR,1,2,1,1,7,2,2,1,3,1,1,1,7,7,7,1,1,1,6,1,7,1,7,7,1,1,1,7,4,3,3,5,5,3,1,4,1,1,7,5,7,6,5,5,5,2,3,5,2,4,5,3,3,5,3,1,3,1,7,7,7,7,1,1,1,1,7,3,3,3,5,5,7,2,4,4,3,3,5,3,4,2,1,5,5,5,8,9,4,7,6,5,10,2,1,3,1,1,5,3,3,3,1,5,5,5,7,9,4,6,8,5,10,2,1,3,1,1,1,2,1,1,1,2,2,2,2,2,2,1,2,1,2,1,1,1,2,1,2,1,1,2,1,1,2,1,1,1,1,2,1,2,2,2,2,1,1,1,1,1,2,1,1,2,1,1,2,1,1,1,1,1,2,1,1,1,1,1,1,2,1,2,1,1,2,2,1,2,1,2,2,2,2,2,2,2,2,1,1,1,,1,1,1,,,,,,,1,,13,,13,1,1,,2,,3,13,,1,1,,13,1,1,13,,1,,,,2,2,2,2,2,1,,1,1,,2,3,,4,2,2,3,2,,2,2,2,13,2,2,,2,,13,2,,,2,,2,,2,,,,,,,6,2,1,1,,4,1,3,,4,8,,,,1,2,,,,,2,2,2,,2,,,,2,,3,5,4,2,5,2,2,2,4,4,2,2,4,1,4,3,3,3,4,2,1,2,4,4,4,2,2,2,1,3,1,5,2,2,2,5,3,4,2,4,1,5,3,4,2,8,5,5,5,5,5,8,8,5,7,5,5,5,6,5,8,6,5,4,2,3,2,4,5,1,1,1,4,1,1,1,1,1,1,1,1,3,4,5,5,5,5,3,4,1,5,5,1,1,1,1,5,5,1,5,1,5,5,1,5,7,1,1,3,4,2,7,3,7,7,7,6,4,7,7,7,2,5,2,7,7,7,4,4,4,4,4,4,5,4,3,4,4,9,9,10,9,8,9,11,9,8,9,9,9,9,9,8,11,11,,,,,,,,,,,,,,,,,,,,,,,,,,,,,,,,,,,,,,,,,,,,,,,,,,,,,,,,,,,1,1,,53,1,28,1,14,5,1,,4,4,4,7,4,4,5,5,4,10,1,3,1,4,4,4,4,2,,9,165,38,68
2021-04-15 08:12:34,2021-04-15 09:07:37,0,94.17.220.188,100,3303,1,2021-04-15 09:07:38,R_3ewMXIrhYwndMdw,,,,,36.03729248046875,14.2610015869140625,anonymous,FR,1,1,,,,,,,,,,,,,,2,,,,,,,6,1,7,1,6,1,7,7,7,2,3,4,3,2,1,1,7,7,7,6,6,3,4,4,6,4,3,2,3,2,4,5,6,3,7,2,7,7,7,7,2,1,4,6,2,3,4,3,6,4,7,1,1,1,1,2,5,3,3,1,4,2,4,4,10,5,1,7,8,9,3,6,4,2,1,2,3,4,4,2,1,1,4,4,10,6,1,2,5,7,9,8,4,3,2,1,1,1,1,2,1,1,1,1,2,2,2,1,1,1,1,1,1,1,1,1,2,1,1,2,1,1,1,1,1,1,1,2,1,1,1,1,2,1,2,1,2,2,1,1,2,1,1,1,2,1,1,2,1,1,2,1,2,1,1,1,1,2,1,1,1,1,2,1,2,2,1,1,2,1,2,2,2,2,2,,1,1,1,1,,3,2,2,12,,,,2,13,1,2,13,2,2,3,2,,3,7,,2,2,2,13,2,6,2,,2,2,2,2,2,2,,3,,,13,6,,4,13,2,,5,6,,5,2,,3,,2,2,6,3,,2,3,13,2,,13,,,4,2,2,,,,,,,8,3,1,1,,1,4,2,,3,6,6,3,8,2,2,,,,,,1,,,,1,,1,2,,3,3,3,2,4,2,2,1,1,1,3,1,5,1,3,2,1,2,3,2,1,1,2,4,2,4,3,3,2,4,3,5,2,2,1,4,1,5,3,4,2,3,1,2,4,9,5,5,5,3,3,7,6,2,9,5,5,6,5,5,5,5,5,4,5,1,4,5,7,,,,,3,3,3,4,4,3,3,3,3,7,2,1,3,1,2,3,5,3,2,5,1,2,2,3,4,3,1,2,4,1,1,3,7,1,1,2,1,2,7,1,2,7,1,3,1,1,1,7,1,1,3,7,1,1,3,7,7,7,7,4,7,3,1,3,7,9,9,12,8,8,9,12,9,11,7,7,7,7,9,9,8,11,,,,,,,,,,,,,,,,,,,,,,,,,,,,,,,,,,,,,,,,,,,,,,,,,,,,,,,,,,,2,1,,22,2,,1,10,5,3,,3,1,3,4,6,6,5,7,4,1,1,7,1,4,4,4,,7,,1,1.83,44,75
2021-04-15 08:26:17,2021-04-15 10:11:45,0,92.184.100.7,100,6328,1,2021-04-15 10:11:46,R_3g4KPj3qiR1E2nq,,,,,45.7480010986328125,4.850006103515625,anonymous,FR,1,1,,,,,,,,,,,,,,2,,,,,,,3,2,5,5,4,3,5,5,3,3,5,6,5,5,2,3,7,5,6,6,3,3,2,6,4,4,6,6,5,4,5,3,6,3,5,2,5,5,5,6,3,3,2,3,5,2,2,2,5,2,6,5,5,5,4,3,5,4,3,4,4,4,3,4,1,10,4,6,7,8,5,3,9,2,4,3,5,5,5,4,1,1,2,4,7,10,5,2,3,4,8,9,6,1,2,1,1,1,1,1,1,2,2,2,2,2,2,1,1,1,2,1,2,2,2,2,2,1,2,2,2,1,1,1,2,2,1,1,1,1,1,1,2,1,2,1,2,2,1,1,2,1,1,1,2,1,1,2,1,1,2,2,1,1,1,1,1,2,1,1,1,2,2,2,2,2,1,1,1,2,2,1,1,2,2,,7,3,13,5,1,1,,,,,,,4,6,13,,13,,,,,,1,,,,1,3,13,,,13,1,13,4,1,1,1,13,,4,,,4,1,,1,1,1,,4,1,,8,5,,,1,13,13,13,13,,13,13,13,,,,,,1,6,13,1,,6,1,,,8,7,,6,,4,4,6,,8,6,2,7,,1,3,5,,,2,,1,,,,,1,,2,,2,2,4,3,3,2,2,1,4,2,2,2,4,4,3,2,2,2,3,2,2,3,2,4,2,2,2,1,2,2,4,5,2,2,2,4,4,4,2,4,1,4,2,1,4,7,6,5,5,2,4,5,5,6,7,8,5,5,4,6,4,6,5,1,2,5,3,1,6,1,6,,3,2,5,3,2,2,2,2,2,4,4,,,,,,,,,,,,,,,,,,,,,,,,,,,,,,,,,,,,,,,,,,,,,,,,,,,,,,,,,,,,,,,,,,,,,,,,,2,3,3,5,6,3,5,4,5,6,5,3,3,2,4,2,3,5,3,3,5,2,5,6,6,3,3,3,3,5,2,6,5,4,1,4,9,10,7,8,11,8,10,8,10,8,7,11,2,2,4,1,2,2,4,2,3,5,2,2,,20,2,,1,"8 ans ",6,5,,2,3,6,6,3,5,5,4,4,2,5,5,5,4,4,3,5,2,,1,1.82,44,77 kg
2021-04-15 09:27:42,2021-04-15 10:23:57,0,93.23.104.72,100,3374,1,2021-04-15 10:23:58,R_1Cd1a64QCiM7Ila,,,,,48.8582000732421875,2.3386993408203125,anonymous,FR,1,3,1,1,4,6,6,6,4,6,7,6,6,6,7,2,,,,,,,7,7,2,2,1,7,4,4,3,4,3,4,4,4,1,2,4,4,3,3,4,3,4,4,3,4,1,4,5,1,4,4,3,2,4,1,4,6,6,7,1,1,4,3,4,1,3,3,2,1,3,4,5,5,4,5,3,2,5,5,1,5,5,5,3,1,6,7,2,4,5,8,9,10,5,5,5,2,5,5,5,5,5,5,9,10,6,8,3,5,7,4,2,1,2,1,1,1,1,2,2,2,2,2,2,2,2,1,2,2,2,1,2,1,1,2,2,2,2,2,2,1,2,1,1,1,1,2,1,2,2,2,2,2,1,1,2,2,2,2,2,2,1,1,2,1,1,1,2,2,2,2,1,2,2,2,2,2,2,2,1,2,2,2,2,2,2,2,2,2,2,2,2,2,2,,7,4,6,4,,,,,,,,,3,,,,10,,3,5,,,,,,,5,,13,13,6,10,,7,,,,2,,6,3,,,,,,,5,6,,4,5,3,,,,,5,,,,,,,,13,,,,,,,,2,,,,,,,8,8,8,,,,,,,,8,,,,,,,,,,1,1,1,,,,,,2,,2,4,3,3,2,2,1,2,4,5,3,3,3,1,3,3,3,2,5,1,3,2,3,3,3,3,3,2,2,3,3,5,3,1,3,2,3,4,2,2,2,3,2,2,4,5,5,5,5,1,4,5,5,6,4,5,5,5,3,3,2,5,5,1,2,2,2,2,3,1,4,7,1,7,2,2,2,2,4,4,4,3,1,,,,,,,,,,,,,,,,,,,,,,,,,,,,,,,,,,,,,,,,,,,,,,,,,,,,,,,,,,,,,,,,,,,,,,,,,4,6,4,7,5,5,4,3,2,4,4,4,7,4,4,4,4,3,3,2,4,4,3,5,4,3,4,2,2,1,1,4,4,4,2,4,7,9,8,9,12,6,10,9,9,8,6,9,2,3,3,2,2,3,2,2,2,2,1,6,,30,2,,2,,1,3,,2,4,6,6,1,6,6,7,7,1,3,3,7,3,3,2,4,8,,7,1.65,38,66
2021-04-15 09:56:20,2021-04-15 10:28:30,0,92.184.100.196,100,1929,1,2021-04-15 10:28:30,R_1jCgY93squsJRpw,,,,,45.7480010986328125,4.850006103515625,anonymous,FR,1,2,1,2,6,7,5,6,2,6,2,6,6,6,7,2,,,,,,,6,6,2,2,2,6,3,3,3,6,6,2,2,6,3,2,3,4,5,5,6,5,5,3,5,3,6,3,3,3,6,3,5,3,3,1,7,7,7,7,1,1,1,1,7,1,1,1,5,5,5,3,3,3,5,3,3,2,4,4,1,3,5,5,2,8,5,9,6,7,10,4,3,1,5,2,3,2,4,3,1,2,3,5,2,8,5,9,6,7,10,4,3,1,2,2,2,2,1,2,2,2,2,2,1,2,1,1,1,1,2,1,1,2,2,2,2,1,2,2,2,1,1,1,1,1,1,2,1,1,1,2,2,1,1,1,1,1,1,1,1,1,2,1,2,1,1,2,1,2,2,1,1,1,1,1,1,2,1,1,2,1,2,1,2,1,1,1,1,1,2,2,2,1,1,,,,,1,,,,,,1,,4,9,3,8,,13,1,,,,,1,,,,3,1,7,1,1,7,,7,1,8,,1,1,8,8,11,3,3,1,1,4,,1,,8,5,,1,,,5,4,5,10,13,13,,1,13,,9,,6,,1,1,1,8,1,,,,1,1,8,7,1,1,,3,6,3,,4,,2,8,5,1,1,5,6,,,1,1,,,,2,,,2,,4,1,3,2,1,4,5,2,5,5,4,4,3,3,1,5,2,5,3,1,1,5,5,2,5,4,3,3,4,1,1,3,3,4,5,5,3,5,2,1,2,4,2,1,4,5,4,4,4,2,1,9,8,7,4,2,2,2,3,4,9,5,4,3,2,3,5,2,5,7,1,4,3,1,5,3,4,2,6,6,3,7,7,3,5,5,5,4,5,3,5,5,1,1,1,1,5,5,3,5,3,3,1,2,5,7,2,2,1,1,3,7,3,7,5,1,3,1,7,7,3,1,6,2,4,2,5,4,4,4,4,4,4,7,4,4,5,5,12,9,8,9,8,9,8,9,8,10,8,10,9,10,9,10,9,,,,,,,,,,,,,,,,,,,,,,,,,,,,,,,,,,,,,,,,,,,,,,,,,,,,,,,,,,,1,1,,21,2,,2,,5,5,,3,4,4,7,3,3,7,7,6,6,4,4,3,4,4,4,2,7,,6,169,38,55
2021-04-15 10:38:37,2021-04-15 11:27:46,0,77.205.28.211,100,2948,1,2021-04-15 11:27:46,R_1ex8VqVvo5OEfSH,,,,,45.213897705078125,5.8582000732421875,anonymous,FR,1,3,1,1,7,4,4,4,3,4,1,3,7,7,7,1,1,1,7,3,7,1,7,7,1,1,1,7,4,4,3,4,4,3,4,5,1,1,7,6,7,7,1,2,2,5,1,3,2,1,3,3,6,3,6,3,5,1,7,7,6,7,1,1,3,1,7,4,2,3,3,3,7,3,2,3,3,3,5,3,5,3,1,5,5,5,8,9,1,4,5,7,10,6,3,2,1,2,5,4,3,3,1,5,5,5,9,10,4,6,7,5,8,3,1,2,1,1,1,1,1,1,1,2,2,2,2,2,2,1,1,2,1,1,1,1,2,2,1,1,1,2,1,1,1,1,1,1,1,2,1,1,1,1,1,1,1,1,2,1,1,1,2,1,2,1,2,1,1,1,1,1,2,2,1,1,1,1,1,1,1,1,1,1,2,1,2,2,1,2,2,2,2,1,2,2,2,1,1,13,13,1,1,1,,,,,,,1,7,,4,13,1,3,,,4,1,13,,1,1,1,7,1,3,1,,7,1,2,2,2,2,2,2,,2,2,2,,2,,3,,7,7,3,3,3,,,2,2,13,2,10,2,2,2,13,2,,13,,,2,,2,,,4,,,,8,2,1,1,,4,1,2,1,3,8,3,2,8,1,1,,,,2,2,2,1,,,,,,2,,3,2,3,3,4,2,3,1,3,3,2,2,5,2,2,2,2,3,5,2,3,4,3,3,4,3,2,4,2,4,2,4,2,2,2,2,2,4,2,4,2,4,2,2,3,7,5,5,5,4,5,8,7,5,2,5,5,5,5,6,8,8,5,4,2,4,2,2,3,1,2,1,2,1,2,2,3,3,2,2,1,2,7,5,5,5,4,5,5,2,2,3,2,1,1,1,4,5,1,5,2,5,2,1,6,7,1,1,5,1,3,7,2,3,7,3,5,4,7,2,5,4,7,4,4,3,7,2,5,4,5,5,5,3,2,2,4,6,8,9,9,8,6,9,8,8,10,9,8,9,8,9,8,9,10,,,,,,,,,,,,,,,,,,,,,,,,,,,,,,,,,,,,,,,,,,,,,,,,,,,,,,,,,,,1,1,,49,1,23,1,14,5,3,,3,2,4,3,5,5,5,5,4,4,2,3,3,5,2,2,4,7,,9,160 cm,39,75
2021-04-15 11:53:18,2021-04-15 12:26:13,0,151.210.137.205,100,1974,1,2021-04-15 12:26:14,R_2A1pS1iZLFnGzff,,,,,-36.8506011962890625,174.767913818359375,anonymous,FR,1,1,,,,,,,,,,,,,,2,,,,,,,3,2,4,5,5,3,3,1,2,6,6,2,2,5,1,5,3,5,6,1,3,2,2,6,5,3,2,3,2,2,5,3,3,3,4,7,2,4,4,7,6,5,4,2,2,4,4,4,7,7,7,1,2,2,3,2,5,4,4,4,4,4,4,2,10,8,4,2,3,1,5,6,7,9,2,2,4,4,5,5,4,4,4,2,10,9,4,2,3,1,5,6,7,8,1,1,1,2,1,2,2,1,2,2,2,2,2,1,2,2,1,1,1,1,1,2,2,1,2,2,2,1,1,1,1,1,1,1,2,2,1,1,2,1,2,1,1,1,1,1,1,1,1,1,2,1,1,2,2,1,2,2,2,2,1,1,1,2,2,1,1,1,2,1,2,1,1,1,2,1,2,2,2,2,1,3,4,1,,1,,,1,,,,,,1,,,1,13,2,1,1,,,1,,,,1,1,13,1,4,4,7,,,3,3,2,13,,4,7,13,13,13,1,13,13,1,,4,13,,,1,,,,,6,13,1,,,1,13,4,,13,,1,13,3,2,,,,,,1,8,4,2,4,,2,4,,,2,6,,1,6,5,,,,,,,1,,,,1,,,2,,4,3,4,2,1,2,3,2,1,4,1,2,5,1,1,1,1,1,4,1,1,2,2,5,4,1,2,1,1,1,1,3,2,1,1,5,2,4,1,3,1,5,1,3,2,7,7,6,3,2,5,1,9,7,9,5,5,5,5,5,7,3,5,2,3,3,1,3,7,4,4,4,4,4,7,7,7,7,3,4,4,3,4,,,,,,,,,,,,,,,,,,,,,,,,,,,,,,,,,,,,,,,,,,,,,,,,,,,,,,,,,,,,,,,,,,,,,,,,,4,4,4,4,3,3,7,2,4,4,3,4,4,4,6,5,4,5,7,1,4,1,7,5,4,4,5,1,3,3,2,6,4,4,1,2,9,8,11,8,9,9,11,11,7,10,7,9,1,2,5,1,2,3,1,2,2,4,2,1,,24,2,,1,14,7,3,,3,2,4,4,6,4,6,4,4,1,6,5,5,4,4,4,3,7,,1,175,42,62
2021-04-15 12:06:31,2021-04-15 12:51:45,0,185.228.231.169,100,2713,1,2021-04-15 12:51:45,R_RWgomyeaj2rBukp,,,,,48.8582000732421875,2.3386993408203125,anonymous,FR,1,2,1,2,6,3,3,3,3,3,3,5,7,5,7,2,,,,,,,7,7,1,1,1,7,3,3,4,5,5,4,3,4,1,1,7,6,5,4,3,3,3,5,2,6,3,1,3,3,6,1,3,3,3,1,7,7,7,7,1,1,2,2,6,3,3,3,6,6,6,4,3,2,3,2,5,3,5,1,1,5,5,5,6,8,4,5,3,9,10,2,7,1,4,1,4,1,5,1,5,5,1,5,7,9,5,6,2,10,3,4,8,1,2,1,1,1,1,2,1,1,2,2,2,2,2,2,1,1,1,1,2,1,2,2,2,1,2,2,1,1,2,1,1,2,1,2,1,1,2,2,2,1,1,1,1,1,1,1,1,1,2,1,2,1,1,2,1,1,2,2,1,2,1,1,1,2,1,1,1,1,2,2,2,2,1,2,2,2,2,1,2,1,2,,6,3,2,1,,2,2,,,,,,,10,8,2,13,,2,,,,2,,,2,3,,13,10,,13,,13,2,,,2,13,2,3,2,6,2,1,6,2,,2,,3,7,,2,2,,,3,,13,13,7,,2,13,13,3,,,,,2,,2,,,2,,2,,8,5,2,6,,2,2,,,2,8,2,6,,1,1,,,,1,1,1,,,,,,,2,,2,2,4,2,4,3,2,2,2,4,2,1,4,1,2,2,1,5,3,2,2,4,4,5,4,3,3,1,1,1,4,4,1,2,4,2,4,5,1,1,3,2,2,2,4,9,5,7,5,4,4,9,5,5,4,7,5,6,7,5,5,5,5,4,3,5,3,1,3,1,4,4,1,1,1,1,1,4,3,4,1,4,5,5,3,5,5,4,5,2,5,5,1,1,1,1,5,5,1,5,1,4,2,4,4,6,6,3,4,7,3,5,3,4,5,5,4,7,7,7,3,7,5,1,4,2,2,4,4,5,3,5,5,3,5,3,3,4,8,11,8,8,8,9,11,9,8,8,8,9,8,9,8,9,9,,,,,,,,,,,,,,,,,,,,,,,,,,,,,,,,,,,,,,,,,,,,,,,,,,,,,,,,,,,1,1,,22,2,,1,5,6,5,,2,2,4,4,4,4,5,5,5,10,2,3,3,3,3,3,4,2,,6,173,42,73
2021-04-15 11:45:03,2021-04-15 12:54:59,0,46.193.4.101,100,4196,1,2021-04-15 12:55:00,R_82JtEcUyRIhU89j,,,,,45.1537933349609375,5.7628936767578125,anonymous,FR,1,2,1,1,7,7,2,3,2,3,1,3,7,7,7,2,,,,,,,5,6,2,1,2,7,4,2,2,5,4,5,3,6,1,5,5,2,5,2,3,2,2,4,3,5,3,7,3,3,3,6,2,2,3,3,3,3,5,7,3,3,7,5,3,4,4,5,6,5,7,1,3,3,1,3,3,3,3,3,2,5,5,4,10,9,4,8,6,5,7,1,3,2,4,3,5,4,5,3,4,4,5,3,6,9,4,3,7,5,2,1,10,8,2,1,1,2,1,2,2,2,2,2,2,2,2,2,2,2,2,1,2,1,2,1,2,1,1,2,1,1,2,1,1,1,1,2,1,2,1,2,2,2,2,1,1,2,1,2,1,1,1,1,2,1,1,2,1,1,2,1,1,1,1,2,1,1,1,1,1,2,2,2,1,2,1,2,2,2,1,2,2,2,2,,3,1,,1,,,,,,,,,,,,,13,,1,,3,,2,1,,1,1,,1,1,1,1,,4,,1,,1,,,3,1,,1,,1,1,4,3,,4,5,,3,1,,3,1,1,13,,13,13,1,3,13,,,,3,,1,,2,,1,,,,,8,2,1,,,8,,2,3,3,8,,2,,1,2,,,,,,1,,,1,,,,2,,2,2,2,2,2,2,2,1,1,1,1,2,4,1,2,1,2,2,5,4,3,1,1,4,2,1,2,4,1,4,4,4,1,1,1,4,2,4,2,3,3,2,2,4,4,7,7,5,7,5,3,5,5,4,5,4,6,6,6,7,6,5,6,2,2,4,3,2,4,3,3,7,3,1,2,3,2,3,3,3,3,4,7,,,,,,,,,,,,,,,,,,,,,,,,,,,,,,,,,,,,,,,,,,,,,,,,,,,,,,,,,,,,,,,,,,,,,,,,,3,5,3,3,2,1,3,3,5,6,4,3,2,2,5,3,5,4,3,4,5,2,5,5,6,4,3,3,3,2,2,7,3,3,1,2,7,8,8,8,12,7,7,10,8,9,8,10,2,2,3,4,3,2,2,2,4,3,2,1,,26,2,,1,8,7,1,,2,3,3,4,4,3,3,5,3,3,1,2,3,4,4,4,3,7,,5,182,43,72
2021-04-15 13:23:57,2021-04-15 13:51:48,0,86.200.48.207,100,1670,1,2021-04-15 13:51:48,R_2t2LPq0QrX4v0D0,,,,,45.9062957763671875,6.129302978515625,anonymous,FR,1,2,1,1,6,2,2,2,1,1,2,2,7,7,7,2,,,,,,,7,7,1,1,1,7,4,6,3,4,4,6,4,4,3,1,6,5,6,6,4,2,2,4,3,1,3,2,2,2,5,2,4,3,3,1,5,7,7,7,2,2,4,4,5,3,4,4,4,4,6,4,4,4,4,3,4,3,4,3,1,5,5,5,8,9,4,6,5,7,10,1,3,2,2,2,5,5,5,5,4,3,1,5,9,8,2,3,4,7,5,6,10,1,2,1,1,1,1,2,2,2,2,2,2,2,1,1,2,2,2,1,2,2,2,2,2,1,1,2,1,1,1,1,1,1,1,2,1,2,1,1,2,1,1,2,2,1,2,1,2,1,2,1,2,1,1,2,2,1,2,1,1,2,1,1,1,2,2,2,1,2,2,1,2,1,2,2,2,2,2,2,2,2,2,,4,1,13,1,,,,,,,,1,3,,,,13,,,,,,3,3,,3,3,1,1,1,3,1,,3,,1,1,1,1,3,,,3,,1,,1,,1,,4,12,,,1,,1,1,,13,1,13,,,,13,,,13,,1,,,1,,,,,,,8,1,1,1,,6,1,,,3,8,,,8,,,,1,,,1,,,,,,,,2,,5,1,1,1,3,4,1,1,4,3,2,2,4,1,1,3,2,3,4,2,4,3,3,2,3,4,2,2,3,1,4,4,2,2,3,4,2,3,2,1,4,1,2,3,5,7,7,7,7,5,5,7,8,6,3,3,5,5,6,5,7,8,2,3,3,4,3,2,3,1,1,,1,1,2,2,2,2,2,2,2,3,4,,,,,,,,,,,,,,,,,,,,,,,,,,,,,,,,,,,,,,,,,,,,,,,,,,,,,,,,,,,,,,,,,,,,,,,,,1,1,1,1,1,1,1,1,7,7,7,7,7,7,2,1,1,4,4,1,4,2,4,4,4,6,6,1,1,1,1,6,6,6,1,1,6,9,9,9,9,8,9,9,9,9,9,10,4,3,4,1,2,3,4,4,2,1,1,1,,22 ans,2,,1,14 ans,3,1,,3,1,4,6,4,4,4,4,4,4,1,1,1,4,4,4,5,7,,4,158 cm,38,72
2021-04-15 12:52:51,2021-04-15 14:16:01,0,37.171.242.210,100,4989,1,2021-04-15 14:16:02,R_1OxjUZjnnzpB4YG,,,,,48.8582000732421875,2.3386993408203125,anonymous,FR,1,1,,,,,,,,,,,,,,2,,,,,,,7,6,4,1,2,6,7,4,6,2,4,4,7,4,6,2,3,4,5,2,6,4,6,4,3,4,3,3,4,4,4,7,1,3,3,5,2,4,2,6,6,7,6,6,1,7,7,7,6,6,6,7,2,1,1,1,5,1,1,1,1,1,1,1,3,4,1,5,7,8,6,9,10,2,1,1,5,5,5,1,5,5,1,5,7,8,1,2,3,9,4,5,10,6,1,1,1,2,1,1,2,1,2,2,2,1,2,1,1,1,1,1,1,1,1,2,2,1,1,2,2,1,1,1,1,1,1,2,1,1,1,1,2,1,1,1,1,2,1,1,1,1,1,1,1,1,1,2,1,1,2,1,2,2,1,1,1,2,1,1,1,2,1,1,2,2,1,1,1,1,2,1,2,2,2,1,1,1,,1,1,,5,,,,1,,4,13,1,3,13,1,4,3,,,4,10,,,1,1,4,13,3,8,,1,13,5,1,1,13,5,1,6,,1,1,1,4,4,1,1,1,1,,1,1,,1,,,1,6,4,,3,3,13,,1,13,,,4,3,1,1,,1,,,,8,2,6,6,2,2,2,,,3,8,6,5,7,2,2,2,,2,2,1,1,,1,,1,,,2,,4,1,3,3,5,3,4,3,1,1,1,1,2,3,1,2,2,4,1,4,1,3,1,1,1,2,2,1,3,2,1,2,2,3,2,5,1,2,3,4,2,2,3,1,3,7,7,5,3,2,6,1,6,5,7,5,5,4,6,4,6,5,5,3,6,3,5,3,6,7,7,7,5,4,6,2,6,5,2,4,2,5,7,2,2,1,1,1,1,5,3,4,5,3,2,2,2,1,4,4,3,3,1,3,6,3,1,1,1,1,3,4,1,5,1,1,3,3,2,1,1,2,3,4,4,2,6,4,6,6,4,3,4,1,4,6,4,4,9,9,8,8,6,7,8,8,7,10,9,10,10,9,9,11,9,,,,,,,,,,,,,,,,,,,,,,,,,,,,,,,,,,,,,,,,,,,,,,,,,,,,,,,,,,,2,4,,24,2,,1,12,4,1,,3,4,5,4,4,3,3,3,3,2,5,6,3,4,4,4,3,7,,1,174 cm,42.5,72 kg
2021-04-15 14:05:21,2021-04-15 14:31:35,0,91.174.76.158,100,1573,1,2021-04-15 14:31:35,R_scI9QVja51yy1C9,,,,,44.947998046875,5.64990234375,anonymous,FR,1,1,,,,,,,,,,,,,,2,,,,,,,2,2,6,3,6,5,6,7,3,2,1,2,2,5,2,2,5,5,6,5,2,3,2,5,3,4,2,2,3,2,5,3,5,2,5,1,6,7,7,7,2,1,6,3,3,5,6,3,6,6,6,2,2,2,2,2,5,4,4,4,3,4,5,5,9,10,3,5,4,6,8,7,2,1,1,1,5,5,5,4,1,1,1,5,9,8,5,2,3,4,6,10,7,1,1,1,1,2,1,1,2,2,2,2,2,2,2,1,1,1,2,1,1,1,2,2,2,2,2,2,1,1,1,1,1,1,1,2,1,1,1,2,2,1,1,1,1,1,2,1,1,1,1,1,2,2,2,2,1,1,2,2,1,1,2,2,1,2,2,2,1,1,2,1,2,1,1,2,2,2,2,1,2,1,2,1,1,1,,1,1,,,,,,,,1,13,4,,13,1,1,,,,,,,3,3,3,13,1,1,1,,10,1,1,,1,1,3,3,13,3,,1,1,1,1,1,,,,,1,1,,,1,13,,,8,,,,13,3,,1,,1,1,,1,,,1,,1,,8,5,1,1,,,,8,,4,8,5,,1,1,1,,,,1,1,1,,,,,,,2,,4,3,4,2,4,2,1,2,2,5,2,3,4,2,2,3,3,1,5,1,2,3,5,4,3,2,4,3,2,2,2,4,2,2,4,4,4,5,2,1,2,5,1,4,3,8,5,8,5,5,5,8,5,5,3,3,3,2,5,5,5,5,5,4,2,3,3,2,2,2,3,4,4,4,1,1,1,2,2,3,2,2,4,,,,,,,,,,,,,,,,,,,,,,,,,,,,,,,,,,,,,,,,,,,,,,,,,,,,,,,,,,,,,,,,,,,,,,,,,4,4,4,2,2,2,6,2,4,6,4,4,4,4,3,3,2,4,2,4,4,4,2,4,3,5,5,3,4,4,2,4,5,5,3,4,11,7,9,8,10,11,9,11,10,10,8,9,4,4,2,5,4,4,2,4,4,4,1,1,,20,2,,1,"18, 19",4,5,,3,2,5,6,4,5,5,6,4,10,1,1,1,4,4,4,2,7,,1,162,39,60
2021-04-15 13:58:48,2021-04-15 14:52:52,0,81.185.166.124,100,3243,1,2021-04-15 14:52:53,R_2fqE1wyAodhQFjR,,,,,45.7480010986328125,4.850006103515625,anonymous,FR,1,2,1,1,6,4,3,1,4,4,4,1,7,4,7,2,,,,,,,7,6,4,1,1,7,5,7,7,4,5,4,2,6,1,1,7,5,7,6,1,1,1,7,2,3,2,2,4,3,7,3,7,3,7,1,6,7,7,7,1,1,2,2,6,3,2,2,4,4,7,3,3,3,3,2,5,5,5,2,1,4,3,5,6,8,3,5,2,9,10,4,7,1,1,1,5,5,5,3,3,5,3,5,9,10,2,3,4,8,6,5,7,1,2,1,1,2,1,2,2,2,2,2,2,2,2,1,1,2,2,1,1,1,2,2,2,1,2,2,2,1,1,1,1,1,1,2,2,2,1,2,2,1,2,1,1,1,2,1,2,1,1,1,2,1,1,2,1,1,2,1,1,1,1,1,1,2,2,1,1,2,2,2,2,2,1,2,2,2,2,2,2,2,2,,3,6,,1,,,,,,,,,5,6,,,13,3,1,,,,3,,,,3,1,5,13,1,13,,,,1,,2,13,,3,13,3,,1,,1,1,1,,5,7,,1,1,,1,4,1,13,1,13,,,13,13,,,,,,1,,2,,,,,,,8,4,6,5,,6,1,3,,4,6,5,7,,1,1,,,,,,1,,,,,,,2,,2,4,4,2,3,3,4,2,2,5,2,2,5,1,1,2,2,1,5,2,2,2,5,4,5,3,4,4,2,2,1,5,1,2,5,5,1,4,1,2,3,5,1,2,3,5,5,5,5,5,4,6,6,4,6,4,5,5,5,6,4,4,5,4,2,5,2,2,5,2,2,4,2,1,1,1,1,1,1,1,1,2,4,5,3,4,3,4,5,2,5,3,1,1,2,3,4,4,2,3,2,4,3,3,4,5,1,1,3,3,4,7,4,2,6,6,4,4,7,1,5,1,3,7,7,1,3,2,7,7,7,5,7,2,2,2,4,7,7,11,12,12,8,12,12,7,12,8,9,9,8,7,6,12,9,,,,,,,,,,,,,,,,,,,,,,,,,,,,,,,,,,,,,,,,,,,,,,,,,,,,,,,,,,,1,1,,20,2,,1,"6mois ",4,5,,3,1,4,5,7,3,1,4,4,10,1,4,4,4,4,4,2,7,,6,170,38,52
2021-04-15 11:47:55,2021-04-15 15:11:53,0,46.193.4.101,100,12237,1,2021-04-15 15:11:54,R_0D2jSHxdWvA9g0p,,,,,45.1537933349609375,5.7628936767578125,anonymous,FR,1,1,,,,,,,,,,,,,,2,,,,,,,1,2,6,3,7,5,3,5,2,3,3,6,6,5,1,2,2,3,5,1,5,3,4,5,3,2,2,2,1,1,5,2,1,1,1,2,5,6,6,7,3,6,3,4,3,6,3,5,6,6,6,1,2,2,3,1,3,2,4,3,3,2,1,4,5,6,1,7,3,9,4,8,10,2,3,2,4,3,3,2,3,2,1,4,7,10,1,2,3,8,6,4,9,5,2,1,2,2,2,2,1,1,2,2,2,1,2,1,1,1,2,1,2,1,2,2,2,2,2,2,1,1,2,1,1,2,1,2,1,1,1,1,2,2,2,1,2,1,1,1,1,2,1,2,2,1,1,2,2,1,2,1,1,2,1,1,2,2,1,1,1,2,2,1,2,1,2,2,2,2,2,2,2,2,2,,1,,,,,1,1,,,,1,,8,3,1,,13,,1,,,,,,,3,1,,13,1,,1,,4,1,3,1,1,,,3,,1,1,1,1,,4,,,3,1,,,1,,1,1,,1,1,,,4,13,13,,,1,,1,,,1,,,,,,,8,4,2,,,2,2,,,,6,2,5,2,,,,,1,,,1,,,,,,,2,,4,3,2,2,3,2,3,2,4,2,1,2,5,2,2,1,1,2,4,1,3,4,2,3,4,2,2,3,2,3,1,4,2,2,2,4,2,2,3,4,1,5,2,1,2,6,6,4,4,3,4,3,4,5,3,4,5,6,6,4,6,4,5,4,5,2,5,2,3,1,7,4,2,3,7,3,3,3,6,3,5,2,7,,,,,,,,,,,,,,,,,,,,,,,,,,,,,,,,,,,,,,,,,,,,,,,,,,,,,,,,,,,,,,,,,,,,,,,,,4,4,5,5,4,5,5,5,3,4,3,5,5,5,6,6,6,6,5,2,2,2,6,2,1,4,3,2,2,2,2,3,3,5,5,4,8,9,6,9,7,7,9,9,10,10,6,10,2,4,4,4,2,5,1,4,2,2,1,1,,18,2,,2,,4,5,,2,2,5,6,5,4,5,6,4,10,2,4,2,6,6,6,1,7,,1,1 mettre 63,38,50 k
2021-04-15 16:16:55,2021-04-15 17:47:37,0,93.31.165.96,100,5442,1,2021-04-15 17:47:38,R_3RxDxVkiNH7ydwM,,,,,48.832305908203125,2.407501220703125,anonymous,FR,1,1,,,,,,,,,,,,,,2,,,,,,,4,4,6,3,6,4,1,2,1,6,6,5,1,3,1,1,5,6,7,7,4,2,3,2,5,6,4,2,1,1,5,3,3,1,1,5,3,6,3,6,7,3,2,2,4,5,3,5,5,5,7,1,1,1,1,3,5,3,4,4,3,1,1,2,8,4,1,5,2,6,7,9,10,3,4,1,5,5,5,5,5,5,1,1,6,9,1,2,5,7,3,4,10,8,2,1,1,2,1,2,2,2,2,2,1,2,2,1,1,1,2,1,2,1,2,2,2,2,2,2,2,1,1,1,1,1,1,2,1,1,1,2,2,1,2,1,1,1,1,1,1,1,1,1,2,1,1,2,1,2,2,1,1,2,1,1,1,2,2,1,1,1,2,1,2,2,1,2,1,1,2,2,2,1,2,,3,7,,1,,,,,,1,,,1,1,1,,13,,3,,,,,,,,3,1,13,13,1,13,,4,1,2,,2,13,,2,3,2,2,2,2,2,3,2,,3,3,,2,,,2,3,,2,3,13,,,3,13,1,,13,,,13,,13,2,,,,2,,8,2,4,2,,2,2,,,4,8,1,2,7,4,1,8,,,,,2,,,,2,,,2,,2,2,1,4,1,3,4,4,4,5,2,4,4,4,1,2,2,2,1,2,4,4,2,1,5,2,4,4,5,1,1,4,3,4,5,2,2,2,4,2,1,5,2,1,2,7,6,3,6,7,6,2,8,7,5,5,4,7,7,7,8,8,6,1,1,3,3,4,5,3,5,,,1,7,5,2,7,2,1,3,7,,1,2,1,1,1,1,5,1,2,5,3,5,5,2,2,3,1,2,1,1,2,7,5,1,2,4,2,1,7,1,4,2,3,6,5,7,7,5,1,4,1,6,1,1,2,6,6,6,7,7,5,2,2,2,3,8,8,8,9,11,9,12,11,8,10,7,10,11,12,8,11,7,,,,,,,,,,,,,,,,,,,,,,,,,,,,,,,,,,,,,,,,,,,,,,,,,,,,,,,,,,,2,1,,20,2,,2,,4,5,,4,1,1,1,7,1,1,7,5,9,3,3,1,7,7,5,2,7,,1,1m85,43,90kg
2021-04-16 00:41:51,2021-04-16 01:28:27,0,90.112.128.244,100,2796,1,2021-04-16 01:28:28,R_s6aFaKvRRZXVOaR,,,,,45.1660003662109375,5.710205078125,anonymous,FR,1,2,1,1,7,6,2,6,1,2,1,6,7,7,7,2,,,,,,,7,7,1,1,1,7,7,7,1,4,4,6,7,4,1,1,4,5,3,7,4,1,3,4,2,2,1,1,1,1,6,1,5,1,1,1,7,7,7,7,1,1,2,1,7,3,2,2,7,7,7,1,1,1,5,1,5,4,5,5,1,5,1,5,7,9,3,6,5,4,10,2,8,1,5,3,4,5,5,1,1,1,1,1,1,2,4,5,6,7,8,9,10,3,2,1,1,2,1,2,2,2,2,2,2,2,1,1,1,2,2,1,1,1,2,2,2,1,2,2,2,1,1,1,2,1,1,2,1,1,1,1,2,1,1,2,1,1,1,1,1,1,1,1,2,1,1,2,1,1,2,1,1,1,1,1,1,2,1,2,1,2,2,1,2,1,2,2,1,2,2,1,1,2,2,,2,8,,2,,,,,,,,4,3,13,,,13,2,2,,,,7,,,,3,2,2,,2,2,,13,2,2,1,1,13,3,,13,2,2,2,2,2,2,2,,13,4,,2,2,,3,2,3,2,13,13,,2,,13,,,2,,2,,,2,1,,13,13,,,8,2,,6,,1,5,5,,5,8,5,,1,,1,1,2,,1,1,,,,,,1,,2,,3,3,4,3,4,2,3,1,4,5,2,1,5,1,1,2,2,3,5,2,2,1,5,2,5,1,1,2,3,1,1,5,1,1,2,5,4,5,3,2,2,5,2,4,5,9,5,5,5,5,1,9,9,1,3,9,5,5,5,5,6,6,5,2,2,3,4,4,3,1,1,,1,1,1,1,2,2,2,4,1,4,4,,,,,,,,,,,,,,,,,,,,,,,,,,,,,,,,,,,,,,,,,,,,,,,,,,,,,,,,,,,,,,,,,,,,,,,,,1,1,1,1,1,1,1,1,7,2,7,7,7,3,5,7,1,7,7,7,1,1,7,7,7,1,1,1,1,1,1,7,4,1,2,2,8,8,6,12,9,6,6,9,9,9,9,12,5,3,5,1,2,3,5,5,2,2,1,1,,20,2,,1,18,4,"2,5",,3,1,7,7,7,5,1,7,4,3,1,1,1,7,7,7,,8,"Moi même ",6,166,41,84
2021-04-16 00:46:27,2021-04-16 02:19:42,0,176.161.227.97,100,5595,1,2021-04-16 02:19:43,R_3eyjJJoxAj4UXEV,,,,,43.29510498046875,5.3860931396484375,anonymous,FR,1,1,,,,,,,,,,,,,,2,,,,,,,4,5,1,3,6,4,4,1,1,5,6,3,2,6,1,4,3,4,4,1,1,2,1,4,4,5,1,4,7,4,3,5,3,1,1,1,7,6,7,7,1,1,1,1,6,1,2,2,3,1,1,6,5,5,3,4,5,3,4,5,3,5,1,5,5,3,2,8,7,9,4,6,10,1,1,1,3,3,5,1,1,1,1,4,4,5,2,6,3,7,9,8,10,1,1,1,1,2,2,2,2,2,2,2,2,2,2,1,1,1,2,1,1,1,2,2,2,1,2,2,1,1,1,1,1,1,1,2,1,2,1,1,2,1,1,1,2,1,2,2,2,2,1,1,2,2,1,2,1,1,2,1,1,2,2,2,1,2,2,2,1,1,2,1,2,2,2,1,1,2,2,1,2,1,2,1,13,1,,,,,,,,,,,4,2,6,,13,1,1,,,,1,,,1,3,2,13,13,2,3,,2,,4,3,2,2,2,2,,2,,,,,5,2,,,1,,4,3,,1,2,,,,13,,,,13,6,,2,,,,3,1,1,,6,,2,,8,3,3,1,,,,,,3,7,1,,1,,2,1,,,2,1,1,,,,,,,2,,3,1,3,3,1,2,4,3,4,5,3,4,4,1,1,2,1,4,5,1,3,3,3,3,4,4,1,1,1,1,3,4,2,1,1,3,1,3,1,1,1,1,3,2,5,8,5,5,5,4,3,8,8,5,5,3,5,5,3,5,8,5,6,3,3,6,3,1,3,1,,,,,1,1,2,3,1,1,1,3,1,5,5,5,5,5,5,1,5,5,1,1,1,1,5,5,1,5,1,3,7,6,7,7,6,1,3,6,7,7,7,7,5,7,7,4,7,6,7,7,6,1,3,5,1,4,7,1,3,1,5,5,4,5,5,1,9,9,9,8,8,9,10,9,9,11,9,10,8,8,8,10,9,,,,,,,,,,,,,,,,,,,,,,,,,,,,,,,,,,,,,,,,,,,,,,,,,,,,,,,,,,,1,2,,22,2,,1,3 mois,7,5,,4,1,5,4,5,1,1,4,3,2,2,1,3,4,4,4,,5,,1,1m72,38,61
2021-04-16 02:41:13,2021-04-16 03:11:03,0,176.180.86.61,100,1789,1,2021-04-16 03:11:04,R_bavyhK840LcmPip,,,,,44.8412017822265625,-0.580596923828125,anonymous,FR,1,2,3,3,2,1,1,1,3,1,1,3,4,3,6,2,,,,,,,3,5,3,4,5,5,3,3,3,3,3,3,2,1,1,2,4,4,1,3,3,4,4,3,3,3,1,1,1,1,6,1,3,3,4,2,4,7,3,7,4,2,1,3,1,1,1,2,1,4,7,4,2,2,5,3,5,5,5,5,1,5,5,5,1,6,2,7,5,3,10,4,9,8,5,3,5,3,5,5,1,5,1,3,1,6,4,2,7,3,8,5,9,10,2,1,1,2,2,2,2,1,2,2,2,2,2,1,1,2,1,1,1,1,1,2,2,1,2,2,2,1,1,1,1,1,1,2,1,2,1,1,2,1,1,2,2,1,1,1,2,1,1,1,2,2,2,2,1,1,2,1,2,1,1,1,1,2,1,1,1,2,2,1,2,1,1,2,1,1,2,2,2,2,2,,13,1,,,,,1,,,,,,1,1,,4,13,3,1,1,,,3,,,,1,3,13,13,2,7,,7,,1,1,1,1,4,,,1,1,1,,1,6,1,,,,,1,1,,3,,3,13,13,5,,5,1,13,,,1,,1,1,,7,1,,,,,,8,6,2,1,,4,4,2,,2,6,1,1,1,1,1,3,,,,1,,,,,2,,,2,,4,2,2,3,1,1,1,1,1,5,1,3,3,2,2,2,2,3,1,1,2,4,5,1,5,3,2,1,4,1,1,2,1,3,5,5,3,3,5,1,1,2,2,1,5,5,5,5,5,5,1,1,5,3,1,1,3,1,5,5,7,5,5,1,3,7,6,4,1,4,1,4,4,3,5,5,1,3,4,1,2,4,4,,,,,,,,,,,,,,,,,,,,,,,,,,,,,,,,,,,,,,,,,,,,,,,,,,,,,,,,,,,,,,,,,,,,,,,,,1,1,1,1,1,1,3,1,7,4,6,2,1,1,1,4,1,4,1,4,1,4,3,3,3,4,4,3,5,4,4,4,4,3,3,3,7,9,6,9,12,7,12,7,9,6,6,11,5,5,1,1,1,2,3,2,2,3,1,5,,22,2,,1,12,7,"3,5",,3,1,4,3,3,4,5,5,4,10,3,2,5,4,5,2,3,2,,5,1m73,85C,75kg
2021-04-16 06:08:03,2021-04-16 06:37:54,0,92.184.96.252,100,1791,1,2021-04-16 06:37:55,R_2uyecOJAhQlu4my,,,,,48.8582000732421875,2.3386993408203125,anonymous,FR,1,2,1,2,6,5,5,6,4,6,5,5,7,5,7,2,,,,,,,7,7,2,1,1,5,4,5,4,3,4,5,3,2,1,6,3,6,5,1,3,6,3,3,7,5,4,6,7,4,3,5,3,3,3,4,3,3,3,5,5,5,3,3,5,2,4,3,5,5,5,3,3,3,2,1,4,3,3,3,1,1,1,1,5,10,2,3,4,6,7,1,9,8,4,3,5,5,5,3,1,1,1,1,4,10,1,2,3,6,7,9,8,5,1,1,1,2,1,2,2,2,2,2,2,2,2,1,1,1,2,1,1,1,2,2,2,1,2,2,1,1,1,1,1,1,1,2,1,2,2,2,2,1,2,1,1,1,1,2,2,2,1,1,2,1,1,2,1,1,2,2,1,2,2,1,1,2,2,1,1,1,2,2,2,2,2,2,1,1,2,2,2,2,2,1,1,1,,1,,,,,,,,,1,13,13,,13,1,1,,,,1,,,1,1,1,1,1,1,1,,1,,,,1,1,,1,6,1,1,,,,8,3,,8,8,,3,1,,,1,,,13,13,,,13,13,5,,,,,,,13,3,,,,,,8,1,1,3,,,6,,,3,8,4,8,,,2,4,,,,,2,,,,1,,,2,,4,1,3,3,5,2,5,2,1,1,1,2,4,2,2,3,2,1,2,5,4,2,2,1,2,2,3,2,3,2,2,3,2,2,2,4,2,2,4,4,2,4,2,1,4,6,7,6,6,5,5,3,7,5,4,5,5,5,5,6,7,5,4,3,3,1,3,3,3,4,5,4,2,1,4,3,4,5,1,3,3,5,7,,,,,,,,,,,,,,,,,,,,,,,,,,,,,,,,,,,,,,,,,,,,,,,,,,,,,,,,,,,,,,,,,,,,,,,,,5,6,6,6,6,6,6,6,3,6,2,6,6,6,6,6,6,6,6,2,6,2,6,6,6,2,2,2,2,2,2,6,2,2,2,2,9,10,8,10,9,10,9,10,10,9,8,10,3,3,1,4,4,4,2,4,4,4,2,1,,21,2,,1,17,6,5,,3,3,6,4,3,5,3,1,1,1,2,4,3,5,5,4,,7,,6,175,42,75
2021-04-16 07:04:08,2021-04-16 07:40:46,0,92.137.201.241,100,2197,1,2021-04-16 07:40:46,R_eRMscdRh0ODnQzL,,,,,46.280303955078125,6.525604248046875,anonymous,FR,1,1,,,,,,,,,,,,,,2,,,,,,,1,1,6,7,7,1,5,6,2,4,6,7,2,6,1,1,7,5,3,3,2,1,3,7,3,2,5,1,1,2,6,1,6,1,5,1,5,7,5,6,4,4,3,4,3,5,5,3,1,1,2,3,5,5,3,2,3,3,5,3,5,5,2,3,4,10,6,5,7,8,3,2,9,1,1,1,5,5,5,1,1,1,1,5,6,7,3,2,4,5,10,9,8,1,1,1,1,2,1,2,1,1,2,2,2,2,1,1,2,2,2,1,1,1,2,2,2,1,2,2,1,1,2,1,2,1,1,2,1,1,1,1,2,1,1,1,1,1,1,1,1,1,1,1,2,1,1,2,1,2,2,1,2,1,1,1,1,2,2,1,1,2,2,1,2,1,2,1,2,2,2,2,2,1,2,5,8,3,,4,,6,4,,,,,13,7,,,,5,6,5,,,,7,,,3,6,,13,,12,13,,13,6,4,7,2,6,8,4,13,8,5,8,3,5,13,4,,3,2,,3,,,3,,7,6,13,8,,,6,13,,,13,,3,,3,2,,,,,4,,8,1,,1,,2,1,3,,3,8,,1,8,,1,,8,,,1,2,,,,,,,2,,2,1,2,1,1,2,5,2,2,5,2,4,3,1,1,3,2,2,4,1,1,4,4,3,5,2,2,4,2,1,1,3,2,1,4,2,1,4,2,1,4,5,1,2,1,7,5,4,4,1,1,3,8,4,3,3,6,6,8,5,6,6,5,3,3,3,3,4,1,5,7,7,6,1,5,3,4,5,5,4,3,6,6,4,1,4,1,2,1,5,4,2,2,1,1,1,5,5,1,5,1,5,1,2,2,7,1,1,2,1,3,6,7,4,7,1,5,4,7,5,5,1,5,2,2,2,1,7,7,4,1,7,1,5,7,3,7,7,9,11,10,8,7,10,11,8,10,10,10,9,8,10,8,10,10,,,,,,,,,,,,,,,,,,,,,,,,,,,,,,,,,,,,,,,,,,,,,,,,,,,,,,,,,,,1,1,,22,2,,2,,5,1,,2,6,7,7,1,6,3,6,3,2,7,7,7,4,4,4,2,2,,1,1m63,38,64
2021-04-16 01:44:19,2021-04-16 08:36:06,0,83.202.139.225,100,24706,1,2021-04-16 08:36:07,R_1oA9j1a2N52NH8J,,,,,48.7028961181640625,2.413604736328125,anonymous,FR,1,1,,,,,,,,,,,,,,2,,,,,,,4,3,5,5,6,5,3,3,3,6,5,2,3,6,2,1,6,5,5,4,2,4,3,1,2,1,3,2,1,1,6,2,4,3,3,2,5,6,7,7,2,2,4,3,4,3,4,4,4,3,3,6,5,6,5,4,4,5,5,5,3,3,4,4,2,1,3,4,5,6,10,9,8,7,5,5,5,5,5,5,3,3,4,4,1,2,3,4,5,6,8,7,9,10,2,1,2,1,2,2,2,2,2,2,1,2,2,1,1,2,2,1,2,2,2,2,2,2,2,2,2,1,1,1,1,1,1,2,1,2,2,2,2,1,2,2,1,2,2,1,1,2,2,1,2,2,2,2,2,1,2,2,2,2,2,2,1,2,2,2,2,2,2,2,2,2,1,2,1,2,2,1,2,2,2,,1,,5,,,,,,,1,,,3,3,,,13,,,,,,,,,,1,1,4,12,1,12,,3,,,,2,1,,,4,,,3,2,,,1,,,,,,3,,,,,,,2,,,,,,,,,,1,,3,2,,4,,,,7,4,5,1,,,,,,1,,1,,,1,,2,,,3,,,,,,,,,2,,2,3,3,2,4,2,3,1,4,4,1,2,5,1,1,1,1,4,5,4,2,3,2,3,4,2,2,3,1,1,1,4,2,1,3,4,3,4,1,1,1,5,3,2,2,8,8,6,7,5,5,7,5,5,6,3,9,9,9,2,5,6,5,3,3,3,1,1,5,1,3,4,4,1,1,2,1,2,3,4,2,3,4,4,2,2,5,4,4,3,3,3,3,3,3,3,3,4,3,4,4,3,2,1,5,6,1,2,4,2,3,7,2,7,6,2,2,4,2,5,4,2,6,1,4,7,6,4,6,5,2,6,3,5,3,5,5,2,8,10,8,8,7,9,8,8,9,9,10,9,8,8,8,10,8,,,,,,,,,,,,,,,,,,,,,,,,,,,,,,,,,,,,,,,,,,,,,,,,,,,,,,,,,,,2,1,,19,2,,1,11,4,5,,3,3,5,6,6,4,3,3,4,10,2,3,2,4,3,3,3,2,,1,"1,76m",42,73kg
2021-04-16 13:42:49,2021-04-16 14:16:53,0,89.87.115.102,100,2044,1,2021-04-16 14:16:53,R_ym3ux0HDGgu6eY1,,,,,48.6822052001953125,6.1862030029296875,anonymous,FR,1,2,1,1,6,5,6,3,2,3,3,3,7,7,7,2,,,,,,,7,7,7,7,7,7,3,3,6,5,6,5,2,6,1,3,6,2,2,3,3,2,2,6,3,3,2,1,5,3,5,5,2,1,1,1,6,7,7,7,2,2,2,2,6,1,1,1,2,2,3,5,5,6,5,4,4,3,4,1,1,5,4,5,3,4,6,8,5,9,10,2,7,1,3,1,5,5,5,3,5,5,1,3,4,8,2,3,1,7,9,5,10,6,2,1,1,1,2,2,2,2,2,2,2,2,1,1,1,1,1,1,1,1,2,2,1,1,2,2,2,2,2,1,1,1,1,2,2,2,1,1,2,1,1,1,1,1,1,1,1,1,1,1,2,1,1,2,1,1,2,2,2,2,1,1,1,2,2,1,1,1,2,1,2,2,1,2,1,2,2,1,1,2,2,,1,1,13,,,,,,,,,13,3,1,1,5,13,1,1,,,1,3,,,,,,13,13,1,13,,,,3,1,1,1,1,1,12,1,1,1,1,1,7,1,,3,12,,1,3,,,,,13,1,1,,,3,13,1,,9,,,9,,13,1,,12,1,,,8,6,6,1,,7,1,,,3,8,2,1,4,2,1,8,6,,5,1,2,,,,,2,,2,,6,2,4,2,4,2,2,2,2,2,3,4,5,3,2,4,2,5,4,3,2,4,4,2,5,2,2,2,4,2,1,4,2,4,2,4,2,5,2,3,2,5,1,1,1,8,5,5,5,3,7,7,5,6,6,6,5,7,7,8,6,5,4,3,1,2,5,2,5,3,3,,1,7,6,2,3,2,2,2,2,6,7,,,,,,,,,,,,,,,,,,,,,,,,,,,,,,,,,,,,,,,,,,,,,,,,,,,,,,,,,,,,,,,,,,,,,,,,,2,2,6,3,2,2,2,2,5,7,5,7,7,7,7,7,6,7,7,1,6,1,7,7,6,1,1,1,1,1,1,7,5,1,1,1,7,8,6,7,7,9,7,8,12,10,12,12,2,4,2,1,4,4,2,2,4,4,1,4,,24,2,,1,11,6,"2,5",,3,3,6,7,6,6,3,7,6,1,1,2,3,7,7,7,1,7,,6,160 cm,37 - 38,64
2021-04-16 14:13:18,2021-04-16 15:10:04,0,92.137.149.77,100,3405,1,2021-04-16 15:10:04,R_wYnHVXHV60WMFzP,,,,,46.134002685546875,6.3748931884765625,anonymous,FR,1,1,,,,,,,,,,,,,,2,,,,,,,6,2,3,5,7,2,6,7,2,2,4,4,2,6,1,2,2,4,4,5,4,2,2,4,4,2,2,1,4,2,6,4,6,1,2,1,6,7,7,7,2,2,3,4,5,4,4,4,4,3,7,5,5,6,4,4,4,3,5,4,4,5,4,5,9,10,5,8,4,6,2,3,7,1,4,2,5,5,5,1,1,1,2,3,5,8,3,2,1,6,7,10,9,4,2,1,1,1,2,2,2,2,2,2,2,2,1,1,1,1,2,1,1,1,2,2,2,1,2,2,2,1,1,1,1,1,1,2,1,2,1,1,2,1,1,1,2,2,2,1,2,1,1,1,2,1,2,2,1,1,2,1,2,2,1,1,1,2,1,1,1,1,2,1,2,2,2,2,1,1,2,1,2,2,2,,1,2,2,,,,,,,,,2,2,13,4,,13,1,1,,,,3,,,,1,1,8,1,1,1,,6,,1,3,1,1,4,2,,,,1,,1,8,1,,1,,,1,3,,3,,,12,6,5,,1,13,13,3,,13,,,,,1,1,,5,,,,8,2,1,1,,5,5,,,2,8,1,5,8,,1,1,1,,2,1,2,,,,2,,,2,,3,3,4,3,3,3,3,3,3,3,1,2,5,2,1,3,3,5,4,1,3,2,4,3,3,3,2,2,2,1,2,3,3,3,4,5,2,4,3,3,3,3,2,3,3,7,5,7,4,4,1,8,8,2,5,4,4,4,3,5,7,6,6,3,2,2,1,3,4,3,4,,2,2,4,3,2,2,4,4,4,7,7,3,3,3,2,2,2,4,2,3,3,2,2,3,4,5,1,1,1,3,3,5,4,7,1,1,2,1,2,7,2,3,6,1,3,3,1,1,4,3,1,2,6,1,4,6,6,4,5,7,6,1,4,4,4,4,10,9,10,9,7,9,12,9,10,11,8,10,9,11,8,11,9,,,,,,,,,,,,,,,,,,,,,,,,,,,,,,,,,,,,,,,,,,,,,,,,,,,,,,,,,,,1,1,,22,2,,1,4,6,5,,4,3,7,7,2,5,4,6,4,10,1,5,5,4,4,4,2,8,"Multiculturalisme ",1,173cm,40,80
2021-04-17 05:06:49,2021-04-17 05:53:02,0,78.236.44.220,100,2772,1,2021-04-17 05:53:02,R_1rPwHssAawBF2Sr,,,,,44.9600982666015625,5.7451934814453125,anonymous,FR,1,3,1,1,6,5,5,5,5,5,5,5,7,4,7,1,1,1,7,3,7,3,7,7,1,1,1,7,4,6,4,3,3,3,3,3,1,3,5,5,5,7,4,3,3,7,3,1,3,7,5,5,3,3,5,1,4,1,7,7,7,7,1,1,3,2,4,4,4,4,7,7,7,2,1,1,1,1,5,4,4,4,1,5,5,5,8,9,3,5,7,6,10,4,2,1,1,1,5,4,4,4,1,4,5,5,8,9,4,5,6,7,10,3,1,2,2,1,1,2,1,1,2,2,2,2,2,2,2,2,2,1,2,1,2,1,2,1,2,2,2,1,1,1,1,1,1,1,1,2,1,2,2,2,2,2,1,1,2,2,2,1,2,1,1,1,2,1,2,1,1,1,2,2,1,2,1,1,2,2,2,1,1,1,2,1,2,2,1,2,2,2,2,1,2,1,2,,1,1,,1,1,,,,,,,,,,1,,13,,1,,3,,,,1,1,3,3,1,1,1,1,,1,,,,2,,1,1,,,,2,,2,13,3,,3,,2,2,2,,,2,,13,2,,,,2,13,4,,2,,,2,,2,,,5,,2,,8,1,1,,,3,1,,,,8,,1,1,1,1,,,,1,1,1,2,,,,,,2,,4,4,5,3,3,3,1,1,4,4,1,2,5,1,2,3,3,1,5,2,3,4,2,5,2,5,3,2,1,3,4,5,1,1,1,2,3,5,4,4,3,3,2,4,3,7,5,7,7,5,4,9,7,4,5,5,4,4,4,4,7,5,5,3,1,1,1,5,4,3,,1,1,1,1,1,3,3,3,3,3,3,,,,,,,,,,,,,,,,,,,,,,,,,,,,,,,,,,,,,,,,,,,,,,,,,,,,,,,,,,,,,,,,,,,,,,,,,,4,5,5,4,1,3,5,4,3,7,3,4,4,4,3,1,3,7,7,3,5,3,5,7,4,7,1,1,1,1,1,7,4,4,1,1,7,8,12,8,9,8,8,10,8,9,8,8,2,2,4,2,2,4,5,3,4,2,1,1,,46,1,20,1,3,3,1,,3,1,4,5,3,3,3,7,4,4,3,1,2,4,4,2,2,7,,9,165,39,72
2021-04-17 04:51:37,2021-04-17 06:26:37,0,176.136.229.208,100,5699,1,2021-04-17 06:26:37,R_22JkAt39qThEbXn,,,,,48.7718963623046875,2.0175933837890625,anonymous,FR,1,2,1,1,5,4,5,4,2,3,3,3,7,6,7,2,,,,,,,7,7,1,1,1,7,3,4,6,3,2,6,4,3,1,1,7,4,7,5,1,4,3,4,1,3,2,1,3,3,7,3,3,1,3,2,6,7,7,7,3,1,5,4,3,6,4,4,1,1,2,7,6,7,3,5,5,5,5,3,1,5,3,3,6,7,2,5,4,8,10,1,9,3,1,3,5,5,5,2,3,2,1,4,6,5,1,2,3,7,8,9,10,4,2,1,1,1,1,2,1,2,2,2,2,2,2,1,1,2,2,1,2,2,2,2,2,2,2,2,2,1,2,1,1,1,1,1,1,2,1,1,2,1,2,2,1,2,1,1,2,1,1,1,2,1,1,2,1,1,2,1,2,2,1,2,1,1,2,1,1,1,2,2,2,1,1,2,1,1,2,2,2,2,2,,3,13,1,1,,1,,,,,,,1,1,,,13,,,,,,,,,,3,,10,13,1,13,1,6,,1,2,2,1,,,9,,2,1,,1,1,1,,3,3,,2,3,,2,,,13,,13,2,,7,13,3,,,,2,6,,2,2,,,,,,8,5,8,1,,4,,,1,3,5,1,2,,2,1,1,,,,,,,,,2,,,2,,2,2,4,3,5,2,4,1,1,4,1,1,5,1,2,2,2,2,5,2,1,3,2,3,5,1,2,5,2,2,1,5,1,3,3,4,2,5,2,2,2,5,3,2,2,7,5,5,7,7,6,5,5,4,6,6,6,5,5,6,5,5,5,3,3,1,3,1,5,4,1,4,1,1,4,1,1,3,1,1,1,3,,2,2,2,2,3,3,4,4,2,4,1,1,1,5,5,1,5,1,5,1,1,7,5,1,2,5,5,3,7,7,5,4,3,5,7,7,7,6,7,5,3,6,1,1,4,5,5,4,5,7,2,4,6,4,4,8,11,12,11,9,11,11,8,12,8,10,8,9,8,8,11,10,,,,,,,,,,,,,,,,,,,,,,,,,,,,,,,,,,,,,,,,,,,,,,,,,,,,,,,,,,,1,1,,19,2,,1,10,6,5,,4,1,1,1,7,1,1,5,3,8,1,4,3,5,5,5,2,7,,5,168 cm,40,54 kg
2021-04-17 07:46:04,2021-04-17 08:31:58,0,92.184.102.100,100,2754,1,2021-04-17 08:31:59,R_296AiqdfF7Ogita,,,,,45.7480010986328125,4.850006103515625,anonymous,FR,1,2,1,2,3,4,6,4,7,6,7,4,3,2,7,2,,,,,,,6,4,4,4,4,7,6,6,2,4,4,4,2,3,7,3,3,4,3,1,4,3,4,3,5,4,5,7,7,3,1,7,1,1,2,2,5,7,6,7,2,3,1,1,7,1,1,1,4,2,7,5,2,2,5,5,4,1,3,4,1,3,3,4,1,5,3,10,8,6,9,7,4,2,5,2,5,4,4,3,4,3,1,4,1,10,2,6,4,7,5,8,9,3,1,2,1,1,1,2,2,2,2,1,2,1,2,1,1,2,1,1,2,1,2,2,2,2,2,1,2,1,2,1,1,1,1,2,1,2,2,2,2,1,2,1,2,2,2,2,1,1,2,2,2,1,1,2,1,1,2,1,1,2,1,1,1,2,2,1,1,2,1,2,2,2,1,2,2,1,2,1,1,2,2,1,,2,13,1,,,,,13,,13,,1,2,,2,13,,1,,,,,,1,,1,,1,1,1,1,,13,,,,2,2,,2,,,,,2,2,,,,3,4,,2,2,,2,2,,12,2,13,,,13,13,,13,,,,1,,2,,,7,2,,,8,1,1,1,,3,1,,,3,8,1,6,,1,1,,,8,1,,2,,1,,2,2,1,2,,4,3,2,2,2,3,2,1,2,2,1,1,3,2,1,2,3,3,2,3,2,2,2,2,2,2,1,1,1,2,2,5,3,2,2,5,3,3,3,4,2,2,3,3,4,9,8,7,5,4,5,5,9,8,5,6,5,5,5,5,9,3,5,2,2,3,3,5,3,1,2,,2,1,1,2,7,1,4,5,4,,,,,,,,,,,,,,,,,,,,,,,,,,,,,,,,,,,,,,,,,,,,,,,,,,,,,,,,,,,,,,,,,,,,,,,,,,,5,6,6,4,4,5,7,3,2,7,2,4,5,7,7,7,6,7,3,5,1,4,3,4,2,4,4,7,3,4,3,3,5,5,4,4,6,9,7,6,9,6,12,6,9,6,6,9,1,4,2,2,4,4,1,3,5,4,1,1,,24,2,,1,9,3,1,,3,4,7,7,4,3,3,2,2,3,3,4,3,4,4,4,3,7,,6,168,38,55
2021-04-17 08:42:06,2021-04-17 09:20:44,0,92.157.71.21,100,2317,1,2021-04-17 09:20:44,R_1JDXfnhZq8vjFvw,,,,,45.1660003662109375,5.710205078125,anonymous,FR,1,2,1,2,4,2,3,3,3,3,4,3,7,5,7,1,1,1,7,2,7,1,4,7,2,2,6,7,4,6,3,3,2,4,2,4,2,2,5,5,6,5,3,4,3,4,2,2,3,2,3,2,4,2,6,3,4,2,6,6,6,6,1,2,2,2,5,4,3,3,5,4,3,6,5,4,4,3,4,4,4,4,1,5,5,5,8,9,5,6,4,7,10,3,1,2,3,4,5,5,5,4,4,5,4,5,5,7,3,8,9,2,10,4,6,1,2,1,1,1,2,1,2,2,2,2,1,2,1,2,1,1,1,1,1,1,2,2,2,1,2,1,2,1,1,1,1,1,1,2,1,2,1,1,2,1,1,1,2,2,2,1,2,2,2,1,2,1,1,2,1,1,1,1,1,1,1,1,1,2,2,1,1,1,2,2,2,2,2,2,2,1,2,1,2,1,1,,1,3,2,,1,,,,,13,,1,,1,1,1,13,1,1,,,,1,,1,,3,1,1,1,1,1,,7,,1,1,1,1,1,3,,,,1,,,,1,,5,4,,3,1,1,3,1,3,13,3,13,,,1,6,1,,,,,,,1,,,1,,1,1,8,1,1,1,,6,2,3,,4,2,1,1,,,2,,1,,1,2,1,,,,1,,,2,,3,4,2,2,3,3,2,2,4,4,3,3,5,1,2,3,3,2,4,2,3,2,3,3,3,3,4,3,2,3,4,4,2,2,2,2,3,4,3,2,3,3,2,4,5,6,5,5,5,4,5,7,5,5,4,4,5,5,4,5,5,6,5,3,3,4,3,2,3,4,3,2,2,1,1,2,4,2,4,5,3,4,6,4,3,4,4,3,2,3,5,2,2,1,1,1,5,5,1,4,1,5,3,3,6,6,4,1,3,5,5,5,3,4,6,3,6,6,6,6,4,3,3,2,4,6,1,4,5,3,4,2,4,5,4,4,5,5,9,9,10,9,9,10,10,9,9,8,9,8,9,8,8,11,10,,,,,,,,,,,,,,,,,,,,,,,,,,,,,,,,,,,,,,,,,,,,,,,,,,,,,,,,,,,1,1,,26,1,1,1,6,6,1,,3,3,4,4,4,2,2,4,3,3,5,5,4,4,4,4,3,2,,7,159cm,37,70
2021-04-17 14:05:29,2021-04-17 15:08:49,0,86.76.6.227,100,3800,1,2021-04-17 15:08:50,R_24BpcYUHsnMbZQ4,,,,,45.1660003662109375,5.710205078125,anonymous,FR,1,2,1,3,6,4,6,4,1,5,6,6,7,6,7,2,,,,,,,1,5,7,1,6,2,3,3,3,3,4,3,2,6,2,1,6,5,5,5,1,1,1,5,1,3,4,1,1,1,7,2,6,4,6,1,6,6,6,6,5,7,3,2,6,3,3,3,2,3,7,1,1,1,3,3,5,5,5,5,1,5,5,5,5,6,4,7,1,8,10,2,9,3,3,3,5,4,5,5,1,5,4,4,2,7,5,6,1,8,10,4,9,3,2,1,2,2,2,2,2,1,2,2,2,2,2,1,2,2,2,1,2,1,1,2,1,1,1,2,2,1,1,1,1,1,1,2,1,2,1,2,2,1,2,2,2,1,1,1,2,1,2,1,2,1,1,2,2,1,2,1,2,1,1,1,1,2,2,2,1,2,2,1,2,1,1,2,2,1,2,2,1,2,2,,5,,,,,,3,,,,,,1,,,,13,,3,1,,1,3,12,,,3,3,13,1,1,1,,4,,1,,1,5,,,,13,13,1,,1,,1,,4,3,,,1,,1,,1,13,4,13,,,,13,,,5,,1,1,,1,,,,1,,,8,4,1,2,,6,2,4,,4,6,,,2,1,,,,,,,,,,,1,1,,2,,4,1,2,2,4,1,5,3,2,3,1,1,4,1,1,2,1,5,4,1,3,4,2,2,5,3,1,5,2,1,2,3,2,2,4,2,2,2,4,2,3,2,2,2,2,5,7,5,5,1,1,7,5,5,3,3,5,5,5,7,5,5,5,5,5,3,3,3,3,1,7,4,1,7,2,2,7,3,4,4,4,6,5,,,,,,,,,,,,,,,,,,,,,,,,,,,,,,,,,,,,,,,,,,,,,,,,,,,,,,,,,,,,,,,,,,,,,,,,,4,3,4,3,3,1,5,1,4,3,6,5,7,4,2,1,1,3,6,1,3,1,3,7,3,2,2,1,1,1,2,5,5,3,3,4,10,10,9,9,9,9,9,9,12,9,8,9,4,2,4,2,2,4,3,2,2,2,1,5,,22,2,,2,,7,5,,3,7,7,7,1,3,5,2,1,3,4,,,6,6,6,2,1,,6,160,39,65
2021-04-17 23:26:11,2021-04-18 00:05:44,0,81.185.175.192,100,2373,1,2021-04-18 00:05:45,R_1ly0hz3yb65bivD,,,,,45.7480010986328125,4.850006103515625,anonymous,FR,1,4,1,1,7,3,1,3,2,3,1,3,7,7,7,2,,,,,,,7,7,1,1,1,7,3,3,4,5,5,3,4,4,2,3,5,4,3,3,4,3,3,4,3,4,3,3,4,3,5,3,4,1,3,3,5,5,3,5,3,3,1,3,5,3,3,3,7,4,7,5,3,1,5,1,5,5,5,3,1,5,5,5,7,9,2,6,3,8,10,1,4,5,5,3,5,5,5,4,4,5,1,1,7,8,1,3,2,4,5,6,9,10,2,1,1,1,1,2,1,2,1,2,2,2,2,1,1,2,1,1,1,1,2,2,2,1,1,1,1,1,1,1,1,1,1,2,1,1,1,1,2,1,1,1,2,1,1,1,1,1,1,1,2,1,1,1,1,1,2,1,1,1,1,1,1,2,1,1,1,1,2,1,2,1,1,2,1,2,2,1,2,1,2,,4,4,13,1,,1,,1,,,,,3,1,,1,13,1,4,,,,2,1,1,1,1,1,1,1,1,1,,5,1,3,1,1,1,5,1,,4,4,3,1,1,13,1,,6,13,3,1,1,,1,3,1,13,1,13,,3,13,13,1,,13,,1,1,,1,1,,1,,1,,8,1,1,6,,8,1,1,,3,8,2,7,8,1,1,1,,,1,1,1,1,,,,,,2,,3,2,3,1,3,2,3,1,4,3,1,2,4,3,2,2,2,1,5,2,3,3,2,4,2,3,2,1,1,2,3,5,2,2,2,4,3,3,3,3,2,2,3,3,3,8,7,8,7,5,5,5,8,6,7,7,6,6,6,8,7,5,7,3,3,3,3,3,3,,3,4,3,2,3,3,4,3,3,2,2,3,4,5,5,5,5,5,5,1,5,5,2,1,1,1,5,5,1,5,2,5,6,3,4,6,1,1,7,5,4,6,4,5,7,6,4,7,6,5,3,1,2,5,4,3,5,4,4,4,4,5,5,3,4,2,4,4,8,9,8,9,8,8,9,8,8,11,8,9,9,11,8,9,9,,,,,,,,,,,,,,,,,,,,,,,,,,,,,,,,,,,,,,,,,,,,,,,,,,,,,,,,,,,1,2,,25,2,,1,12,6,1,,3,3,4,4,3,3,4,4,3,5,4,4,3,4,5,3,5,2,,4,172,41,64
2021-04-18 04:10:17,2021-04-18 04:39:27,0,79.95.2.58,100,1749,1,2021-04-18 04:39:27,R_1PZugbbUIzAgBEj,,,,,45.1660003662109375,5.710205078125,anonymous,FR,1,4,3,1,4,7,7,7,7,7,7,7,6,3,5,2,,,,,,,7,7,1,1,1,7,3,4,3,6,6,5,2,5,1,2,5,4,5,5,1,4,2,3,3,4,2,2,5,3,6,2,5,1,3,3,5,6,4,6,4,4,1,2,6,2,2,2,1,4,5,5,3,3,4,3,5,4,5,3,1,5,1,4,1,4,3,6,5,8,10,2,9,7,3,1,4,5,5,3,5,5,3,1,8,9,3,2,1,7,4,5,6,10,2,1,1,2,2,2,2,2,2,2,2,2,2,1,1,2,2,1,1,1,2,2,2,2,2,2,1,1,1,1,1,1,1,1,1,1,1,2,2,1,2,1,1,1,1,1,1,1,2,1,2,1,1,2,1,1,2,1,2,2,1,1,1,2,2,1,1,2,2,1,2,2,1,2,2,2,2,1,2,2,2,,1,1,,,,,,,,,,,1,1,,,13,1,1,,,,,,,1,1,2,2,1,2,6,1,2,2,2,,2,2,,2,5,2,2,2,2,1,,1,,4,3,,3,2,,2,,,2,13,2,,,13,13,,,7,,,2,,2,,,4,,,,8,1,1,1,,1,4,,,1,8,1,6,2,1,2,,,,2,,2,,,,,,,2,,2,2,2,3,2,1,2,1,2,5,2,3,5,1,2,4,2,2,5,1,1,4,3,3,4,1,3,3,2,2,1,3,2,2,5,2,3,4,2,2,1,5,2,1,2,6,7,5,5,4,4,1,6,1,1,3,5,5,6,8,6,3,5,4,3,3,2,2,3,5,3,4,1,2,1,2,3,3,2,2,2,6,4,5,2,4,3,2,2,3,4,4,2,1,1,1,4,4,1,3,1,4,3,3,5,5,7,2,5,5,4,7,3,7,6,2,5,3,4,6,5,3,7,3,5,2,1,6,5,5,5,6,6,2,4,5,5,4,8,10,11,8,8,10,12,8,9,8,8,9,8,8,7,11,9,,,,,,,,,,,,,,,,,,,,,,,,,,,,,,,,,,,,,,,,,,,,,,,,,,,,,,,,,,,1,1,,23,2,,1,15,6,5,,3,3,3,3,2,5,3,2,3,10,7,5,5,5,6,4,2,7,,6,165,38,53
2021-04-18 04:27:20,2021-04-18 05:14:37,0,5.139.143.34,100,2837,1,2021-04-18 05:14:37,R_3EainHpAEjpxXYa,,,,,47.2360992431640625,39.718902587890625,anonymous,FR,1,1,,,,,,,,,,,,,,2,,,,,,,3,3,2,3,4,6,6,5,2,6,6,3,2,6,6,5,5,5,6,3,2,4,4,3,6,2,3,4,6,2,6,3,3,2,4,3,7,6,7,7,1,1,3,3,5,6,3,3,4,3,5,3,2,2,1,1,5,3,5,5,3,5,1,4,7,6,2,9,3,4,5,8,10,1,5,1,5,5,5,1,1,1,1,3,7,6,1,3,4,5,10,8,9,2,2,1,1,2,1,2,1,2,2,2,2,2,2,2,1,1,2,1,1,1,1,1,2,1,2,2,2,1,1,1,1,1,1,2,1,1,1,1,2,1,1,1,1,2,2,1,1,1,2,1,2,2,2,2,1,1,2,1,2,1,2,2,1,2,2,2,1,2,2,1,2,2,1,2,2,1,2,1,2,1,2,,1,1,,1,,1,,,,,,,,8,13,,13,1,3,3,1,,3,,,,1,1,7,4,9,8,,7,1,1,1,1,1,1,1,5,,,1,1,1,,3,,,,,1,1,,1,,1,,,1,,,,13,,,1,,,6,,1,,,4,,1,,8,1,1,1,,,,1,,1,6,2,,1,2,1,,,,2,2,2,,,,2,,,2,,2,4,2,2,1,1,1,3,4,5,2,4,5,3,2,2,4,3,2,2,3,1,1,2,3,4,3,2,4,2,1,4,2,2,4,4,2,5,4,4,2,5,2,5,1,9,5,7,1,5,1,5,1,1,1,1,5,5,1,1,9,3,3,3,3,5,5,2,3,2,2,4,4,2,1,1,1,6,1,5,2,5,5,,,,,,,,,,,,,,,,,,,,,,,,,,,,,,,,,,,,,,,,,,,,,,,,,,,,,,,,,,,,,,,,,,,,,,,,,4,4,4,4,2,6,3,2,4,4,4,5,2,7,6,3,2,5,2,3,3,5,6,2,3,4,4,5,6,6,5,2,6,2,6,4,12,7,12,9,9,12,11,11,10,12,8,9,2,2,2,2,1,2,2,4,4,2,1,6,"Russie ",20,2,,1,6,6,5,,3,2,4,5,5,4,2,6,4,10,3,2,2,4,4,4,3,1,,1,163,60,
2021-04-18 04:43:19,2021-04-18 05:20:06,0,84.7.38.190,100,2206,1,2021-04-18 05:20:06,R_1IWPgtkX9grZ9ii,,,,,45.1660003662109375,5.710205078125,anonymous,FR,1,1,,,,,,,,,,,,,,2,,,,,,,6,4,3,3,3,5,3,6,4,2,2,4,3,4,3,1,6,6,6,6,1,5,2,2,2,4,2,1,2,1,6,2,6,3,6,3,2,5,4,6,6,3,3,3,5,3,3,3,6,6,7,2,2,3,3,2,5,4,5,3,3,3,4,4,8,10,1,6,2,9,4,3,7,5,2,2,5,5,5,2,1,1,1,4,7,6,1,4,2,5,9,10,8,3,2,1,1,2,1,2,2,2,2,2,2,2,2,1,1,2,1,1,2,2,2,2,2,2,2,2,2,1,1,1,1,2,1,2,1,2,1,1,2,1,2,1,2,1,1,1,1,2,1,2,2,1,1,2,2,1,2,1,1,2,1,2,1,2,1,2,1,2,2,1,2,2,2,2,1,1,2,2,2,2,2,,1,4,,1,,,,,,,,,3,4,,1,13,,,,,,,,,,3,1,13,1,,1,,5,,3,3,2,1,,1,,4,4,1,1,,7,,,3,5,,,1,,1,4,,13,,13,,4,,13,,,13,,,,,13,1,,,,,,8,7,1,2,,7,,,,5,6,2,,7,,,8,,,,,2,,,,2,,,2,,2,4,3,4,2,4,2,3,2,5,3,4,2,4,2,4,3,5,2,2,2,2,4,2,5,3,4,3,4,2,2,3,4,4,4,2,4,2,3,2,3,3,2,2,3,5,5,4,5,5,3,3,2,2,2,2,2,3,3,6,5,5,5,4,3,5,3,2,2,2,2,4,4,2,2,3,3,3,4,4,4,5,4,5,3,5,2,3,4,2,4,4,2,2,2,2,4,4,2,5,2,2,1,6,5,5,1,1,2,5,2,5,7,4,4,2,4,2,7,2,2,7,2,3,2,2,2,5,5,5,3,6,4,2,3,3,4,4,9,8,10,10,8,9,8,11,9,8,9,8,10,11,11,11,8,,,,,,,,,,,,,,,,,,,,,,,,,,,,,,,,,,,,,,,,,,,,,,,,,,,,,,,,,,,1,2,,21,2,,1,11,5,5,,3,2,4,5,6,6,6,6,6,1,2,3,2,7,7,7,1,7,,1,160,38,56
2021-04-18 04:42:45,2021-04-18 05:25:15,0,80.214.150.205,100,2549,1,2021-04-18 05:25:15,R_2QQHD33faXXvxIP,,,,,45.7480010986328125,4.850006103515625,anonymous,FR,1,2,3,1,7,7,6,7,5,7,6,7,7,6,5,2,,,,,,,7,7,6,1,1,7,4,4,4,3,6,3,2,5,1,3,4,6,6,6,1,1,1,6,3,4,1,2,4,3,6,3,7,3,6,3,6,6,6,6,3,3,4,4,5,4,4,4,6,6,7,4,4,4,1,2,5,5,4,2,1,5,2,4,9,8,1,3,4,7,10,2,6,5,3,1,4,5,5,3,2,1,1,4,5,10,3,2,1,6,8,7,9,4,1,1,1,2,1,2,2,2,2,2,2,2,1,1,1,2,2,1,1,1,2,2,2,1,2,2,2,1,1,1,1,1,1,2,2,2,1,2,2,2,1,1,1,1,2,2,2,1,1,1,2,1,1,2,2,2,2,2,2,2,1,1,1,2,2,1,2,1,2,2,2,1,1,2,1,2,2,1,2,2,2,4,6,1,,1,,,,,,,,4,8,1,,,13,3,1,,,,3,,,,3,1,13,1,1,7,,,,3,,1,,1,4,1,3,,,,1,5,1,,4,2,,,,,,,,13,13,1,,,1,,4,,,,3,1,,13,2,,1,,,,8,5,1,,,3,5,,,1,,1,1,,1,,5,2,,2,1,1,,,,,,,2,,3,1,4,2,5,2,4,2,4,4,1,1,5,2,2,4,1,2,5,3,1,4,2,5,3,2,3,4,2,4,2,5,2,2,3,4,1,5,2,3,2,4,1,2,3,6,7,3,3,1,5,5,7,4,5,3,5,6,7,7,5,3,4,3,4,2,1,3,4,5,1,,2,4,5,2,2,2,1,1,1,2,7,,,,,,,,,,,,,,,,,,,,,,,,,,,,,,,,,,,,,,,,,,,,,,,,,,,,,,,,,,,,,,,,,,,,,,,,,4,6,7,3,1,7,7,4,1,7,5,7,7,7,3,6,3,7,7,1,4,1,6,7,6,1,1,1,2,1,1,7,4,4,1,1,9,10,9,7,8,11,8,9,9,12,12,11,2,2,4,2,1,1,5,3,4,2,1,1,,20,2,,2,,6,5,,1,5,7,7,1,5,6,6,5,10,5,4,5,6,5,5,1,7,,3,157,36,45
2021-04-18 04:48:55,2021-04-18 05:37:39,0,154.0.186.185,100,2924,1,2021-04-18 05:37:40,R_PzHlK5a9tutnoJj,,,,,0.3809967041015625,9.448699951171875,anonymous,FR,1,1,,,,,,,,,,,,,,2,,,,,,,3,1,1,2,3,3,1,1,4,3,3,4,6,3,3,2,5,1,1,1,4,4,4,2,4,4,2,4,2,3,3,2,1,1,2,2,4,6,4,7,3,1,1,1,7,1,1,1,3,4,4,2,2,1,5,3,3,3,3,3,3,5,5,4,1,7,4,8,10,9,5,6,3,2,5,5,5,5,4,4,5,5,3,4,6,10,5,8,1,7,4,3,9,2,2,1,1,2,2,1,1,2,2,2,2,2,2,1,1,1,1,1,1,2,2,1,2,1,2,2,2,1,2,1,2,2,1,2,1,2,1,1,2,1,1,2,2,2,2,1,1,1,1,1,2,1,1,2,1,1,2,1,1,1,1,1,1,2,1,2,1,1,2,1,2,1,1,2,2,2,2,2,2,1,2,,4,1,,,1,1,,,,,,,3,1,1,1,6,1,,,3,,4,,,,1,,1,,,1,,13,,1,1,1,1,5,,,,,4,13,1,13,6,,1,1,,13,3,,3,1,3,1,1,5,,1,,13,1,,1,,2,13,,1,,,,,1,,8,2,,1,,1,1,8,,3,8,1,,1,8,6,,,,,1,,,,,,,,2,,2,3,3,3,1,3,1,3,1,4,1,3,3,1,1,3,3,1,2,1,1,1,3,2,4,3,3,2,1,1,1,2,1,3,3,2,3,4,3,1,1,4,1,2,1,5,5,5,5,1,1,5,1,3,1,1,1,2,2,5,5,6,5,4,3,3,1,1,1,1,7,,,1,7,3,4,3,1,1,1,2,1,,,,,,,,,,,,,,,,,,,,,,,,,,,,,,,,,,,,,,,,,,,,,,,,,,,,,,,,,,,,,,,,,,,,,,,,,1,1,1,3,3,4,7,3,5,4,4,4,2,2,2,1,1,4,3,3,1,1,7,3,4,4,4,3,2,1,1,3,6,4,2,4,7,7,7,6,11,8,9,9,9,8,7,9,3,2,2,1,2,5,1,3,3,1,1,6,"Gabonaise ",25,2,,1,14,6,1,,2,4,4,4,4,3,4,3,1,1,4,4,4,4,4,4,3,2,,1,162,95,70
2021-04-18 05:18:28,2021-04-18 06:05:57,0,46.193.3.66,100,2848,1,2021-04-18 06:05:57,R_1ezo40SE08SlI1W,,,,,50.623992919921875,3.0511016845703125,anonymous,FR,1,1,,,,,,,,,,,,,,2,,,,,,,6,5,4,2,4,6,5,7,3,1,2,4,5,4,2,1,7,2,3,2,3,4,4,5,3,4,5,2,2,2,3,1,1,1,1,1,6,7,7,7,1,1,2,2,3,2,2,2,3,4,4,3,3,3,4,3,3,2,4,3,2,3,3,4,3,2,6,4,5,7,10,9,8,1,2,1,5,4,4,3,1,1,3,5,8,7,1,3,4,6,10,9,5,2,2,1,1,2,2,2,2,2,2,2,1,2,2,2,1,1,1,1,2,2,1,2,2,2,2,2,2,2,1,1,1,1,1,2,1,1,2,2,2,1,2,2,1,2,2,2,1,1,1,1,2,2,2,2,1,1,2,1,2,1,2,2,1,2,1,1,1,1,2,2,2,2,1,2,1,2,2,2,2,2,2,,1,1,,,,,,,,1,,,,1,1,1,13,,,3,,,,,,,,3,13,13,3,11,,6,1,,,2,2,,,5,,,,1,1,6,1,,,,,7,2,,1,,4,,,2,,2,1,13,2,,,,,5,,13,2,,,,,,8,3,4,1,,,,2,,2,7,1,2,,2,3,8,,,,,,,,,,,,2,,2,3,5,4,2,3,1,2,2,3,1,4,5,3,4,2,3,1,1,3,1,1,2,1,1,2,1,2,4,4,1,4,2,3,3,3,4,4,5,4,2,5,3,2,2,8,6,5,5,5,5,6,4,4,4,4,5,5,3,6,4,9,5,3,2,3,4,2,2,3,3,,,6,1,1,2,4,1,1,1,4,2,,,,,,,,,,,,,,,,,,,,,,,,,,,,,,,,,,,,,,,,,,,,,,,,,,,,,,,,,,,,,,,,,,,,,,,,,3,2,2,2,4,3,5,4,5,5,5,4,4,3,3,5,3,5,5,3,4,3,3,5,6,4,4,3,3,4,2,6,3,2,2,3,10,9,10,8,11,7,9,10,11,9,9,10,2,3,3,2,3,4,2,3,3,2,1,5,,18,2,,1,7,4,5,,4,2,4,4,5,5,4,4,3,10,1,1,1,5,5,4,2,2,,1,170cm,41,96kg
2021-04-18 05:36:25,2021-04-18 06:50:36,0,41.158.43.125,100,4451,1,2021-04-18 06:50:37,R_3DtjCmmzvtlusvE,,,,,0.3809967041015625,9.448699951171875,anonymous,FR,1,2,1,2,6,4,3,6,1,6,2,1,4,5,7,2,,,,,,,4,7,1,1,7,7,2,3,3,4,5,2,3,4,1,3,3,3,3,3,2,2,2,3,5,4,4,3,3,2,3,3,3,1,1,1,6,5,6,6,3,1,2,2,7,1,1,3,2,2,6,5,4,6,5,5,3,4,3,5,5,5,3,5,9,3,4,6,7,8,10,2,5,1,3,3,5,5,5,2,3,1,1,3,6,5,2,4,1,9,7,8,10,3,2,1,1,1,1,2,1,1,2,1,2,2,2,1,1,1,1,1,1,1,2,2,2,1,2,2,2,1,1,1,2,2,2,2,1,1,1,1,2,1,1,2,1,1,1,1,1,2,1,1,2,1,1,2,1,1,2,1,1,1,1,1,1,2,1,1,1,1,2,2,2,2,1,2,1,2,2,1,2,2,2,,4,7,4,1,,1,1,,1,,,,1,1,6,4,13,3,1,,,,3,,,,3,3,13,,,,,3,1,1,1,2,6,1,,5,4,4,1,1,,7,1,,3,4,,1,4,,3,1,7,1,5,5,,4,7,13,4,,,,,13,,4,1,,13,,,,8,5,,3,,1,3,3,,3,7,1,3,,8,1,1,,,8,2,,,,,,,2,2,,3,3,4,2,4,2,3,2,3,3,1,2,5,2,2,2,2,4,3,1,1,1,2,2,2,2,2,2,2,3,1,4,2,2,4,2,1,5,2,4,2,5,2,2,2,7,7,6,5,3,5,6,5,5,5,5,5,5,5,5,9,5,5,2,3,4,3,2,3,1,4,4,1,5,5,1,1,2,1,4,3,4,5,1,1,3,2,1,1,4,5,2,2,2,2,2,4,4,1,3,1,2,1,1,7,6,3,7,7,1,4,4,1,5,7,3,3,5,2,7,7,7,5,1,7,5,2,3,4,5,4,5,4,2,1,5,3,4,9,10,9,8,6,10,8,8,8,10,8,8,8,8,8,8,8,,,,,,,,,,,,,,,,,,,,,,,,,,,,,,,,,,,,,,,,,,,,,,,,,,,,,,,,,,,2,6,Afrique Centrale,25,2,,1,10,6,"1,2,5",,3,1,4,5,2,3,5,2,1,1,2,3,4,5,5,5,2,8,Chrétien croyant,3,1m78,44,72
2021-04-18 06:21:53,2021-04-18 07:01:43,0,197.20.194.201,100,2390,1,2021-04-18 07:01:44,R_3JsKaXxVeM2fF8V,,,,,36.399993896484375,10.61669921875,anonymous,FR,1,1,,,,,,,,,,,,,,2,,,,,,,5,7,1,1,1,7,4,5,6,2,4,2,2,5,2,3,4,1,1,1,6,5,6,1,7,2,5,3,3,3,5,3,1,1,1,2,3,5,3,6,5,3,1,2,6,1,1,1,2,3,5,6,7,7,5,5,2,2,3,4,1,1,1,4,2,3,6,7,4,5,10,9,8,1,5,3,3,2,2,3,1,1,1,2,4,5,2,7,3,6,10,9,8,1,2,1,1,1,2,2,2,2,2,2,2,2,2,1,1,2,2,1,1,2,1,2,2,2,2,2,2,1,1,1,1,1,1,2,1,1,2,2,2,2,2,1,2,2,2,2,1,1,1,1,2,2,2,2,1,1,2,1,1,2,2,2,1,2,2,2,1,1,2,2,2,2,1,2,1,1,2,2,2,2,2,,1,1,1,,,,,,,,,,1,1,,,13,3,,1,,,,,,,1,1,13,13,1,1,,2,1,,,1,,,1,,,,,1,1,9,1,,,,,1,1,,1,1,,,,1,,,,13,1,,,,,13,,1,1,,,,,,8,8,6,,,,,,,1,6,1,,,6,1,1,,,,,1,,,,2,,,2,,3,5,2,4,1,3,1,2,3,4,3,5,5,2,1,4,4,4,2,1,3,1,4,1,5,5,4,1,5,1,3,3,2,2,4,2,5,4,4,1,4,4,5,1,4,6,5,5,5,1,1,5,5,1,2,1,5,3,1,1,8,5,8,7,3,5,6,2,1,3,5,,,1,1,5,1,5,6,5,6,7,7,2,2,2,2,2,2,4,2,5,5,5,5,5,5,1,4,4,2,1,1,3,7,1,5,5,1,5,6,1,6,6,1,5,6,1,6,6,1,6,7,1,7,6,7,5,2,5,3,5,6,1,6,7,6,5,10,10,12,6,6,8,12,8,10,7,10,7,8,8,8,10,7,,,,,,,,,,,,,,,,,,,,,,,,,,,,,,,,,,,,,,,,,,,,,,,,,,,,,,,,,,,1,6,subsaharienne,20 ans,2,,1,14 ans,5,5,,3,1,6,6,2,7,3,7,5,10,6,4,2,7,7,7,4,8,déiste,1,1 mètre 78,40,
2021-04-18 08:30:14,2021-04-18 09:07:58,0,88.137.255.74,100,2264,1,2021-04-18 09:07:59,R_30pCjxz7jIpkjTm,,,,,44.7118988037109375,4.6262054443359375,anonymous,FR,1,1,,,,,,,,,,,,,,2,,,,,,,4,3,6,5,4,4,5,5,3,5,6,4,4,5,3,4,5,2,3,3,3,5,3,3,4,3,3,5,5,3,3,3,3,3,3,2,5,6,6,7,3,2,3,3,5,3,3,3,6,6,7,7,3,3,4,4,4,4,3,3,3,4,3,4,10,9,1,5,6,7,8,3,4,2,1,1,5,4,1,1,1,1,1,4,3,7,1,2,5,8,9,10,6,4,2,1,1,2,1,2,1,2,2,2,2,2,1,2,1,1,1,1,1,1,2,2,2,1,2,2,1,1,1,1,1,2,1,2,1,2,1,2,2,1,1,1,1,1,2,1,2,1,1,1,2,1,1,2,1,1,2,2,1,1,1,1,1,2,1,1,1,1,2,1,2,2,2,2,1,2,2,1,1,1,2,,4,1,,1,,3,,,,,,3,,3,3,3,13,1,1,,,,3,,,1,1,3,13,6,,3,,5,,1,,2,2,2,3,5,1,,1,,1,4,1,,2,2,,4,4,,,1,5,1,8,7,,1,13,13,3,,1,,,,,1,2,,3,1,1,,8,6,2,1,,1,2,3,,3,7,1,7,1,,2,1,2,,2,2,1,,,,,2,,2,,2,4,4,2,4,3,2,3,3,3,1,2,4,1,1,3,3,1,5,2,2,2,3,5,4,2,3,2,1,2,1,4,2,1,3,2,3,5,2,2,2,5,2,4,2,5,5,5,5,2,3,5,6,4,4,4,4,4,4,4,5,6,6,4,3,4,1,2,2,2,3,4,3,4,4,3,4,2,2,2,2,4,4,,,,,,,,,,,,,,,,,,,,,,,,,,,,,,,,,,,,,,,,,,,,,,,,,,,,,,,,,,,,,,,,,,,,,,,,,5,5,5,5,3,4,5,5,4,6,3,5,5,5,3,5,3,5,4,3,3,4,5,5,4,3,3,3,3,4,3,5,5,5,2,2,8,11,8,10,12,7,8,9,10,9,8,10,2,3,2,2,3,4,2,4,3,3,1,1,,20,2,,1,9,6,5,,2,4,4,4,3,5,5,5,4,1,2,2,2,4,4,4,2,2,,5,182,40,66
2021-04-18 15:10:21,2021-04-18 15:38:34,0,88.165.31.222,100,1693,1,2021-04-18 15:38:35,R_shCzN8N8z9L3ljb,,,,,45.2198944091796875,5.79010009765625,anonymous,FR,1,2,1,1,6,5,6,5,5,6,6,5,7,5,7,2,,,,,,,7,7,7,1,7,7,4,2,2,6,4,3,2,4,2,1,6,3,3,3,2,4,3,4,2,7,2,4,4,1,4,4,3,1,1,1,6,6,6,7,1,1,4,2,7,3,3,3,4,2,3,6,6,6,5,5,5,5,5,5,1,5,3,5,6,7,3,8,4,9,10,2,5,1,5,4,5,5,5,5,5,5,2,5,3,7,2,6,4,5,8,9,10,1,1,1,1,1,2,2,2,1,2,2,2,2,2,1,1,1,2,1,1,2,2,2,2,1,2,2,1,1,1,1,1,1,1,2,1,1,1,1,2,1,1,1,1,2,2,1,2,1,2,1,2,1,1,2,1,1,2,2,1,1,1,1,1,2,1,1,1,2,2,1,1,2,1,2,1,2,2,1,1,2,2,1,5,1,8,,,,1,,,,,,1,1,1,,13,1,,,,,3,,,4,1,1,13,9,1,9,,13,1,1,1,2,13,1,1,4,,,1,,1,,3,,3,3,,1,1,,,1,3,13,13,5,,3,3,13,,,13,1,,6,,1,2,,6,1,,,8,3,3,6,,6,6,4,,4,8,2,6,5,2,1,1,,,2,2,1,,,2,,2,,2,,5,1,2,3,4,2,4,2,2,1,1,2,4,1,3,2,2,3,3,4,2,2,2,2,1,1,2,2,3,2,1,5,3,1,1,3,2,4,3,4,2,5,2,1,1,7,8,7,4,4,6,8,8,7,6,8,6,6,6,6,8,6,7,1,1,1,2,1,5,1,7,4,3,1,1,1,1,1,1,1,1,4,7,3,1,1,1,1,1,5,5,2,1,1,2,2,4,4,1,4,1,1,2,2,6,3,1,3,1,1,7,4,4,7,2,1,7,3,7,7,2,1,2,1,4,3,1,4,6,1,6,6,6,6,3,4,3,4,8,9,8,7,6,9,9,9,7,11,8,10,7,7,7,10,9,,,,,,,,,,,,,,,,,,,,,,,,,,,,,,,,,,,,,,,,,,,,,,,,,,,,,,,,,,,1,2,,20,2,,1,14,6,5,,1,5,3,5,1,4,6,6,4,1,1,3,2,4,4,4,2,7,,3,173,41,85
2021-04-19 05:01:44,2021-04-19 06:04:29,0,154.112.6.189,100,3765,1,2021-04-19 06:04:30,R_1OPmIUIyHI6El8A,,,,,0.3809967041015625,9.448699951171875,anonymous,FR,1,3,1,1,4,7,6,7,3,7,4,7,7,7,7,1,1,3,7,1,7,1,7,7,7,1,1,7,4,4,2,1,4,7,4,1,4,3,5,4,6,1,4,2,4,2,6,6,3,4,7,7,2,7,2,1,3,1,7,7,7,7,3,2,2,2,6,1,1,1,3,3,7,6,2,2,5,5,4,3,1,1,1,5,5,4,5,1,6,7,8,9,10,4,2,3,4,3,4,2,3,2,5,5,5,4,3,4,5,10,9,8,7,1,2,6,2,2,1,2,2,1,2,2,2,2,1,2,2,1,2,1,1,1,1,2,2,1,2,1,2,1,1,1,1,1,1,1,1,1,1,1,1,1,2,1,1,1,2,1,2,1,2,1,1,1,1,1,1,1,1,1,2,2,1,2,1,1,1,2,1,2,1,1,2,1,1,1,1,2,1,2,2,1,2,2,2,,,6,,,1,,,,,1,,,2,,13,3,13,3,,,3,,2,,1,3,3,1,1,1,4,1,4,5,2,2,1,2,1,5,1,,4,,1,,5,13,5,4,3,4,2,13,1,,,3,,13,2,13,,2,,13,13,,1,3,1,7,,2,2,,13,,,,8,2,2,1,2,5,2,,,3,8,,,1,2,5,1,,,8,1,2,2,,2,,,,2,,3,2,3,2,5,2,4,2,2,2,1,1,1,2,1,3,3,3,4,2,2,4,1,5,1,1,1,1,1,1,3,5,2,2,3,5,2,2,2,1,3,1,3,4,2,9,5,8,5,5,3,5,9,7,7,5,5,5,5,4,9,9,5,1,3,2,1,1,6,2,6,4,1,1,1,2,6,2,4,4,3,4,2,,,,,,,,,,,,,,,,,,,,,,,,,,,,,,,,,,,,,,,,,,,,,,,,,,,,,,,,,,,,,,,,,,,,,,,,,4,4,4,4,3,7,6,1,6,3,5,4,4,4,6,6,6,7,3,4,3,6,2,2,3,4,4,5,2,4,4,6,6,6,3,4,6,12,6,10,12,6,11,6,12,6,6,12,3,5,2,2,3,3,1,3,3,5,1,5,,50,1,19,1,22,6,1,,3,1,1,4,7,4,2,7,4,2,,1,1,2,1,2,2,2,,9,172,43,125
2021-04-18 17:43:22,2021-04-19 07:50:15,0,176.132.125.113,100,50813,1,2021-04-19 07:50:16,R_RIYFSxg8kY9gxCF,,,,,43.12420654296875,6.1251983642578125,anonymous,FR,1,1,,,,,,,,,,,,,,2,,,,,,,5,4,7,2,2,7,7,4,1,4,4,3,3,5,3,3,5,3,5,5,5,2,4,3,5,4,2,5,3,3,4,3,3,1,2,2,7,7,7,7,2,2,1,3,7,1,1,2,2,2,2,7,7,5,5,5,3,2,4,5,4,5,5,4,2,3,4,10,7,6,9,5,8,1,1,5,5,5,2,5,5,5,1,5,4,7,3,5,8,9,6,2,10,1,2,1,1,1,2,2,2,1,2,2,2,2,2,1,1,1,2,1,1,1,1,2,2,2,2,2,2,1,1,1,1,1,1,2,1,1,1,1,2,1,2,2,1,1,2,1,1,1,1,1,2,1,1,2,1,1,2,1,2,1,1,1,1,2,1,2,1,1,2,2,2,2,1,2,1,2,2,1,2,2,1,,3,1,2,,,,1,,,,,,3,1,1,,13,1,2,2,,,,,,,2,3,13,4,2,6,,3,2,3,2,2,2,,,2,2,,2,2,2,13,2,,3,4,,6,2,,4,,3,2,2,13,,2,,13,2,,,,,2,,2,2,,3,,,2,8,4,2,1,,1,1,3,,5,6,1,,,1,5,1,,,3,,,,,,,,,2,,2,3,5,3,2,3,3,1,2,4,2,2,3,2,2,4,3,3,4,2,2,2,3,2,3,3,2,1,3,2,3,5,2,2,4,3,2,2,2,2,3,3,3,4,5,9,6,5,6,3,1,5,5,5,1,1,1,5,5,3,9,4,4,3,3,2,4,1,2,1,5,,,1,1,2,2,2,2,2,2,,2,,,,,,,,,,,,,,,,,,,,,,,,,,,,,,,,,,,,,,,,,,,,,,,,,,,,,,,,,,,,,,,,,,,,,,,,,2,4,2,2,1,3,3,3,4,6,4,5,5,3,3,1,3,4,7,4,6,3,5,7,6,4,4,3,4,4,2,5,6,7,2,4,7,6,6,7,9,7,7,7,9,7,7,9,1,2,4,2,3,3,4,4,3,3,1,6,Africaine,27 ans,2,,1,15 ans,7,3,,3,4,6,5,4,5,7,7,3,1,4,4,3,4,3,3,,3,,1,1m58,38,57kgs
2021-04-19 11:14:10,2021-04-19 12:14:02,0,91.166.252.25,100,3592,1,2021-04-19 12:14:02,R_UPJciYd6AQz7k2J,,,,,47.64300537109375,6.8556976318359375,anonymous,FR,1,4,1,1,7,6,6,6,3,6,3,4,4,5,7,2,,,,,,,6,4,2,2,4,4,3,3,3,4,5,3,3,5,1,1,5,5,5,3,2,1,1,5,3,3,1,2,2,4,5,2,3,3,3,1,7,7,7,7,1,1,2,2,6,2,3,2,4,4,4,4,5,5,3,3,5,5,5,5,4,4,5,5,9,10,4,6,5,7,8,3,2,1,3,3,5,5,5,5,5,5,5,5,9,10,4,6,5,7,8,2,3,1,2,1,1,1,1,2,2,1,2,2,2,2,2,1,1,2,2,1,1,1,1,1,2,1,2,2,1,1,2,1,1,1,1,2,1,1,1,1,2,1,2,2,2,1,1,1,2,1,2,1,2,1,1,2,1,1,2,2,2,2,1,1,1,2,1,1,1,1,2,1,2,1,1,2,2,1,2,1,1,2,2,,1,1,1,1,,,1,,,,,,1,1,,,13,3,1,1,3,,3,,,1,1,,1,1,1,1,,5,1,1,2,2,1,,,,1,1,1,,1,,1,,3,4,,1,1,,,,,13,5,13,,6,13,13,2,,2,,1,1,,2,,,1,1,,,8,1,1,1,,7,2,,,3,6,1,6,1,1,1,,,,1,,,,,,1,1,,2,,4,2,3,4,2,2,4,2,3,5,1,1,4,2,2,1,2,2,2,2,2,3,4,4,4,2,3,3,2,1,4,4,3,4,4,4,2,4,3,1,2,1,1,1,5,4,3,3,3,3,3,4,3,2,2,4,4,4,4,3,3,2,2,2,4,5,3,6,3,2,3,4,3,1,7,1,1,2,3,4,3,4,7,5,5,4,1,1,1,5,1,5,5,1,1,1,5,5,1,1,1,1,2,1,4,6,1,1,2,1,5,7,1,2,6,2,4,4,1,1,3,1,2,1,5,3,3,2,5,5,5,1,6,2,2,4,2,4,9,9,6,9,10,9,9,9,9,9,9,9,9,9,9,9,9,,,,,,,,,,,,,,,,,,,,,,,,,,,,,,,,,,,,,,,,,,,,,,,,,,,,,,,,,,,2,2,,28,2,,1,6,7,1,,4,6,6,6,2,2,2,2,2,4,1,3,4,4,4,4,3,2,,6,"1,70",42,68
2021-04-19 11:40:40,2021-04-19 12:59:20,0,92.184.102.242,100,4719,1,2021-04-19 12:59:20,R_1Cfsjl0L4rwolDd,,,,,45.7480010986328125,4.850006103515625,anonymous,FR,1,1,,,,,,,,,,,,,,2,,,,,,,4,1,6,5,6,3,2,3,3,3,4,3,1,1,1,1,6,3,4,3,1,1,1,1,1,1,1,1,2,1,6,2,4,1,3,2,6,6,6,6,1,1,6,6,1,4,4,4,4,4,6,2,2,2,2,2,4,5,5,4,4,4,1,4,10,9,2,1,3,6,5,4,8,7,1,1,5,5,4,3,3,3,1,3,8,9,1,2,3,7,5,6,10,4,2,1,1,2,2,2,2,2,2,2,2,2,2,2,1,1,2,1,1,1,2,1,2,1,2,2,1,1,1,1,1,1,1,2,2,1,2,1,2,2,2,1,2,2,2,1,2,1,2,1,2,2,2,2,1,2,2,2,2,2,1,1,1,2,1,1,1,2,2,1,2,2,1,2,2,2,2,2,2,2,1,,1,1,,,,,,,,,,,,7,1,,13,1,1,,1,,1,,,1,1,1,13,1,1,13,,,1,,1,2,,,1,,,,1,,1,,1,,,,,1,,,,,,3,1,13,,1,13,13,,,6,,,1,,2,,,,,,3,8,2,2,,,2,2,,,3,8,2,5,2,2,2,,,,,,2,,,,,,,2,,1,3,3,3,3,2,2,2,2,4,1,2,5,2,2,1,2,2,2,2,1,1,2,1,4,1,2,4,4,3,4,5,1,4,2,4,4,5,3,2,1,4,2,1,4,9,7,7,5,5,4,5,5,4,4,4,5,4,4,6,3,5,6,3,3,3,5,3,3,1,3,4,5,5,7,2,1,4,1,3,2,2,7,,,,,,,,,,,,,,,,,,,,,,,,,,,,,,,,,,,,,,,,,,,,,,,,,,,,,,,,,,,,,,,,,,,,,,,,,1,1,1,1,1,1,4,2,4,4,4,4,4,4,4,4,2,4,4,4,4,4,4,4,4,4,4,4,4,4,4,4,4,4,4,4,10,8,8,9,7,8,9,9,8,8,8,10,4,2,5,2,2,2,4,2,1,1,2,1,,27,2,,2,,7,1,,3,1,1,3,6,5,1,7,6,2,1,4,2,1,2,2,3,7,,1,183,42,78
2021-04-19 11:13:02,2021-04-19 13:03:51,0,92.145.83.128,100,6649,1,2021-04-19 13:03:52,R_VHXEZgn3ZCAEoJH,,,,,45.1537933349609375,5.7628936767578125,anonymous,FR,1,4,1,1,2,3,5,2,1,7,4,2,6,7,7,2,,,,,,,7,7,7,1,1,7,7,3,5,4,5,3,3,5,1,3,7,4,6,6,4,4,4,5,2,3,2,5,4,3,5,3,5,4,5,1,6,6,7,7,1,1,4,3,6,4,3,3,1,1,2,6,3,5,5,4,4,3,4,2,1,5,2,5,5,2,4,7,6,8,10,1,9,3,4,4,5,5,5,3,4,4,1,4,2,8,1,5,6,9,3,7,10,4,2,1,1,1,1,2,1,2,2,2,2,2,2,1,1,1,1,1,1,1,2,2,2,1,2,2,1,1,1,1,1,1,1,1,1,2,2,1,2,1,1,1,2,1,1,1,2,1,1,1,2,1,1,2,1,1,2,1,1,2,1,1,1,2,2,2,1,1,2,2,2,2,1,2,1,1,2,1,2,1,2,,1,1,13,1,,1,,,,,,,1,4,1,3,13,2,2,,,,2,,,2,4,2,13,2,4,7,3,4,,,2,2,2,2,2,,2,3,2,,2,3,2,,13,5,,3,3,,3,2,,6,6,13,,,,13,2,,,,,2,,2,3,,13,,2,,8,5,1,1,,2,2,,,3,7,2,,,1,2,1,,,6,2,1,,,,1,,,2,,2,3,3,1,3,3,3,2,4,4,2,3,4,1,1,1,2,2,5,4,2,2,2,4,3,2,2,3,2,2,3,5,2,2,3,2,3,4,2,2,2,3,2,3,3,9,7,8,5,4,3,9,6,5,5,5,5,5,3,7,5,7,3,3,2,3,3,3,3,2,2,7,2,1,1,2,2,2,3,3,3,5,7,5,5,5,3,3,2,4,3,5,2,1,1,1,5,5,5,5,1,5,4,4,7,7,1,1,1,4,1,7,1,4,4,1,4,4,6,6,1,4,6,7,4,1,3,3,7,4,4,4,4,7,4,6,6,4,8,11,11,8,8,10,11,9,11,10,10,8,10,7,7,9,7,,,,,,,,,,,,,,,,,,,,,,,,,,,,,,,,,,,,,,,,,,,,,,,,,,,,,,,,,,,2,1,,26,2,,1,11,7,1,,3,3,4,6,5,4,1,3,3,3,1,3,3,2,2,2,3,2,,6,171 cm,"40,5",92
2021-04-19 12:27:09,2021-04-19 13:06:09,0,78.236.44.220,100,2340,1,2021-04-19 13:06:10,R_A4EnhJSSXUdAEut,,,,,44.9600982666015625,5.7451934814453125,anonymous,FR,1,2,1,1,7,3,4,3,3,3,3,4,6,6,7,2,,,,,,,2,5,2,3,4,4,3,4,3,3,2,3,4,6,1,1,7,1,2,1,5,5,5,3,2,1,4,1,1,1,7,1,2,1,1,1,7,7,6,7,1,1,2,2,7,2,2,2,3,1,3,5,5,5,3,4,2,1,4,3,2,5,5,5,6,5,8,10,1,7,9,4,3,2,2,3,2,1,5,3,2,4,5,5,6,5,8,10,1,7,9,4,3,2,2,1,1,1,1,2,2,2,2,2,2,2,1,1,2,2,2,1,2,2,2,2,2,1,2,1,2,1,1,1,1,1,1,2,1,2,1,1,2,1,2,1,2,1,2,2,1,1,2,1,2,2,2,2,2,2,2,1,2,2,1,1,1,2,2,1,1,2,2,1,2,2,1,1,2,2,2,2,2,1,2,,1,1,1,1,,,,,,,,3,3,,,,13,,,,,,3,,3,,3,3,1,3,3,3,,13,,3,1,2,1,,3,,2,,,1,1,,1,,,,,,,,2,,,1,8,13,,,1,9,,,13,,,1,1,2,,,,,1,,8,2,2,3,,2,8,,,2,5,,5,8,2,,,8,,,,1,,,,,,,2,,5,2,3,4,2,2,2,1,5,5,1,2,5,1,1,3,2,5,5,1,1,3,5,4,5,2,2,1,1,1,1,5,3,2,4,3,5,4,3,1,3,4,4,4,2,4,4,3,3,2,2,3,4,3,1,1,2,2,3,2,4,3,3,1,1,2,1,2,1,3,3,7,3,1,3,2,5,6,5,6,6,3,7,,,,,,,,,,,,,,,,,,,,,,,,,,,,,,,,,,,,,,,,,,,,,,,,,,,,,,,,,,,,,,,,,,,,,,,,,1,1,1,1,1,1,3,2,5,6,7,4,3,2,1,1,1,5,3,2,1,3,2,5,1,3,3,3,2,3,3,5,5,5,3,3,7,8,6,10,9,6,11,6,9,7,6,12,5,1,5,1,2,4,1,3,1,1,1,1,,23,2,,2,,7,"2,5",,4,1,2,3,7,3,2,2,3,10,1,1,1,4,4,4,2,7,,2,173,41,60
2021-04-20 01:33:20,2021-04-20 02:16:06,0,90.112.18.3,100,2565,1,2021-04-20 02:16:07,R_3fpJwCXPqvQ4j5L,,,,,45.2198944091796875,5.79010009765625,anonymous,FR,1,1,,,,,,,,,,,,,,2,,,,,,,5,3,5,5,5,3,4,5,5,3,3,5,4,4,2,3,6,5,6,5,3,2,2,6,3,5,4,3,3,3,5,3,6,3,4,2,6,7,7,6,1,1,5,5,3,5,5,5,5,5,5,3,3,3,2,2,4,4,4,2,3,4,1,5,8,7,2,5,6,9,4,3,10,1,2,2,4,4,3,2,3,4,1,5,8,7,2,3,6,9,5,4,10,1,2,1,1,2,1,2,2,2,2,2,2,2,2,1,1,1,2,1,1,1,2,2,2,1,2,2,1,1,1,1,1,1,1,2,1,2,1,1,2,1,1,2,2,1,2,2,1,2,1,1,2,2,2,2,2,1,2,2,1,1,2,2,1,2,1,1,1,1,2,2,2,2,1,2,2,1,2,2,2,2,2,,1,1,,1,,,,,,,,,1,1,13,,13,1,1,,,,2,,,1,1,1,3,1,4,1,,3,,1,3,1,10,1,,,4,,,1,,3,3,,,,,,1,,,1,4,,,4,,1,1,6,5,,,,,1,,1,,,,,,,8,2,1,3,,,,3,,3,3,1,1,,1,,,,,,2,,,,,1,,,2,,3,2,4,3,4,4,2,2,2,4,4,2,5,2,3,4,2,2,4,2,3,2,3,3,2,4,4,3,2,2,4,4,2,4,4,3,4,3,2,4,4,4,2,2,4,2,5,5,6,8,7,2,6,8,7,8,6,6,5,3,3,2,8,4,2,2,3,2,2,2,3,4,4,7,2,2,3,3,2,3,3,2,2,5,5,5,5,5,5,1,5,5,1,1,1,1,5,5,1,5,1,5,3,6,6,6,3,2,2,5,5,6,2,2,2,4,4,2,7,5,5,6,4,5,4,2,3,4,5,3,4,2,4,5,5,3,5,5,8,11,11,9,8,11,12,9,11,7,9,8,9,10,9,11,11,,,,,,,,,,,,,,,,,,,,,,,,,,,,,,,,,,,,,,,,,,,,,,,,,,,,,,,,,,,1,4,,23,2,,1,"8 ans ",7,5,,3,3,5,5,5,2,3,4,4,10,2,2,2,4,4,4,2,5,,1,"1,75",39,56
2021-04-20 02:20:43,2021-04-20 02:50:07,0,46.193.4.101,100,1763,1,2021-04-20 02:50:07,R_3shU6LC7uRu61Ub,,,,,45.1537933349609375,5.7628936767578125,anonymous,FR,1,1,,,,,,,,,,,,,,2,,,,,,,5,5,3,3,3,5,5,4,5,4,5,4,3,5,3,3,5,3,3,1,3,5,3,3,4,5,3,3,3,3,5,3,2,1,1,5,5,6,5,7,4,4,4,3,4,5,5,3,5,3,4,5,5,5,3,3,4,4,4,4,2,2,1,3,7,2,3,5,1,4,9,8,10,6,2,2,4,4,4,2,2,2,1,4,6,5,2,3,1,7,8,9,10,4,1,1,1,2,2,2,2,2,2,2,2,2,2,2,1,1,1,1,1,1,1,2,2,2,2,2,2,1,1,1,1,1,1,2,1,2,2,2,2,1,1,2,1,1,2,2,1,1,2,1,2,1,1,2,1,1,2,2,1,2,1,1,1,2,2,1,1,2,2,1,2,2,1,2,1,2,2,1,2,2,2,1,3,1,,,,,,,,,,,,1,1,1,13,1,1,1,,,,,,,1,1,10,8,1,6,,8,,,,1,1,1,,3,1,,,1,1,,1,,5,3,,1,1,,,3,,13,13,12,,,1,13,,,1,,,1,,13,2,,1,,,,8,4,4,6,,8,8,,,3,8,1,1,1,1,1,8,,,1,2,,,,,,,,2,,3,4,2,2,2,2,2,2,4,4,1,3,4,2,2,1,3,5,3,2,2,2,2,2,2,2,3,1,1,2,1,2,3,3,4,4,4,4,2,2,2,4,2,2,2,5,5,5,3,3,3,3,7,5,5,3,5,6,6,5,7,4,6,4,3,3,3,3,4,5,6,7,3,3,3,3,4,6,3,4,4,6,7,,,,,,,,,,,,,,,,,,,,,,,,,,,,,,,,,,,,,,,,,,,,,,,,,,,,,,,,,,,,,,,,,,,,,,,,,4,4,4,4,4,4,4,4,4,4,4,4,4,4,4,4,4,4,4,4,4,4,4,4,4,4,4,4,4,4,4,4,4,4,4,4,10,8,10,10,10,8,8,10,11,9,9,9,2,2,4,2,2,4,2,2,2,2,1,3,,23,2,,2,,6,5,,1,5,5,7,2,5,3,6,4,1,7,6,7,3,4,5,2,2,,1,173,38,55
2021-04-20 02:55:12,2021-04-20 03:13:53,0,46.193.4.101,100,1121,1,2021-04-20 03:13:54,R_ykmbqJrsGH54vYt,,,,,45.1537933349609375,5.7628936767578125,anonymous,FR,1,1,,,,,,,,,,,,,,2,,,,,,,2,2,5,3,3,4,4,3,3,5,5,3,3,5,3,2,5,5,5,5,3,2,2,5,3,2,2,2,2,2,5,2,5,2,5,3,5,5,5,7,3,3,4,3,5,5,5,3,5,3,6,3,3,3,2,3,3,3,3,4,3,2,2,3,7,6,4,3,2,1,9,10,8,5,3,2,4,5,5,4,4,4,2,2,9,8,3,2,1,6,4,5,10,7,2,1,1,2,2,2,2,2,2,2,2,2,2,1,1,2,2,1,2,1,2,2,2,1,1,2,1,1,1,1,1,1,1,2,1,2,1,2,2,1,1,1,1,1,1,2,2,1,2,1,2,1,1,2,1,2,2,2,2,2,1,1,1,2,2,1,1,1,2,2,2,1,2,2,1,2,2,2,2,2,2,,1,1,,,,,,,,,,,1,1,,,13,,1,,,,1,1,,1,3,3,1,1,1,1,,6,,1,,2,1,1,1,1,1,1,,,1,,1,,1,1,,1,,,,,,1,6,7,,,1,13,3,,,,1,,,13,1,,,,,,8,1,1,1,,1,3,,,2,8,1,1,,,1,8,,,,2,2,,,,,,,2,,2,2,2,2,4,4,4,4,2,2,2,2,3,3,2,4,2,3,2,4,2,4,2,3,3,3,2,4,3,3,3,3,3,3,2,3,2,3,4,3,3,3,2,3,3,7,6,6,6,6,3,4,5,5,5,5,5,5,5,5,5,5,5,5,4,4,4,4,5,3,3,4,4,4,5,3,3,3,3,3,4,4,4,2,2,2,2,2,2,5,2,2,4,3,4,4,2,2,3,2,3,1,4,4,4,4,2,2,2,2,2,6,2,3,5,2,3,5,5,4,5,3,2,3,5,3,5,4,4,6,5,6,5,5,4,4,4,4,9,9,10,9,8,9,10,8,10,9,9,8,9,10,8,10,10,,,,,,,,,,,,,,,,,,,,,,,,,,,,,,,,,,,,,,,,,,,,,,,,,,,,,,,,,,,2,1,,25,2,,2,,7,1,,3,3,4,4,5,3,3,3,3,3,3,3,2,4,4,4,3,7,,1,180,42,72
2021-04-20 03:59:33,2021-04-20 04:20:07,0,46.193.4.101,100,1233,1,2021-04-20 04:20:07,R_tDpxg2vahd9QaIh,,,,,45.1537933349609375,5.7628936767578125,anonymous,FR,1,1,,,,,,,,,,,,,,2,,,,,,,3,3,5,5,5,3,5,5,4,3,3,5,3,5,2,2,7,6,6,6,2,2,2,6,2,1,1,1,2,1,6,3,6,3,6,2,7,7,7,7,1,1,4,3,5,4,4,3,4,4,5,3,3,3,3,3,5,5,5,3,4,5,4,5,6,9,5,7,1,10,3,4,8,2,3,3,5,5,5,2,2,2,3,4,10,9,1,4,5,7,6,3,8,2,2,1,2,2,2,2,2,2,2,2,2,2,2,1,1,1,2,1,2,2,2,1,2,1,1,2,1,1,1,1,1,1,1,2,1,2,2,1,2,1,1,2,2,1,1,2,1,1,1,1,2,1,1,2,2,2,2,2,2,2,1,1,1,2,1,1,1,1,2,1,2,2,1,2,1,1,2,1,2,2,1,,1,,,,,,,,,,,,1,1,1,,13,,,,3,,1,1,,1,1,1,1,1,1,4,,11,,,3,2,1,1,,,3,1,,1,1,1,1,,1,1,,,,,,,,1,5,7,,3,1,13,3,,13,,,1,,13,2,,13,,,1,8,1,1,1,,1,4,,,3,8,1,2,8,2,,8,,,6,2,,,,,2,,,2,,4,2,4,4,5,4,4,2,2,2,2,3,5,2,4,5,2,2,2,4,4,4,4,4,2,4,3,5,4,3,4,5,2,2,2,4,1,5,2,4,4,2,2,3,4,7,6,6,6,5,5,8,6,3,3,3,6,6,6,8,4,5,5,4,4,3,5,3,3,1,2,4,4,3,2,1,1,1,1,1,1,4,7,,,,,,,,,,,,,,,,,,,,,,,,,,,,,,,,,,,,,,,,,,,,,,,,,,,,,,,,,,,,,,,,,,,,,,,,,4,4,4,2,4,1,4,4,4,4,4,4,3,3,3,4,3,4,4,4,5,3,6,7,7,4,5,4,3,4,4,4,3,3,4,4,10,7,10,7,7,7,7,11,12,9,6,10,4,2,4,1,1,2,4,2,1,1,1,1,,28,2,,2,,5,1,,3,3,3,4,6,3,3,4,4,2,2,2,2,5,5,6,2,7,,1,169,39,61
2021-04-20 04:23:26,2021-04-20 04:45:06,0,46.193.4.101,100,1300,1,2021-04-20 04:45:07,R_31nqbYMilC0zdnl,,,,,45.1537933349609375,5.7628936767578125,anonymous,FR,1,3,1,1,6,6,6,6,2,5,5,6,7,7,7,1,2,1,7,3,5,1,7,7,1,1,1,7,4,4,4,3,3,5,4,5,1,3,6,6,5,2,2,2,2,6,2,2,2,2,5,2,5,3,3,1,5,1,6,7,7,7,1,1,3,3,5,3,3,3,4,2,3,5,5,5,3,4,4,4,4,3,1,5,5,5,9,8,4,5,6,7,10,3,1,2,2,2,4,4,4,2,1,5,5,5,4,8,5,6,7,9,10,3,1,2,2,1,1,1,2,1,2,2,2,2,2,2,2,1,1,2,1,1,2,2,2,1,2,1,1,2,1,1,1,1,1,1,1,2,1,2,2,2,2,1,1,1,2,1,2,1,2,1,2,1,2,1,2,1,2,1,1,1,1,2,1,1,1,2,1,2,1,2,2,2,2,2,1,1,1,2,2,2,2,2,2,,10,1,1,,1,,,,,,,,1,1,,3,13,,,,1,,1,1,,1,1,1,1,1,1,1,,13,,,,2,1,1,1,,1,,1,,1,,1,,5,,1,,1,1,1,3,,13,1,4,,1,,13,,,,,,1,1,13,2,,,,,,8,1,1,1,,6,1,,,3,8,1,,,1,,8,,,,2,2,2,,,,,,2,,3,3,4,4,4,2,2,2,4,4,2,2,4,2,2,4,4,2,3,2,2,4,2,4,2,4,4,4,2,2,4,5,2,1,2,4,2,5,2,2,4,2,2,4,4,7,5,5,5,5,5,8,5,4,4,4,6,5,5,9,4,5,5,4,5,3,4,4,3,1,1,1,2,1,1,1,1,1,1,1,1,4,4,5,5,5,5,5,5,1,5,5,1,1,1,1,5,5,1,5,1,5,4,2,4,7,1,1,3,1,3,7,1,2,7,5,5,6,7,4,6,2,1,3,5,3,4,5,5,7,3,7,4,3,6,3,4,4,8,9,12,12,8,9,12,8,12,8,9,8,9,9,9,12,12,,,,,,,,,,,,,,,,,,,,,,,,,,,,,,,,,,,,,,,,,,,,,,,,,,,,,,,,,,,1,1,,30,1,27,1,28,7,2,,4,1,2,2,7,2,2,2,2,4,1,1,2,3,3,3,3,2,,7,168,39,60
2021-04-20 06:27:32,2021-04-20 06:47:11,0,46.193.4.101,100,1178,1,2021-04-20 06:47:11,R_3DBAidQvxZCjBJf,,,,,45.1537933349609375,5.7628936767578125,anonymous,FR,1,1,,,,,,,,,,,,,,1,3,3,5,4,4,2,3,3,6,3,5,5,4,4,3,4,5,5,3,5,3,5,5,4,4,3,3,5,3,5,3,5,4,6,5,3,4,5,4,3,4,3,5,5,5,6,3,4,5,3,3,5,5,4,6,4,5,3,2,4,2,4,4,4,4,3,3,2,3,3,8,5,2,3,4,7,6,10,9,1,2,2,4,4,4,3,2,2,4,5,9,10,4,5,6,7,8,3,2,1,2,1,2,2,2,2,2,1,2,2,2,2,2,2,1,2,2,1,2,2,2,1,2,1,2,2,1,1,1,1,1,1,1,2,1,1,1,1,2,1,1,1,2,1,1,1,1,1,1,2,2,1,1,2,1,2,2,1,1,2,2,1,2,2,2,1,1,2,2,2,2,1,2,2,2,2,2,2,2,2,2,,1,,,,,,1,,,,,,,7,,,13,,,,1,,1,,,1,3,1,1,1,1,5,,13,1,1,1,1,1,1,1,,1,1,1,1,1,1,,,1,1,,1,,,1,1,,,5,,,,1,13,,,,,1,,,2,,,,,,,8,1,1,1,,,4,,,,8,4,1,,,1,,,,,2,2,,,,,,,1,3 ans,2,3,4,4,5,2,2,2,3,2,2,2,4,2,2,4,2,2,2,4,2,4,2,3,2,2,3,4,2,2,3,5,2,2,3,4,3,5,3,4,3,3,3,3,3,7,6,7,8,6,5,6,8,4,5,5,5,7,7,5,5,5,7,4,3,3,3,3,4,3,3,3,4,4,4,2,3,3,2,2,2,4,4,2,2,2,2,2,2,4,2,2,4,3,3,3,3,3,3,3,3,1,3,2,3,5,1,1,2,1,4,5,1,3,6,3,5,5,5,2,4,2,3,3,6,4,3,4,4,7,5,6,5,3,5,3,4,5,8,9,10,10,8,10,12,8,12,9,9,8,9,8,8,11,9,,,,,,,,,,,,,,,,,,,,,,,,,,,,,,,,,,,,,,,,,,,,,,,,,,,,,,,,,,,2,1,,32,1,27 ans,2,,7,1,,4,1,3,3,5,3,3,4,4,10,2,1,1,5,6,4,3,2,,1,187,43,73
2021-04-20 05:53:18,2021-04-20 07:08:46,0,79.95.39.145,100,4527,1,2021-04-20 07:08:47,R_337pJy5UjlhyS75,,,,,45.5673980712890625,5.9275054931640625,anonymous,FR,1,2,1,1,3,2,2,1,3,3,4,1,6,6,7,2,,,,,,,7,7,7,1,1,7,3,4,3,3,4,4,3,4,2,1,6,4,4,5,1,1,1,4,1,1,1,1,3,1,7,3,4,2,3,2,6,6,6,6,2,2,4,4,4,4,4,4,4,4,4,4,4,4,3,3,5,5,5,3,1,5,4,4,8,10,4,3,5,6,9,2,7,1,3,3,5,4,5,5,5,5,4,5,9,8,3,4,5,6,2,7,10,1,2,1,1,2,1,2,2,1,2,2,2,2,2,1,1,1,2,1,1,1,2,1,2,1,2,2,2,1,1,1,1,1,1,2,1,2,2,2,2,1,1,1,1,1,2,1,2,1,1,1,2,1,1,2,1,1,2,1,1,1,1,1,1,2,1,1,1,1,2,1,1,2,1,2,1,2,2,2,1,2,2,,5,1,,1,,,1,,,,,,6,4,13,,13,1,1,,1,,1,,,,1,1,13,6,1,8,,7,,,,2,1,5,3,1,1,,1,,1,7,1,,1,4,,1,1,,1,1,1,13,4,1,,13,1,13,1,,13,1,,1,,1,1,,,1,,,8,8,6,1,,8,3,1,,1,8,1,1,8,2,1,1,,,,1,1,,,2,,2,,2,,1,2,4,2,1,2,1,1,3,4,2,3,4,1,2,3,3,1,4,1,1,1,3,3,4,2,3,2,2,2,3,4,2,2,2,2,3,4,3,5,2,3,2,2,4,8,4,5,5,3,6,6,7,5,6,7,4,1,1,5,7,9,9,3,2,1,2,2,4,3,3,4,3,1,1,1,2,4,2,2,1,4,4,,,,,,,,,,,,,,,,,,,,,,,,,,,,,,,,,,,,,,,,,,,,,,,,,,,,,,,,,,,,,,,,,,,,,,,,,1,1,2,2,2,2,6,1,5,5,6,4,4,4,4,4,4,4,4,4,4,4,4,4,4,4,4,4,4,4,4,4,4,4,4,4,9,8,8,9,9,9,9,9,9,9,9,9,3,3,3,3,3,3,3,3,3,3,2,1,,22,2,,1,21,4,5,,2,3,5,5,4,6,7,7,5,10,3,5,5,4,4,4,3,2,,2,1.93,49.5,125
2021-04-20 07:35:51,2021-04-20 08:04:40,0,46.193.4.101,100,1729,1,2021-04-20 08:04:41,R_1JCNMCFQ22DxIIq,,,,,45.1537933349609375,5.7628936767578125,anonymous,FR,1,2,1,1,5,3,3,3,3,3,3,3,5,6,7,2,,,,,,,7,6,2,1,1,7,4,3,3,5,5,4,1,5,2,3,5,3,3,3,3,3,3,5,3,5,3,5,5,4,3,5,3,2,3,3,5,5,5,6,3,4,5,3,5,3,4,3,2,1,2,5,5,6,3,5,5,4,4,4,1,4,3,3,8,1,3,4,5,9,10,2,6,7,3,2,5,5,5,2,2,4,2,4,7,8,1,2,3,9,4,6,10,5,2,1,2,2,2,2,2,2,2,2,2,2,2,2,1,2,2,1,2,2,2,2,2,2,2,2,1,1,1,1,1,1,1,2,1,2,2,2,2,1,2,2,2,1,1,2,2,2,2,2,2,1,2,2,1,1,2,1,2,2,1,1,2,2,2,2,1,2,2,1,2,2,2,2,2,2,2,2,2,2,2,,7,,,,,,,,,,,,,9,,,13,,,,,,,,,1,1,3,13,1,1,9,,13,,,,2,1,,,,1,1,,,,,,,4,,,13,1,,1,,,13,1,,,,,13,,,13,,,,,2,,,,,,,8,8,1,1,,6,1,,,,8,4,,8,,8,,,,,,,,,,,,,2,,4,2,2,4,5,3,5,2,3,2,2,2,4,3,4,5,2,4,4,4,2,5,2,2,4,3,3,3,4,2,3,5,2,2,2,4,1,4,2,5,4,4,2,2,4,8,5,8,5,5,5,7,6,5,5,5,8,8,8,8,6,5,5,3,3,5,4,3,4,1,1,4,2,1,1,1,1,1,1,1,1,1,1,5,5,5,5,5,5,1,5,5,1,1,1,1,5,5,1,5,1,1,1,4,7,7,4,4,5,3,4,7,5,6,7,7,7,7,7,6,7,5,4,1,3,3,1,6,4,7,3,5,5,5,5,5,4,4,7,10,10,8,8,10,12,7,10,10,7,10,8,8,7,12,9,,,,,,,,,,,,,,,,,,,,,,,,,,,,,,,,,,,,,,,,,,,,,,,,,,,,,,,,,,,1,3,,22,2,,2,,6,5,,3,3,4,4,4,4,5,5,4,2,2,2,3,2,2,4,3,5,,5,172,38,57
2021-04-20 12:18:40,2021-04-20 13:02:00,0,88.165.31.222,100,2600,1,2021-04-20 13:02:01,R_8G01VoZsnpspFdf,,,,,45.2198944091796875,5.79010009765625,anonymous,FR,1,2,2,2,6,7,6,6,2,2,5,5,7,1,6,1,1,1,1,1,7,1,5,7,1,1,4,7,4,2,4,5,6,2,2,2,1,2,6,6,6,7,1,1,1,6,1,3,1,3,3,3,3,3,7,3,7,1,7,7,7,1,1,1,1,2,4,2,2,2,1,2,2,6,4,4,4,4,4,4,4,3,1,5,5,5,9,4,5,6,7,8,10,3,2,1,3,3,4,3,3,3,1,5,5,5,4,5,6,7,8,9,10,3,2,1,2,1,1,2,2,1,2,2,2,2,2,2,2,1,1,1,1,2,1,2,2,2,2,2,2,2,1,1,2,1,1,1,1,2,1,1,1,1,1,1,2,2,2,1,1,1,2,2,2,1,2,1,1,2,1,1,2,2,1,2,1,2,2,2,2,1,1,2,2,1,2,1,1,1,2,1,2,2,2,1,2,,4,12,,,2,,,,,,,,2,2,2,2,,2,,,,,,,,2,2,,6,2,2,4,,7,3,2,2,2,12,,,,7,6,2,,,,3,,3,3,,3,3,,,11,,13,,,,,3,13,,,13,,2,2,2,2,,,,,2,,,2,1,7,,8,,,,,7,1,1,8,1,2,,,,,,,,,,2,,,1,10 ans,2,2,3,2,2,3,4,2,3,5,3,2,5,1,1,3,3,2,3,1,2,4,4,4,4,3,2,2,2,3,3,5,1,2,5,4,2,4,2,2,3,2,2,4,4,9,5,5,2,1,5,9,5,9,5,5,5,5,5,5,6,2,2,4,3,4,3,2,2,5,1,1,1,7,2,2,2,3,3,4,4,4,4,,,,,,,,,,,,,,,,,,,,,,,,,,,,,,,,,,,,,,,,,,,,,,,,,,,,,,,,,,,,,,,,,,,,,,,,,5,5,5,5,2,3,6,4,5,6,1,4,6,4,6,3,3,6,7,1,2,5,6,6,6,1,1,1,1,1,1,7,6,6,1,1,7,7,8,8,10,8,7,7,9,9,9,9,2,2,3,2,2,1,2,2,2,2,1,2,,55,1,29,1,30,6,1,,3,3,5,6,4,6,6,6,6,1,6,4,4,4,4,4,3,2,,8,170,39,55
2021-04-21 01:42:00,2021-04-21 02:03:03,0,46.193.4.101,100,1262,1,2021-04-21 02:03:04,R_ROWLtujQRPdO6lz,,,,,45.1537933349609375,5.7628936767578125,anonymous,FR,1,2,1,1,5,5,5,5,5,5,5,5,6,5,7,1,1,1,7,2,6,2,7,7,1,1,1,7,5,5,3,3,3,3,2,5,3,3,5,5,5,3,3,1,1,6,3,2,1,6,7,1,2,6,4,1,4,1,7,7,7,7,1,1,4,3,4,3,3,1,1,1,3,5,4,4,4,5,5,3,3,3,1,5,5,5,6,5,4,7,8,9,10,2,1,3,3,3,5,5,5,3,4,5,2,5,8,7,1,3,2,9,5,6,10,4,2,1,2,2,2,2,2,2,2,2,2,2,2,1,1,2,2,1,2,1,2,1,2,1,1,2,1,1,1,1,1,1,1,2,1,2,1,2,2,2,1,1,1,1,2,2,1,1,2,1,2,1,1,2,2,1,1,2,2,2,1,1,1,2,2,2,1,2,1,2,2,2,2,2,1,2,2,2,2,2,2,,13,,,,,,,,,,,,1,1,,,13,,1,,1,,1,1,,1,1,1,1,1,1,1,,13,,1,,2,,5,4,1,1,,,1,1,,1,,5,1,,,1,3,,,,13,1,1,,,,13,,2,,,,,,1,2,,,,,,8,1,1,,,4,1,,,2,8,1,,,,,1,,,,1,1,,2,,,,,2,,3,3,5,1,5,3,4,1,3,3,2,3,5,2,3,4,3,4,2,3,2,4,2,3,3,3,4,4,4,2,3,5,2,2,3,4,2,5,2,4,4,2,1,1,3,6,6,7,5,5,5,9,5,5,5,5,5,5,6,9,5,5,5,5,3,4,4,4,4,2,2,2,2,1,1,2,2,2,3,3,2,4,7,3,3,3,3,3,3,3,5,3,1,1,2,2,5,5,2,4,2,2,4,3,4,7,1,1,7,1,3,7,1,4,7,1,4,7,7,5,7,2,3,1,2,5,1,5,4,7,2,7,3,2,6,5,4,4,8,9,12,9,8,9,12,8,12,9,9,6,9,9,9,12,10,,,,,,,,,,,,,,,,,,,,,,,,,,,,,,,,,,,,,,,,,,,,,,,,,,,,,,,,,,,1,1,,26,1,25,1,9 ans,5,2,,3,3,5,5,4,4,5,5,4,10,2,2,3,5,5,5,2,7,,6,167,38,58
2021-04-19 10:05:38,2021-04-21 04:09:12,0,92.157.52.254,100,151413,1,2021-04-21 04:09:13,R_2ttczKuCIA99knK,,,,,45.247100830078125,5.8285980224609375,anonymous,FR,1,1,,,,,,,,,,,,,,2,,,,,,,6,4,4,4,4,4,2,3,2,2,4,3,2,3,3,3,6,5,6,6,3,3,4,4,2,4,3,1,4,2,2,4,6,1,3,2,5,4,4,4,3,3,2,3,4,2,2,3,2,1,2,6,6,7,4,4,3,3,2,3,2,2,3,3,2,3,6,8,1,5,10,9,7,4,4,4,3,3,3,3,2,2,3,3,1,2,3,4,5,6,9,10,7,8,1,1,1,1,1,2,2,2,2,2,2,2,2,1,1,2,1,1,2,2,2,1,1,1,1,2,1,1,1,1,2,1,1,2,1,2,2,2,2,1,2,2,1,2,2,1,2,2,2,2,2,1,2,2,2,1,2,2,2,2,2,2,1,2,2,2,1,1,2,1,2,2,2,2,2,1,1,2,2,2,2,1,1,1,1,1,,,,,,,,,1,1,,1,1,,,,1,3,1,3,,3,2,3,1,,8,1,,1,,,,1,1,,,1,,,1,,,,,,3,,,,1,,,,,,,3,,,,13,3,,1,,,,,1,,3,,,,,7,1,,1,,,,,,3,8,2,,1,,,,,,,,,,,,1,,,2,,2,3,3,3,3,2,2,3,3,3,3,3,3,3,3,1,3,3,3,3,2,3,3,3,3,1,3,2,2,3,2,3,3,2,2,2,3,3,3,3,2,4,2,2,2,5,6,6,6,6,4,4,5,5,4,4,5,5,4,5,5,1,5,4,4,4,4,3,4,4,4,4,4,4,4,4,4,4,4,4,4,4,4,,,,,,,,,,,,,,,,,,,,,,,,,,,,,,,,,,,,,,,,,,,,,,,,,,,,,,,,,,,,,,,,,,,,,,,,,3,4,4,4,4,4,4,4,5,4,4,4,4,4,5,4,5,5,4,5,5,5,5,5,5,5,5,5,5,5,5,5,5,5,5,5,12,9,9,9,9,9,9,9,9,9,9,9,3,3,3,3,3,3,3,3,3,2,2,1,,28,2,,1,13,7,7,,3,2,4,4,2,2,2,3,2,3,6,4,4,4,4,4,3,8,,1,180,44,55
2021-04-21 04:06:03,2021-04-21 04:31:59,0,46.193.4.101,100,1555,1,2021-04-21 04:31:59,R_3LdVpJxjaUURTJt,,,,,45.1537933349609375,5.7628936767578125,anonymous,FR,1,3,1,1,5,5,5,5,5,5,5,5,7,7,7,1,2,2,7,3,5,1,7,7,1,1,1,7,4,3,2,6,6,1,1,7,1,4,4,7,7,6,2,2,2,6,5,6,4,7,7,4,2,7,4,3,4,3,6,7,6,7,3,3,3,2,6,2,2,2,1,1,1,7,6,5,3,5,4,3,3,4,1,5,3,3,7,3,5,8,9,6,10,1,4,2,3,4,4,3,3,4,1,5,5,5,8,7,5,6,9,4,10,3,1,2,1,1,1,2,2,1,2,1,2,2,1,2,2,1,1,1,1,1,2,2,2,1,2,1,1,2,1,1,1,1,1,1,1,2,1,2,1,1,2,2,2,2,1,1,1,2,2,1,2,1,2,1,1,1,1,2,1,1,1,2,1,2,2,2,2,1,1,1,2,1,2,2,1,2,2,2,2,1,2,1,2,1,2,2,,,1,,1,,,4,,,1,1,1,3,13,,,,1,,1,1,,1,1,1,1,1,4,1,,7,,1,1,2,,,,1,1,1,,,1,,3,,6,4,1,1,,1,1,1,,13,,,,,1,13,1,,13,,,1,,2,,,13,,1,,8,1,1,,,4,,,,,8,1,1,8,1,1,,,,6,,,2,,,,,,2,,2,1,5,1,5,2,5,1,1,1,1,1,5,1,2,4,1,1,3,4,1,5,1,5,1,1,1,5,1,4,1,5,1,1,1,5,1,5,1,5,1,4,1,2,1,7,7,9,8,6,5,7,8,6,6,6,6,6,6,8,8,5,5,4,2,1,1,3,5,3,3,2,2,1,4,2,2,2,2,2,2,2,4,,,,,,,,,,,,,,,,,,,,,,,,,,,,,,,,,,,,,,,,,,,,,,,,,,,,,,,,,,,,,,,,,,,,,,,,,7,7,7,7,7,3,7,7,1,7,3,7,7,7,7,7,7,7,7,1,3,2,6,6,6,2,2,1,1,2,2,6,3,4,1,1,9,6,10,8,8,7,7,11,12,9,6,10,1,3,3,1,2,3,2,2,4,4,2,1,,48 ans,1,29 ans,1,6 ans,7,1,,4,3,4,4,5,3,3,4,4,4,1,1,2,2,2,4,3,7,,9,184,44,80
2021-04-21 08:49:10,2021-04-21 09:10:03,0,46.193.4.101,100,1252,1,2021-04-21 09:10:04,R_33lkZDX9NL3Rksu,,,,,45.1537933349609375,5.7628936767578125,anonymous,FR,1,1,,,,,,,,,,,,,,1,4,3,5,3,5,3,4,3,5,3,3,4,3,5,3,3,3,3,3,5,1,3,5,7,7,7,1,1,1,4,5,1,2,4,5,1,3,4,5,3,7,4,5,5,5,7,3,3,4,3,5,3,3,2,1,1,3,5,6,6,3,5,5,5,3,3,3,3,3,5,10,2,3,4,5,9,6,7,8,1,3,3,4,3,3,3,2,4,4,5,9,8,4,6,5,7,10,3,1,2,2,1,2,2,2,2,2,2,2,2,2,2,2,2,1,2,2,1,2,2,2,1,2,1,1,2,1,1,1,1,1,1,1,2,1,2,1,2,1,2,1,1,2,1,2,1,2,1,2,1,1,1,1,1,2,2,1,2,2,2,1,1,1,2,2,2,1,2,2,2,2,2,2,2,2,2,2,2,2,2,2,,10,,,,,,,,,,,,,1,,,13,,,,1,,1,1,,1,1,1,1,1,1,9,,4,,1,,1,,1,1,,4,,1,,1,,1,1,1,1,1,,,1,,,,1,6,12,,,,13,,,,,,,,2,,,,,,,8,1,1,,1,1,2,,,3,8,1,,,,,,,,,2,2,2,,,,,,1,10,2,4,4,2,4,2,2,2,5,5,2,2,4,3,2,5,3,2,2,3,2,2,2,4,2,3,3,5,2,3,2,4,1,3,4,2,3,5,3,3,3,4,1,3,3,5,5,5,5,5,5,6,6,4,4,3,6,6,6,6,6,5,5,4,3,5,4,4,3,3,3,2,4,3,5,2,2,2,3,2,2,4,4,,,,,,,,,,,,,,,,,,,,,,,,,,,,,,,,,,,,,,,,,,,,,,,,,,,,,,,,,,,,,,,,,,,,,,,,,4,4,4,5,4,3,4,3,4,4,4,5,4,4,4,4,3,4,4,4,5,3,5,5,5,4,4,4,4,4,4,4,3,3,4,4,12,8,10,8,8,7,8,9,11,9,8,12,2,1,4,1,1,2,3,2,3,2,1,1,,41,1,20,2,,5,1,,3,3,4,4,5,3,4,4,4,2,2,1,1,2,2,2,3,7,,1,167,70,80
2021-04-21 10:25:44,2021-04-21 10:46:34,0,46.193.4.101,100,1250,1,2021-04-21 10:46:35,R_cA8VATIqhs3U5ln,,,,,45.1537933349609375,5.7628936767578125,anonymous,FR,1,1,,,,,,,,,,,,,,2,,,,,,,2,2,6,4,5,4,3,4,4,4,4,4,3,4,3,2,5,7,7,7,1,4,1,5,3,3,2,2,4,1,5,4,7,4,5,4,3,5,3,6,4,4,3,3,4,5,5,2,3,3,3,5,5,6,2,5,5,5,5,3,4,2,1,2,9,5,1,3,2,8,4,7,10,6,1,1,5,5,5,1,1,1,1,3,5,6,1,3,2,7,9,8,10,4,2,1,2,2,2,2,2,2,2,2,2,2,2,2,1,2,2,1,2,1,2,2,2,2,2,2,2,1,2,1,1,1,1,2,1,2,1,2,2,1,2,2,2,2,1,1,2,1,2,2,2,2,2,2,2,2,2,2,2,2,2,1,1,2,1,2,1,2,2,1,2,2,2,2,1,2,2,2,2,2,2,,6,,,,,,,,,,,,,13,,,13,,1,,,,,,,,3,,13,1,1,1,,8,,3,,2,13,,,,,1,1,,7,,,,,,,,,,,,,,5,4,,1,,6,,,13,,,,,13,2,,,,,,8,8,1,6,,,4,,,2,4,6,,8,,,8,,,,,,,,,,,,2,,4,2,2,3,5,2,5,2,1,1,2,1,5,3,3,5,1,2,3,5,3,5,1,2,1,2,1,3,3,4,3,5,2,2,2,5,1,4,2,5,3,4,1,3,4,5,5,5,7,6,7,5,5,5,5,7,7,8,8,6,5,5,8,4,3,3,3,4,4,3,3,4,4,4,5,2,1,3,1,1,1,1,7,1,1,1,1,1,1,5,3,1,4,2,3,3,3,3,3,3,3,1,3,2,3,4,1,1,4,1,4,6,1,4,5,1,5,5,5,2,6,1,1,2,7,4,4,4,5,7,7,4,7,1,4,5,4,4,7,9,12,7,6,9,12,7,12,9,8,9,7,6,6,12,12,,,,,,,,,,,,,,,,,,,,,,,,,,,,,,,,,,,,,,,,,,,,,,,,,,,,,,,,,,,2,1,,18,2,,2,,3,5,,4,2,3,3,5,4,4,4,4,4,1,1,1,5,5,5,3,7,,1,192,44,90
2021-04-15 06:14:37,2021-04-15 06:14:50,0,80.214.145.17,4,12,0,2021-04-22 06:14:53,R_1Fh9UkoPDvGzhVE,,,,,,,anonymous,FR,1,1,,,,,,,,,,,,,,,,,,,,,,,,,,,,,,,,,,,,,,,,,,,,,,,,,,,,,,,,,,,,,,,,,,,,,,,,,,,,,,,,,,,,,,,,,,,,,,,,,,,,,,,,,,,,,,,,,,,,,,,,,,,,,,,,,,,,,,,,,,,,,,,,,,,,,,,,,,,,,,,,,,,,,,,,,,,,,,,,,,,,,,,,,,,,,,,,,,,,,,,,,,,,,,,,,,,,,,,,,,,,,,,,,,,,,,,,,,,,,,,,,,,,,,,,,,,,,,,,,,,,,,,,,,,,,,,,,,,,,,,,,,,,,,,,,,,,,,,,,,,,,,,,,,,,,,,,,,,,,,,,,,,,,,,,,,,,,,,,,,,,,,,,,,,,,,,,,,,,,,,,,,,,,,,,,,,,,,,,,,,,,,,,,,,,,,,,,,,,,,,,,,,,,,,,,,,,,,,,,,,,,,,,,,,,,,,,,,,,,,,,,,,,,,,,,,,,,,,,,,,,,,,,,,,,,,,,,,,,,,,,,,,,,,,,,,,,,,,,,,,,,,,,,,,,,,,,,,,,,,,,,,,,,,,,,,,,,,,,,,,,,,,,,,,,,,,,,
2021-04-15 06:14:03,2021-04-15 06:15:27,0,81.220.42.13,11,83,0,2021-04-22 06:15:27,R_2pRBKSiehAY21jR,,,,,,,anonymous,FR,1,2,1,1,6,3,2,3,1,1,2,3,6,7,7,2,,,,,,,,,,,,,,,,,,,,,,,,,,,,,,,,,,,,,,,,,,,,,,,,,,,,,,,,,,,,,,,,,,,,,,,,,,,,,,,,,,,,,,,,,,,,,,,,,,,,,,,,,,,,,,,,,,,,,,,,,,,,,,,,,,,,,,,,,,,,,,,,,,,,,,,,,,,,,,,,,,,,,,,,,,,,,,,,,,,,,,,,,,,,,,,,,,,,,,,,,,,,,,,,,,,,,,,,,,,,,,,,,,,,,,,,,,,,,,,,,,,,,,,,,,,,,,,,,,,,,,,,,,,,,,,,,,,,,,,,,,,,,,,,,,,,,,,,,,,,,,,,,,,,,,,,,,,,,,,,,,,,,,,,,,,,,,,,,,,,,,,,,,,,,,,,,,,,,,,,,,,,,,,,,,,,,,,,,,,,,,,,,,,,,,,,,,,,,,,,,,,,,,,,,,,,,,,,,,,,,,,,,,,,,,,,,,,,,,,,,,,,,,,,,,,,,,,,,,,,,,,,,,,,,,,,,,,,,,,,,,,,,,,,,,,,,,,,,,,,,,,,,,,,,,,,,,,,,,,,,,,,,,,,,,,,,,,,,,,
2021-04-15 06:20:04,2021-04-15 06:20:18,0,81.185.166.26,4,14,0,2021-04-22 06:20:19,R_1r86ufSiSc0gjff,,,,,,,anonymous,FR,1,1,,,,,,,,,,,,,,,,,,,,,,,,,,,,,,,,,,,,,,,,,,,,,,,,,,,,,,,,,,,,,,,,,,,,,,,,,,,,,,,,,,,,,,,,,,,,,,,,,,,,,,,,,,,,,,,,,,,,,,,,,,,,,,,,,,,,,,,,,,,,,,,,,,,,,,,,,,,,,,,,,,,,,,,,,,,,,,,,,,,,,,,,,,,,,,,,,,,,,,,,,,,,,,,,,,,,,,,,,,,,,,,,,,,,,,,,,,,,,,,,,,,,,,,,,,,,,,,,,,,,,,,,,,,,,,,,,,,,,,,,,,,,,,,,,,,,,,,,,,,,,,,,,,,,,,,,,,,,,,,,,,,,,,,,,,,,,,,,,,,,,,,,,,,,,,,,,,,,,,,,,,,,,,,,,,,,,,,,,,,,,,,,,,,,,,,,,,,,,,,,,,,,,,,,,,,,,,,,,,,,,,,,,,,,,,,,,,,,,,,,,,,,,,,,,,,,,,,,,,,,,,,,,,,,,,,,,,,,,,,,,,,,,,,,,,,,,,,,,,,,,,,,,,,,,,,,,,,,,,,,,,,,,,,,,,,,,,,,,,,,,,,,,,,,,,,,,
2021-04-15 06:35:52,2021-04-15 06:36:34,0,37.171.59.171,4,42,0,2021-04-22 06:36:35,R_sin2SW6YWjDi4yB,,,,,,,anonymous,FR,1,1,,,,,,,,,,,,,,,,,,,,,,,,,,,,,,,,,,,,,,,,,,,,,,,,,,,,,,,,,,,,,,,,,,,,,,,,,,,,,,,,,,,,,,,,,,,,,,,,,,,,,,,,,,,,,,,,,,,,,,,,,,,,,,,,,,,,,,,,,,,,,,,,,,,,,,,,,,,,,,,,,,,,,,,,,,,,,,,,,,,,,,,,,,,,,,,,,,,,,,,,,,,,,,,,,,,,,,,,,,,,,,,,,,,,,,,,,,,,,,,,,,,,,,,,,,,,,,,,,,,,,,,,,,,,,,,,,,,,,,,,,,,,,,,,,,,,,,,,,,,,,,,,,,,,,,,,,,,,,,,,,,,,,,,,,,,,,,,,,,,,,,,,,,,,,,,,,,,,,,,,,,,,,,,,,,,,,,,,,,,,,,,,,,,,,,,,,,,,,,,,,,,,,,,,,,,,,,,,,,,,,,,,,,,,,,,,,,,,,,,,,,,,,,,,,,,,,,,,,,,,,,,,,,,,,,,,,,,,,,,,,,,,,,,,,,,,,,,,,,,,,,,,,,,,,,,,,,,,,,,,,,,,,,,,,,,,,,,,,,,,,,,,,,,,,,,,,
2021-04-15 06:45:27,2021-04-15 06:45:42,0,176.168.149.39,4,15,0,2021-04-22 06:45:43,R_3HLeB5KvRP5whZL,,,,,,,anonymous,FR,1,1,,,,,,,,,,,,,,,,,,,,,,,,,,,,,,,,,,,,,,,,,,,,,,,,,,,,,,,,,,,,,,,,,,,,,,,,,,,,,,,,,,,,,,,,,,,,,,,,,,,,,,,,,,,,,,,,,,,,,,,,,,,,,,,,,,,,,,,,,,,,,,,,,,,,,,,,,,,,,,,,,,,,,,,,,,,,,,,,,,,,,,,,,,,,,,,,,,,,,,,,,,,,,,,,,,,,,,,,,,,,,,,,,,,,,,,,,,,,,,,,,,,,,,,,,,,,,,,,,,,,,,,,,,,,,,,,,,,,,,,,,,,,,,,,,,,,,,,,,,,,,,,,,,,,,,,,,,,,,,,,,,,,,,,,,,,,,,,,,,,,,,,,,,,,,,,,,,,,,,,,,,,,,,,,,,,,,,,,,,,,,,,,,,,,,,,,,,,,,,,,,,,,,,,,,,,,,,,,,,,,,,,,,,,,,,,,,,,,,,,,,,,,,,,,,,,,,,,,,,,,,,,,,,,,,,,,,,,,,,,,,,,,,,,,,,,,,,,,,,,,,,,,,,,,,,,,,,,,,,,,,,,,,,,,,,,,,,,,,,,,,,,,,,,,,,,,,
2021-04-15 07:04:29,2021-04-15 07:05:49,0,46.193.4.101,4,79,0,2021-04-22 07:05:51,R_3GxhNqxXVHtY6uA,,,,,,,anonymous,FR,1,1,,,,,,,,,,,,,,,,,,,,,,,,,,,,,,,,,,,,,,,,,,,,,,,,,,,,,,,,,,,,,,,,,,,,,,,,,,,,,,,,,,,,,,,,,,,,,,,,,,,,,,,,,,,,,,,,,,,,,,,,,,,,,,,,,,,,,,,,,,,,,,,,,,,,,,,,,,,,,,,,,,,,,,,,,,,,,,,,,,,,,,,,,,,,,,,,,,,,,,,,,,,,,,,,,,,,,,,,,,,,,,,,,,,,,,,,,,,,,,,,,,,,,,,,,,,,,,,,,,,,,,,,,,,,,,,,,,,,,,,,,,,,,,,,,,,,,,,,,,,,,,,,,,,,,,,,,,,,,,,,,,,,,,,,,,,,,,,,,,,,,,,,,,,,,,,,,,,,,,,,,,,,,,,,,,,,,,,,,,,,,,,,,,,,,,,,,,,,,,,,,,,,,,,,,,,,,,,,,,,,,,,,,,,,,,,,,,,,,,,,,,,,,,,,,,,,,,,,,,,,,,,,,,,,,,,,,,,,,,,,,,,,,,,,,,,,,,,,,,,,,,,,,,,,,,,,,,,,,,,,,,,,,,,,,,,,,,,,,,,,,,,,,,,,,,,,,
2021-04-15 07:01:37,2021-04-15 07:06:24,0,86.200.39.6,13,286,0,2021-04-22 07:06:25,R_V3jGleECYAW1BYZ,,,,,,,anonymous,FR,1,2,1,1,7,7,5,7,3,7,3,7,7,7,7,2,,,,,,,7,7,1,4,4,7,6,4,1,5,6,5,2,4,1,,,,,,,,,,,,,,,,,,,,,,,,,,,,,,,,,,,,,,,,,,,,,,,,,,,,,,,,,,,,,,,,,,,,,,,,,,,,,,,,,,,,,,,,,,,,,,,,,,,,,,,,,,,,,,,,,,,,,,,,,,,,,,,,,,,,,,,,,,,,,,,,,,,,,,,,,,,,,,,,,,,,,,,,,,,,,,,,,,,,,,,,,,,,,,,,,,,,,,,,,,,,,,,,,,,,,,,,,,,,,,,,,,,,,,,,,,,,,,,,,,,,,,,,,,,,,,,,,,,,,,,,,,,,,,,,,,,,,,,,,,,,,,,,,,,,,,,,,,,,,,,,,,,,,,,,,,,,,,,,,,,,,,,,,,,,,,,,,,,,,,,,,,,,,,,,,,,,,,,,,,,,,,,,,,,,,,,,,,,,,,,,,,,,,,,,,,,,,,,,,,,,,,,,,,,,,,,,,,,,,,,,,,,,,,,,,,,,,,,,,,,,,,,,,,,,,,,,,,,,,,,,,,,,,,,,,,,,,,,,,,,,,,,,,,,,,,,,,,,,,,,,,,,,,,,,,,,,,,
2021-04-22 06:11:16,2021-04-22 07:09:32,0,176.167.206.89,100,3495,1,2021-04-22 07:09:32,R_3Db9M2YYCYrjgbF,,,,,43.338897705078125,3.2086029052734375,anonymous,FR,1,3,1,1,5,5,5,5,3,5,3,5,7,6,6,1,1,1,7,1,7,1,7,7,6,1,3,7,3,3,2,5,6,2,2,5,2,1,6,5,5,5,3,3,3,5,3,3,3,3,3,3,5,3,5,3,5,2,6,6,6,6,2,2,2,2,6,3,3,3,3,3,3,5,5,5,4,4,4,4,4,4,1,4,4,4,9,8,4,5,6,7,10,2,1,3,4,4,4,4,4,4,4,4,1,4,3,9,5,6,7,8,2,1,10,4,2,1,1,2,1,1,2,2,2,2,2,2,1,1,1,2,1,1,1,1,2,1,2,1,2,1,2,1,1,1,1,1,1,1,1,2,1,1,2,2,1,1,1,1,1,1,1,1,2,1,2,1,1,1,1,1,2,1,1,2,1,1,1,2,2,1,1,1,2,1,1,1,1,1,2,2,2,1,2,1,2,,13,1,,1,3,,,,,,,1,1,1,,1,13,1,3,,3,,1,,3,,3,1,1,1,1,3,1,3,,1,1,1,,1,3,8,1,1,1,1,1,,1,,5,5,3,1,1,,1,3,,13,13,13,,,1,13,4,,1,13,1,1,1,1,,,6,,1,,8,1,1,,,4,3,,,3,8,1,1,1,1,1,,1,,2,1,1,1,,1,,,,2,,4,5,4,2,2,2,2,2,2,4,2,4,4,2,2,2,4,4,4,2,2,2,4,4,4,2,4,2,2,2,2,4,3,2,3,4,4,4,2,4,2,4,2,4,2,6,6,5,6,6,4,6,6,5,4,5,4,5,5,5,6,5,5,3,3,3,3,3,3,4,3,3,3,6,3,3,3,3,3,3,3,4,4,,,,,,,,,,,,,,,,,,,,,,,,,,,,,,,,,,,,,,,,,,,,,,,,,,,,,,,,,,,,,,,,,,,,,,,,,3,5,3,3,3,4,5,3,3,5,5,5,5,5,3,3,3,5,5,3,5,3,3,5,5,3,3,3,3,3,3,5,5,5,3,3,8,8,8,10,10,8,10,8,8,8,8,10,4,2,4,2,2,2,4,2,2,2,1,1,,29,1,28,1,7,7,2,,4,2,3,3,3,2,3,3,3,5,3,3,4,4,5,7,2,2,,8,163,38,70
2021-04-15 06:50:34,2021-04-15 07:09:44,0,81.185.166.56,22,1150,0,2021-04-22 07:09:47,R_24iL7cYXdEn7p48,,,,,,,anonymous,FR,1,2,1,1,5,3,2,2,4,2,3,1,6,7,7,2,,,,,,,7,7,1,1,1,7,4,4,4,3,3,4,4,4,1,1,6,3,4,7,1,1,1,6,1,1,1,1,1,1,7,3,5,2,3,3,6,6,7,7,1,1,1,3,5,4,3,4,3,3,4,4,4,4,3,3,5,5,5,4,1,5,4,5,9,7,2,3,5,8,10,4,6,1,,,,,,,,,,,,,,,,,,,,,,,,,,,,,,,,,,,,,,,,,,,,,,,,,,,,,,,,,,,,,,,,,,,,,,,,,,,,,,,,,,,,,,,,,,,,,,,,,,,,,,,,,,,,,,,,,,,,,,,,,,,,,,,,,,,,,,,,,,,,,,,,,,,,,,,,,,,,,,,,,,,,,,,,,,,,,,,,,,,,,,,,,,,,,,,,,,,,,,,,,,,,,,,,,,,,,,,,,,,,,,,,,,,,,,,,,,,,,,,,,,,,,,,,,,,,,,,,,,,,,,,,,,,,,,,,,,,,,,,,,,,,,,,,,,,,,,,,,,,,,,,,,,,,,,,,,,,,,,,,,,,,,,,,,,,,,,,,,,,,,,,,,,,,,,,,,,,,,,,,,,,,,,,,,,,,,,,,,,,,,,,,,,,,,,,,,,,,,,,,,,,,,,,,,,,,,,,,,,,,,,,,,,,,,,,,,,,,,,,,,,,,,,,,,,,,,,,,,,,
2021-04-15 07:11:13,2021-04-15 07:15:46,0,80.118.248.170,11,272,0,2021-04-22 07:15:46,R_25McdN8FOPK20rw,,,,,,,anonymous,FR,1,2,1,1,7,7,7,7,7,7,7,7,7,7,7,2,,,,,,,,,,,,,,,,,,,,,,,,,,,,,,,,,,,,,,,,,,,,,,,,,,,,,,,,,,,,,,,,,,,,,,,,,,,,,,,,,,,,,,,,,,,,,,,,,,,,,,,,,,,,,,,,,,,,,,,,,,,,,,,,,,,,,,,,,,,,,,,,,,,,,,,,,,,,,,,,,,,,,,,,,,,,,,,,,,,,,,,,,,,,,,,,,,,,,,,,,,,,,,,,,,,,,,,,,,,,,,,,,,,,,,,,,,,,,,,,,,,,,,,,,,,,,,,,,,,,,,,,,,,,,,,,,,,,,,,,,,,,,,,,,,,,,,,,,,,,,,,,,,,,,,,,,,,,,,,,,,,,,,,,,,,,,,,,,,,,,,,,,,,,,,,,,,,,,,,,,,,,,,,,,,,,,,,,,,,,,,,,,,,,,,,,,,,,,,,,,,,,,,,,,,,,,,,,,,,,,,,,,,,,,,,,,,,,,,,,,,,,,,,,,,,,,,,,,,,,,,,,,,,,,,,,,,,,,,,,,,,,,,,,,,,,,,,,,,,,,,,,,,,,,,,,,,,,,,,,,,,,,,,,,,,,,,,,,,,
2021-04-15 07:22:05,2021-04-15 07:22:50,0,82.142.12.81,4,45,0,2021-04-22 07:22:50,R_2AF306FjzDNGU9C,,,,,,,anonymous,FR,1,2,,,,,,,,,,,,,,,,,,,,,,,,,,,,,,,,,,,,,,,,,,,,,,,,,,,,,,,,,,,,,,,,,,,,,,,,,,,,,,,,,,,,,,,,,,,,,,,,,,,,,,,,,,,,,,,,,,,,,,,,,,,,,,,,,,,,,,,,,,,,,,,,,,,,,,,,,,,,,,,,,,,,,,,,,,,,,,,,,,,,,,,,,,,,,,,,,,,,,,,,,,,,,,,,,,,,,,,,,,,,,,,,,,,,,,,,,,,,,,,,,,,,,,,,,,,,,,,,,,,,,,,,,,,,,,,,,,,,,,,,,,,,,,,,,,,,,,,,,,,,,,,,,,,,,,,,,,,,,,,,,,,,,,,,,,,,,,,,,,,,,,,,,,,,,,,,,,,,,,,,,,,,,,,,,,,,,,,,,,,,,,,,,,,,,,,,,,,,,,,,,,,,,,,,,,,,,,,,,,,,,,,,,,,,,,,,,,,,,,,,,,,,,,,,,,,,,,,,,,,,,,,,,,,,,,,,,,,,,,,,,,,,,,,,,,,,,,,,,,,,,,,,,,,,,,,,,,,,,,,,,,,,,,,,,,,,,,,,,,,,,,,,,,,,,,,,,
2021-04-15 07:21:43,2021-04-15 07:24:02,0,88.166.91.28,7,139,0,2021-04-22 07:24:03,R_2CqyfPU778aQtnm,,,,,,,anonymous,FR,1,1,,,,,,,,,,,,,,1,,,,,,,,,,,,,,,,,,,,,,,,,,,,,,,,,,,,,,,,,,,,,,,,,,,,,,,,,,,,,,,,,,,,,,,,,,,,,,,,,,,,,,,,,,,,,,,,,,,,,,,,,,,,,,,,,,,,,,,,,,,,,,,,,,,,,,,,,,,,,,,,,,,,,,,,,,,,,,,,,,,,,,,,,,,,,,,,,,,,,,,,,,,,,,,,,,,,,,,,,,,,,,,,,,,,,,,,,,,,,,,,,,,,,,,,,,,,,,,,,,,,,,,,,,,,,,,,,,,,,,,,,,,,,,,,,,,,,,,,,,,,,,,,,,,,,,,,,,,,,,,,,,,,,,,,,,,,,,,,,,,,,,,,,,,,,,,,,,,,,,,,,,,,,,,,,,,,,,,,,,,,,,,,,,,,,,,,,,,,,,,,,,,,,,,,,,,,,,,,,,,,,,,,,,,,,,,,,,,,,,,,,,,,,,,,,,,,,,,,,,,,,,,,,,,,,,,,,,,,,,,,,,,,,,,,,,,,,,,,,,,,,,,,,,,,,,,,,,,,,,,,,,,,,,,,,,,,,,,,,,,,,,,,,,,,,,,,,,,
2021-04-15 07:27:01,2021-04-15 07:28:43,0,80.214.208.86,11,101,0,2021-04-22 07:28:44,R_2y25jjrR5TM8saq,,,,,,,anonymous,FR,1,2,1,2,3,6,6,6,5,6,5,7,3,2,7,2,,,,,,,,,,,,,,,,,,,,,,,,,,,,,,,,,,,,,,,,,,,,,,,,,,,,,,,,,,,,,,,,,,,,,,,,,,,,,,,,,,,,,,,,,,,,,,,,,,,,,,,,,,,,,,,,,,,,,,,,,,,,,,,,,,,,,,,,,,,,,,,,,,,,,,,,,,,,,,,,,,,,,,,,,,,,,,,,,,,,,,,,,,,,,,,,,,,,,,,,,,,,,,,,,,,,,,,,,,,,,,,,,,,,,,,,,,,,,,,,,,,,,,,,,,,,,,,,,,,,,,,,,,,,,,,,,,,,,,,,,,,,,,,,,,,,,,,,,,,,,,,,,,,,,,,,,,,,,,,,,,,,,,,,,,,,,,,,,,,,,,,,,,,,,,,,,,,,,,,,,,,,,,,,,,,,,,,,,,,,,,,,,,,,,,,,,,,,,,,,,,,,,,,,,,,,,,,,,,,,,,,,,,,,,,,,,,,,,,,,,,,,,,,,,,,,,,,,,,,,,,,,,,,,,,,,,,,,,,,,,,,,,,,,,,,,,,,,,,,,,,,,,,,,,,,,,,,,,,,,,,,,,,,,,,,,,,,,,,,
2021-04-15 07:28:57,2021-04-15 07:29:19,0,5.51.111.155,11,22,0,2021-04-22 07:29:19,R_2sak22mo3tG9W2B,,,,,,,anonymous,FR,1,1,,,,,,,,,,,,,,2,,,,,,,,,,,,,,,,,,,,,,,,,,,,,,,,,,,,,,,,,,,,,,,,,,,,,,,,,,,,,,,,,,,,,,,,,,,,,,,,,,,,,,,,,,,,,,,,,,,,,,,,,,,,,,,,,,,,,,,,,,,,,,,,,,,,,,,,,,,,,,,,,,,,,,,,,,,,,,,,,,,,,,,,,,,,,,,,,,,,,,,,,,,,,,,,,,,,,,,,,,,,,,,,,,,,,,,,,,,,,,,,,,,,,,,,,,,,,,,,,,,,,,,,,,,,,,,,,,,,,,,,,,,,,,,,,,,,,,,,,,,,,,,,,,,,,,,,,,,,,,,,,,,,,,,,,,,,,,,,,,,,,,,,,,,,,,,,,,,,,,,,,,,,,,,,,,,,,,,,,,,,,,,,,,,,,,,,,,,,,,,,,,,,,,,,,,,,,,,,,,,,,,,,,,,,,,,,,,,,,,,,,,,,,,,,,,,,,,,,,,,,,,,,,,,,,,,,,,,,,,,,,,,,,,,,,,,,,,,,,,,,,,,,,,,,,,,,,,,,,,,,,,,,,,,,,,,,,,,,,,,,,,,,,,,,,,,,,,,
2021-04-15 07:14:49,2021-04-15 07:31:02,0,93.22.39.244,29,973,0,2021-04-22 07:31:03,R_296bcOb55ounNHB,,,,,,,anonymous,FR,1,1,,,,,,,,,,,,,,2,,,,,,,2,1,7,7,7,2,4,4,4,4,5,6,6,2,5,2,6,6,2,1,7,3,4,2,6,2,2,7,7,3,7,7,1,1,1,2,6,6,6,7,1,1,1,1,7,4,3,2,4,3,6,2,6,6,4,3,5,3,4,4,5,5,3,4,5,8,3,6,7,9,1,2,10,4,1,1,5,4,4,3,3,3,1,4,7,6,1,2,3,5,8,9,10,4,1,1,1,2,1,2,1,1,2,2,2,2,2,1,1,1,2,1,2,1,1,2,2,1,2,2,2,1,1,1,1,1,1,2,1,1,1,1,2,1,1,2,1,1,1,1,2,1,1,1,2,1,1,2,1,1,2,2,2,2,1,1,1,2,2,1,1,1,2,2,2,1,1,1,2,1,2,1,2,1,2,,,,,,,,,,,,,,,,,,,,,,,,,,,,,,,,,,,,,,,,,,,,,,,,,,,,,,,,,,,,,,,,,,,,,,,,,,,,,,,,,,,,,,,,,,,,,,,,,,,,,,,,,,,,,,,,,,,,,,,,,,,,,,,,,,,,,,,,,,,,,,,,,,,,,,,,,,,,,,,,,,,,,,,,,,,,,,,,,,,,,,,,,,,,,,,,,,,,,,,,,,,,,,,,,,,,,,,,,,,,,,,,,,,,,,,,,,,,,,,,,,,,,,,,,,,,,,,,,,,,,,,,,,,,,,,,,,,,,,,,,,,,,,,,,,,,,,,,,,,,,,,,,,,,,,,,,,,,,,,,,,,,,,,,,,,,,,,,,,,,,,,,,,,,,,,,,,,,,,
2021-04-15 07:20:19,2021-04-15 07:33:47,0,89.158.185.218,29,807,0,2021-04-22 07:33:47,R_2tl1pkPqEWI3js9,,,,,,,anonymous,FR,1,2,1,2,6,5,5,5,3,5,5,5,5,5,7,2,,,,,,,6,7,2,2,2,7,5,4,3,1,4,5,5,3,2,1,6,6,6,6,1,2,2,6,2,2,2,5,6,2,3,5,6,2,2,2,5,5,6,7,2,2,6,3,3,6,6,3,4,5,6,3,5,5,3,2,5,5,4,3,2,4,4,5,7,8,1,2,4,6,9,5,10,3,2,1,3,2,3,1,1,1,1,5,2,7,4,5,3,6,10,9,8,1,2,1,1,2,1,2,2,2,2,2,2,2,2,1,2,2,2,1,1,1,2,2,2,2,2,2,2,1,1,1,1,1,1,2,1,2,1,1,2,2,2,1,2,1,2,1,1,1,2,2,2,1,1,2,1,1,2,2,1,2,1,1,1,2,1,1,1,2,2,1,2,1,1,2,2,1,2,2,2,2,2,,,,,,,,,,,,,,,,,,,,,,,,,,,,,,,,,,,,,,,,,,,,,,,,,,,,,,,,,,,,,,,,,,,,,,,,,,,,,,,,,,,,,,,,,,,,,,,,,,,,,,,,,,,,,,,,,,,,,,,,,,,,,,,,,,,,,,,,,,,,,,,,,,,,,,,,,,,,,,,,,,,,,,,,,,,,,,,,,,,,,,,,,,,,,,,,,,,,,,,,,,,,,,,,,,,,,,,,,,,,,,,,,,,,,,,,,,,,,,,,,,,,,,,,,,,,,,,,,,,,,,,,,,,,,,,,,,,,,,,,,,,,,,,,,,,,,,,,,,,,,,,,,,,,,,,,,,,,,,,,,,,,,,,,,,,,,,,,,,,,,,,,,,,,,,,,,,,,,,
2021-04-15 07:14:48,2021-04-15 07:37:56,0,90.41.120.26,44,1387,0,2021-04-22 07:37:57,R_1rcBcOB19RNYXvX,,,,,,,anonymous,FR,1,2,1,1,5,3,3,3,2,3,1,3,6,6,7,2,,,,,,,7,7,1,1,7,7,3,4,5,5,4,5,4,4,2,1,7,4,3,2,1,5,5,5,1,2,1,1,2,1,7,4,5,1,3,1,7,7,7,7,1,1,3,3,5,6,3,3,7,7,7,1,1,1,4,2,5,5,5,3,1,5,3,5,6,9,3,4,5,8,10,2,7,1,2,2,5,5,4,2,1,4,3,5,7,9,3,5,4,8,10,2,6,1,2,1,1,2,1,2,1,2,2,2,2,2,2,2,1,1,2,1,2,2,2,2,2,1,2,2,2,2,1,1,1,1,1,2,1,2,1,2,2,2,2,2,1,1,2,1,2,1,1,1,2,1,1,2,2,1,2,2,1,2,1,1,1,2,1,1,1,2,2,1,2,1,1,2,2,2,2,2,2,1,2,,1,1,,1,,3,,,,,,,,13,1,,1,,,,,,4,,,,,3,13,1,1,6,,1,,1,,2,,,,4,1,,1,,1,1,1,,5,7,,,1,,,1,,13,1,3,,5,1,13,,,13,,1,1,,2,,,,,1,,8,2,1,,,6,1,,,2,5,5,1,8,1,,,,,,,,,,,,,,2,,2,4,5,5,4,4,2,2,4,4,2,3,5,2,2,4,2,2,4,2,4,2,4,2,2,4,3,2,3,2,2,4,3,3,2,2,4,5,4,2,4,2,2,2,5,7,5,5,5,3,3,7,5,3,5,5,5,6,6,7,5,6,5,,,,,,,,,,,,,,,,,,,,,,,,,,,,,,,,,,,,,,,,,,,,,,,,,,,,,,,,,,,,,,,,,,,,,,,,,,,,,,,,,,,,,,,,,,,,,,,,,,,,,,,,,,,,,,,,,,,,,,,,,,,,,,,,,,,,,,,,,,,,,,,,,,,,,,,,,,,,,,,,,,,,,,,,,,,,,,,,,,,,,,,,
2021-04-15 07:12:20,2021-04-15 07:39:38,0,92.184.100.165,44,1638,0,2021-04-22 07:39:41,R_2qsHrPwdGyvmjrQ,,,,,,,anonymous,FR,1,4,1,1,1,3,3,3,2,5,4,3,7,7,7,2,,,,,,,7,7,1,1,1,7,3,4,1,4,5,3,1,2,1,1,7,5,5,3,3,3,1,3,4,1,1,4,4,1,5,1,4,2,4,1,7,7,7,7,1,1,1,1,7,1,1,1,3,3,5,7,7,7,5,4,5,5,5,5,1,5,5,5,7,5,4,8,9,6,10,3,1,2,1,3,5,5,5,5,1,1,1,5,6,5,4,2,3,7,8,9,10,1,1,1,1,1,1,2,2,1,2,1,1,2,2,1,1,1,2,1,1,1,1,1,2,1,1,2,1,1,1,1,1,1,1,1,1,1,1,1,2,1,1,1,1,1,1,1,1,1,1,1,2,1,1,2,1,1,2,2,1,1,1,1,1,2,1,2,1,1,2,1,1,1,1,1,2,1,2,1,2,2,2,1,3,1,7,1,,,1,,3,3,,,1,3,8,,13,1,1,1,1,,3,3,,1,3,3,6,4,8,6,3,6,4,1,3,1,1,4,3,5,5,6,2,1,1,10,1,,3,13,,4,1,,,4,1,13,1,13,,4,,13,4,,1,3,1,1,1,1,,,4,,,,8,2,2,6,,6,4,8,,6,8,6,,2,2,2,,,,2,1,1,,,1,2,,1,2,,3,1,3,1,4,3,3,1,3,5,1,1,3,2,2,3,2,3,2,1,3,3,4,3,2,4,3,2,1,1,2,5,3,3,3,5,3,3,2,2,3,3,2,2,3,9,5,5,5,5,5,9,8,6,7,4,6,6,4,9,5,5,5,,,,,,,,,,,,,,,,,,,,,,,,,,,,,,,,,,,,,,,,,,,,,,,,,,,,,,,,,,,,,,,,,,,,,,,,,,,,,,,,,,,,,,,,,,,,,,,,,,,,,,,,,,,,,,,,,,,,,,,,,,,,,,,,,,,,,,,,,,,,,,,,,,,,,,,,,,,,,,,,,,,,,,,,,,,,,,,,,,,,,,,,
2021-04-15 07:26:47,2021-04-15 08:03:13,0,88.120.155.185,56,2185,0,2021-04-22 08:03:13,R_3HTdFup41gKBSJ9,,,,,,,anonymous,FR,1,2,1,1,6,4,4,3,2,3,4,3,5,7,7,2,,,,,,,7,7,2,1,1,7,1,4,3,3,4,3,2,5,4,1,4,3,2,4,3,2,2,5,3,7,1,1,2,1,7,1,6,1,3,1,7,7,7,7,1,1,4,3,7,7,4,4,7,7,7,1,1,1,3,1,4,3,5,4,1,5,5,5,8,10,2,5,4,7,9,3,6,1,3,1,4,3,4,3,1,4,4,5,9,10,2,5,4,7,8,3,6,1,1,1,1,2,1,1,2,2,2,2,2,2,2,1,1,1,2,1,1,1,2,2,2,1,2,2,2,1,2,1,1,1,1,2,1,1,2,2,2,2,1,1,2,2,2,2,1,2,1,2,2,1,2,2,1,2,2,2,1,2,1,2,1,2,1,1,1,2,2,2,2,2,2,2,1,2,2,1,1,1,2,1,1,1,,1,1,,,,,,,,1,1,1,,13,1,3,,,,1,,,,3,,8,9,1,10,,4,1,,,1,,13,5,,,,,1,,7,,,3,,,1,,,,1,,13,,13,,6,9,13,,,,,,,,13,2,,1,1,1,,6,8,8,,,4,,,,3,8,2,2,,,2,5,,,2,1,1,,,,,1,,2,,2,4,5,3,2,2,1,1,3,4,2,3,3,2,1,2,3,5,1,1,1,1,5,2,2,1,3,1,2,1,4,2,2,3,3,3,5,5,1,3,5,3,2,1,3,9,4,5,5,1,3,7,6,7,3,5,5,3,5,5,9,5,7,2,1,4,3,1,1,7,7,4,2,3,1,1,3,1,3,1,1,7,7,,,,,,,,,,,,,,,,,,,,,,,,,,,,,,,,,,,,,,,,,,,,,,,,,,,,,,,,,,,,,,,,,,,,,,,,,1,3,1,1,3,1,6,1,5,4,5,7,7,7,1,4,1,5,1,1,1,6,1,1,1,5,5,3,2,6,5,1,7,7,6,5,,,,,,,,,,,,,2,1,5,1,1,2,3,1,1,1,,,,,,,,,,,,,,,,,,,,,,,,,,,,,,,,,,
2021-04-15 07:40:16,2021-04-15 08:07:16,0,88.123.91.93,56,1619,0,2021-04-22 08:07:18,R_1jYRHzQVSeprmlf,,,,,,,anonymous,FR,1,4,1,1,5,4,3,4,1,3,1,4,5,7,7,2,,,,,,,7,4,3,1,3,4,3,4,7,7,7,4,7,1,1,1,7,1,1,3,4,1,1,3,4,3,4,4,7,3,1,1,1,1,1,1,7,7,7,7,1,1,1,1,7,4,1,1,7,7,7,1,1,1,3,1,5,3,3,1,3,5,5,5,8,9,4,6,7,10,5,3,2,1,1,1,3,1,1,1,1,1,3,5,10,7,2,4,5,6,8,9,3,1,1,1,1,2,1,1,2,1,2,2,2,2,2,1,1,1,2,1,2,1,1,2,2,1,2,2,2,1,1,1,1,1,1,2,1,1,1,1,2,1,1,1,1,1,1,1,1,1,1,1,2,1,1,2,1,1,2,2,1,1,1,1,1,2,2,2,1,1,2,1,2,2,1,2,1,1,2,2,2,1,2,1,3,13,,1,1,,3,,,,,,3,1,5,,13,,1,3,,,1,,,,1,3,13,13,5,4,,13,13,1,1,1,1,5,3,6,13,13,3,1,4,8,1,,5,12,,1,3,,,3,3,13,13,13,,,,13,4,,13,,,5,,8,1,,,,1,,8,8,8,1,,8,8,8,,8,8,1,,8,2,1,5,,,,1,1,,,,1,,,2,,4,1,3,1,1,1,5,1,1,3,1,3,3,3,1,1,1,5,2,1,1,3,1,1,5,1,1,1,1,1,1,1,1,1,2,3,1,1,3,1,1,3,1,3,3,9,5,9,5,1,1,9,9,5,9,5,5,5,5,5,9,9,7,1,1,5,1,3,7,5,1,4,1,1,5,1,1,1,3,1,1,1,7,,,,,,,,,,,,,,,,,,,,,,,,,,,,,,,,,,,,,,,,,,,,,,,,,,,,,,,,,,,,,,,,,,,,,,,,,3,4,4,4,1,4,4,4,4,4,4,4,4,4,4,4,4,4,4,4,4,4,4,4,4,4,4,4,4,4,4,4,4,4,4,4,,,,,,,,,,,,,1,5,1,1,4,5,2,5,4,5,,,,,,,,,,,,,,,,,,,,,,,,,,,,,,,,,,
2021-04-15 08:03:37,2021-04-15 08:13:07,0,90.112.172.216,25,570,0,2021-04-22 08:13:12,R_12LwnJhA2c071NS,,,,,,,anonymous,FR,1,2,3,1,6,3,5,3,7,3,4,1,7,2,4,2,,,,,,,5,6,6,1,1,7,4,1,4,7,7,1,1,7,1,1,7,5,4,6,2,3,1,5,3,7,3,1,2,1,7,1,5,5,2,1,7,7,7,7,1,1,5,6,1,5,5,5,6,6,7,1,1,1,2,1,5,4,5,3,1,5,1,5,3,8,4,6,5,7,10,1,9,2,1,1,5,5,5,5,5,1,1,4,9,8,1,4,5,6,2,7,10,3,,,,,,,,,,,,,,,,,,,,,,,,,,,,,,,,,,,,,,,,,,,,,,,,,,,,,,,,,,,,,,,,,,,,,,,,,,,,,,,,,,,,,,,,,,,,,,,,,,,,,,,,,,,,,,,,,,,,,,,,,,,,,,,,,,,,,,,,,,,,,,,,,,,,,,,,,,,,,,,,,,,,,,,,,,,,,,,,,,,,,,,,,,,,,,,,,,,,,,,,,,,,,,,,,,,,,,,,,,,,,,,,,,,,,,,,,,,,,,,,,,,,,,,,,,,,,,,,,,,,,,,,,,,,,,,,,,,,,,,,,,,,,,,,,,,,,,,,,,,,,,,,,,,,,,,,,,,,,,,,,,,,,,,,,,,,,,,,,,,,,,,,,,,,,,,,,,,,,,,,,,,,,,,,,,,,,,,,,,,,,,,,,,,,,,,,,,,,,,,,,,,,,,,,,,,,,,,,,,,,,,,,,,,,,,,,,,,,,,,
2021-04-15 08:06:05,2021-04-15 08:17:05,0,81.185.160.94,25,660,0,2021-04-22 08:17:07,R_2c6GV5zI8nQsLKK,,,,,,,anonymous,FR,1,1,,,,,,,,,,,,,,2,,,,,,,6,3,2,2,5,6,3,2,1,6,5,2,3,2,2,1,5,6,6,6,1,1,1,6,1,1,1,1,2,1,7,3,7,3,4,2,4,7,7,7,2,2,1,1,7,2,2,3,5,5,7,7,2,4,2,1,5,5,5,4,3,3,1,5,8,9,1,4,3,6,7,5,10,2,2,1,3,3,3,2,1,1,1,3,5,6,2,4,3,7,8,9,10,1,,,,,,,,,,,,,,,,,,,,,,,,,,,,,,,,,,,,,,,,,,,,,,,,,,,,,,,,,,,,,,,,,,,,,,,,,,,,,,,,,,,,,,,,,,,,,,,,,,,,,,,,,,,,,,,,,,,,,,,,,,,,,,,,,,,,,,,,,,,,,,,,,,,,,,,,,,,,,,,,,,,,,,,,,,,,,,,,,,,,,,,,,,,,,,,,,,,,,,,,,,,,,,,,,,,,,,,,,,,,,,,,,,,,,,,,,,,,,,,,,,,,,,,,,,,,,,,,,,,,,,,,,,,,,,,,,,,,,,,,,,,,,,,,,,,,,,,,,,,,,,,,,,,,,,,,,,,,,,,,,,,,,,,,,,,,,,,,,,,,,,,,,,,,,,,,,,,,,,,,,,,,,,,,,,,,,,,,,,,,,,,,,,,,,,,,,,,,,,,,,,,,,,,,,,,,,,,,,,,,,,,,,,,,,,,,,,,,,,,
2021-04-15 08:37:55,2021-04-15 08:38:06,0,92.157.117.118,4,10,0,2021-04-22 08:38:08,R_w6JLKa3Wyg70scF,,,,,,,anonymous,FR,1,2,,,,,,,,,,,,,,,,,,,,,,,,,,,,,,,,,,,,,,,,,,,,,,,,,,,,,,,,,,,,,,,,,,,,,,,,,,,,,,,,,,,,,,,,,,,,,,,,,,,,,,,,,,,,,,,,,,,,,,,,,,,,,,,,,,,,,,,,,,,,,,,,,,,,,,,,,,,,,,,,,,,,,,,,,,,,,,,,,,,,,,,,,,,,,,,,,,,,,,,,,,,,,,,,,,,,,,,,,,,,,,,,,,,,,,,,,,,,,,,,,,,,,,,,,,,,,,,,,,,,,,,,,,,,,,,,,,,,,,,,,,,,,,,,,,,,,,,,,,,,,,,,,,,,,,,,,,,,,,,,,,,,,,,,,,,,,,,,,,,,,,,,,,,,,,,,,,,,,,,,,,,,,,,,,,,,,,,,,,,,,,,,,,,,,,,,,,,,,,,,,,,,,,,,,,,,,,,,,,,,,,,,,,,,,,,,,,,,,,,,,,,,,,,,,,,,,,,,,,,,,,,,,,,,,,,,,,,,,,,,,,,,,,,,,,,,,,,,,,,,,,,,,,,,,,,,,,,,,,,,,,,,,,,,,,,,,,,,,,,,,,,,,,,,,,,,,
2021-04-15 08:39:39,2021-04-15 08:40:04,0,92.157.117.118,11,24,0,2021-04-22 08:40:04,R_3IXjzIdXNR3J28p,,,,,,,anonymous,FR,1,1,,,,,,,,,,,,,,2,,,,,,,,,,,,,,,,,,,,,,,,,,,,,,,,,,,,,,,,,,,,,,,,,,,,,,,,,,,,,,,,,,,,,,,,,,,,,,,,,,,,,,,,,,,,,,,,,,,,,,,,,,,,,,,,,,,,,,,,,,,,,,,,,,,,,,,,,,,,,,,,,,,,,,,,,,,,,,,,,,,,,,,,,,,,,,,,,,,,,,,,,,,,,,,,,,,,,,,,,,,,,,,,,,,,,,,,,,,,,,,,,,,,,,,,,,,,,,,,,,,,,,,,,,,,,,,,,,,,,,,,,,,,,,,,,,,,,,,,,,,,,,,,,,,,,,,,,,,,,,,,,,,,,,,,,,,,,,,,,,,,,,,,,,,,,,,,,,,,,,,,,,,,,,,,,,,,,,,,,,,,,,,,,,,,,,,,,,,,,,,,,,,,,,,,,,,,,,,,,,,,,,,,,,,,,,,,,,,,,,,,,,,,,,,,,,,,,,,,,,,,,,,,,,,,,,,,,,,,,,,,,,,,,,,,,,,,,,,,,,,,,,,,,,,,,,,,,,,,,,,,,,,,,,,,,,,,,,,,,,,,,,,,,,,,,,,,,,,
2021-04-15 08:41:04,2021-04-15 08:50:27,0,92.157.117.118,27,563,0,2021-04-22 08:50:28,R_1r1tezdklhQcKs5,,,,,,,anonymous,FR,1,2,1,1,4,1,3,1,1,1,3,1,1,5,5,2,,,,,,,6,6,3,4,5,5,3,3,3,4,4,4,5,5,1,1,3,4,3,2,1,4,1,2,4,4,2,2,5,1,3,3,1,1,1,4,1,1,3,5,4,4,1,1,3,6,1,1,6,6,6,7,1,1,1,1,5,5,5,3,5,3,1,2,7,8,1,2,4,5,6,3,10,9,1,1,1,5,4,4,4,4,1,2,1,6,3,7,4,2,5,8,9,10,,,,,,,,,,,,,,,,,,,,,,,,,,,,,,,,,,,,,,,,,,,,,,,,,,,,,,,,,,,,,,,,,,,,,,,,,,,,,,,,,,,,,,,,,,,,,,,,,,,,,,,,,,,,,,,,,,,,,,,,,,,,,,,,,,,,,,,,,,,,,,,,,,,,,,,,,,,,,,,,,,,,,,,,,,,,,,,,,,,,,,,,,,,,,,,,,,,,,,,,,,,,,,,,,,,,,,,,,,,,,,,,,,,,,,,,,,,,,,,,,,,,,,,,,,,,,,,,,,,,,,,,,,,,,,,,,,,,,,,,,,,,,,,,,,,,,,,,,,,,,,,,,,,,,,,,,,,,,,,,,,,,,,,,,,,,,,,,,,,,,,,,,,,,,,,,,,,,,,,,,,,,,,,,,,,,,,,,,,,,,,,,,,,,,,,,,,,,,,,,,,,,,,,,,,,,,,,,,,,,,,,,,,,,,,,,,,,,,,,
2021-04-15 08:48:28,2021-04-15 08:52:06,0,90.41.37.246,15,217,0,2021-04-22 08:52:07,R_3IXfkHrT12UqLWX,,,,,,,anonymous,FR,1,2,1,1,5,6,3,6,1,5,3,6,4,7,7,2,,,,,,,1,7,7,3,2,1,4,4,4,7,7,7,4,5,2,1,3,7,7,7,4,7,7,6,7,7,5,6,6,1,,,,,,,,,,,,,,,,,,,,,,,,,,,,,,,,,,,,,,,,,,,,,,,,,,,,,,,,,,,,,,,,,,,,,,,,,,,,,,,,,,,,,,,,,,,,,,,,,,,,,,,,,,,,,,,,,,,,,,,,,,,,,,,,,,,,,,,,,,,,,,,,,,,,,,,,,,,,,,,,,,,,,,,,,,,,,,,,,,,,,,,,,,,,,,,,,,,,,,,,,,,,,,,,,,,,,,,,,,,,,,,,,,,,,,,,,,,,,,,,,,,,,,,,,,,,,,,,,,,,,,,,,,,,,,,,,,,,,,,,,,,,,,,,,,,,,,,,,,,,,,,,,,,,,,,,,,,,,,,,,,,,,,,,,,,,,,,,,,,,,,,,,,,,,,,,,,,,,,,,,,,,,,,,,,,,,,,,,,,,,,,,,,,,,,,,,,,,,,,,,,,,,,,,,,,,,,,,,,,,,,,,,,,,,,,,,,,,,,,,,,,,,,,,,,,,,,,,,,,,,,,,,,,,,,,,,,,,,,,,,,,,,,,,,,,,,,,,,,,,,,,
2021-04-15 08:41:39,2021-04-15 08:57:23,0,92.157.117.118,44,943,0,2021-04-22 08:57:23,R_1PemERmPxdEcRFF,,,,,,,anonymous,FR,1,1,,,,,,,,,,,,,,2,,,,,,,1,1,2,4,7,1,4,1,1,2,4,4,4,1,1,1,7,4,1,7,1,2,1,1,1,1,1,1,1,1,7,1,1,1,1,1,7,7,4,7,1,1,1,1,7,1,1,1,1,1,1,7,1,1,2,5,5,5,5,5,3,5,1,5,3,9,2,4,5,6,7,8,10,1,5,5,5,5,5,5,5,5,1,5,3,9,1,2,5,6,7,8,10,4,1,1,1,1,1,2,1,1,2,1,2,2,1,1,1,1,1,1,2,1,2,1,2,1,2,2,2,1,1,1,1,1,1,2,1,1,1,2,2,2,1,1,1,1,1,1,1,1,1,1,2,1,1,2,1,1,2,1,1,1,1,1,1,2,1,1,1,1,2,1,1,1,1,2,2,1,1,1,2,2,2,1,4,1,1,1,,5,1,,1,,,1,4,1,1,3,4,,3,,4,,3,,,,3,3,12,5,1,8,,1,1,5,,1,,4,4,8,1,1,1,1,1,3,1,,1,1,,3,1,,1,1,1,4,5,1,,1,1,12,1,,13,4,1,1,,1,,1,8,,,,8,8,2,,,3,3,2,,1,8,1,2,8,2,3,,1,,3,1,1,,,1,1,,2,2,,5,1,5,1,3,1,1,1,1,5,1,1,5,1,1,1,1,5,3,1,1,1,1,1,5,1,1,1,3,1,1,5,1,1,5,5,1,5,1,1,1,1,1,1,1,1,2,1,3,5,1,1,1,1,1,5,1,1,1,1,1,9,5,,,,,,,,,,,,,,,,,,,,,,,,,,,,,,,,,,,,,,,,,,,,,,,,,,,,,,,,,,,,,,,,,,,,,,,,,,,,,,,,,,,,,,,,,,,,,,,,,,,,,,,,,,,,,,,,,,,,,,,,,,,,,,,,,,,,,,,,,,,,,,,,,,,,,,,,,,,,,,,,,,,,,,,,,,,,,,,,,,,,,,,,
2021-04-15 08:39:41,2021-04-15 08:57:34,0,81.185.162.143,31,1073,0,2021-04-22 08:57:35,R_3Oizhu4mIvUn3Xu,,,,,,,anonymous,FR,1,2,1,1,3,1,1,1,1,2,3,1,1,6,6,2,,,,,,,6,6,2,2,1,7,3,3,3,4,4,4,5,4,1,1,6,4,6,5,1,1,1,2,1,7,2,1,1,1,6,2,3,1,2,1,5,5,6,6,2,2,2,3,5,3,4,4,4,4,4,4,4,4,3,2,5,5,5,4,1,5,4,4,8,9,4,1,7,5,10,3,6,2,3,3,5,5,5,3,5,5,4,4,9,10,5,6,2,7,3,4,8,1,2,1,1,2,1,2,2,1,2,2,2,2,2,1,1,1,2,1,1,1,2,1,2,1,2,2,2,1,1,1,1,1,1,1,1,1,2,2,2,1,1,1,1,2,2,1,1,1,1,1,2,2,1,2,1,1,2,1,1,2,1,1,1,2,1,1,1,2,2,1,2,2,2,2,1,1,2,2,1,1,2,,7,1,,1,,,4,,,,,,6,4,13,,13,4,1,,1,,1,,,,1,1,8,8,1,10,1,6,4,,,2,1,5,4,1,,,1,1,4,6,1,,,1,,1,2,,1,1,,13,4,1,,8,1,13,,,13,,,,,1,1,,,1,1,,,,,,,,,,,,,,,,,,,,,,,,,,,,,,,,,,,,,,,,,,,,,,,,,,,,,,,,,,,,,,,,,,,,,,,,,,,,,,,,,,,,,,,,,,,,,,,,,,,,,,,,,,,,,,,,,,,,,,,,,,,,,,,,,,,,,,,,,,,,,,,,,,,,,,,,,,,,,,,,,,,,,,,,,,,,,,,,,,,,,,,,,,,,,,,,,,,,,,,,,,,,,,,,,,,,,,,,,,,,,,,,,,,,,,,,,,,,,,,,,,,,,,,,,,,,,,,,,,,,,,,,,,,,,,,,,,,,,,
2021-04-15 08:32:31,2021-04-15 08:58:10,0,176.191.108.217,44,1538,0,2021-04-22 08:58:10,R_1MLBIzNjDyii68n,,,,,,,anonymous,FR,1,2,1,1,7,3,5,1,4,4,3,1,7,7,7,2,,,,,,,5,7,1,1,1,7,2,4,3,4,3,5,3,4,1,1,7,4,2,2,2,3,1,4,1,7,4,1,1,1,7,1,6,1,2,3,7,7,7,7,2,1,3,3,4,2,3,2,2,4,5,4,5,4,5,3,4,5,5,3,1,5,5,4,2,9,6,5,4,7,10,1,8,3,2,1,1,1,2,3,1,1,1,5,2,7,3,5,4,6,8,9,10,1,2,1,1,2,2,2,2,2,2,2,2,2,1,1,1,2,2,1,1,1,2,2,2,2,2,2,1,1,2,1,1,2,1,2,1,2,2,1,2,1,1,1,1,1,2,1,1,1,2,1,2,1,1,2,2,1,2,2,2,2,1,1,1,2,1,1,1,2,2,1,2,2,2,2,2,1,2,2,1,2,2,,2,1,,,,,,,,,,3,1,3,,,13,3,1,,,,,,,3,3,,13,1,,5,,1,,,1,2,12,5,1,1,1,,1,10,4,,1,,3,1,,,1,,,,,13,1,13,,1,1,13,,,3,,,,,1,,,,1,,,8,2,1,4,,6,1,,,4,8,1,1,2,,,,2,,,1,1,,,,1,1,,2,,5,4,2,5,1,4,3,3,4,5,4,5,3,4,2,2,4,1,2,2,4,1,4,1,5,4,4,5,5,1,2,4,2,4,4,3,5,3,4,2,3,2,2,2,3,7,4,4,3,3,3,7,5,2,2,2,4,3,2,8,5,6,5,,,,,,,,,,,,,,,,,,,,,,,,,,,,,,,,,,,,,,,,,,,,,,,,,,,,,,,,,,,,,,,,,,,,,,,,,,,,,,,,,,,,,,,,,,,,,,,,,,,,,,,,,,,,,,,,,,,,,,,,,,,,,,,,,,,,,,,,,,,,,,,,,,,,,,,,,,,,,,,,,,,,,,,,,,,,,,,,,,,,,,,,
2021-04-15 08:37:22,2021-04-15 08:58:19,0,93.22.150.244,40,1257,0,2021-04-22 08:58:19,R_2WZ89IsDxoKKErH,,,,,,,anonymous,FR,1,2,4,1,4,1,4,7,7,4,4,7,1,2,4,2,,,,,,,7,4,2,2,1,7,3,1,4,1,5,3,7,3,1,1,4,4,7,5,1,1,1,7,2,2,2,1,1,1,7,2,1,1,1,1,7,7,7,7,1,1,1,1,1,1,1,2,5,4,7,4,3,4,5,4,5,5,5,3,1,2,4,5,5,1,9,7,6,4,3,2,8,10,1,1,4,4,1,1,1,1,1,5,5,3,9,7,8,6,2,1,4,10,1,1,1,2,1,1,2,2,2,2,2,2,2,1,2,2,1,1,1,1,1,2,2,1,1,2,1,1,1,1,2,1,1,1,1,1,2,2,2,1,1,2,2,2,2,1,2,1,1,1,2,1,1,2,2,1,2,1,1,1,1,1,2,2,1,1,1,1,2,1,2,2,1,2,1,2,2,1,2,2,2,1,4,1,,1,1,,,,,,,,3,,,4,13,3,3,3,,,4,4,,1,1,1,1,,3,1,1,1,1,,,1,1,3,,,,,2,,1,1,3,,6,6,,,4,,1,1,12,13,1,,,12,1,13,1,,13,,,1,,10,1,,1,,,,8,1,,1,,4,1,6,,,8,,1,8,1,,5,,,2,1,,,,,,,,2,,2,,,,,,,,,,,,,,,,,,,,,,,,,,,,,,,,,,,,,,,,,,,,,,,,,,,,,,,,,,,,,,,,,,,,,,,,,,,,,,,,,,,,,,,,,,,,,,,,,,,,,,,,,,,,,,,,,,,,,,,,,,,,,,,,,,,,,,,,,,,,,,,,,,,,,,,,,,,,,,,,,,,,,,,,,,,,,,,,,,,,,,,,,,,,,,,,,,,,,,,,,,,,,,,,,,,,,,,,,,,,,,,,,,,,,,,,,,,,,,,,,,,,,,
2021-04-15 09:00:28,2021-04-15 09:07:42,0,80.214.222.84,22,434,0,2021-04-22 09:07:48,R_VVJr2xhdLDY5WeJ,,,,,,,anonymous,FR,1,2,1,1,6,7,6,6,3,7,6,7,7,5,7,2,,,,,,,7,7,7,1,1,7,5,3,3,4,5,3,2,5,3,3,4,4,5,5,2,3,3,4,4,4,3,7,7,3,1,7,6,2,3,1,7,7,7,7,1,1,4,4,4,4,4,4,5,5,6,5,4,4,3,3,5,4,4,4,5,3,1,4,9,10,2,4,5,6,7,3,8,1,,,,,,,,,,,,,,,,,,,,,,,,,,,,,,,,,,,,,,,,,,,,,,,,,,,,,,,,,,,,,,,,,,,,,,,,,,,,,,,,,,,,,,,,,,,,,,,,,,,,,,,,,,,,,,,,,,,,,,,,,,,,,,,,,,,,,,,,,,,,,,,,,,,,,,,,,,,,,,,,,,,,,,,,,,,,,,,,,,,,,,,,,,,,,,,,,,,,,,,,,,,,,,,,,,,,,,,,,,,,,,,,,,,,,,,,,,,,,,,,,,,,,,,,,,,,,,,,,,,,,,,,,,,,,,,,,,,,,,,,,,,,,,,,,,,,,,,,,,,,,,,,,,,,,,,,,,,,,,,,,,,,,,,,,,,,,,,,,,,,,,,,,,,,,,,,,,,,,,,,,,,,,,,,,,,,,,,,,,,,,,,,,,,,,,,,,,,,,,,,,,,,,,,,,,,,,,,,,,,,,,,,,,,,,,,,,,,,,,,,,,,,,,,,,,,,,,,,,,,
2021-04-15 09:07:45,2021-04-15 09:07:57,0,37.167.155.41,4,11,0,2021-04-22 09:08:00,R_2vdpakgDQHtuWls,,,,,,,anonymous,FR,1,2,,,,,,,,,,,,,,,,,,,,,,,,,,,,,,,,,,,,,,,,,,,,,,,,,,,,,,,,,,,,,,,,,,,,,,,,,,,,,,,,,,,,,,,,,,,,,,,,,,,,,,,,,,,,,,,,,,,,,,,,,,,,,,,,,,,,,,,,,,,,,,,,,,,,,,,,,,,,,,,,,,,,,,,,,,,,,,,,,,,,,,,,,,,,,,,,,,,,,,,,,,,,,,,,,,,,,,,,,,,,,,,,,,,,,,,,,,,,,,,,,,,,,,,,,,,,,,,,,,,,,,,,,,,,,,,,,,,,,,,,,,,,,,,,,,,,,,,,,,,,,,,,,,,,,,,,,,,,,,,,,,,,,,,,,,,,,,,,,,,,,,,,,,,,,,,,,,,,,,,,,,,,,,,,,,,,,,,,,,,,,,,,,,,,,,,,,,,,,,,,,,,,,,,,,,,,,,,,,,,,,,,,,,,,,,,,,,,,,,,,,,,,,,,,,,,,,,,,,,,,,,,,,,,,,,,,,,,,,,,,,,,,,,,,,,,,,,,,,,,,,,,,,,,,,,,,,,,,,,,,,,,,,,,,,,,,,,,,,,,,,,,,,,,,,,,,,
2021-04-15 09:52:10,2021-04-15 09:52:23,0,37.172.109.223,5,13,0,2021-04-22 09:52:24,R_2ZP9pJbeiuA4KqK,,,,,,,anonymous,FR,1,1,,,,,,,,,,,,,,,,,,,,,,,,,,,,,,,,,,,,,,,,,,,,,,,,,,,,,,,,,,,,,,,,,,,,,,,,,,,,,,,,,,,,,,,,,,,,,,,,,,,,,,,,,,,,,,,,,,,,,,,,,,,,,,,,,,,,,,,,,,,,,,,,,,,,,,,,,,,,,,,,,,,,,,,,,,,,,,,,,,,,,,,,,,,,,,,,,,,,,,,,,,,,,,,,,,,,,,,,,,,,,,,,,,,,,,,,,,,,,,,,,,,,,,,,,,,,,,,,,,,,,,,,,,,,,,,,,,,,,,,,,,,,,,,,,,,,,,,,,,,,,,,,,,,,,,,,,,,,,,,,,,,,,,,,,,,,,,,,,,,,,,,,,,,,,,,,,,,,,,,,,,,,,,,,,,,,,,,,,,,,,,,,,,,,,,,,,,,,,,,,,,,,,,,,,,,,,,,,,,,,,,,,,,,,,,,,,,,,,,,,,,,,,,,,,,,,,,,,,,,,,,,,,,,,,,,,,,,,,,,,,,,,,,,,,,,,,,,,,,,,,,,,,,,,,,,,,,,,,,,,,,,,,,,,,,,,,,,,,,,,,,,,,,,,,,,,,
2021-04-15 10:21:23,2021-04-15 10:22:04,0,81.185.173.23,4,41,0,2021-04-22 10:22:06,R_3KURuozZVO5sdzx,,,,,,,anonymous,FR,1,3,,,,,,,,,,,,,,,,,,,,,,,,,,,,,,,,,,,,,,,,,,,,,,,,,,,,,,,,,,,,,,,,,,,,,,,,,,,,,,,,,,,,,,,,,,,,,,,,,,,,,,,,,,,,,,,,,,,,,,,,,,,,,,,,,,,,,,,,,,,,,,,,,,,,,,,,,,,,,,,,,,,,,,,,,,,,,,,,,,,,,,,,,,,,,,,,,,,,,,,,,,,,,,,,,,,,,,,,,,,,,,,,,,,,,,,,,,,,,,,,,,,,,,,,,,,,,,,,,,,,,,,,,,,,,,,,,,,,,,,,,,,,,,,,,,,,,,,,,,,,,,,,,,,,,,,,,,,,,,,,,,,,,,,,,,,,,,,,,,,,,,,,,,,,,,,,,,,,,,,,,,,,,,,,,,,,,,,,,,,,,,,,,,,,,,,,,,,,,,,,,,,,,,,,,,,,,,,,,,,,,,,,,,,,,,,,,,,,,,,,,,,,,,,,,,,,,,,,,,,,,,,,,,,,,,,,,,,,,,,,,,,,,,,,,,,,,,,,,,,,,,,,,,,,,,,,,,,,,,,,,,,,,,,,,,,,,,,,,,,,,,,,,,,,,,,,,
2021-04-15 10:11:14,2021-04-15 10:27:37,0,93.7.148.232,29,983,0,2021-04-22 10:27:38,R_2teYeDTqYHCWniG,,,,,,,anonymous,FR,1,2,4,2,6,4,3,3,4,4,5,3,4,3,4,2,,,,,,,6,6,6,2,2,6,2,2,2,3,5,2,3,6,2,2,4,6,6,5,2,1,2,6,3,4,2,4,4,5,3,5,5,3,5,3,4,5,5,5,3,4,2,2,6,2,2,2,4,4,4,5,5,5,4,4,4,4,4,4,2,3,3,3,1,5,7,4,2,3,10,6,9,8,4,2,4,4,3,3,4,4,1,2,1,3,4,5,6,7,2,8,10,9,2,2,1,1,1,2,2,2,2,2,2,2,2,2,1,2,1,1,2,1,2,1,2,1,2,2,2,1,1,1,1,2,1,2,2,1,1,1,2,1,1,1,2,2,1,1,2,1,1,1,2,1,1,2,2,1,2,1,2,2,1,1,1,2,2,1,1,2,2,2,2,1,2,2,2,1,2,2,1,1,2,,,,,,,,,,,,,,,,,,,,,,,,,,,,,,,,,,,,,,,,,,,,,,,,,,,,,,,,,,,,,,,,,,,,,,,,,,,,,,,,,,,,,,,,,,,,,,,,,,,,,,,,,,,,,,,,,,,,,,,,,,,,,,,,,,,,,,,,,,,,,,,,,,,,,,,,,,,,,,,,,,,,,,,,,,,,,,,,,,,,,,,,,,,,,,,,,,,,,,,,,,,,,,,,,,,,,,,,,,,,,,,,,,,,,,,,,,,,,,,,,,,,,,,,,,,,,,,,,,,,,,,,,,,,,,,,,,,,,,,,,,,,,,,,,,,,,,,,,,,,,,,,,,,,,,,,,,,,,,,,,,,,,,,,,,,,,,,,,,,,,,,,,,,,,,,,,,,,,,
2021-04-15 09:55:55,2021-04-15 10:27:37,0,78.214.98.71,20,1901,0,2021-04-22 10:27:41,R_2fjnyyPFdmX2Rl4,,,,,,,anonymous,FR,1,3,1,2,4,7,7,7,7,7,7,7,4,4,7,1,1,1,7,4,7,3,7,7,1,1,1,7,7,7,4,4,4,4,4,4,4,4,4,4,3,4,4,4,4,4,4,7,4,7,7,7,4,4,3,3,3,1,7,7,7,7,1,2,4,4,4,4,4,4,6,6,6,2,2,2,3,2,4,2,1,2,1,4,5,5,,,,,,,,,,,,,,,,,,,,,,,,,,,,,,,,,,,,,,,,,,,,,,,,,,,,,,,,,,,,,,,,,,,,,,,,,,,,,,,,,,,,,,,,,,,,,,,,,,,,,,,,,,,,,,,,,,,,,,,,,,,,,,,,,,,,,,,,,,,,,,,,,,,,,,,,,,,,,,,,,,,,,,,,,,,,,,,,,,,,,,,,,,,,,,,,,,,,,,,,,,,,,,,,,,,,,,,,,,,,,,,,,,,,,,,,,,,,,,,,,,,,,,,,,,,,,,,,,,,,,,,,,,,,,,,,,,,,,,,,,,,,,,,,,,,,,,,,,,,,,,,,,,,,,,,,,,,,,,,,,,,,,,,,,,,,,,,,,,,,,,,,,,,,,,,,,,,,,,,,,,,,,,,,,,,,,,,,,,,,,,,,,,,,,,,,,,,,,,,,,,,,,,,,,,,,,,,,,,,,,,,,,,,,,,,,,,,,,,,,,,,,,,,,,,,,,,,,,,,,,,,,,,,,,
2021-04-15 10:03:17,2021-04-15 11:17:12,0,92.184.112.247,42,4434,0,2021-04-22 11:17:14,R_3syy4A2hw87kzec,,,,,,,anonymous,FR,1,1,,,,,,,,,,,,,,2,,,,,,,4,3,3,2,5,3,6,4,3,4,5,2,4,3,2,4,2,1,2,1,5,7,4,2,3,5,3,7,6,3,1,6,1,1,2,1,1,7,6,6,3,3,2,2,5,3,3,2,6,6,6,2,3,3,3,3,3,2,3,4,3,4,2,5,8,10,2,9,3,4,5,7,6,1,3,1,5,4,4,3,5,3,3,4,6,9,7,4,1,8,3,2,10,5,2,1,1,2,1,2,2,1,2,1,2,2,2,1,1,1,1,1,2,2,2,1,2,1,2,2,2,1,1,1,1,1,1,1,1,1,1,1,2,1,2,1,1,1,1,1,2,1,1,1,2,1,1,2,1,1,2,1,1,1,1,1,1,1,2,1,1,1,2,1,2,1,1,1,2,2,1,2,2,1,2,,3,1,,1,,,1,,3,,,,1,13,3,3,13,,,,3,,4,,,,1,3,13,13,13,7,8,6,2,1,1,1,3,,3,2,3,3,2,,1,3,1,,1,1,,1,3,,4,3,1,4,4,13,13,,5,13,3,,13,,1,4,2,3,,1,,,1,,8,8,2,4,,3,2,2,8,6,7,6,3,8,3,1,,,,,,1,,,,,,1,2,,3,2,2,1,4,3,3,2,2,1,1,2,4,1,2,3,3,2,2,3,1,3,2,1,1,1,2,2,3,1,2,2,2,1,1,1,1,2,1,1,1,1,1,1,1,,,,,,,,,,,,,,,,,,,,,,,,,,,,,,,,,,,,,,,,,,,,,,,,,,,,,,,,,,,,,,,,,,,,,,,,,,,,,,,,,,,,,,,,,,,,,,,,,,,,,,,,,,,,,,,,,,,,,,,,,,,,,,,,,,,,,,,,,,,,,,,,,,,,,,,,,,,,,,,,,,,,,,,,,,,,,,,,,,,,,,,,,,,,,,,,,,,,,,,,,,
2021-04-15 08:01:05,2021-04-15 11:36:03,0,2.7.153.148,55,12897,0,2021-04-22 11:36:03,R_3qUpBjz3rh5IfXx,,,,,,,anonymous,FR,1,2,1,1,7,6,6,6,5,6,6,6,5,7,7,2,,,,,,,7,7,1,1,1,7,4,4,4,2,4,7,4,2,7,3,5,1,1,1,7,7,4,2,7,6,2,6,6,6,2,6,1,1,1,5,2,4,2,5,6,6,1,1,7,1,1,1,2,1,2,6,6,6,5,4,4,1,1,1,1,5,1,2,2,4,3,6,8,9,10,1,7,5,5,5,2,5,5,1,4,4,1,2,5,6,7,2,1,9,3,4,10,8,2,1,1,2,2,2,2,1,2,2,2,2,2,1,1,2,2,1,2,1,2,2,2,2,2,2,2,1,1,1,2,1,2,2,1,1,1,1,2,2,1,1,1,1,2,2,2,1,1,1,2,1,1,2,1,1,2,1,2,2,1,1,1,2,2,2,1,2,2,1,2,2,2,2,1,2,2,2,2,2,2,,2,2,,,,,2,,,,,,2,2,,,13,,2,,,,,,,,4,2,2,,3,,,6,2,2,2,2,,3,2,2,2,,,,2,7,2,,4,12,,2,4,,2,,,13,13,8,,,,13,,,13,,,,,13,2,,,,,,8,2,,,,6,6,,,4,6,1,,6,,1,8,,,,1,2,,,,,,,2,,2,3,5,1,1,2,2,2,5,5,2,4,5,2,1,2,5,3,4,1,2,2,5,2,5,2,4,1,2,1,1,3,4,2,5,1,5,2,3,1,2,5,4,3,5,5,6,4,5,5,1,5,6,3,1,1,1,1,5,8,5,9,4,1,1,2,2,2,1,7,7,4,1,1,1,7,7,1,7,5,2,4,4,,,,,,,,,,,,,,,,,,,,,,,,,,,,,,,,,,,,,,,,,,,,,,,,,,,,,,,,,,,,,,,,,,,,,,,,,,,,,,,,,,,,,,,,,,,,,,,,,,,,,,,,,,,,,11,8,12,7,6,11,8,12,7,12,8,7,,,,,,,,,,,,,,,,,,,,,,,,,,,,,,,,,,,,,,,,,,,,
2021-04-15 11:48:28,2021-04-15 12:09:27,0,176.191.104.223,44,1258,0,2021-04-22 12:09:28,R_5o3TU5vRMzLPqDv,,,,,,,anonymous,FR,1,1,,,,,,,,,,,,,,2,,,,,,,3,2,5,3,5,3,4,5,3,5,5,4,2,5,1,2,6,5,6,5,2,3,2,3,2,2,3,2,2,2,6,2,6,2,3,2,6,6,7,7,2,2,2,3,6,3,3,3,3,3,5,5,3,4,1,2,4,4,4,4,4,4,2,4,10,8,2,5,1,6,7,4,9,3,3,1,3,5,5,4,1,1,1,4,8,9,1,2,4,5,7,6,10,3,2,1,1,1,1,2,2,2,2,2,2,2,2,1,1,2,2,1,1,1,2,2,2,1,2,2,2,1,1,1,1,1,1,2,1,2,1,2,2,2,2,1,1,1,2,1,1,1,1,1,2,2,2,2,1,1,2,1,2,1,2,2,1,2,1,1,1,1,2,1,2,2,1,2,1,1,2,2,2,2,2,,2,1,2,2,,,,,,,,,1,1,,,13,3,1,,,,1,,,,3,1,13,13,1,13,,2,,3,,1,,,1,13,3,,1,1,1,4,3,,,,,1,1,,3,,2,,,13,,2,13,13,2,,13,,,1,,2,2,,,,,,8,4,3,,,,,2,,3,8,1,1,8,1,1,1,,,,,1,,,,1,,,2,,5,4,4,3,1,4,2,2,2,4,2,4,5,4,2,2,3,1,2,2,3,2,4,2,4,3,3,4,3,2,2,4,2,2,4,2,4,5,4,4,2,4,2,2,3,9,5,5,4,2,2,6,5,4,5,4,5,5,5,5,5,5,5,,,,,,,,,,,,,,,,,,,,,,,,,,,,,,,,,,,,,,,,,,,,,,,,,,,,,,,,,,,,,,,,,,,,,,,,,,,,,,,,,,,,,,,,,,,,,,,,,,,,,,,,,,,,,,,,,,,,,,,,,,,,,,,,,,,,,,,,,,,,,,,,,,,,,,,,,,,,,,,,,,,,,,,,,,,,,,,,,,,,,,,,
2021-04-15 13:23:30,2021-04-15 13:24:05,0,90.41.79.28,11,35,0,2021-04-22 13:24:05,R_3oFayGTqtCnN2Cj,,,,,,,anonymous,FR,1,1,,,,,,,,,,,,,,2,,,,,,,,,,,,,,,,,,,,,,,,,,,,,,,,,,,,,,,,,,,,,,,,,,,,,,,,,,,,,,,,,,,,,,,,,,,,,,,,,,,,,,,,,,,,,,,,,,,,,,,,,,,,,,,,,,,,,,,,,,,,,,,,,,,,,,,,,,,,,,,,,,,,,,,,,,,,,,,,,,,,,,,,,,,,,,,,,,,,,,,,,,,,,,,,,,,,,,,,,,,,,,,,,,,,,,,,,,,,,,,,,,,,,,,,,,,,,,,,,,,,,,,,,,,,,,,,,,,,,,,,,,,,,,,,,,,,,,,,,,,,,,,,,,,,,,,,,,,,,,,,,,,,,,,,,,,,,,,,,,,,,,,,,,,,,,,,,,,,,,,,,,,,,,,,,,,,,,,,,,,,,,,,,,,,,,,,,,,,,,,,,,,,,,,,,,,,,,,,,,,,,,,,,,,,,,,,,,,,,,,,,,,,,,,,,,,,,,,,,,,,,,,,,,,,,,,,,,,,,,,,,,,,,,,,,,,,,,,,,,,,,,,,,,,,,,,,,,,,,,,,,,,,,,,,,,,,,,,,,,,,,,,,,,,,,,,,,,,
2021-04-15 12:55:16,2021-04-15 13:24:40,0,90.112.176.61,53,1764,0,2021-04-22 13:24:41,R_24wnT5Tp5YEWEvW,,,,,,,anonymous,FR,1,2,2,4,3,3,5,3,5,3,5,3,5,3,5,2,,,,,,,5,5,3,3,3,5,3,5,4,3,3,4,3,5,3,2,5,3,3,3,3,3,2,6,2,6,3,3,3,3,5,3,3,3,3,3,5,5,5,5,3,3,3,3,5,3,3,3,5,5,5,3,4,3,4,1,4,4,5,3,1,4,4,4,9,8,3,6,5,7,10,2,4,1,1,1,5,5,5,3,1,1,1,3,10,9,1,2,4,6,7,8,5,3,1,1,1,2,1,2,2,2,2,2,2,2,2,1,1,1,2,1,2,1,2,2,2,1,2,2,1,1,1,1,1,1,1,2,1,1,1,1,2,1,1,2,1,1,2,1,1,1,1,1,2,1,1,2,1,1,2,1,2,2,1,1,1,2,2,2,1,1,2,2,2,2,1,2,1,2,2,1,1,2,2,1,1,4,,3,,,,,,,,,1,1,1,,13,,1,,,,1,,,1,1,1,13,1,1,1,,3,1,1,1,2,4,3,,1,1,,1,1,1,5,1,,6,4,,1,1,,3,,,13,1,5,,,,13,3,,,,,1,,6,2,,1,1,,,7,6,1,2,,6,1,,,3,8,1,,,1,1,4,,,1,1,,,,,,2,,2,,3,2,2,3,4,4,5,2,2,4,2,2,5,2,2,4,2,2,2,2,2,2,4,2,4,2,4,4,4,3,2,4,3,3,4,2,3,4,4,2,2,4,2,1,2,5,4,3,5,2,2,5,4,2,2,2,3,3,4,5,2,5,2,3,3,3,5,3,3,3,5,,3,2,2,2,3,2,2,2,2,2,4,,,,,,,,,,,,,,,,,,,,,,,,,,,,,,,,,,,,,,,,,,,,,,,,,,,,,,,,9,8,10,10,10,10,11,8,10,8,10,8,8,9,8,10,9,,,,,,,,,,,,,,,,,,,,,,,,,,,,,,,,,,,,,,,,,,,,,,,,,,,,,,,,,,,,,,,,,,,,,,,,,,,,,,,,,,,,,,,,,,,,
2021-04-15 13:25:38,2021-04-15 13:30:56,0,37.166.215.86,15,317,0,2021-04-22 13:30:56,R_3sia7LXedNAhhP7,,,,,,,anonymous,FR,1,1,,,,,,,,,,,,,,2,,,,,,,5,3,3,2,5,4,4,5,3,1,2,4,3,5,1,1,6,4,3,5,3,4,3,5,3,5,1,2,6,3,,,,,,,,,,,,,,,,,,,,,,,,,,,,,,,,,,,,,,,,,,,,,,,,,,,,,,,,,,,,,,,,,,,,,,,,,,,,,,,,,,,,,,,,,,,,,,,,,,,,,,,,,,,,,,,,,,,,,,,,,,,,,,,,,,,,,,,,,,,,,,,,,,,,,,,,,,,,,,,,,,,,,,,,,,,,,,,,,,,,,,,,,,,,,,,,,,,,,,,,,,,,,,,,,,,,,,,,,,,,,,,,,,,,,,,,,,,,,,,,,,,,,,,,,,,,,,,,,,,,,,,,,,,,,,,,,,,,,,,,,,,,,,,,,,,,,,,,,,,,,,,,,,,,,,,,,,,,,,,,,,,,,,,,,,,,,,,,,,,,,,,,,,,,,,,,,,,,,,,,,,,,,,,,,,,,,,,,,,,,,,,,,,,,,,,,,,,,,,,,,,,,,,,,,,,,,,,,,,,,,,,,,,,,,,,,,,,,,,,,,,,,,,,,,,,,,,,,,,,,,,,,,,,,,,,,,,,,,,,,,,,,,,,,,,,,,,,,,,,,,,,
2021-04-15 12:08:08,2021-04-15 13:40:26,0,37.171.45.101,24,5537,0,2021-04-22 13:40:27,R_3fSRc3gZ0zlMwCA,,,,,,,anonymous,FR,1,2,2,1,2,4,4,4,5,4,3,5,5,3,5,2,,,,,,,7,7,4,3,3,7,5,4,4,4,4,3,3,5,2,1,7,6,6,4,3,2,3,3,2,4,3,3,4,3,6,3,2,3,3,1,3,7,7,7,2,2,4,4,2,3,4,4,4,4,5,2,3,3,2,2,5,5,5,3,2,3,2,5,1,2,3,4,7,8,5,6,9,10,2,2,5,5,4,3,2,3,2,5,,,,,,,,,,,,,,,,,,,,,,,,,,,,,,,,,,,,,,,,,,,,,,,,,,,,,,,,,,,,,,,,,,,,,,,,,,,,,,,,,,,,,,,,,,,,,,,,,,,,,,,,,,,,,,,,,,,,,,,,,,,,,,,,,,,,,,,,,,,,,,,,,,,,,,,,,,,,,,,,,,,,,,,,,,,,,,,,,,,,,,,,,,,,,,,,,,,,,,,,,,,,,,,,,,,,,,,,,,,,,,,,,,,,,,,,,,,,,,,,,,,,,,,,,,,,,,,,,,,,,,,,,,,,,,,,,,,,,,,,,,,,,,,,,,,,,,,,,,,,,,,,,,,,,,,,,,,,,,,,,,,,,,,,,,,,,,,,,,,,,,,,,,,,,,,,,,,,,,,,,,,,,,,,,,,,,,,,,,,,,,,,,,,,,,,,,,,,,,,,,,,,,,,,,,,,,,,,,,,,,,,,,,,,,,,,,,,,,,,,,,,,,,,,,
2021-04-15 13:40:57,2021-04-15 13:41:12,0,92.184.112.92,4,14,0,2021-04-22 13:41:17,R_1LnUObr8ROLPm7Q,,,,,,,anonymous,FR,1,4,,,,,,,,,,,,,,,,,,,,,,,,,,,,,,,,,,,,,,,,,,,,,,,,,,,,,,,,,,,,,,,,,,,,,,,,,,,,,,,,,,,,,,,,,,,,,,,,,,,,,,,,,,,,,,,,,,,,,,,,,,,,,,,,,,,,,,,,,,,,,,,,,,,,,,,,,,,,,,,,,,,,,,,,,,,,,,,,,,,,,,,,,,,,,,,,,,,,,,,,,,,,,,,,,,,,,,,,,,,,,,,,,,,,,,,,,,,,,,,,,,,,,,,,,,,,,,,,,,,,,,,,,,,,,,,,,,,,,,,,,,,,,,,,,,,,,,,,,,,,,,,,,,,,,,,,,,,,,,,,,,,,,,,,,,,,,,,,,,,,,,,,,,,,,,,,,,,,,,,,,,,,,,,,,,,,,,,,,,,,,,,,,,,,,,,,,,,,,,,,,,,,,,,,,,,,,,,,,,,,,,,,,,,,,,,,,,,,,,,,,,,,,,,,,,,,,,,,,,,,,,,,,,,,,,,,,,,,,,,,,,,,,,,,,,,,,,,,,,,,,,,,,,,,,,,,,,,,,,,,,,,,,,,,,,,,,,,,,,,,,,,,,,,,,,,,,
2021-04-15 14:39:58,2021-04-15 14:40:12,0,109.213.131.123,4,13,0,2021-04-22 14:40:14,R_3h6nxWk87X58CCV,,,,,,,anonymous,FR,1,2,,,,,,,,,,,,,,,,,,,,,,,,,,,,,,,,,,,,,,,,,,,,,,,,,,,,,,,,,,,,,,,,,,,,,,,,,,,,,,,,,,,,,,,,,,,,,,,,,,,,,,,,,,,,,,,,,,,,,,,,,,,,,,,,,,,,,,,,,,,,,,,,,,,,,,,,,,,,,,,,,,,,,,,,,,,,,,,,,,,,,,,,,,,,,,,,,,,,,,,,,,,,,,,,,,,,,,,,,,,,,,,,,,,,,,,,,,,,,,,,,,,,,,,,,,,,,,,,,,,,,,,,,,,,,,,,,,,,,,,,,,,,,,,,,,,,,,,,,,,,,,,,,,,,,,,,,,,,,,,,,,,,,,,,,,,,,,,,,,,,,,,,,,,,,,,,,,,,,,,,,,,,,,,,,,,,,,,,,,,,,,,,,,,,,,,,,,,,,,,,,,,,,,,,,,,,,,,,,,,,,,,,,,,,,,,,,,,,,,,,,,,,,,,,,,,,,,,,,,,,,,,,,,,,,,,,,,,,,,,,,,,,,,,,,,,,,,,,,,,,,,,,,,,,,,,,,,,,,,,,,,,,,,,,,,,,,,,,,,,,,,,,,,,,,,,,,
2021-04-15 14:47:31,2021-04-15 15:09:25,0,37.169.9.117,44,1314,0,2021-04-22 15:09:28,R_2y1JjtsCqjJZy5P,,,,,,,anonymous,FR,1,1,,,,,,,,,,,,,,2,,,,,,,6,4,6,3,3,7,3,5,5,2,2,5,4,4,2,1,7,6,5,6,3,5,3,3,3,3,3,1,1,1,7,1,7,2,6,2,4,4,5,5,5,4,4,3,5,4,4,4,6,5,6,2,3,4,1,2,4,4,5,2,2,1,4,3,9,8,1,6,2,7,5,10,3,4,1,2,5,3,5,2,1,1,1,3,8,6,1,4,2,5,10,9,7,3,2,1,1,2,1,2,2,2,2,2,2,2,2,1,1,2,1,1,2,2,2,2,2,2,2,2,2,1,1,1,1,2,1,2,1,1,1,1,2,1,2,1,2,1,1,1,1,2,1,2,2,1,1,2,2,1,2,2,1,2,1,2,1,2,1,2,1,2,2,1,2,2,2,2,1,1,2,2,2,2,2,,4,3,,1,,,,,,,,,4,13,,1,13,,,,,,,,,,3,1,13,1,,8,,13,4,3,3,2,6,,1,,6,5,1,2,,8,,,3,5,,,2,,,4,,13,,13,,4,,10,,,13,,,,,13,1,,,,,,8,8,2,2,,5,,,,3,4,2,,8,,,8,,,,,2,,,,2,,,2,,2,4,2,4,2,4,2,3,2,5,2,2,2,4,2,4,4,5,3,1,2,2,4,2,5,4,4,3,4,2,2,4,4,3,5,2,4,2,2,1,4,4,2,1,3,3,3,4,5,5,3,3,2,2,2,2,3,2,2,5,6,5,5,,,,,,,,,,,,,,,,,,,,,,,,,,,,,,,,,,,,,,,,,,,,,,,,,,,,,,,,,,,,,,,,,,,,,,,,,,,,,,,,,,,,,,,,,,,,,,,,,,,,,,,,,,,,,,,,,,,,,,,,,,,,,,,,,,,,,,,,,,,,,,,,,,,,,,,,,,,,,,,,,,,,,,,,,,,,,,,,,,,,,,,,
2021-04-15 14:59:04,2021-04-15 15:22:15,0,80.214.222.195,44,1391,0,2021-04-22 15:22:15,R_3lsr2DOjvFK8pzx,,,,,,,anonymous,FR,1,2,1,1,2,3,1,2,1,2,1,5,7,7,7,2,,,,,,,7,7,7,2,7,7,2,3,1,2,2,2,3,6,3,2,4,1,1,1,3,7,5,1,4,2,4,2,2,4,2,2,2,1,2,2,7,7,7,7,1,1,2,1,7,1,1,1,1,2,4,6,6,6,5,4,2,2,4,4,2,5,2,5,1,2,8,9,6,5,10,3,7,4,2,2,4,4,4,1,1,1,1,3,5,8,1,3,2,7,10,6,9,4,1,1,1,1,1,2,2,2,2,2,2,2,1,1,1,1,2,1,2,1,2,2,2,1,2,2,2,2,2,1,1,2,1,2,1,1,1,1,2,2,1,2,1,1,2,2,2,1,1,1,2,1,1,2,1,2,2,1,2,2,2,1,1,2,2,2,1,1,2,2,2,2,2,2,2,2,2,2,2,2,2,1,7,1,1,1,,,,,,,,13,1,1,1,,13,,1,,,,4,,,,,,10,1,,13,,10,5,1,1,2,,5,,1,5,,,,3,3,1,,5,3,,1,,,1,,,,13,13,,,,13,1,,,,,,,2,,,,,,,8,2,1,,,,6,,,3,8,1,,,,1,,8,,,1,,,,,,,,2,,2,4,4,2,2,2,1,1,2,2,4,4,5,2,3,1,3,3,5,2,1,1,4,2,3,1,3,2,3,2,2,3,2,2,3,2,5,5,2,4,1,5,4,3,1,8,8,2,7,6,1,7,7,1,1,1,8,8,3,7,3,2,4,,,,,,,,,,,,,,,,,,,,,,,,,,,,,,,,,,,,,,,,,,,,,,,,,,,,,,,,,,,,,,,,,,,,,,,,,,,,,,,,,,,,,,,,,,,,,,,,,,,,,,,,,,,,,,,,,,,,,,,,,,,,,,,,,,,,,,,,,,,,,,,,,,,,,,,,,,,,,,,,,,,,,,,,,,,,,,,,,,,,,,,,
2021-04-15 16:50:31,2021-04-15 16:50:52,0,93.22.148.15,11,20,0,2021-04-22 16:50:56,R_2cjSop1OUB0n4g6,,,,,,,anonymous,FR,1,1,,,,,,,,,,,,,,2,,,,,,,,,,,,,,,,,,,,,,,,,,,,,,,,,,,,,,,,,,,,,,,,,,,,,,,,,,,,,,,,,,,,,,,,,,,,,,,,,,,,,,,,,,,,,,,,,,,,,,,,,,,,,,,,,,,,,,,,,,,,,,,,,,,,,,,,,,,,,,,,,,,,,,,,,,,,,,,,,,,,,,,,,,,,,,,,,,,,,,,,,,,,,,,,,,,,,,,,,,,,,,,,,,,,,,,,,,,,,,,,,,,,,,,,,,,,,,,,,,,,,,,,,,,,,,,,,,,,,,,,,,,,,,,,,,,,,,,,,,,,,,,,,,,,,,,,,,,,,,,,,,,,,,,,,,,,,,,,,,,,,,,,,,,,,,,,,,,,,,,,,,,,,,,,,,,,,,,,,,,,,,,,,,,,,,,,,,,,,,,,,,,,,,,,,,,,,,,,,,,,,,,,,,,,,,,,,,,,,,,,,,,,,,,,,,,,,,,,,,,,,,,,,,,,,,,,,,,,,,,,,,,,,,,,,,,,,,,,,,,,,,,,,,,,,,,,,,,,,,,,,,,,,,,,,,,,,,,,,,,,,,,,,,,,,,,,,,,
2021-04-15 17:14:10,2021-04-15 17:17:09,0,78.198.10.113,11,178,0,2021-04-22 17:17:09,R_2SkxCpbXw72iTWH,,,,,,,anonymous,FR,1,2,1,1,1,7,7,7,7,7,7,4,7,5,5,2,,,,,,,,,,,,,,,,,,,,,,,,,,,,,,,,,,,,,,,,,,,,,,,,,,,,,,,,,,,,,,,,,,,,,,,,,,,,,,,,,,,,,,,,,,,,,,,,,,,,,,,,,,,,,,,,,,,,,,,,,,,,,,,,,,,,,,,,,,,,,,,,,,,,,,,,,,,,,,,,,,,,,,,,,,,,,,,,,,,,,,,,,,,,,,,,,,,,,,,,,,,,,,,,,,,,,,,,,,,,,,,,,,,,,,,,,,,,,,,,,,,,,,,,,,,,,,,,,,,,,,,,,,,,,,,,,,,,,,,,,,,,,,,,,,,,,,,,,,,,,,,,,,,,,,,,,,,,,,,,,,,,,,,,,,,,,,,,,,,,,,,,,,,,,,,,,,,,,,,,,,,,,,,,,,,,,,,,,,,,,,,,,,,,,,,,,,,,,,,,,,,,,,,,,,,,,,,,,,,,,,,,,,,,,,,,,,,,,,,,,,,,,,,,,,,,,,,,,,,,,,,,,,,,,,,,,,,,,,,,,,,,,,,,,,,,,,,,,,,,,,,,,,,,,,,,,,,,,,,,,,,,,,,,,,,,,,,,,,,
2021-04-15 23:26:23,2021-04-15 23:35:00,0,86.247.136.249,24,517,0,2021-04-22 23:35:00,R_1ria0LjhG3WFiNl,,,,,,,anonymous,FR,1,1,,,,,,,,,,,,,,2,,,,,,,6,5,5,1,2,6,2,2,5,5,5,1,4,6,2,3,2,1,1,2,2,3,2,6,4,3,2,3,3,3,5,2,1,1,1,2,5,5,7,6,3,2,3,2,6,3,2,3,3,3,3,5,6,6,4,4,4,4,4,3,2,3,3,3,1,7,2,4,3,8,9,6,10,5,4,1,4,5,5,4,3,2,1,3,,,,,,,,,,,,,,,,,,,,,,,,,,,,,,,,,,,,,,,,,,,,,,,,,,,,,,,,,,,,,,,,,,,,,,,,,,,,,,,,,,,,,,,,,,,,,,,,,,,,,,,,,,,,,,,,,,,,,,,,,,,,,,,,,,,,,,,,,,,,,,,,,,,,,,,,,,,,,,,,,,,,,,,,,,,,,,,,,,,,,,,,,,,,,,,,,,,,,,,,,,,,,,,,,,,,,,,,,,,,,,,,,,,,,,,,,,,,,,,,,,,,,,,,,,,,,,,,,,,,,,,,,,,,,,,,,,,,,,,,,,,,,,,,,,,,,,,,,,,,,,,,,,,,,,,,,,,,,,,,,,,,,,,,,,,,,,,,,,,,,,,,,,,,,,,,,,,,,,,,,,,,,,,,,,,,,,,,,,,,,,,,,,,,,,,,,,,,,,,,,,,,,,,,,,,,,,,,,,,,,,,,,,,,,,,,,,,,,,,,,,,,,,,,,
2021-04-16 00:23:29,2021-04-16 00:28:01,0,79.85.52.30,22,271,0,2021-04-23 00:28:01,R_6sfoimvqOPeHhzb,,,,,,,anonymous,FR,1,1,,,,,,,,,,,,,,2,,,,,,,5,5,3,3,4,5,3,5,5,6,6,6,3,4,2,2,6,3,3,3,3,5,3,3,3,4,4,3,2,3,6,2,2,2,1,2,6,6,5,6,3,3,3,4,4,4,4,4,5,5,6,3,3,3,2,3,4,4,5,4,1,1,1,3,5,6,2,4,1,7,9,8,10,3,,,,,,,,,,,,,,,,,,,,,,,,,,,,,,,,,,,,,,,,,,,,,,,,,,,,,,,,,,,,,,,,,,,,,,,,,,,,,,,,,,,,,,,,,,,,,,,,,,,,,,,,,,,,,,,,,,,,,,,,,,,,,,,,,,,,,,,,,,,,,,,,,,,,,,,,,,,,,,,,,,,,,,,,,,,,,,,,,,,,,,,,,,,,,,,,,,,,,,,,,,,,,,,,,,,,,,,,,,,,,,,,,,,,,,,,,,,,,,,,,,,,,,,,,,,,,,,,,,,,,,,,,,,,,,,,,,,,,,,,,,,,,,,,,,,,,,,,,,,,,,,,,,,,,,,,,,,,,,,,,,,,,,,,,,,,,,,,,,,,,,,,,,,,,,,,,,,,,,,,,,,,,,,,,,,,,,,,,,,,,,,,,,,,,,,,,,,,,,,,,,,,,,,,,,,,,,,,,,,,,,,,,,,,,,,,,,,,,,,,,,,,,,,,,,,,,,,,,,,
2021-04-16 02:37:16,2021-04-16 02:50:16,0,90.112.16.106,20,780,0,2021-04-23 02:50:17,R_301cQSx2S1TKieL,,,,,,,anonymous,FR,1,2,1,1,6,7,6,7,2,7,5,7,7,6,7,2,,,,,,,7,7,7,1,1,7,6,6,6,3,3,6,3,3,1,1,6,3,3,3,5,4,5,5,5,3,5,3,6,2,5,5,2,3,2,1,3,7,6,6,5,3,1,1,7,3,2,1,3,3,7,6,5,3,5,4,4,3,3,3,1,5,2,5,,,,,,,,,,,,,,,,,,,,,,,,,,,,,,,,,,,,,,,,,,,,,,,,,,,,,,,,,,,,,,,,,,,,,,,,,,,,,,,,,,,,,,,,,,,,,,,,,,,,,,,,,,,,,,,,,,,,,,,,,,,,,,,,,,,,,,,,,,,,,,,,,,,,,,,,,,,,,,,,,,,,,,,,,,,,,,,,,,,,,,,,,,,,,,,,,,,,,,,,,,,,,,,,,,,,,,,,,,,,,,,,,,,,,,,,,,,,,,,,,,,,,,,,,,,,,,,,,,,,,,,,,,,,,,,,,,,,,,,,,,,,,,,,,,,,,,,,,,,,,,,,,,,,,,,,,,,,,,,,,,,,,,,,,,,,,,,,,,,,,,,,,,,,,,,,,,,,,,,,,,,,,,,,,,,,,,,,,,,,,,,,,,,,,,,,,,,,,,,,,,,,,,,,,,,,,,,,,,,,,,,,,,,,,,,,,,,,,,,,,,,,,,,,,,,,,,,,,,,,,,,,,,,,,
2021-04-16 03:09:56,2021-04-16 03:15:19,0,176.164.133.79,16,323,0,2021-04-23 03:15:21,R_3CDd0bOlKDLoaXT,,,,,,,anonymous,FR,1,2,1,3,6,4,6,6,3,5,6,3,4,6,7,2,,,,,,,3,5,2,3,3,5,2,2,3,5,6,4,2,3,3,2,6,3,2,2,3,2,3,1,3,4,4,2,3,3,3,3,3,5,2,1,1,6,4,7,2,3,3,3,4,,,,,,,,,,,,,,,,,,,,,,,,,,,,,,,,,,,,,,,,,,,,,,,,,,,,,,,,,,,,,,,,,,,,,,,,,,,,,,,,,,,,,,,,,,,,,,,,,,,,,,,,,,,,,,,,,,,,,,,,,,,,,,,,,,,,,,,,,,,,,,,,,,,,,,,,,,,,,,,,,,,,,,,,,,,,,,,,,,,,,,,,,,,,,,,,,,,,,,,,,,,,,,,,,,,,,,,,,,,,,,,,,,,,,,,,,,,,,,,,,,,,,,,,,,,,,,,,,,,,,,,,,,,,,,,,,,,,,,,,,,,,,,,,,,,,,,,,,,,,,,,,,,,,,,,,,,,,,,,,,,,,,,,,,,,,,,,,,,,,,,,,,,,,,,,,,,,,,,,,,,,,,,,,,,,,,,,,,,,,,,,,,,,,,,,,,,,,,,,,,,,,,,,,,,,,,,,,,,,,,,,,,,,,,,,,,,,,,,,,,,,,,,,,,,,,,,,,,,,,,,,,,,,,,,,,,,,,,,,,,,,,,,,,
2021-04-16 03:30:39,2021-04-16 04:07:20,0,46.193.66.27,53,2201,0,2021-04-23 04:07:23,R_3PoGydKZOfvfNvj,,,,,,,anonymous,FR,1,2,1,1,6,6,4,6,3,6,2,6,7,6,7,2,,,,,,,6,7,1,1,4,7,3,4,3,2,2,4,3,3,1,1,7,5,6,7,2,2,1,6,3,2,2,2,3,2,6,2,4,2,2,1,7,7,7,7,1,1,3,4,4,2,2,3,2,2,6,3,2,5,3,4,5,5,5,2,1,4,4,5,7,6,3,4,5,9,10,2,8,1,2,2,5,5,5,4,4,4,3,5,9,8,2,3,4,7,5,6,10,1,2,1,1,2,1,2,2,2,2,2,2,2,2,1,1,1,2,1,1,1,2,2,2,1,2,2,2,2,2,1,1,1,1,2,1,2,1,1,2,1,1,2,1,1,1,1,1,1,2,1,2,1,2,2,1,1,2,2,2,1,1,1,1,2,1,1,1,2,2,1,2,2,1,2,1,1,2,1,2,1,2,,4,3,,1,,,,,,,,,3,5,1,,13,1,3,,,,1,,,,,,13,13,2,13,,4,,2,2,2,2,3,,5,5,5,1,1,1,,1,,3,,,3,1,,,,1,8,13,9,,1,7,13,,,5,,,1,,13,2,,3,,2,,8,7,7,2,,4,4,5,,3,8,2,3,2,2,2,7,,,2,1,,,,,2,,,2,,3,2,4,3,2,3,2,2,2,3,1,2,4,3,2,3,2,1,2,2,2,3,3,2,3,2,3,3,2,2,1,4,2,3,3,2,3,4,3,2,2,5,2,2,2,6,5,6,7,3,4,8,7,4,5,5,5,5,5,7,7,7,3,5,2,2,2,3,4,1,1,4,1,2,2,2,2,2,2,1,2,3,5,,,,,,,,,,,,,,,,,,,,,,,,,,,,,,,,,,,,,,,,,,,,,,,,,,,,,,,,,,,,,,,,,,,,,,,,,,,,,,,,,,,,,,,,,,,,,,,,,,,,,,,,,,,,,,,,,,,,,,,,,,,,,,,,,,,,,,,,,,,,,,,,,,,,,,,,,,,,,,,,,,,,
2021-04-16 04:11:31,2021-04-16 04:15:28,0,193.56.245.3,13,237,0,2021-04-23 04:15:33,R_1NluZFwBw5vVAAJ,,,,,,,anonymous,FR,1,2,2,1,7,3,3,3,2,3,5,3,6,7,7,2,,,,,,,4,6,2,4,5,4,3,5,6,5,5,5,5,5,1,,,,,,,,,,,,,,,,,,,,,,,,,,,,,,,,,,,,,,,,,,,,,,,,,,,,,,,,,,,,,,,,,,,,,,,,,,,,,,,,,,,,,,,,,,,,,,,,,,,,,,,,,,,,,,,,,,,,,,,,,,,,,,,,,,,,,,,,,,,,,,,,,,,,,,,,,,,,,,,,,,,,,,,,,,,,,,,,,,,,,,,,,,,,,,,,,,,,,,,,,,,,,,,,,,,,,,,,,,,,,,,,,,,,,,,,,,,,,,,,,,,,,,,,,,,,,,,,,,,,,,,,,,,,,,,,,,,,,,,,,,,,,,,,,,,,,,,,,,,,,,,,,,,,,,,,,,,,,,,,,,,,,,,,,,,,,,,,,,,,,,,,,,,,,,,,,,,,,,,,,,,,,,,,,,,,,,,,,,,,,,,,,,,,,,,,,,,,,,,,,,,,,,,,,,,,,,,,,,,,,,,,,,,,,,,,,,,,,,,,,,,,,,,,,,,,,,,,,,,,,,,,,,,,,,,,,,,,,,,,,,,,,,,,,,,,,,,,,,,,,,,,,,,,,,,,,,,,,,
2021-04-16 04:11:35,2021-04-16 04:16:58,0,81.185.165.55,13,322,0,2021-04-23 04:17:03,R_2e2svh8dcTG98Ps,,,,,,,anonymous,FR,1,1,,,,,,,,,,,,,,2,,,,,,,3,3,2,4,5,3,3,4,3,4,5,5,2,4,2,,,,,,,,,,,,,,,,,,,,,,,,,,,,,,,,,,,,,,,,,,,,,,,,,,,,,,,,,,,,,,,,,,,,,,,,,,,,,,,,,,,,,,,,,,,,,,,,,,,,,,,,,,,,,,,,,,,,,,,,,,,,,,,,,,,,,,,,,,,,,,,,,,,,,,,,,,,,,,,,,,,,,,,,,,,,,,,,,,,,,,,,,,,,,,,,,,,,,,,,,,,,,,,,,,,,,,,,,,,,,,,,,,,,,,,,,,,,,,,,,,,,,,,,,,,,,,,,,,,,,,,,,,,,,,,,,,,,,,,,,,,,,,,,,,,,,,,,,,,,,,,,,,,,,,,,,,,,,,,,,,,,,,,,,,,,,,,,,,,,,,,,,,,,,,,,,,,,,,,,,,,,,,,,,,,,,,,,,,,,,,,,,,,,,,,,,,,,,,,,,,,,,,,,,,,,,,,,,,,,,,,,,,,,,,,,,,,,,,,,,,,,,,,,,,,,,,,,,,,,,,,,,,,,,,,,,,,,,,,,,,,,,,,,,,,,,,,,,,,,,,,,,,,,,,,,,,,,,,
2021-04-16 04:43:09,2021-04-16 04:53:28,0,92.184.102.145,24,618,0,2021-04-23 04:53:28,R_3kKjM3zntLhIoTL,,,,,,,anonymous,FR,1,2,2,1,5,7,4,7,2,6,4,7,7,4,7,2,,,,,,,7,7,1,1,1,7,3,3,2,4,6,3,4,6,2,1,4,4,3,4,3,6,6,1,1,2,2,1,1,1,7,1,3,4,3,2,5,5,4,6,3,2,1,1,6,6,3,2,6,6,6,2,4,4,3,4,1,1,5,4,1,5,1,5,8,7,4,5,2,6,9,1,10,3,1,1,5,5,5,5,3,5,1,1,,,,,,,,,,,,,,,,,,,,,,,,,,,,,,,,,,,,,,,,,,,,,,,,,,,,,,,,,,,,,,,,,,,,,,,,,,,,,,,,,,,,,,,,,,,,,,,,,,,,,,,,,,,,,,,,,,,,,,,,,,,,,,,,,,,,,,,,,,,,,,,,,,,,,,,,,,,,,,,,,,,,,,,,,,,,,,,,,,,,,,,,,,,,,,,,,,,,,,,,,,,,,,,,,,,,,,,,,,,,,,,,,,,,,,,,,,,,,,,,,,,,,,,,,,,,,,,,,,,,,,,,,,,,,,,,,,,,,,,,,,,,,,,,,,,,,,,,,,,,,,,,,,,,,,,,,,,,,,,,,,,,,,,,,,,,,,,,,,,,,,,,,,,,,,,,,,,,,,,,,,,,,,,,,,,,,,,,,,,,,,,,,,,,,,,,,,,,,,,,,,,,,,,,,,,,,,,,,,,,,,,,,,,,,,,,,,,,,,,,,,,,,,,,,
2021-04-16 05:36:44,2021-04-16 05:50:29,0,91.166.58.65,29,824,0,2021-04-23 05:50:30,R_2zvj72qx7eXYmVE,,,,,,,anonymous,FR,1,2,2,2,7,5,7,6,3,6,6,6,6,3,5,2,,,,,,,6,6,5,5,4,7,2,2,2,5,5,6,1,6,5,1,7,1,2,1,2,2,2,2,2,6,3,1,1,1,7,2,2,1,1,1,5,5,7,7,3,3,5,5,3,5,5,5,3,2,5,5,7,7,4,5,4,4,4,4,1,4,4,4,6,5,2,7,8,9,10,3,4,1,1,1,5,5,5,5,5,5,2,1,7,8,3,1,2,4,5,6,9,10,1,1,1,1,1,2,1,2,2,2,2,2,1,1,2,2,2,1,1,1,2,2,1,1,1,2,2,1,1,1,1,1,1,2,1,1,1,2,2,1,1,1,1,1,1,1,1,1,1,1,2,1,1,2,1,1,2,1,2,2,1,1,1,2,1,1,1,1,2,1,2,2,1,2,1,1,2,1,2,2,2,,,,,,,,,,,,,,,,,,,,,,,,,,,,,,,,,,,,,,,,,,,,,,,,,,,,,,,,,,,,,,,,,,,,,,,,,,,,,,,,,,,,,,,,,,,,,,,,,,,,,,,,,,,,,,,,,,,,,,,,,,,,,,,,,,,,,,,,,,,,,,,,,,,,,,,,,,,,,,,,,,,,,,,,,,,,,,,,,,,,,,,,,,,,,,,,,,,,,,,,,,,,,,,,,,,,,,,,,,,,,,,,,,,,,,,,,,,,,,,,,,,,,,,,,,,,,,,,,,,,,,,,,,,,,,,,,,,,,,,,,,,,,,,,,,,,,,,,,,,,,,,,,,,,,,,,,,,,,,,,,,,,,,,,,,,,,,,,,,,,,,,,,,,,,,,,,,,,,,
2021-04-16 06:08:44,2021-04-16 06:42:59,0,37.175.225.190,31,2054,0,2021-04-23 06:42:59,R_BR4kTeaJ8oLZ7QR,,,,,,,anonymous,FR,1,2,6,2,6,3,4,2,6,3,5,2,7,3,2,2,,,,,,,4,3,4,3,5,5,4,4,3,3,4,5,3,4,2,2,5,5,3,3,3,5,2,3,4,5,4,2,2,3,5,2,4,2,4,3,4,5,5,5,3,3,2,3,6,2,3,4,5,5,4,4,3,3,5,3,5,3,4,2,3,5,1,4,2,7,3,8,5,9,6,1,10,4,4,3,5,4,5,2,4,2,1,4,4,7,1,3,2,8,5,9,10,6,1,1,1,2,1,2,2,2,2,2,2,2,2,1,2,2,2,1,2,1,2,2,2,2,2,2,2,2,2,1,1,2,1,2,1,1,1,1,2,2,2,1,2,2,2,1,2,2,1,1,2,1,1,2,1,1,2,1,2,1,1,1,1,2,2,2,1,2,2,1,2,1,2,2,1,2,2,2,2,2,2,3,1,1,,1,,,,,,,,,4,,,,13,,1,,,,,,,,,,13,13,,13,,13,1,1,1,2,,,1,,,,1,,,7,1,,1,1,,1,3,,7,,1,13,7,3,,,,13,,,13,,3,,,13,2,,,,,,,,,,,,,,,,,,,,,,,,,,,,,,,,,,,,,,,,,,,,,,,,,,,,,,,,,,,,,,,,,,,,,,,,,,,,,,,,,,,,,,,,,,,,,,,,,,,,,,,,,,,,,,,,,,,,,,,,,,,,,,,,,,,,,,,,,,,,,,,,,,,,,,,,,,,,,,,,,,,,,,,,,,,,,,,,,,,,,,,,,,,,,,,,,,,,,,,,,,,,,,,,,,,,,,,,,,,,,,,,,,,,,,,,,,,,,,,,,,,,,,,,,,,,,,,,,,,,,,,,,,,,,,,,,,,,,,,,,,
2021-04-16 08:55:56,2021-04-16 08:58:07,0,86.252.199.233,15,131,0,2021-04-23 08:58:08,R_1QyEz0aSErhPZzN,,,,,,,anonymous,FR,1,1,,,,,,,,,,,,,,2,,,,,,,2,2,4,2,3,5,2,2,2,6,7,4,3,4,1,2,2,3,2,2,2,3,2,5,2,2,3,3,5,1,,,,,,,,,,,,,,,,,,,,,,,,,,,,,,,,,,,,,,,,,,,,,,,,,,,,,,,,,,,,,,,,,,,,,,,,,,,,,,,,,,,,,,,,,,,,,,,,,,,,,,,,,,,,,,,,,,,,,,,,,,,,,,,,,,,,,,,,,,,,,,,,,,,,,,,,,,,,,,,,,,,,,,,,,,,,,,,,,,,,,,,,,,,,,,,,,,,,,,,,,,,,,,,,,,,,,,,,,,,,,,,,,,,,,,,,,,,,,,,,,,,,,,,,,,,,,,,,,,,,,,,,,,,,,,,,,,,,,,,,,,,,,,,,,,,,,,,,,,,,,,,,,,,,,,,,,,,,,,,,,,,,,,,,,,,,,,,,,,,,,,,,,,,,,,,,,,,,,,,,,,,,,,,,,,,,,,,,,,,,,,,,,,,,,,,,,,,,,,,,,,,,,,,,,,,,,,,,,,,,,,,,,,,,,,,,,,,,,,,,,,,,,,,,,,,,,,,,,,,,,,,,,,,,,,,,,,,,,,,,,,,,,,,,,,,,,,,,,,,,,,,
2021-04-16 10:06:39,2021-04-16 10:42:47,0,80.215.241.134,53,2167,0,2021-04-23 10:42:49,R_1mhiuq27ZDonxfz,,,,,,,anonymous,FR,1,2,1,1,6,6,5,3,1,2,1,1,7,7,7,2,,,,,,,7,7,1,1,1,7,2,2,6,5,6,5,4,7,1,3,6,3,3,3,2,1,1,5,2,2,2,1,5,3,4,5,2,1,1,1,7,6,6,7,1,1,1,1,7,1,1,1,2,2,5,2,6,7,5,4,5,4,5,2,1,5,4,5,4,6,3,8,7,9,10,2,5,1,5,1,5,5,5,4,5,3,1,3,6,7,2,1,3,9,8,4,10,5,2,1,1,1,2,2,2,2,2,2,2,2,1,1,1,1,1,1,1,1,2,2,2,1,2,2,2,1,1,1,1,1,1,2,1,2,1,1,2,1,1,1,1,1,1,1,2,1,1,1,2,1,1,2,1,1,2,2,2,2,1,1,1,2,2,1,1,1,2,1,2,2,1,1,1,2,2,1,1,2,2,,1,1,12,,,,,,,,,3,4,1,1,5,13,1,1,,,,3,,,,1,1,13,7,1,13,,3,,3,1,1,1,13,1,13,13,13,1,,1,13,1,,4,13,,1,3,,,,,13,1,13,,,1,13,1,,13,,,8,1,13,1,,12,1,,,6,4,2,1,,6,1,,,3,8,1,1,3,1,1,7,5,,5,1,2,,,,,2,,2,,6,2,4,1,3,2,2,1,2,3,2,4,4,2,2,4,3,5,4,3,2,2,3,2,5,2,1,2,4,1,1,5,1,4,1,4,2,5,2,4,1,5,2,2,1,7,5,7,5,4,8,7,6,6,8,6,5,6,8,9,7,5,4,3,1,1,5,2,5,3,4,,1,2,6,3,3,3,3,5,2,6,7,,,,,,,,,,,,,,,,,,,,,,,,,,,,,,,,,,,,,,,,,,,,,,,,,,,,,,,,7,11,12,12,8,12,12,9,10,12,11,11,9,8,7,8,12,,,,,,,,,,,,,,,,,,,,,,,,,,,,,,,,,,,,,,,,,,,,,,,,,,,,,,,,,,,,,,,,,,,,,,,,,,,,,,,,,,,,,,,,,,,,
2021-04-16 11:18:34,2021-04-16 11:21:14,0,92.184.106.46,15,160,0,2021-04-23 11:21:19,R_1ltVjyPcQcyzVzj,,,,,,,anonymous,FR,1,1,,,,,,,,,,,,,,2,,,,,,,2,2,2,5,5,3,4,4,3,3,1,2,1,5,1,4,1,4,5,2,3,2,1,6,1,6,1,3,4,2,,,,,,,,,,,,,,,,,,,,,,,,,,,,,,,,,,,,,,,,,,,,,,,,,,,,,,,,,,,,,,,,,,,,,,,,,,,,,,,,,,,,,,,,,,,,,,,,,,,,,,,,,,,,,,,,,,,,,,,,,,,,,,,,,,,,,,,,,,,,,,,,,,,,,,,,,,,,,,,,,,,,,,,,,,,,,,,,,,,,,,,,,,,,,,,,,,,,,,,,,,,,,,,,,,,,,,,,,,,,,,,,,,,,,,,,,,,,,,,,,,,,,,,,,,,,,,,,,,,,,,,,,,,,,,,,,,,,,,,,,,,,,,,,,,,,,,,,,,,,,,,,,,,,,,,,,,,,,,,,,,,,,,,,,,,,,,,,,,,,,,,,,,,,,,,,,,,,,,,,,,,,,,,,,,,,,,,,,,,,,,,,,,,,,,,,,,,,,,,,,,,,,,,,,,,,,,,,,,,,,,,,,,,,,,,,,,,,,,,,,,,,,,,,,,,,,,,,,,,,,,,,,,,,,,,,,,,,,,,,,,,,,,,,,,,,,,,,,,,,,,,
2021-04-16 13:26:55,2021-04-16 13:27:17,0,88.137.255.74,11,22,0,2021-04-23 13:27:19,R_3n1S6qtFOMq2COF,,,,,,,anonymous,FR,1,1,,,,,,,,,,,,,,2,,,,,,,,,,,,,,,,,,,,,,,,,,,,,,,,,,,,,,,,,,,,,,,,,,,,,,,,,,,,,,,,,,,,,,,,,,,,,,,,,,,,,,,,,,,,,,,,,,,,,,,,,,,,,,,,,,,,,,,,,,,,,,,,,,,,,,,,,,,,,,,,,,,,,,,,,,,,,,,,,,,,,,,,,,,,,,,,,,,,,,,,,,,,,,,,,,,,,,,,,,,,,,,,,,,,,,,,,,,,,,,,,,,,,,,,,,,,,,,,,,,,,,,,,,,,,,,,,,,,,,,,,,,,,,,,,,,,,,,,,,,,,,,,,,,,,,,,,,,,,,,,,,,,,,,,,,,,,,,,,,,,,,,,,,,,,,,,,,,,,,,,,,,,,,,,,,,,,,,,,,,,,,,,,,,,,,,,,,,,,,,,,,,,,,,,,,,,,,,,,,,,,,,,,,,,,,,,,,,,,,,,,,,,,,,,,,,,,,,,,,,,,,,,,,,,,,,,,,,,,,,,,,,,,,,,,,,,,,,,,,,,,,,,,,,,,,,,,,,,,,,,,,,,,,,,,,,,,,,,,,,,,,,,,,,,,,,,,,,
2021-04-16 13:39:45,2021-04-16 13:42:29,0,89.87.115.102,11,163,0,2021-04-23 13:42:29,R_22ERTnagWWSAycG,,,,,,,anonymous,FR,1,2,1,1,6,4,5,3,3,3,3,1,7,7,7,2,,,,,,,,,,,,,,,,,,,,,,,,,,,,,,,,,,,,,,,,,,,,,,,,,,,,,,,,,,,,,,,,,,,,,,,,,,,,,,,,,,,,,,,,,,,,,,,,,,,,,,,,,,,,,,,,,,,,,,,,,,,,,,,,,,,,,,,,,,,,,,,,,,,,,,,,,,,,,,,,,,,,,,,,,,,,,,,,,,,,,,,,,,,,,,,,,,,,,,,,,,,,,,,,,,,,,,,,,,,,,,,,,,,,,,,,,,,,,,,,,,,,,,,,,,,,,,,,,,,,,,,,,,,,,,,,,,,,,,,,,,,,,,,,,,,,,,,,,,,,,,,,,,,,,,,,,,,,,,,,,,,,,,,,,,,,,,,,,,,,,,,,,,,,,,,,,,,,,,,,,,,,,,,,,,,,,,,,,,,,,,,,,,,,,,,,,,,,,,,,,,,,,,,,,,,,,,,,,,,,,,,,,,,,,,,,,,,,,,,,,,,,,,,,,,,,,,,,,,,,,,,,,,,,,,,,,,,,,,,,,,,,,,,,,,,,,,,,,,,,,,,,,,,,,,,,,,,,,,,,,,,,,,,,,,,,,,,,,,,
2021-04-16 13:54:04,2021-04-16 13:54:22,0,46.193.64.41,11,17,0,2021-04-23 13:54:22,R_dmt44ZZTjLG5J3H,,,,,,,anonymous,FR,1,1,,,,,,,,,,,,,,2,,,,,,,,,,,,,,,,,,,,,,,,,,,,,,,,,,,,,,,,,,,,,,,,,,,,,,,,,,,,,,,,,,,,,,,,,,,,,,,,,,,,,,,,,,,,,,,,,,,,,,,,,,,,,,,,,,,,,,,,,,,,,,,,,,,,,,,,,,,,,,,,,,,,,,,,,,,,,,,,,,,,,,,,,,,,,,,,,,,,,,,,,,,,,,,,,,,,,,,,,,,,,,,,,,,,,,,,,,,,,,,,,,,,,,,,,,,,,,,,,,,,,,,,,,,,,,,,,,,,,,,,,,,,,,,,,,,,,,,,,,,,,,,,,,,,,,,,,,,,,,,,,,,,,,,,,,,,,,,,,,,,,,,,,,,,,,,,,,,,,,,,,,,,,,,,,,,,,,,,,,,,,,,,,,,,,,,,,,,,,,,,,,,,,,,,,,,,,,,,,,,,,,,,,,,,,,,,,,,,,,,,,,,,,,,,,,,,,,,,,,,,,,,,,,,,,,,,,,,,,,,,,,,,,,,,,,,,,,,,,,,,,,,,,,,,,,,,,,,,,,,,,,,,,,,,,,,,,,,,,,,,,,,,,,,,,,,,,,,
2021-04-17 04:44:09,2021-04-17 04:46:26,0,176.176.136.19,13,136,0,2021-04-24 04:46:27,R_3NO4g4R7ViqRDGA,,,,,,,anonymous,FR,1,2,1,1,4,7,7,7,7,7,7,7,4,7,7,2,,,,,,,7,7,7,4,4,7,7,7,7,4,4,7,3,3,7,,,,,,,,,,,,,,,,,,,,,,,,,,,,,,,,,,,,,,,,,,,,,,,,,,,,,,,,,,,,,,,,,,,,,,,,,,,,,,,,,,,,,,,,,,,,,,,,,,,,,,,,,,,,,,,,,,,,,,,,,,,,,,,,,,,,,,,,,,,,,,,,,,,,,,,,,,,,,,,,,,,,,,,,,,,,,,,,,,,,,,,,,,,,,,,,,,,,,,,,,,,,,,,,,,,,,,,,,,,,,,,,,,,,,,,,,,,,,,,,,,,,,,,,,,,,,,,,,,,,,,,,,,,,,,,,,,,,,,,,,,,,,,,,,,,,,,,,,,,,,,,,,,,,,,,,,,,,,,,,,,,,,,,,,,,,,,,,,,,,,,,,,,,,,,,,,,,,,,,,,,,,,,,,,,,,,,,,,,,,,,,,,,,,,,,,,,,,,,,,,,,,,,,,,,,,,,,,,,,,,,,,,,,,,,,,,,,,,,,,,,,,,,,,,,,,,,,,,,,,,,,,,,,,,,,,,,,,,,,,,,,,,,,,,,,,,,,,,,,,,,,,,,,,,,,,,,,,,,
2021-04-17 04:49:33,2021-04-17 04:49:43,0,81.185.160.60,4,9,0,2021-04-24 04:49:44,R_2CrXRPpUBY5pT9H,,,,,,,anonymous,FR,1,4,,,,,,,,,,,,,,,,,,,,,,,,,,,,,,,,,,,,,,,,,,,,,,,,,,,,,,,,,,,,,,,,,,,,,,,,,,,,,,,,,,,,,,,,,,,,,,,,,,,,,,,,,,,,,,,,,,,,,,,,,,,,,,,,,,,,,,,,,,,,,,,,,,,,,,,,,,,,,,,,,,,,,,,,,,,,,,,,,,,,,,,,,,,,,,,,,,,,,,,,,,,,,,,,,,,,,,,,,,,,,,,,,,,,,,,,,,,,,,,,,,,,,,,,,,,,,,,,,,,,,,,,,,,,,,,,,,,,,,,,,,,,,,,,,,,,,,,,,,,,,,,,,,,,,,,,,,,,,,,,,,,,,,,,,,,,,,,,,,,,,,,,,,,,,,,,,,,,,,,,,,,,,,,,,,,,,,,,,,,,,,,,,,,,,,,,,,,,,,,,,,,,,,,,,,,,,,,,,,,,,,,,,,,,,,,,,,,,,,,,,,,,,,,,,,,,,,,,,,,,,,,,,,,,,,,,,,,,,,,,,,,,,,,,,,,,,,,,,,,,,,,,,,,,,,,,,,,,,,,,,,,,,,,,,,,,,,,,,,,,,,,,,,,,,,,,,
2021-04-17 05:39:40,2021-04-17 05:40:51,0,46.193.4.101,11,70,0,2021-04-24 05:40:52,R_3nSP3baJfLIFZl7,,,,,,,anonymous,FR,1,1,,,,,,,,,,,,,,2,,,,,,,,,,,,,,,,,,,,,,,,,,,,,,,,,,,,,,,,,,,,,,,,,,,,,,,,,,,,,,,,,,,,,,,,,,,,,,,,,,,,,,,,,,,,,,,,,,,,,,,,,,,,,,,,,,,,,,,,,,,,,,,,,,,,,,,,,,,,,,,,,,,,,,,,,,,,,,,,,,,,,,,,,,,,,,,,,,,,,,,,,,,,,,,,,,,,,,,,,,,,,,,,,,,,,,,,,,,,,,,,,,,,,,,,,,,,,,,,,,,,,,,,,,,,,,,,,,,,,,,,,,,,,,,,,,,,,,,,,,,,,,,,,,,,,,,,,,,,,,,,,,,,,,,,,,,,,,,,,,,,,,,,,,,,,,,,,,,,,,,,,,,,,,,,,,,,,,,,,,,,,,,,,,,,,,,,,,,,,,,,,,,,,,,,,,,,,,,,,,,,,,,,,,,,,,,,,,,,,,,,,,,,,,,,,,,,,,,,,,,,,,,,,,,,,,,,,,,,,,,,,,,,,,,,,,,,,,,,,,,,,,,,,,,,,,,,,,,,,,,,,,,,,,,,,,,,,,,,,,,,,,,,,,,,,,,,,,,
2021-04-17 05:57:14,2021-04-17 06:02:47,0,86.74.126.40,15,332,0,2021-04-24 06:02:47,R_1jQeTmpybtIImgw,,,,,,,anonymous,FR,1,3,1,2,5,7,7,3,3,6,2,3,7,7,7,1,1,1,7,1,7,1,7,7,1,1,1,7,4,7,3,2,2,4,1,5,2,3,5,2,3,4,6,3,4,4,3,3,4,4,7,1,,,,,,,,,,,,,,,,,,,,,,,,,,,,,,,,,,,,,,,,,,,,,,,,,,,,,,,,,,,,,,,,,,,,,,,,,,,,,,,,,,,,,,,,,,,,,,,,,,,,,,,,,,,,,,,,,,,,,,,,,,,,,,,,,,,,,,,,,,,,,,,,,,,,,,,,,,,,,,,,,,,,,,,,,,,,,,,,,,,,,,,,,,,,,,,,,,,,,,,,,,,,,,,,,,,,,,,,,,,,,,,,,,,,,,,,,,,,,,,,,,,,,,,,,,,,,,,,,,,,,,,,,,,,,,,,,,,,,,,,,,,,,,,,,,,,,,,,,,,,,,,,,,,,,,,,,,,,,,,,,,,,,,,,,,,,,,,,,,,,,,,,,,,,,,,,,,,,,,,,,,,,,,,,,,,,,,,,,,,,,,,,,,,,,,,,,,,,,,,,,,,,,,,,,,,,,,,,,,,,,,,,,,,,,,,,,,,,,,,,,,,,,,,,,,,,,,,,,,,,,,,,,,,,,,,,,,,,,,,,,,,,,,,,,,,,,,,,,,,,,,,
2021-04-17 06:04:22,2021-04-17 06:08:09,0,91.160.116.235,11,226,0,2021-04-24 06:08:09,R_2S6sXWtW2nxpbjO,,,,,,,anonymous,FR,1,3,1,2,6,7,7,7,4,7,4,7,7,3,7,1,2,2,6,4,7,2,,,,,,,,,,,,,,,,,,,,,,,,,,,,,,,,,,,,,,,,,,,,,,,,,,,,,,,,,,,,,,,,,,,,,,,,,,,,,,,,,,,,,,,,,,,,,,,,,,,,,,,,,,,,,,,,,,,,,,,,,,,,,,,,,,,,,,,,,,,,,,,,,,,,,,,,,,,,,,,,,,,,,,,,,,,,,,,,,,,,,,,,,,,,,,,,,,,,,,,,,,,,,,,,,,,,,,,,,,,,,,,,,,,,,,,,,,,,,,,,,,,,,,,,,,,,,,,,,,,,,,,,,,,,,,,,,,,,,,,,,,,,,,,,,,,,,,,,,,,,,,,,,,,,,,,,,,,,,,,,,,,,,,,,,,,,,,,,,,,,,,,,,,,,,,,,,,,,,,,,,,,,,,,,,,,,,,,,,,,,,,,,,,,,,,,,,,,,,,,,,,,,,,,,,,,,,,,,,,,,,,,,,,,,,,,,,,,,,,,,,,,,,,,,,,,,,,,,,,,,,,,,,,,,,,,,,,,,,,,,,,,,,,,,,,,,,,,,,,,,,,,,,,,,,,,,,,,,,,,,,,,,,,,,,,,,,
2021-04-17 07:04:07,2021-04-17 07:08:42,0,213.177.212.90,13,275,0,2021-04-24 07:08:45,R_23VO7xZS2lgo7Nx,,,,,,,anonymous,FR,1,2,1,1,5,1,4,4,5,2,2,2,6,6,1,2,,,,,,,6,6,1,2,5,6,5,4,2,2,3,4,4,6,2,,,,,,,,,,,,,,,,,,,,,,,,,,,,,,,,,,,,,,,,,,,,,,,,,,,,,,,,,,,,,,,,,,,,,,,,,,,,,,,,,,,,,,,,,,,,,,,,,,,,,,,,,,,,,,,,,,,,,,,,,,,,,,,,,,,,,,,,,,,,,,,,,,,,,,,,,,,,,,,,,,,,,,,,,,,,,,,,,,,,,,,,,,,,,,,,,,,,,,,,,,,,,,,,,,,,,,,,,,,,,,,,,,,,,,,,,,,,,,,,,,,,,,,,,,,,,,,,,,,,,,,,,,,,,,,,,,,,,,,,,,,,,,,,,,,,,,,,,,,,,,,,,,,,,,,,,,,,,,,,,,,,,,,,,,,,,,,,,,,,,,,,,,,,,,,,,,,,,,,,,,,,,,,,,,,,,,,,,,,,,,,,,,,,,,,,,,,,,,,,,,,,,,,,,,,,,,,,,,,,,,,,,,,,,,,,,,,,,,,,,,,,,,,,,,,,,,,,,,,,,,,,,,,,,,,,,,,,,,,,,,,,,,,,,,,,,,,,,,,,,,,,,,,,,,,,,,,,,,
2021-04-17 08:52:39,2021-04-17 08:53:20,0,91.179.133.250,4,40,0,2021-04-24 08:53:20,R_1eLDwoRKfF4Z6mG,,,,,,,anonymous,FR,1,2,,,,,,,,,,,,,,,,,,,,,,,,,,,,,,,,,,,,,,,,,,,,,,,,,,,,,,,,,,,,,,,,,,,,,,,,,,,,,,,,,,,,,,,,,,,,,,,,,,,,,,,,,,,,,,,,,,,,,,,,,,,,,,,,,,,,,,,,,,,,,,,,,,,,,,,,,,,,,,,,,,,,,,,,,,,,,,,,,,,,,,,,,,,,,,,,,,,,,,,,,,,,,,,,,,,,,,,,,,,,,,,,,,,,,,,,,,,,,,,,,,,,,,,,,,,,,,,,,,,,,,,,,,,,,,,,,,,,,,,,,,,,,,,,,,,,,,,,,,,,,,,,,,,,,,,,,,,,,,,,,,,,,,,,,,,,,,,,,,,,,,,,,,,,,,,,,,,,,,,,,,,,,,,,,,,,,,,,,,,,,,,,,,,,,,,,,,,,,,,,,,,,,,,,,,,,,,,,,,,,,,,,,,,,,,,,,,,,,,,,,,,,,,,,,,,,,,,,,,,,,,,,,,,,,,,,,,,,,,,,,,,,,,,,,,,,,,,,,,,,,,,,,,,,,,,,,,,,,,,,,,,,,,,,,,,,,,,,,,,,,,,,,,,,,,,,,
2021-04-17 09:32:21,2021-04-17 09:56:04,0,92.184.102.202,55,1422,0,2021-04-24 09:56:04,R_2roMu4Wunpbm0mT,,,,,,,anonymous,FR,1,1,,,,,,,,,,,,,,2,,,,,,,1,2,6,5,6,1,4,4,4,5,6,4,2,1,1,1,7,2,2,7,1,1,2,3,3,3,3,4,6,4,6,4,2,2,2,2,4,5,5,7,4,2,2,1,7,1,1,1,3,3,4,5,5,5,4,4,5,3,4,1,5,4,1,4,5,8,1,6,7,9,3,4,10,2,1,1,3,5,5,5,1,1,1,1,6,7,1,4,2,3,8,9,10,5,1,1,1,2,1,2,2,2,2,2,2,1,2,1,1,1,1,1,2,2,2,1,2,1,2,2,1,1,1,1,1,1,1,2,1,1,1,1,2,1,1,1,2,2,2,2,2,1,1,1,2,1,1,2,1,1,2,2,1,2,1,1,1,2,2,1,1,2,1,1,2,1,1,2,1,2,2,1,2,2,1,1,4,1,,1,,,,,,,1,,1,13,6,1,13,,,,1,,2,,,1,1,3,5,1,4,1,,1,1,1,1,1,13,6,1,,,,,,1,1,1,,1,1,,1,3,,,1,,3,13,12,,,7,13,,1,1,,1,1,,1,1,,9,,,1,8,7,1,7,,8,8,,,2,8,7,7,2,2,2,2,,2,8,1,1,,2,,,,,2,,3,2,3,3,1,2,2,2,2,4,3,2,2,1,4,2,1,4,4,2,1,1,1,2,2,1,2,1,1,1,1,1,3,2,4,2,3,3,2,2,2,3,1,1,3,8,7,8,7,5,5,5,5,6,6,7,2,2,2,2,2,8,7,2,3,2,3,1,1,4,4,4,5,5,6,2,2,3,1,2,2,2,5,,,,,,,,,,,,,,,,,,,,,,,,,,,,,,,,,,,,,,,,,,,,,,,,,,,,,,,,,,,,,,,,,,,,,,,,,7,6,6,1,1,3,3,1,7,6,6,2,1,2,2,2,1,6,2,7,7,6,6,3,5,3,3,1,6,2,6,4,1,1,2,5,,,,,,,,,,,,,,,,,,,,,,,,,,,,,,,,,,,,,,,,,,,,,,,,,,,,,,,,
2021-04-17 10:25:19,2021-04-17 10:36:13,0,88.165.62.194,27,654,0,2021-04-24 10:36:14,R_3Eom0zq5co9VxOO,,,,,,,anonymous,FR,1,1,,,,,,,,,,,,,,2,,,,,,,3,1,4,5,6,3,1,2,3,4,4,1,1,3,1,3,4,3,3,5,4,3,3,5,4,4,3,3,3,3,5,4,3,1,2,3,3,4,3,3,4,3,1,1,4,3,2,4,1,1,3,4,5,6,5,4,4,3,3,2,3,4,2,3,2,3,4,1,5,6,7,8,9,10,3,2,3,3,3,3,2,3,1,1,1,2,3,4,5,6,7,8,9,10,,,,,,,,,,,,,,,,,,,,,,,,,,,,,,,,,,,,,,,,,,,,,,,,,,,,,,,,,,,,,,,,,,,,,,,,,,,,,,,,,,,,,,,,,,,,,,,,,,,,,,,,,,,,,,,,,,,,,,,,,,,,,,,,,,,,,,,,,,,,,,,,,,,,,,,,,,,,,,,,,,,,,,,,,,,,,,,,,,,,,,,,,,,,,,,,,,,,,,,,,,,,,,,,,,,,,,,,,,,,,,,,,,,,,,,,,,,,,,,,,,,,,,,,,,,,,,,,,,,,,,,,,,,,,,,,,,,,,,,,,,,,,,,,,,,,,,,,,,,,,,,,,,,,,,,,,,,,,,,,,,,,,,,,,,,,,,,,,,,,,,,,,,,,,,,,,,,,,,,,,,,,,,,,,,,,,,,,,,,,,,,,,,,,,,,,,,,,,,,,,,,,,,,,,,,,,,,,,,,,,,,,,,,,,,,,,,,,,,,
2021-04-18 04:09:13,2021-04-18 04:12:12,0,46.193.6.187,11,179,0,2021-04-25 04:12:13,R_2ala8IMLx9tS3OO,,,,,,,anonymous,FR,1,2,1,3,7,2,1,1,2,2,2,2,6,5,6,2,,,,,,,,,,,,,,,,,,,,,,,,,,,,,,,,,,,,,,,,,,,,,,,,,,,,,,,,,,,,,,,,,,,,,,,,,,,,,,,,,,,,,,,,,,,,,,,,,,,,,,,,,,,,,,,,,,,,,,,,,,,,,,,,,,,,,,,,,,,,,,,,,,,,,,,,,,,,,,,,,,,,,,,,,,,,,,,,,,,,,,,,,,,,,,,,,,,,,,,,,,,,,,,,,,,,,,,,,,,,,,,,,,,,,,,,,,,,,,,,,,,,,,,,,,,,,,,,,,,,,,,,,,,,,,,,,,,,,,,,,,,,,,,,,,,,,,,,,,,,,,,,,,,,,,,,,,,,,,,,,,,,,,,,,,,,,,,,,,,,,,,,,,,,,,,,,,,,,,,,,,,,,,,,,,,,,,,,,,,,,,,,,,,,,,,,,,,,,,,,,,,,,,,,,,,,,,,,,,,,,,,,,,,,,,,,,,,,,,,,,,,,,,,,,,,,,,,,,,,,,,,,,,,,,,,,,,,,,,,,,,,,,,,,,,,,,,,,,,,,,,,,,,,,,,,,,,,,,,,,,,,,,,,,,,,,,,,,,,,
2021-04-18 04:11:10,2021-04-18 04:15:11,0,80.215.116.106,15,240,0,2021-04-25 04:15:14,R_3PHxtJfmUGyu5yc,,,,,,,anonymous,FR,1,2,1,1,1,5,5,5,2,3,2,1,7,6,7,2,,,,,,,7,7,1,1,1,7,3,6,1,4,4,4,2,7,1,1,7,5,3,3,3,5,3,1,1,1,4,1,1,1,,,,,,,,,,,,,,,,,,,,,,,,,,,,,,,,,,,,,,,,,,,,,,,,,,,,,,,,,,,,,,,,,,,,,,,,,,,,,,,,,,,,,,,,,,,,,,,,,,,,,,,,,,,,,,,,,,,,,,,,,,,,,,,,,,,,,,,,,,,,,,,,,,,,,,,,,,,,,,,,,,,,,,,,,,,,,,,,,,,,,,,,,,,,,,,,,,,,,,,,,,,,,,,,,,,,,,,,,,,,,,,,,,,,,,,,,,,,,,,,,,,,,,,,,,,,,,,,,,,,,,,,,,,,,,,,,,,,,,,,,,,,,,,,,,,,,,,,,,,,,,,,,,,,,,,,,,,,,,,,,,,,,,,,,,,,,,,,,,,,,,,,,,,,,,,,,,,,,,,,,,,,,,,,,,,,,,,,,,,,,,,,,,,,,,,,,,,,,,,,,,,,,,,,,,,,,,,,,,,,,,,,,,,,,,,,,,,,,,,,,,,,,,,,,,,,,,,,,,,,,,,,,,,,,,,,,,,,,,,,,,,,,,,,,,,,,,,,,,,,,,,
2021-04-18 04:16:11,2021-04-18 04:16:27,0,37.172.56.156,11,15,0,2021-04-25 04:16:27,R_3Rx9b9enVPiE2bV,,,,,,,anonymous,FR,1,1,,,,,,,,,,,,,,2,,,,,,,,,,,,,,,,,,,,,,,,,,,,,,,,,,,,,,,,,,,,,,,,,,,,,,,,,,,,,,,,,,,,,,,,,,,,,,,,,,,,,,,,,,,,,,,,,,,,,,,,,,,,,,,,,,,,,,,,,,,,,,,,,,,,,,,,,,,,,,,,,,,,,,,,,,,,,,,,,,,,,,,,,,,,,,,,,,,,,,,,,,,,,,,,,,,,,,,,,,,,,,,,,,,,,,,,,,,,,,,,,,,,,,,,,,,,,,,,,,,,,,,,,,,,,,,,,,,,,,,,,,,,,,,,,,,,,,,,,,,,,,,,,,,,,,,,,,,,,,,,,,,,,,,,,,,,,,,,,,,,,,,,,,,,,,,,,,,,,,,,,,,,,,,,,,,,,,,,,,,,,,,,,,,,,,,,,,,,,,,,,,,,,,,,,,,,,,,,,,,,,,,,,,,,,,,,,,,,,,,,,,,,,,,,,,,,,,,,,,,,,,,,,,,,,,,,,,,,,,,,,,,,,,,,,,,,,,,,,,,,,,,,,,,,,,,,,,,,,,,,,,,,,,,,,,,,,,,,,,,,,,,,,,,,,,,,,,,
2021-04-18 04:10:11,2021-04-18 04:29:01,0,185.61.186.144,11,1129,0,2021-04-25 04:29:01,R_bEnOWo90xDsGLwB,,,,,,,anonymous,FR,1,1,,,,,,,,,,,,,,2,,,,,,,,,,,,,,,,,,,,,,,,,,,,,,,,,,,,,,,,,,,,,,,,,,,,,,,,,,,,,,,,,,,,,,,,,,,,,,,,,,,,,,,,,,,,,,,,,,,,,,,,,,,,,,,,,,,,,,,,,,,,,,,,,,,,,,,,,,,,,,,,,,,,,,,,,,,,,,,,,,,,,,,,,,,,,,,,,,,,,,,,,,,,,,,,,,,,,,,,,,,,,,,,,,,,,,,,,,,,,,,,,,,,,,,,,,,,,,,,,,,,,,,,,,,,,,,,,,,,,,,,,,,,,,,,,,,,,,,,,,,,,,,,,,,,,,,,,,,,,,,,,,,,,,,,,,,,,,,,,,,,,,,,,,,,,,,,,,,,,,,,,,,,,,,,,,,,,,,,,,,,,,,,,,,,,,,,,,,,,,,,,,,,,,,,,,,,,,,,,,,,,,,,,,,,,,,,,,,,,,,,,,,,,,,,,,,,,,,,,,,,,,,,,,,,,,,,,,,,,,,,,,,,,,,,,,,,,,,,,,,,,,,,,,,,,,,,,,,,,,,,,,,,,,,,,,,,,,,,,,,,,,,,,,,,,,,,,,,
2021-04-18 04:30:06,2021-04-18 04:30:21,0,90.112.172.216,4,15,0,2021-04-25 04:30:23,R_2cBJr5d3NpENM04,,,,,,,anonymous,FR,1,2,,,,,,,,,,,,,,,,,,,,,,,,,,,,,,,,,,,,,,,,,,,,,,,,,,,,,,,,,,,,,,,,,,,,,,,,,,,,,,,,,,,,,,,,,,,,,,,,,,,,,,,,,,,,,,,,,,,,,,,,,,,,,,,,,,,,,,,,,,,,,,,,,,,,,,,,,,,,,,,,,,,,,,,,,,,,,,,,,,,,,,,,,,,,,,,,,,,,,,,,,,,,,,,,,,,,,,,,,,,,,,,,,,,,,,,,,,,,,,,,,,,,,,,,,,,,,,,,,,,,,,,,,,,,,,,,,,,,,,,,,,,,,,,,,,,,,,,,,,,,,,,,,,,,,,,,,,,,,,,,,,,,,,,,,,,,,,,,,,,,,,,,,,,,,,,,,,,,,,,,,,,,,,,,,,,,,,,,,,,,,,,,,,,,,,,,,,,,,,,,,,,,,,,,,,,,,,,,,,,,,,,,,,,,,,,,,,,,,,,,,,,,,,,,,,,,,,,,,,,,,,,,,,,,,,,,,,,,,,,,,,,,,,,,,,,,,,,,,,,,,,,,,,,,,,,,,,,,,,,,,,,,,,,,,,,,,,,,,,,,,,,,,,,,,,,,,
2021-04-18 04:33:25,2021-04-18 04:44:24,0,102.142.157.249,20,659,0,2021-04-25 04:44:25,R_2CCB10P4EMSYM2A,,,,,,,anonymous,FR,1,1,,,,,,,,,,,,,,2,,,,,,,3,5,2,2,5,2,5,3,2,5,5,3,3,3,5,3,5,5,4,5,6,2,3,4,3,2,3,3,3,2,3,2,6,3,4,2,6,7,5,6,3,4,2,3,6,2,2,2,4,5,5,5,3,4,3,3,4,2,3,3,3,5,4,4,,,,,,,,,,,,,,,,,,,,,,,,,,,,,,,,,,,,,,,,,,,,,,,,,,,,,,,,,,,,,,,,,,,,,,,,,,,,,,,,,,,,,,,,,,,,,,,,,,,,,,,,,,,,,,,,,,,,,,,,,,,,,,,,,,,,,,,,,,,,,,,,,,,,,,,,,,,,,,,,,,,,,,,,,,,,,,,,,,,,,,,,,,,,,,,,,,,,,,,,,,,,,,,,,,,,,,,,,,,,,,,,,,,,,,,,,,,,,,,,,,,,,,,,,,,,,,,,,,,,,,,,,,,,,,,,,,,,,,,,,,,,,,,,,,,,,,,,,,,,,,,,,,,,,,,,,,,,,,,,,,,,,,,,,,,,,,,,,,,,,,,,,,,,,,,,,,,,,,,,,,,,,,,,,,,,,,,,,,,,,,,,,,,,,,,,,,,,,,,,,,,,,,,,,,,,,,,,,,,,,,,,,,,,,,,,,,,,,,,,,,,,,,,,,,,,,,,,,,,,,,,,,,,,,
2021-04-18 04:59:55,2021-04-18 05:10:30,0,73.102.173.183,27,634,0,2021-04-25 05:10:32,R_1PXYgSBNXXT3I6W,,,,,,,anonymous,FR,1,1,,,,,,,,,,,,,,2,,,,,,,4,4,3,1,5,5,7,1,1,2,3,6,7,1,1,7,2,2,1,1,5,1,4,5,7,7,1,7,7,5,1,4,1,1,1,1,5,7,7,7,3,3,5,4,2,2,3,3,1,1,1,7,4,5,5,5,4,2,2,5,3,4,5,5,1,2,3,4,5,6,7,8,9,10,5,5,4,2,2,5,3,4,5,5,1,2,3,5,6,7,4,8,9,10,,,,,,,,,,,,,,,,,,,,,,,,,,,,,,,,,,,,,,,,,,,,,,,,,,,,,,,,,,,,,,,,,,,,,,,,,,,,,,,,,,,,,,,,,,,,,,,,,,,,,,,,,,,,,,,,,,,,,,,,,,,,,,,,,,,,,,,,,,,,,,,,,,,,,,,,,,,,,,,,,,,,,,,,,,,,,,,,,,,,,,,,,,,,,,,,,,,,,,,,,,,,,,,,,,,,,,,,,,,,,,,,,,,,,,,,,,,,,,,,,,,,,,,,,,,,,,,,,,,,,,,,,,,,,,,,,,,,,,,,,,,,,,,,,,,,,,,,,,,,,,,,,,,,,,,,,,,,,,,,,,,,,,,,,,,,,,,,,,,,,,,,,,,,,,,,,,,,,,,,,,,,,,,,,,,,,,,,,,,,,,,,,,,,,,,,,,,,,,,,,,,,,,,,,,,,,,,,,,,,,,,,,,,,,,,,,,,,,,,
2021-04-18 05:05:06,2021-04-18 05:17:13,0,92.184.102.248,29,726,0,2021-04-25 05:17:14,R_qQQZtG1FedvvF1T,,,,,,,anonymous,FR,1,1,,,,,,,,,,,,,,2,,,,,,,3,3,3,2,4,6,5,6,5,3,4,4,5,3,1,1,3,3,2,1,5,6,4,5,3,3,3,1,3,1,5,3,1,1,1,1,6,6,7,6,1,1,5,4,4,3,5,2,3,3,6,6,4,4,2,3,3,3,4,2,3,4,2,5,3,4,5,6,2,10,9,8,7,1,1,1,5,5,5,5,1,1,1,3,10,9,4,1,2,3,8,7,5,6,2,1,1,2,1,2,2,2,2,1,2,2,2,2,1,1,2,1,1,1,2,2,2,1,2,2,1,1,2,1,1,1,2,2,1,1,1,2,2,2,2,1,1,1,1,1,2,1,1,1,2,2,2,2,1,2,2,2,2,1,2,1,1,2,2,1,1,1,2,2,2,2,1,2,1,2,2,1,1,1,2,,,,,,,,,,,,,,,,,,,,,,,,,,,,,,,,,,,,,,,,,,,,,,,,,,,,,,,,,,,,,,,,,,,,,,,,,,,,,,,,,,,,,,,,,,,,,,,,,,,,,,,,,,,,,,,,,,,,,,,,,,,,,,,,,,,,,,,,,,,,,,,,,,,,,,,,,,,,,,,,,,,,,,,,,,,,,,,,,,,,,,,,,,,,,,,,,,,,,,,,,,,,,,,,,,,,,,,,,,,,,,,,,,,,,,,,,,,,,,,,,,,,,,,,,,,,,,,,,,,,,,,,,,,,,,,,,,,,,,,,,,,,,,,,,,,,,,,,,,,,,,,,,,,,,,,,,,,,,,,,,,,,,,,,,,,,,,,,,,,,,,,,,,,,,,,,,,,,,,
2021-04-18 05:18:30,2021-04-18 05:21:48,0,90.41.171.99,15,198,0,2021-04-25 05:21:49,R_1OJObHbkqo5O5G5,,,,,,,anonymous,FR,1,1,,,,,,,,,,,,,,2,,,,,,,4,7,5,1,1,7,5,2,3,6,7,6,2,4,7,7,1,2,2,2,7,5,4,3,7,3,4,6,7,3,,,,,,,,,,,,,,,,,,,,,,,,,,,,,,,,,,,,,,,,,,,,,,,,,,,,,,,,,,,,,,,,,,,,,,,,,,,,,,,,,,,,,,,,,,,,,,,,,,,,,,,,,,,,,,,,,,,,,,,,,,,,,,,,,,,,,,,,,,,,,,,,,,,,,,,,,,,,,,,,,,,,,,,,,,,,,,,,,,,,,,,,,,,,,,,,,,,,,,,,,,,,,,,,,,,,,,,,,,,,,,,,,,,,,,,,,,,,,,,,,,,,,,,,,,,,,,,,,,,,,,,,,,,,,,,,,,,,,,,,,,,,,,,,,,,,,,,,,,,,,,,,,,,,,,,,,,,,,,,,,,,,,,,,,,,,,,,,,,,,,,,,,,,,,,,,,,,,,,,,,,,,,,,,,,,,,,,,,,,,,,,,,,,,,,,,,,,,,,,,,,,,,,,,,,,,,,,,,,,,,,,,,,,,,,,,,,,,,,,,,,,,,,,,,,,,,,,,,,,,,,,,,,,,,,,,,,,,,,,,,,,,,,,,,,,,,,,,,,,,,,,
2021-04-18 04:44:00,2021-04-18 05:28:46,0,105.66.7.224,16,2686,0,2021-04-25 05:28:48,R_3oGCHH2e1sexr7G,,,,,,,anonymous,FR,1,1,,,,,,,,,,,,,,2,,,,,,,6,6,4,2,3,6,6,4,4,7,7,4,4,4,3,6,4,1,4,2,5,4,6,4,5,4,4,6,7,6,2,6,2,1,2,1,6,6,7,7,1,1,1,1,6,,,,,,,,,,,,,,,,,,,,,,,,,,,,,,,,,,,,,,,,,,,,,,,,,,,,,,,,,,,,,,,,,,,,,,,,,,,,,,,,,,,,,,,,,,,,,,,,,,,,,,,,,,,,,,,,,,,,,,,,,,,,,,,,,,,,,,,,,,,,,,,,,,,,,,,,,,,,,,,,,,,,,,,,,,,,,,,,,,,,,,,,,,,,,,,,,,,,,,,,,,,,,,,,,,,,,,,,,,,,,,,,,,,,,,,,,,,,,,,,,,,,,,,,,,,,,,,,,,,,,,,,,,,,,,,,,,,,,,,,,,,,,,,,,,,,,,,,,,,,,,,,,,,,,,,,,,,,,,,,,,,,,,,,,,,,,,,,,,,,,,,,,,,,,,,,,,,,,,,,,,,,,,,,,,,,,,,,,,,,,,,,,,,,,,,,,,,,,,,,,,,,,,,,,,,,,,,,,,,,,,,,,,,,,,,,,,,,,,,,,,,,,,,,,,,,,,,,,,,,,,,,,,,,,,,,,,,,,,,,,,,,,,,,
2021-04-18 05:29:25,2021-04-18 05:29:41,0,79.88.104.203,4,15,0,2021-04-25 05:29:45,R_3ipPFkaK9aW9zAI,,,,,,,anonymous,FR,1,4,,,,,,,,,,,,,,,,,,,,,,,,,,,,,,,,,,,,,,,,,,,,,,,,,,,,,,,,,,,,,,,,,,,,,,,,,,,,,,,,,,,,,,,,,,,,,,,,,,,,,,,,,,,,,,,,,,,,,,,,,,,,,,,,,,,,,,,,,,,,,,,,,,,,,,,,,,,,,,,,,,,,,,,,,,,,,,,,,,,,,,,,,,,,,,,,,,,,,,,,,,,,,,,,,,,,,,,,,,,,,,,,,,,,,,,,,,,,,,,,,,,,,,,,,,,,,,,,,,,,,,,,,,,,,,,,,,,,,,,,,,,,,,,,,,,,,,,,,,,,,,,,,,,,,,,,,,,,,,,,,,,,,,,,,,,,,,,,,,,,,,,,,,,,,,,,,,,,,,,,,,,,,,,,,,,,,,,,,,,,,,,,,,,,,,,,,,,,,,,,,,,,,,,,,,,,,,,,,,,,,,,,,,,,,,,,,,,,,,,,,,,,,,,,,,,,,,,,,,,,,,,,,,,,,,,,,,,,,,,,,,,,,,,,,,,,,,,,,,,,,,,,,,,,,,,,,,,,,,,,,,,,,,,,,,,,,,,,,,,,,,,,,,,,,,,,,
2021-04-18 04:10:08,2021-04-18 05:36:49,0,102.142.2.176,51,5200,0,2021-04-25 05:36:51,R_30wNpwApJTUMMQ3,,,,,,,anonymous,FR,1,2,1,2,6,6,7,6,4,6,7,7,7,3,7,2,,,,,,,7,7,1,1,2,7,7,4,4,2,4,7,7,1,7,4,2,1,6,2,4,1,2,4,6,5,2,7,7,6,2,6,1,2,2,2,4,6,6,6,3,3,1,3,6,4,2,3,1,2,4,6,4,4,4,5,4,3,3,2,1,5,5,4,5,7,1,8,9,6,10,3,2,4,3,4,4,3,3,3,1,5,4,4,6,3,1,7,8,9,10,4,2,5,1,2,1,2,1,2,1,2,2,2,2,2,2,1,1,1,2,1,1,2,1,2,2,2,2,2,2,1,1,1,1,1,1,2,1,2,1,1,2,1,1,1,2,1,1,1,2,1,1,1,2,1,1,2,2,1,2,1,2,1,1,1,1,2,1,2,1,1,2,2,2,2,1,2,1,2,2,1,2,2,2,3,,1,,1,,1,,,,,,,3,13,1,,13,1,,1,,,,,,,3,1,13,1,1,1,,6,,1,1,1,1,5,3,,7,7,1,,3,8,3,,1,1,,,4,,7,,7,4,10,13,,1,,13,1,,,,,13,,7,1,,2,,,,1,6,2,2,,4,6,3,,3,7,8,,,8,,3,,,2,1,1,,,,,,,2,,4,3,5,3,5,1,1,1,2,2,1,2,4,1,3,3,2,2,4,4,2,1,2,3,1,2,1,1,1,1,3,3,2,1,2,3,3,3,2,2,2,4,2,4,3,9,7,7,5,5,5,5,5,5,7,5,5,7,7,9,8,7,3,1,1,3,1,1,6,,,,2,,4,2,6,6,1,1,1,4,3,,,,,,,,,,,,,,,,,,,,,,,,,,,,,,,,,,,,,,,,,,,,,,,,,,,,,,,,,,,,,,,,,,,,,,,,,,,,,,,,,,,,,,,,,,,,,,,,,,,,,,,,,,,,,,,,,,,,,,,,,,,,,,,,,,,,,,,,,,,,,,,,,,,,,,,,,,,,,,,,,,,,
2021-04-18 05:26:37,2021-04-18 06:12:33,0,80.214.146.235,31,2756,0,2021-04-25 06:12:34,R_3oQIos5fq3Z7Pgd,,,,,,,anonymous,FR,1,2,5,4,3,7,6,5,6,7,6,3,5,4,2,2,,,,,,,4,2,5,3,5,4,4,7,7,3,3,5,3,2,3,2,6,7,7,7,3,3,3,5,2,3,3,3,2,2,6,2,6,6,7,5,3,4,4,5,5,3,6,5,5,3,6,3,7,7,7,2,5,4,3,4,5,4,4,3,3,4,3,2,7,4,2,1,3,9,6,5,10,8,1,1,5,1,4,1,1,1,1,3,10,8,1,4,2,5,6,7,9,3,1,1,1,1,1,2,2,2,2,2,2,2,2,1,1,1,2,1,2,1,2,2,2,2,2,2,2,1,1,1,1,1,1,2,2,1,2,2,2,2,2,1,2,1,1,1,2,1,1,1,2,1,1,2,1,1,2,2,1,2,1,1,1,2,2,1,1,1,2,2,2,2,1,2,1,1,2,1,1,1,2,1,1,3,4,3,,,,,,,,,6,1,13,,13,,1,,,,,,,,3,3,3,1,1,1,,,1,,,1,,,1,,1,3,4,,1,4,1,,3,4,,1,3,,,3,,13,13,4,,,1,13,7,,,,,1,,13,1,,6,1,1,,,,,,,,,,,,,,,,,,,,,,,,,,,,,,,,,,,,,,,,,,,,,,,,,,,,,,,,,,,,,,,,,,,,,,,,,,,,,,,,,,,,,,,,,,,,,,,,,,,,,,,,,,,,,,,,,,,,,,,,,,,,,,,,,,,,,,,,,,,,,,,,,,,,,,,,,,,,,,,,,,,,,,,,,,,,,,,,,,,,,,,,,,,,,,,,,,,,,,,,,,,,,,,,,,,,,,,,,,,,,,,,,,,,,,,,,,,,,,,,,,,,,,,,,,,,,,,,,,,,,,,,,,,,,,,,,,,,,,
2021-04-18 06:13:12,2021-04-18 06:17:19,0,176.191.125.148,16,246,0,2021-04-25 06:17:21,R_3JzyIUkP6ZtKG19,,,,,,,anonymous,FR,1,1,,,,,,,,,,,,,,2,,,,,,,3,1,3,5,6,3,6,7,3,1,3,4,2,3,3,1,6,3,3,3,1,4,2,1,1,1,4,1,3,1,7,3,3,1,1,5,2,2,2,3,6,6,5,5,3,,,,,,,,,,,,,,,,,,,,,,,,,,,,,,,,,,,,,,,,,,,,,,,,,,,,,,,,,,,,,,,,,,,,,,,,,,,,,,,,,,,,,,,,,,,,,,,,,,,,,,,,,,,,,,,,,,,,,,,,,,,,,,,,,,,,,,,,,,,,,,,,,,,,,,,,,,,,,,,,,,,,,,,,,,,,,,,,,,,,,,,,,,,,,,,,,,,,,,,,,,,,,,,,,,,,,,,,,,,,,,,,,,,,,,,,,,,,,,,,,,,,,,,,,,,,,,,,,,,,,,,,,,,,,,,,,,,,,,,,,,,,,,,,,,,,,,,,,,,,,,,,,,,,,,,,,,,,,,,,,,,,,,,,,,,,,,,,,,,,,,,,,,,,,,,,,,,,,,,,,,,,,,,,,,,,,,,,,,,,,,,,,,,,,,,,,,,,,,,,,,,,,,,,,,,,,,,,,,,,,,,,,,,,,,,,,,,,,,,,,,,,,,,,,,,,,,,,,,,,,,,,,,,,,,,,,,,,,,,,,,,,,,,,
2021-04-18 06:26:15,2021-04-18 06:26:20,0,91.166.124.173,2,4,0,2021-04-25 06:26:20,R_3iJNCk0jPhhXSMN,,,,,,,anonymous,FR,1,,,,,,,,,,,,,,,,,,,,,,,,,,,,,,,,,,,,,,,,,,,,,,,,,,,,,,,,,,,,,,,,,,,,,,,,,,,,,,,,,,,,,,,,,,,,,,,,,,,,,,,,,,,,,,,,,,,,,,,,,,,,,,,,,,,,,,,,,,,,,,,,,,,,,,,,,,,,,,,,,,,,,,,,,,,,,,,,,,,,,,,,,,,,,,,,,,,,,,,,,,,,,,,,,,,,,,,,,,,,,,,,,,,,,,,,,,,,,,,,,,,,,,,,,,,,,,,,,,,,,,,,,,,,,,,,,,,,,,,,,,,,,,,,,,,,,,,,,,,,,,,,,,,,,,,,,,,,,,,,,,,,,,,,,,,,,,,,,,,,,,,,,,,,,,,,,,,,,,,,,,,,,,,,,,,,,,,,,,,,,,,,,,,,,,,,,,,,,,,,,,,,,,,,,,,,,,,,,,,,,,,,,,,,,,,,,,,,,,,,,,,,,,,,,,,,,,,,,,,,,,,,,,,,,,,,,,,,,,,,,,,,,,,,,,,,,,,,,,,,,,,,,,,,,,,,,,,,,,,,,,,,,,,,,,,,,,,,,,,,,,,,,,,,,,,,,,
2021-04-18 07:07:12,2021-04-18 07:07:28,0,81.185.163.137,4,15,0,2021-04-25 07:07:33,R_3M5Wv1ddYBdFIJJ,,,,,,,anonymous,FR,1,2,,,,,,,,,,,,,,,,,,,,,,,,,,,,,,,,,,,,,,,,,,,,,,,,,,,,,,,,,,,,,,,,,,,,,,,,,,,,,,,,,,,,,,,,,,,,,,,,,,,,,,,,,,,,,,,,,,,,,,,,,,,,,,,,,,,,,,,,,,,,,,,,,,,,,,,,,,,,,,,,,,,,,,,,,,,,,,,,,,,,,,,,,,,,,,,,,,,,,,,,,,,,,,,,,,,,,,,,,,,,,,,,,,,,,,,,,,,,,,,,,,,,,,,,,,,,,,,,,,,,,,,,,,,,,,,,,,,,,,,,,,,,,,,,,,,,,,,,,,,,,,,,,,,,,,,,,,,,,,,,,,,,,,,,,,,,,,,,,,,,,,,,,,,,,,,,,,,,,,,,,,,,,,,,,,,,,,,,,,,,,,,,,,,,,,,,,,,,,,,,,,,,,,,,,,,,,,,,,,,,,,,,,,,,,,,,,,,,,,,,,,,,,,,,,,,,,,,,,,,,,,,,,,,,,,,,,,,,,,,,,,,,,,,,,,,,,,,,,,,,,,,,,,,,,,,,,,,,,,,,,,,,,,,,,,,,,,,,,,,,,,,,,,,,,,,,,
2021-04-18 07:18:17,2021-04-18 07:36:34,0,86.229.53.14,11,1096,0,2021-04-25 07:36:36,R_25XXeYxXDySkInN,,,,,,,anonymous,FR,1,1,,,,,,,,,,,,,,2,,,,,,,,,,,,,,,,,,,,,,,,,,,,,,,,,,,,,,,,,,,,,,,,,,,,,,,,,,,,,,,,,,,,,,,,,,,,,,,,,,,,,,,,,,,,,,,,,,,,,,,,,,,,,,,,,,,,,,,,,,,,,,,,,,,,,,,,,,,,,,,,,,,,,,,,,,,,,,,,,,,,,,,,,,,,,,,,,,,,,,,,,,,,,,,,,,,,,,,,,,,,,,,,,,,,,,,,,,,,,,,,,,,,,,,,,,,,,,,,,,,,,,,,,,,,,,,,,,,,,,,,,,,,,,,,,,,,,,,,,,,,,,,,,,,,,,,,,,,,,,,,,,,,,,,,,,,,,,,,,,,,,,,,,,,,,,,,,,,,,,,,,,,,,,,,,,,,,,,,,,,,,,,,,,,,,,,,,,,,,,,,,,,,,,,,,,,,,,,,,,,,,,,,,,,,,,,,,,,,,,,,,,,,,,,,,,,,,,,,,,,,,,,,,,,,,,,,,,,,,,,,,,,,,,,,,,,,,,,,,,,,,,,,,,,,,,,,,,,,,,,,,,,,,,,,,,,,,,,,,,,,,,,,,,,,,,,,,,,
2021-04-18 07:43:38,2021-04-18 07:43:49,0,90.112.61.153,4,10,0,2021-04-25 07:43:49,R_22ugyLcBo43sdix,,,,,,,anonymous,FR,1,4,,,,,,,,,,,,,,,,,,,,,,,,,,,,,,,,,,,,,,,,,,,,,,,,,,,,,,,,,,,,,,,,,,,,,,,,,,,,,,,,,,,,,,,,,,,,,,,,,,,,,,,,,,,,,,,,,,,,,,,,,,,,,,,,,,,,,,,,,,,,,,,,,,,,,,,,,,,,,,,,,,,,,,,,,,,,,,,,,,,,,,,,,,,,,,,,,,,,,,,,,,,,,,,,,,,,,,,,,,,,,,,,,,,,,,,,,,,,,,,,,,,,,,,,,,,,,,,,,,,,,,,,,,,,,,,,,,,,,,,,,,,,,,,,,,,,,,,,,,,,,,,,,,,,,,,,,,,,,,,,,,,,,,,,,,,,,,,,,,,,,,,,,,,,,,,,,,,,,,,,,,,,,,,,,,,,,,,,,,,,,,,,,,,,,,,,,,,,,,,,,,,,,,,,,,,,,,,,,,,,,,,,,,,,,,,,,,,,,,,,,,,,,,,,,,,,,,,,,,,,,,,,,,,,,,,,,,,,,,,,,,,,,,,,,,,,,,,,,,,,,,,,,,,,,,,,,,,,,,,,,,,,,,,,,,,,,,,,,,,,,,,,,,,,,,,,,
2021-04-18 08:24:09,2021-04-18 08:39:22,0,176.147.154.183,22,912,0,2021-04-25 08:39:22,R_1g86v11ZcH9AU19,,,,,,,anonymous,FR,1,1,,,,,,,,,,,,,,2,,,,,,,3,3,4,3,4,7,7,7,5,4,3,7,7,7,1,1,6,6,6,5,4,4,4,7,4,2,4,3,2,1,4,3,4,1,3,2,4,4,5,6,4,2,4,4,3,4,4,4,7,7,7,1,1,1,3,2,5,3,5,3,4,4,2,3,9,10,1,5,3,4,7,6,8,2,,,,,,,,,,,,,,,,,,,,,,,,,,,,,,,,,,,,,,,,,,,,,,,,,,,,,,,,,,,,,,,,,,,,,,,,,,,,,,,,,,,,,,,,,,,,,,,,,,,,,,,,,,,,,,,,,,,,,,,,,,,,,,,,,,,,,,,,,,,,,,,,,,,,,,,,,,,,,,,,,,,,,,,,,,,,,,,,,,,,,,,,,,,,,,,,,,,,,,,,,,,,,,,,,,,,,,,,,,,,,,,,,,,,,,,,,,,,,,,,,,,,,,,,,,,,,,,,,,,,,,,,,,,,,,,,,,,,,,,,,,,,,,,,,,,,,,,,,,,,,,,,,,,,,,,,,,,,,,,,,,,,,,,,,,,,,,,,,,,,,,,,,,,,,,,,,,,,,,,,,,,,,,,,,,,,,,,,,,,,,,,,,,,,,,,,,,,,,,,,,,,,,,,,,,,,,,,,,,,,,,,,,,,,,,,,,,,,,,,,,,,,,,,,,,,,,,,,,,,
2021-04-18 09:33:27,2021-04-18 09:33:46,0,89.86.36.5,4,19,0,2021-04-25 09:33:46,R_2qxgc8i9pvQ9kD4,,,,,,,anonymous,FR,1,3,,,,,,,,,,,,,,,,,,,,,,,,,,,,,,,,,,,,,,,,,,,,,,,,,,,,,,,,,,,,,,,,,,,,,,,,,,,,,,,,,,,,,,,,,,,,,,,,,,,,,,,,,,,,,,,,,,,,,,,,,,,,,,,,,,,,,,,,,,,,,,,,,,,,,,,,,,,,,,,,,,,,,,,,,,,,,,,,,,,,,,,,,,,,,,,,,,,,,,,,,,,,,,,,,,,,,,,,,,,,,,,,,,,,,,,,,,,,,,,,,,,,,,,,,,,,,,,,,,,,,,,,,,,,,,,,,,,,,,,,,,,,,,,,,,,,,,,,,,,,,,,,,,,,,,,,,,,,,,,,,,,,,,,,,,,,,,,,,,,,,,,,,,,,,,,,,,,,,,,,,,,,,,,,,,,,,,,,,,,,,,,,,,,,,,,,,,,,,,,,,,,,,,,,,,,,,,,,,,,,,,,,,,,,,,,,,,,,,,,,,,,,,,,,,,,,,,,,,,,,,,,,,,,,,,,,,,,,,,,,,,,,,,,,,,,,,,,,,,,,,,,,,,,,,,,,,,,,,,,,,,,,,,,,,,,,,,,,,,,,,,,,,,,,,,,,,
2021-04-18 10:44:15,2021-04-18 10:46:28,0,90.112.173.177,13,133,0,2021-04-25 10:46:29,R_1rNAjQRPqcSmM29,,,,,,,anonymous,FR,1,1,,,,,,,,,,,,,,2,,,,,,,5,3,5,5,5,5,3,5,3,5,5,5,2,5,3,,,,,,,,,,,,,,,,,,,,,,,,,,,,,,,,,,,,,,,,,,,,,,,,,,,,,,,,,,,,,,,,,,,,,,,,,,,,,,,,,,,,,,,,,,,,,,,,,,,,,,,,,,,,,,,,,,,,,,,,,,,,,,,,,,,,,,,,,,,,,,,,,,,,,,,,,,,,,,,,,,,,,,,,,,,,,,,,,,,,,,,,,,,,,,,,,,,,,,,,,,,,,,,,,,,,,,,,,,,,,,,,,,,,,,,,,,,,,,,,,,,,,,,,,,,,,,,,,,,,,,,,,,,,,,,,,,,,,,,,,,,,,,,,,,,,,,,,,,,,,,,,,,,,,,,,,,,,,,,,,,,,,,,,,,,,,,,,,,,,,,,,,,,,,,,,,,,,,,,,,,,,,,,,,,,,,,,,,,,,,,,,,,,,,,,,,,,,,,,,,,,,,,,,,,,,,,,,,,,,,,,,,,,,,,,,,,,,,,,,,,,,,,,,,,,,,,,,,,,,,,,,,,,,,,,,,,,,,,,,,,,,,,,,,,,,,,,,,,,,,,,,,,,,,,,,,,,,,,
2021-04-18 11:48:56,2021-04-18 11:49:23,0,88.127.65.81,4,26,0,2021-04-25 11:49:24,R_3GwSIyLwX21AmHX,,,,,,,anonymous,FR,1,2,,,,,,,,,,,,,,,,,,,,,,,,,,,,,,,,,,,,,,,,,,,,,,,,,,,,,,,,,,,,,,,,,,,,,,,,,,,,,,,,,,,,,,,,,,,,,,,,,,,,,,,,,,,,,,,,,,,,,,,,,,,,,,,,,,,,,,,,,,,,,,,,,,,,,,,,,,,,,,,,,,,,,,,,,,,,,,,,,,,,,,,,,,,,,,,,,,,,,,,,,,,,,,,,,,,,,,,,,,,,,,,,,,,,,,,,,,,,,,,,,,,,,,,,,,,,,,,,,,,,,,,,,,,,,,,,,,,,,,,,,,,,,,,,,,,,,,,,,,,,,,,,,,,,,,,,,,,,,,,,,,,,,,,,,,,,,,,,,,,,,,,,,,,,,,,,,,,,,,,,,,,,,,,,,,,,,,,,,,,,,,,,,,,,,,,,,,,,,,,,,,,,,,,,,,,,,,,,,,,,,,,,,,,,,,,,,,,,,,,,,,,,,,,,,,,,,,,,,,,,,,,,,,,,,,,,,,,,,,,,,,,,,,,,,,,,,,,,,,,,,,,,,,,,,,,,,,,,,,,,,,,,,,,,,,,,,,,,,,,,,,,,,,,,,,,,,
2021-04-18 11:49:25,2021-04-18 11:50:06,8,88.127.65.81,4,41,0,2021-04-25 11:50:06,R_1M4EmjhC9N5zkSR,,,,,,,anonymous,FR,1,2,,,,,,,,,,,,,,,,,,,,,,,,,,,,,,,,,,,,,,,,,,,,,,,,,,,,,,,,,,,,,,,,,,,,,,,,,,,,,,,,,,,,,,,,,,,,,,,,,,,,,,,,,,,,,,,,,,,,,,,,,,,,,,,,,,,,,,,,,,,,,,,,,,,,,,,,,,,,,,,,,,,,,,,,,,,,,,,,,,,,,,,,,,,,,,,,,,,,,,,,,,,,,,,,,,,,,,,,,,,,,,,,,,,,,,,,,,,,,,,,,,,,,,,,,,,,,,,,,,,,,,,,,,,,,,,,,,,,,,,,,,,,,,,,,,,,,,,,,,,,,,,,,,,,,,,,,,,,,,,,,,,,,,,,,,,,,,,,,,,,,,,,,,,,,,,,,,,,,,,,,,,,,,,,,,,,,,,,,,,,,,,,,,,,,,,,,,,,,,,,,,,,,,,,,,,,,,,,,,,,,,,,,,,,,,,,,,,,,,,,,,,,,,,,,,,,,,,,,,,,,,,,,,,,,,,,,,,,,,,,,,,,,,,,,,,,,,,,,,,,,,,,,,,,,,,,,,,,,,,,,,,,,,,,,,,,,,,,,,,,,,,,,,,,,,,,,
2021-04-18 11:40:57,2021-04-18 11:54:48,0,91.168.57.28,29,830,0,2021-04-25 11:54:50,R_1ONRRPcpnn1j2r3,,,,,,,anonymous,FR,1,1,,,,,,,,,,,,,,2,,,,,,,4,4,4,3,4,6,6,6,6,4,4,6,4,3,3,2,3,4,4,5,4,3,3,5,3,6,4,3,7,3,4,3,3,3,2,1,7,7,7,7,2,1,1,1,6,1,1,1,6,3,6,4,4,5,4,3,5,3,3,2,2,3,4,5,3,4,2,5,6,7,9,8,10,1,2,4,2,4,4,4,4,4,1,3,9,4,6,2,1,3,8,7,10,5,2,1,1,1,1,2,2,2,2,2,1,2,1,1,1,1,2,1,1,2,2,2,2,1,2,2,2,1,1,1,1,1,1,2,1,2,1,1,2,1,2,2,1,1,1,1,1,1,2,1,2,1,1,2,2,1,2,1,2,2,1,1,1,2,1,1,1,1,2,2,2,2,2,2,1,2,2,2,1,1,2,,,,,,,,,,,,,,,,,,,,,,,,,,,,,,,,,,,,,,,,,,,,,,,,,,,,,,,,,,,,,,,,,,,,,,,,,,,,,,,,,,,,,,,,,,,,,,,,,,,,,,,,,,,,,,,,,,,,,,,,,,,,,,,,,,,,,,,,,,,,,,,,,,,,,,,,,,,,,,,,,,,,,,,,,,,,,,,,,,,,,,,,,,,,,,,,,,,,,,,,,,,,,,,,,,,,,,,,,,,,,,,,,,,,,,,,,,,,,,,,,,,,,,,,,,,,,,,,,,,,,,,,,,,,,,,,,,,,,,,,,,,,,,,,,,,,,,,,,,,,,,,,,,,,,,,,,,,,,,,,,,,,,,,,,,,,,,,,,,,,,,,,,,,,,,,,,,,,,,
2021-04-18 12:35:07,2021-04-18 12:35:15,0,109.31.161.27,2,7,0,2021-04-25 12:35:15,R_2Wul6k0xzesIXa3,,,,,,,anonymous,FR,1,,,,,,,,,,,,,,,,,,,,,,,,,,,,,,,,,,,,,,,,,,,,,,,,,,,,,,,,,,,,,,,,,,,,,,,,,,,,,,,,,,,,,,,,,,,,,,,,,,,,,,,,,,,,,,,,,,,,,,,,,,,,,,,,,,,,,,,,,,,,,,,,,,,,,,,,,,,,,,,,,,,,,,,,,,,,,,,,,,,,,,,,,,,,,,,,,,,,,,,,,,,,,,,,,,,,,,,,,,,,,,,,,,,,,,,,,,,,,,,,,,,,,,,,,,,,,,,,,,,,,,,,,,,,,,,,,,,,,,,,,,,,,,,,,,,,,,,,,,,,,,,,,,,,,,,,,,,,,,,,,,,,,,,,,,,,,,,,,,,,,,,,,,,,,,,,,,,,,,,,,,,,,,,,,,,,,,,,,,,,,,,,,,,,,,,,,,,,,,,,,,,,,,,,,,,,,,,,,,,,,,,,,,,,,,,,,,,,,,,,,,,,,,,,,,,,,,,,,,,,,,,,,,,,,,,,,,,,,,,,,,,,,,,,,,,,,,,,,,,,,,,,,,,,,,,,,,,,,,,,,,,,,,,,,,,,,,,,,,,,,,,,,,,,,,,,,,
2021-04-18 12:49:26,2021-04-18 12:54:46,0,41.158.43.20,7,319,0,2021-04-25 12:54:46,R_3mkjpx5KJsTbDoV,,,,,,,anonymous,FR,1,3,3,3,3,2,3,4,5,4,4,2,6,4,5,1,,,,,,,,,,,,,,,,,,,,,,,,,,,,,,,,,,,,,,,,,,,,,,,,,,,,,,,,,,,,,,,,,,,,,,,,,,,,,,,,,,,,,,,,,,,,,,,,,,,,,,,,,,,,,,,,,,,,,,,,,,,,,,,,,,,,,,,,,,,,,,,,,,,,,,,,,,,,,,,,,,,,,,,,,,,,,,,,,,,,,,,,,,,,,,,,,,,,,,,,,,,,,,,,,,,,,,,,,,,,,,,,,,,,,,,,,,,,,,,,,,,,,,,,,,,,,,,,,,,,,,,,,,,,,,,,,,,,,,,,,,,,,,,,,,,,,,,,,,,,,,,,,,,,,,,,,,,,,,,,,,,,,,,,,,,,,,,,,,,,,,,,,,,,,,,,,,,,,,,,,,,,,,,,,,,,,,,,,,,,,,,,,,,,,,,,,,,,,,,,,,,,,,,,,,,,,,,,,,,,,,,,,,,,,,,,,,,,,,,,,,,,,,,,,,,,,,,,,,,,,,,,,,,,,,,,,,,,,,,,,,,,,,,,,,,,,,,,,,,,,,,,,,,,,,,,,,,,,,,,,,,,,,,,,,,,,,,,,,,
2021-04-18 13:00:18,2021-04-18 13:03:05,0,176.153.72.55,15,166,0,2021-04-25 13:03:07,R_1CaxYhvujl8EIUM,,,,,,,anonymous,FR,1,1,,,,,,,,,,,,,,1,1,1,7,1,7,1,7,7,2,1,1,6,4,4,5,3,4,2,3,6,2,3,3,3,3,3,4,3,5,5,4,5,3,3,3,4,,,,,,,,,,,,,,,,,,,,,,,,,,,,,,,,,,,,,,,,,,,,,,,,,,,,,,,,,,,,,,,,,,,,,,,,,,,,,,,,,,,,,,,,,,,,,,,,,,,,,,,,,,,,,,,,,,,,,,,,,,,,,,,,,,,,,,,,,,,,,,,,,,,,,,,,,,,,,,,,,,,,,,,,,,,,,,,,,,,,,,,,,,,,,,,,,,,,,,,,,,,,,,,,,,,,,,,,,,,,,,,,,,,,,,,,,,,,,,,,,,,,,,,,,,,,,,,,,,,,,,,,,,,,,,,,,,,,,,,,,,,,,,,,,,,,,,,,,,,,,,,,,,,,,,,,,,,,,,,,,,,,,,,,,,,,,,,,,,,,,,,,,,,,,,,,,,,,,,,,,,,,,,,,,,,,,,,,,,,,,,,,,,,,,,,,,,,,,,,,,,,,,,,,,,,,,,,,,,,,,,,,,,,,,,,,,,,,,,,,,,,,,,,,,,,,,,,,,,,,,,,,,,,,,,,,,,,,,,,,,,,,,,,,,,,,,,,,,,,,,,,
2021-04-18 14:20:20,2021-04-18 14:20:43,0,37.166.242.148,11,23,0,2021-04-25 14:20:46,R_1mgXgC53GOSQx5X,,,,,,,anonymous,FR,1,1,,,,,,,,,,,,,,2,,,,,,,,,,,,,,,,,,,,,,,,,,,,,,,,,,,,,,,,,,,,,,,,,,,,,,,,,,,,,,,,,,,,,,,,,,,,,,,,,,,,,,,,,,,,,,,,,,,,,,,,,,,,,,,,,,,,,,,,,,,,,,,,,,,,,,,,,,,,,,,,,,,,,,,,,,,,,,,,,,,,,,,,,,,,,,,,,,,,,,,,,,,,,,,,,,,,,,,,,,,,,,,,,,,,,,,,,,,,,,,,,,,,,,,,,,,,,,,,,,,,,,,,,,,,,,,,,,,,,,,,,,,,,,,,,,,,,,,,,,,,,,,,,,,,,,,,,,,,,,,,,,,,,,,,,,,,,,,,,,,,,,,,,,,,,,,,,,,,,,,,,,,,,,,,,,,,,,,,,,,,,,,,,,,,,,,,,,,,,,,,,,,,,,,,,,,,,,,,,,,,,,,,,,,,,,,,,,,,,,,,,,,,,,,,,,,,,,,,,,,,,,,,,,,,,,,,,,,,,,,,,,,,,,,,,,,,,,,,,,,,,,,,,,,,,,,,,,,,,,,,,,,,,,,,,,,,,,,,,,,,,,,,,,,,,,,,,,,
2021-04-19 00:22:43,2021-04-19 00:23:02,0,77.153.239.245,4,18,0,2021-04-26 00:23:02,R_1LtCI6Meoh9KYcW,,,,,,,anonymous,FR,1,2,,,,,,,,,,,,,,,,,,,,,,,,,,,,,,,,,,,,,,,,,,,,,,,,,,,,,,,,,,,,,,,,,,,,,,,,,,,,,,,,,,,,,,,,,,,,,,,,,,,,,,,,,,,,,,,,,,,,,,,,,,,,,,,,,,,,,,,,,,,,,,,,,,,,,,,,,,,,,,,,,,,,,,,,,,,,,,,,,,,,,,,,,,,,,,,,,,,,,,,,,,,,,,,,,,,,,,,,,,,,,,,,,,,,,,,,,,,,,,,,,,,,,,,,,,,,,,,,,,,,,,,,,,,,,,,,,,,,,,,,,,,,,,,,,,,,,,,,,,,,,,,,,,,,,,,,,,,,,,,,,,,,,,,,,,,,,,,,,,,,,,,,,,,,,,,,,,,,,,,,,,,,,,,,,,,,,,,,,,,,,,,,,,,,,,,,,,,,,,,,,,,,,,,,,,,,,,,,,,,,,,,,,,,,,,,,,,,,,,,,,,,,,,,,,,,,,,,,,,,,,,,,,,,,,,,,,,,,,,,,,,,,,,,,,,,,,,,,,,,,,,,,,,,,,,,,,,,,,,,,,,,,,,,,,,,,,,,,,,,,,,,,,,,,,,,,,
2021-04-19 03:52:10,2021-04-19 03:52:15,0,90.112.16.106,2,5,0,2021-04-26 03:52:16,R_31T6NIyRPOXKmyl,,,,,,,anonymous,FR,1,,,,,,,,,,,,,,,,,,,,,,,,,,,,,,,,,,,,,,,,,,,,,,,,,,,,,,,,,,,,,,,,,,,,,,,,,,,,,,,,,,,,,,,,,,,,,,,,,,,,,,,,,,,,,,,,,,,,,,,,,,,,,,,,,,,,,,,,,,,,,,,,,,,,,,,,,,,,,,,,,,,,,,,,,,,,,,,,,,,,,,,,,,,,,,,,,,,,,,,,,,,,,,,,,,,,,,,,,,,,,,,,,,,,,,,,,,,,,,,,,,,,,,,,,,,,,,,,,,,,,,,,,,,,,,,,,,,,,,,,,,,,,,,,,,,,,,,,,,,,,,,,,,,,,,,,,,,,,,,,,,,,,,,,,,,,,,,,,,,,,,,,,,,,,,,,,,,,,,,,,,,,,,,,,,,,,,,,,,,,,,,,,,,,,,,,,,,,,,,,,,,,,,,,,,,,,,,,,,,,,,,,,,,,,,,,,,,,,,,,,,,,,,,,,,,,,,,,,,,,,,,,,,,,,,,,,,,,,,,,,,,,,,,,,,,,,,,,,,,,,,,,,,,,,,,,,,,,,,,,,,,,,,,,,,,,,,,,,,,,,,,,,,,,,,,,,,
2021-04-19 08:50:02,2021-04-19 09:06:55,0,90.112.52.114,44,1012,0,2021-04-26 09:06:56,R_1oInwOLfLTqCkX3,,,,,,,anonymous,FR,1,1,,,,,,,,,,,,,,2,,,,,,,7,7,2,1,1,7,3,2,4,7,7,5,3,3,1,1,7,7,7,6,1,1,1,2,1,2,2,2,2,1,5,4,5,2,3,2,2,7,3,7,5,2,2,1,4,4,4,4,6,6,7,2,5,6,2,3,5,5,5,3,1,5,4,4,9,8,1,4,5,7,10,2,6,3,4,1,5,5,5,5,4,5,1,5,5,10,1,3,4,6,7,8,9,2,2,1,1,1,2,2,1,2,2,2,2,2,2,1,1,1,2,1,1,1,2,2,2,1,2,2,2,1,1,1,1,1,1,2,1,2,1,1,2,2,2,1,1,1,1,1,1,1,1,1,2,1,1,2,1,1,2,2,1,1,1,1,1,2,1,1,1,1,2,1,2,2,1,2,1,1,2,1,2,2,2,,1,1,13,,,3,,,,,,,3,12,1,,13,3,3,,,,3,,,,1,1,13,1,1,13,,13,,1,3,1,,,3,1,13,13,1,1,1,7,1,,3,13,,1,1,,,1,1,13,13,13,,13,3,13,4,,13,,,1,,13,1,,13,,,,8,8,2,,,8,8,8,,8,8,2,2,8,2,2,8,,,5,,1,,,,1,,,2,,2,1,2,2,4,1,5,1,1,4,2,1,4,1,2,2,1,1,1,2,2,5,4,4,1,2,3,4,1,1,1,3,1,4,2,5,1,3,5,3,2,4,1,1,1,9,7,5,7,7,6,3,8,8,9,3,5,7,9,9,5,4,4,,,,,,,,,,,,,,,,,,,,,,,,,,,,,,,,,,,,,,,,,,,,,,,,,,,,,,,,,,,,,,,,,,,,,,,,,,,,,,,,,,,,,,,,,,,,,,,,,,,,,,,,,,,,,,,,,,,,,,,,,,,,,,,,,,,,,,,,,,,,,,,,,,,,,,,,,,,,,,,,,,,,,,,,,,,,,,,,,,,,,,,,
2021-04-19 09:11:09,2021-04-19 09:12:29,0,41.158.112.58,4,80,0,2021-04-26 09:12:29,R_2PBDWZa4E6xDWJQ,,,,,,,anonymous,FR,1,4,,,,,,,,,,,,,,,,,,,,,,,,,,,,,,,,,,,,,,,,,,,,,,,,,,,,,,,,,,,,,,,,,,,,,,,,,,,,,,,,,,,,,,,,,,,,,,,,,,,,,,,,,,,,,,,,,,,,,,,,,,,,,,,,,,,,,,,,,,,,,,,,,,,,,,,,,,,,,,,,,,,,,,,,,,,,,,,,,,,,,,,,,,,,,,,,,,,,,,,,,,,,,,,,,,,,,,,,,,,,,,,,,,,,,,,,,,,,,,,,,,,,,,,,,,,,,,,,,,,,,,,,,,,,,,,,,,,,,,,,,,,,,,,,,,,,,,,,,,,,,,,,,,,,,,,,,,,,,,,,,,,,,,,,,,,,,,,,,,,,,,,,,,,,,,,,,,,,,,,,,,,,,,,,,,,,,,,,,,,,,,,,,,,,,,,,,,,,,,,,,,,,,,,,,,,,,,,,,,,,,,,,,,,,,,,,,,,,,,,,,,,,,,,,,,,,,,,,,,,,,,,,,,,,,,,,,,,,,,,,,,,,,,,,,,,,,,,,,,,,,,,,,,,,,,,,,,,,,,,,,,,,,,,,,,,,,,,,,,,,,,,,,,,,,,,,,
2021-04-19 09:13:39,2021-04-19 09:34:57,0,41.158.112.58,29,1278,0,2021-04-26 09:34:58,R_1MPUTRe8IBcOQh7,,,,,,,anonymous,FR,1,4,1,1,7,7,2,7,4,7,5,4,2,6,6,1,1,1,6,1,7,1,3,2,6,1,1,7,4,4,1,7,4,3,4,3,3,1,3,7,7,4,7,4,4,4,4,4,2,4,4,4,4,4,1,1,4,1,7,7,7,7,1,1,3,2,7,1,1,1,1,1,2,7,7,7,5,5,5,2,1,5,1,1,5,5,1,2,3,4,5,7,8,6,9,10,5,5,3,1,5,5,1,1,5,5,1,2,3,4,5,6,7,8,9,10,1,1,1,1,2,1,1,2,2,2,2,2,2,1,2,2,2,1,1,2,2,1,2,2,2,2,1,2,1,2,2,1,2,2,1,2,1,2,2,2,2,2,2,1,2,1,2,2,2,1,2,1,1,2,1,1,1,2,1,2,1,1,1,2,1,2,1,2,2,2,2,1,1,2,1,2,2,1,2,2,2,,,,,,,,,,,,,,,,,,,,,,,,,,,,,,,,,,,,,,,,,,,,,,,,,,,,,,,,,,,,,,,,,,,,,,,,,,,,,,,,,,,,,,,,,,,,,,,,,,,,,,,,,,,,,,,,,,,,,,,,,,,,,,,,,,,,,,,,,,,,,,,,,,,,,,,,,,,,,,,,,,,,,,,,,,,,,,,,,,,,,,,,,,,,,,,,,,,,,,,,,,,,,,,,,,,,,,,,,,,,,,,,,,,,,,,,,,,,,,,,,,,,,,,,,,,,,,,,,,,,,,,,,,,,,,,,,,,,,,,,,,,,,,,,,,,,,,,,,,,,,,,,,,,,,,,,,,,,,,,,,,,,,,,,,,,,,,,,,,,,,,,,,,,,,,,,,,,,,,
2021-04-19 09:57:07,2021-04-19 09:57:23,0,92.184.102.134,4,15,0,2021-04-26 09:57:23,R_28ZBSfcbc3Nv27w,,,,,,,anonymous,FR,1,4,,,,,,,,,,,,,,,,,,,,,,,,,,,,,,,,,,,,,,,,,,,,,,,,,,,,,,,,,,,,,,,,,,,,,,,,,,,,,,,,,,,,,,,,,,,,,,,,,,,,,,,,,,,,,,,,,,,,,,,,,,,,,,,,,,,,,,,,,,,,,,,,,,,,,,,,,,,,,,,,,,,,,,,,,,,,,,,,,,,,,,,,,,,,,,,,,,,,,,,,,,,,,,,,,,,,,,,,,,,,,,,,,,,,,,,,,,,,,,,,,,,,,,,,,,,,,,,,,,,,,,,,,,,,,,,,,,,,,,,,,,,,,,,,,,,,,,,,,,,,,,,,,,,,,,,,,,,,,,,,,,,,,,,,,,,,,,,,,,,,,,,,,,,,,,,,,,,,,,,,,,,,,,,,,,,,,,,,,,,,,,,,,,,,,,,,,,,,,,,,,,,,,,,,,,,,,,,,,,,,,,,,,,,,,,,,,,,,,,,,,,,,,,,,,,,,,,,,,,,,,,,,,,,,,,,,,,,,,,,,,,,,,,,,,,,,,,,,,,,,,,,,,,,,,,,,,,,,,,,,,,,,,,,,,,,,,,,,,,,,,,,,,,,,,,,,,
2021-04-19 09:56:38,2021-04-19 10:01:03,0,81.185.160.188,7,265,0,2021-04-26 10:01:04,R_27EBW7NRrTfuiCS,,,,,,,anonymous,FR,1,4,1,1,6,4,3,4,1,5,4,6,7,7,7,1,,,,,,,,,,,,,,,,,,,,,,,,,,,,,,,,,,,,,,,,,,,,,,,,,,,,,,,,,,,,,,,,,,,,,,,,,,,,,,,,,,,,,,,,,,,,,,,,,,,,,,,,,,,,,,,,,,,,,,,,,,,,,,,,,,,,,,,,,,,,,,,,,,,,,,,,,,,,,,,,,,,,,,,,,,,,,,,,,,,,,,,,,,,,,,,,,,,,,,,,,,,,,,,,,,,,,,,,,,,,,,,,,,,,,,,,,,,,,,,,,,,,,,,,,,,,,,,,,,,,,,,,,,,,,,,,,,,,,,,,,,,,,,,,,,,,,,,,,,,,,,,,,,,,,,,,,,,,,,,,,,,,,,,,,,,,,,,,,,,,,,,,,,,,,,,,,,,,,,,,,,,,,,,,,,,,,,,,,,,,,,,,,,,,,,,,,,,,,,,,,,,,,,,,,,,,,,,,,,,,,,,,,,,,,,,,,,,,,,,,,,,,,,,,,,,,,,,,,,,,,,,,,,,,,,,,,,,,,,,,,,,,,,,,,,,,,,,,,,,,,,,,,,,,,,,,,,,,,,,,,,,,,,,,,,,,,,,,,,,
2021-04-19 09:47:36,2021-04-19 10:41:10,0,90.112.18.3,56,3213,0,2021-04-26 10:41:11,R_1HpEJlAaf4aY461,,,,,,,anonymous,FR,1,1,,,,,,,,,,,,,,2,,,,,,,5,4,1,5,5,3,5,6,6,2,3,5,3,3,1,3,6,6,7,6,2,1,1,6,1,2,5,3,4,3,5,4,5,5,6,2,7,7,7,7,1,1,4,4,2,5,5,6,5,5,6,3,3,3,2,2,4,4,4,3,3,4,3,5,9,8,2,4,7,10,5,3,6,1,1,1,2,2,4,1,2,1,1,4,10,9,3,4,2,7,5,6,8,1,2,1,1,2,1,1,2,2,2,2,2,2,2,1,1,1,2,1,1,1,2,2,2,1,2,2,1,1,1,1,1,1,1,2,1,2,1,1,2,1,2,2,2,1,1,2,1,2,1,1,2,2,2,2,2,1,2,2,1,1,2,2,1,2,2,2,1,1,2,2,2,2,1,2,2,1,2,2,2,2,2,,1,1,,1,1,,,,,,,,1,1,13,,13,1,1,,,,1,,,1,1,1,3,1,4,1,,3,,1,3,1,1,,,,4,1,,1,,1,4,,,,,,1,,,1,1,,,13,,,,4,3,,,,,3,,2,,,,,,,8,2,2,1,,,,3,,3,4,2,,,2,,,,,,,,,,,2,,,2,,3,4,4,4,4,4,2,2,3,4,3,2,4,2,3,3,2,2,2,2,3,2,4,3,2,4,4,2,3,4,4,4,2,2,2,4,4,4,3,4,4,4,2,2,4,2,5,5,5,4,7,2,2,2,7,3,4,4,5,5,6,5,9,3,2,2,2,2,2,1,3,4,4,4,4,3,1,2,2,3,3,3,2,5,5,5,5,5,5,1,5,5,1,1,1,1,5,5,1,5,1,5,4,7,7,7,6,3,1,7,5,7,1,3,2,6,4,5,7,4,5,7,4,4,5,2,3,4,4,5,5,1,1,2,4,3,6,6,,,,,,,,,,,,,,,,,,,,,,,,,,,,,,,,,,,,,,,,,,,,,,,,,,,,,,,,,,,,,,,,,,,,,,,,,,,,,,,,,,,,,,,,,,,,,,,,,,,,,,,,,,,,,
2021-04-19 10:17:47,2021-04-19 10:50:50,0,81.185.175.180,44,1982,0,2021-04-26 10:50:52,R_2eXyCr8aPhsClhK,,,,,,,anonymous,FR,1,2,1,1,6,6,5,6,1,5,5,3,5,7,7,2,,,,,,,7,7,1,1,2,7,5,5,3,2,2,4,3,6,3,2,3,3,5,5,6,6,6,2,4,3,4,3,6,3,5,3,3,2,3,2,6,6,6,6,2,2,2,2,5,2,3,6,5,3,6,3,3,5,3,3,4,2,2,2,1,5,4,4,5,7,4,9,8,6,10,1,3,2,5,1,5,5,5,5,1,1,1,2,1,7,4,5,3,6,10,9,8,2,2,1,1,1,2,1,2,2,2,2,2,2,2,1,1,1,2,1,1,2,2,2,2,2,2,2,2,1,2,1,1,2,1,2,1,1,1,1,2,2,2,1,1,1,1,2,2,2,1,1,2,1,1,2,1,2,2,1,2,1,2,2,1,2,1,1,1,1,2,2,2,2,2,2,1,1,2,2,2,2,2,,6,5,3,,1,,,,,,,,1,1,1,,13,4,,,,,,,,,3,,13,1,,4,,10,3,3,3,2,,,4,8,3,3,,,,6,3,,3,4,,1,,,1,,1,,,3,,1,1,13,4,,,,,,,13,1,,,,,,8,4,1,,,,,5,,3,6,1,1,,,1,8,,,,,1,,,,2,,,2,,1,2,4,4,2,4,2,2,4,4,4,4,5,4,2,5,2,2,4,2,4,2,4,2,4,4,4,2,4,1,2,4,2,4,4,4,2,4,4,2,4,4,2,2,4,5,5,5,5,4,4,4,5,4,4,3,6,7,7,5,1,5,6,,,,,,,,,,,,,,,,,,,,,,,,,,,,,,,,,,,,,,,,,,,,,,,,,,,,,,,,,,,,,,,,,,,,,,,,,,,,,,,,,,,,,,,,,,,,,,,,,,,,,,,,,,,,,,,,,,,,,,,,,,,,,,,,,,,,,,,,,,,,,,,,,,,,,,,,,,,,,,,,,,,,,,,,,,,,,,,,,,,,,,,,
2021-04-19 11:15:12,2021-04-19 11:16:57,0,146.4.111.50,13,105,0,2021-04-26 11:16:57,R_1pyvuISQVFK3F36,,,,,,,anonymous,FR,1,1,,,,,,,,,,,,,,2,,,,,,,3,4,4,3,4,5,3,3,3,3,4,4,3,4,2,,,,,,,,,,,,,,,,,,,,,,,,,,,,,,,,,,,,,,,,,,,,,,,,,,,,,,,,,,,,,,,,,,,,,,,,,,,,,,,,,,,,,,,,,,,,,,,,,,,,,,,,,,,,,,,,,,,,,,,,,,,,,,,,,,,,,,,,,,,,,,,,,,,,,,,,,,,,,,,,,,,,,,,,,,,,,,,,,,,,,,,,,,,,,,,,,,,,,,,,,,,,,,,,,,,,,,,,,,,,,,,,,,,,,,,,,,,,,,,,,,,,,,,,,,,,,,,,,,,,,,,,,,,,,,,,,,,,,,,,,,,,,,,,,,,,,,,,,,,,,,,,,,,,,,,,,,,,,,,,,,,,,,,,,,,,,,,,,,,,,,,,,,,,,,,,,,,,,,,,,,,,,,,,,,,,,,,,,,,,,,,,,,,,,,,,,,,,,,,,,,,,,,,,,,,,,,,,,,,,,,,,,,,,,,,,,,,,,,,,,,,,,,,,,,,,,,,,,,,,,,,,,,,,,,,,,,,,,,,,,,,,,,,,,,,,,,,,,,,,,,,,,,,,,,,,,,,,,,
2021-04-19 11:30:52,2021-04-19 12:01:26,0,84.6.160.189,29,1833,0,2021-04-26 12:01:27,R_2vbTxupwdK8xPMh,,,,,,,anonymous,FR,1,1,,,,,,,,,,,,,,2,,,,,,,3,2,5,4,4,3,4,4,5,5,5,5,3,3,2,3,5,5,6,5,3,3,3,5,3,5,3,3,6,5,5,4,3,1,3,1,6,6,6,7,1,1,5,5,5,5,5,5,7,7,5,3,3,3,2,2,5,4,4,3,4,4,4,5,8,7,2,3,4,10,5,6,9,1,2,2,4,4,4,1,2,2,1,4,5,6,2,4,3,9,7,8,10,1,1,1,1,1,1,2,2,2,2,2,2,2,2,1,1,2,2,1,1,1,1,2,2,1,2,2,2,1,1,1,1,1,1,2,1,2,2,2,2,1,2,1,1,2,2,2,1,1,1,1,2,2,2,2,2,2,2,2,2,1,2,2,1,2,2,2,1,2,2,2,2,2,1,2,1,1,2,2,1,2,2,,,,,,,,,,,,,,,,,,,,,,,,,,,,,,,,,,,,,,,,,,,,,,,,,,,,,,,,,,,,,,,,,,,,,,,,,,,,,,,,,,,,,,,,,,,,,,,,,,,,,,,,,,,,,,,,,,,,,,,,,,,,,,,,,,,,,,,,,,,,,,,,,,,,,,,,,,,,,,,,,,,,,,,,,,,,,,,,,,,,,,,,,,,,,,,,,,,,,,,,,,,,,,,,,,,,,,,,,,,,,,,,,,,,,,,,,,,,,,,,,,,,,,,,,,,,,,,,,,,,,,,,,,,,,,,,,,,,,,,,,,,,,,,,,,,,,,,,,,,,,,,,,,,,,,,,,,,,,,,,,,,,,,,,,,,,,,,,,,,,,,,,,,,,,,,,,,,,,,
2021-04-19 13:04:45,2021-04-19 13:07:45,0,176.164.149.79,13,180,0,2021-04-26 13:07:48,R_2f8PelJtENVjtxT,,,,,,,anonymous,FR,1,3,1,1,5,5,6,6,5,5,5,5,7,6,7,1,1,1,7,1,7,1,6,7,1,1,1,7,5,5,5,3,3,4,5,3,3,,,,,,,,,,,,,,,,,,,,,,,,,,,,,,,,,,,,,,,,,,,,,,,,,,,,,,,,,,,,,,,,,,,,,,,,,,,,,,,,,,,,,,,,,,,,,,,,,,,,,,,,,,,,,,,,,,,,,,,,,,,,,,,,,,,,,,,,,,,,,,,,,,,,,,,,,,,,,,,,,,,,,,,,,,,,,,,,,,,,,,,,,,,,,,,,,,,,,,,,,,,,,,,,,,,,,,,,,,,,,,,,,,,,,,,,,,,,,,,,,,,,,,,,,,,,,,,,,,,,,,,,,,,,,,,,,,,,,,,,,,,,,,,,,,,,,,,,,,,,,,,,,,,,,,,,,,,,,,,,,,,,,,,,,,,,,,,,,,,,,,,,,,,,,,,,,,,,,,,,,,,,,,,,,,,,,,,,,,,,,,,,,,,,,,,,,,,,,,,,,,,,,,,,,,,,,,,,,,,,,,,,,,,,,,,,,,,,,,,,,,,,,,,,,,,,,,,,,,,,,,,,,,,,,,,,,,,,,,,,,,,,,,,,,,,,,,,,,,,,,,,,,,,,,,,,,,,,,,
2021-04-19 14:36:24,2021-04-19 14:38:16,0,92.184.102.147,11,112,0,2021-04-26 14:38:17,R_wMgp67pRPYJ2Stj,,,,,,,anonymous,FR,1,2,1,2,3,7,7,7,7,7,7,7,6,5,7,1,1,1,7,3,6,1,,,,,,,,,,,,,,,,,,,,,,,,,,,,,,,,,,,,,,,,,,,,,,,,,,,,,,,,,,,,,,,,,,,,,,,,,,,,,,,,,,,,,,,,,,,,,,,,,,,,,,,,,,,,,,,,,,,,,,,,,,,,,,,,,,,,,,,,,,,,,,,,,,,,,,,,,,,,,,,,,,,,,,,,,,,,,,,,,,,,,,,,,,,,,,,,,,,,,,,,,,,,,,,,,,,,,,,,,,,,,,,,,,,,,,,,,,,,,,,,,,,,,,,,,,,,,,,,,,,,,,,,,,,,,,,,,,,,,,,,,,,,,,,,,,,,,,,,,,,,,,,,,,,,,,,,,,,,,,,,,,,,,,,,,,,,,,,,,,,,,,,,,,,,,,,,,,,,,,,,,,,,,,,,,,,,,,,,,,,,,,,,,,,,,,,,,,,,,,,,,,,,,,,,,,,,,,,,,,,,,,,,,,,,,,,,,,,,,,,,,,,,,,,,,,,,,,,,,,,,,,,,,,,,,,,,,,,,,,,,,,,,,,,,,,,,,,,,,,,,,,,,,,,,,,,,,,,,,,,,,,,,,,,,,,,,,
2021-04-20 02:20:01,2021-04-20 02:40:24,0,87.100.69.107,44,1223,0,2021-04-27 02:40:25,R_3qx3gkY7q6Sssj6,,,,,,,anonymous,FR,1,1,,,,,,,,,,,,,,2,,,,,,,3,4,5,3,5,4,3,3,4,5,5,4,5,3,2,3,4,6,5,6,2,2,3,6,3,5,3,1,2,4,6,1,6,3,4,3,4,4,3,5,5,4,4,3,3,4,4,3,4,4,5,4,5,5,2,3,5,5,5,3,2,3,5,4,4,8,1,2,7,9,5,6,10,3,2,3,5,5,5,3,3,2,5,4,4,5,1,2,8,9,6,7,10,3,2,1,1,1,1,2,1,1,2,2,2,2,2,1,1,1,1,1,1,1,2,2,2,1,2,2,2,1,1,1,1,1,1,2,1,1,1,1,2,1,2,2,1,1,1,1,1,1,1,1,2,1,1,2,1,1,2,1,1,2,1,1,1,2,1,1,1,1,2,1,2,1,1,1,1,1,2,2,2,1,2,,4,1,6,1,,1,1,,,,,,3,1,4,3,12,1,1,,,,3,,,,3,3,13,8,1,13,,9,1,3,1,1,3,,,5,3,3,1,13,1,1,1,,4,1,,1,1,,3,1,,7,4,6,,4,10,13,5,,13,,7,1,1,13,1,,,,1,,7,7,4,1,,4,2,,,3,8,3,5,6,2,2,8,,,,,,,,,2,,,2,,3,2,3,2,3,2,4,2,2,3,3,2,3,3,2,3,2,4,2,2,2,4,3,2,3,3,3,3,3,3,2,4,2,2,2,3,1,4,4,2,1,3,1,2,2,8,6,6,4,3,5,4,8,6,5,4,7,6,6,3,8,8,6,,,,,,,,,,,,,,,,,,,,,,,,,,,,,,,,,,,,,,,,,,,,,,,,,,,,,,,,,,,,,,,,,,,,,,,,,,,,,,,,,,,,,,,,,,,,,,,,,,,,,,,,,,,,,,,,,,,,,,,,,,,,,,,,,,,,,,,,,,,,,,,,,,,,,,,,,,,,,,,,,,,,,,,,,,,,,,,,,,,,,,,,
2021-04-20 03:29:55,2021-04-20 03:30:07,0,46.193.4.101,11,11,0,2021-04-27 03:30:07,R_3EEzzE3lWg193nM,,,,,,,anonymous,FR,1,1,,,,,,,,,,,,,,2,,,,,,,,,,,,,,,,,,,,,,,,,,,,,,,,,,,,,,,,,,,,,,,,,,,,,,,,,,,,,,,,,,,,,,,,,,,,,,,,,,,,,,,,,,,,,,,,,,,,,,,,,,,,,,,,,,,,,,,,,,,,,,,,,,,,,,,,,,,,,,,,,,,,,,,,,,,,,,,,,,,,,,,,,,,,,,,,,,,,,,,,,,,,,,,,,,,,,,,,,,,,,,,,,,,,,,,,,,,,,,,,,,,,,,,,,,,,,,,,,,,,,,,,,,,,,,,,,,,,,,,,,,,,,,,,,,,,,,,,,,,,,,,,,,,,,,,,,,,,,,,,,,,,,,,,,,,,,,,,,,,,,,,,,,,,,,,,,,,,,,,,,,,,,,,,,,,,,,,,,,,,,,,,,,,,,,,,,,,,,,,,,,,,,,,,,,,,,,,,,,,,,,,,,,,,,,,,,,,,,,,,,,,,,,,,,,,,,,,,,,,,,,,,,,,,,,,,,,,,,,,,,,,,,,,,,,,,,,,,,,,,,,,,,,,,,,,,,,,,,,,,,,,,,,,,,,,,,,,,,,,,,,,,,,,,,,,,,,,
2021-04-20 05:01:54,2021-04-20 05:18:53,0,86.207.140.109,44,1018,0,2021-04-27 05:18:54,R_29iHmTj3cuul4Qv,,,,,,,anonymous,FR,1,2,1,1,7,7,3,7,3,5,3,5,7,7,7,2,,,,,,,7,7,1,5,6,3,3,3,3,5,5,3,3,6,2,1,7,6,6,7,2,2,2,6,2,2,2,2,2,2,5,2,5,1,2,1,7,7,7,7,1,1,1,1,6,1,1,1,2,3,7,2,3,3,4,2,5,5,5,4,2,5,5,5,7,10,4,5,3,6,8,2,9,1,2,1,5,5,5,5,5,5,1,3,8,9,3,2,1,5,7,4,10,6,2,1,1,1,2,2,2,2,2,2,2,2,1,1,1,1,2,1,1,1,2,1,2,1,1,1,1,1,1,1,1,1,1,1,1,1,1,1,2,1,1,2,2,1,1,1,1,1,2,1,2,1,1,2,1,1,2,2,1,1,1,1,1,2,1,1,1,1,2,2,1,2,1,2,2,2,2,2,2,2,2,,1,3,2,,,,,,,,,1,1,1,1,,13,3,2,,3,,3,1,3,1,1,1,13,13,6,8,5,2,2,2,2,2,13,3,,,13,13,1,1,1,,1,,4,4,,1,1,,,2,2,13,2,13,,1,13,13,1,,,3,,3,,1,,,,,,,8,2,2,6,,6,6,1,,3,7,1,1,,3,1,,1,,,1,,,,1,,,,2,,5,2,2,2,4,2,1,2,5,4,1,2,5,2,2,3,2,5,5,2,4,2,4,4,2,2,2,4,2,1,4,5,2,2,2,2,3,4,2,2,2,2,2,4,5,7,6,5,7,7,5,8,7,8,5,5,6,6,6,9,5,5,5,,,,,,,,,,,,,,,,,,,,,,,,,,,,,,,,,,,,,,,,,,,,,,,,,,,,,,,,,,,,,,,,,,,,,,,,,,,,,,,,,,,,,,,,,,,,,,,,,,,,,,,,,,,,,,,,,,,,,,,,,,,,,,,,,,,,,,,,,,,,,,,,,,,,,,,,,,,,,,,,,,,,,,,,,,,,,,,,,,,,,,,,
2021-04-21 05:10:57,2021-04-21 05:11:13,0,91.171.110.167,11,15,0,2021-04-28 05:11:14,R_3PoWkFKQIvbn1im,,,,,,,anonymous,FR,1,1,,,,,,,,,,,,,,2,,,,,,,,,,,,,,,,,,,,,,,,,,,,,,,,,,,,,,,,,,,,,,,,,,,,,,,,,,,,,,,,,,,,,,,,,,,,,,,,,,,,,,,,,,,,,,,,,,,,,,,,,,,,,,,,,,,,,,,,,,,,,,,,,,,,,,,,,,,,,,,,,,,,,,,,,,,,,,,,,,,,,,,,,,,,,,,,,,,,,,,,,,,,,,,,,,,,,,,,,,,,,,,,,,,,,,,,,,,,,,,,,,,,,,,,,,,,,,,,,,,,,,,,,,,,,,,,,,,,,,,,,,,,,,,,,,,,,,,,,,,,,,,,,,,,,,,,,,,,,,,,,,,,,,,,,,,,,,,,,,,,,,,,,,,,,,,,,,,,,,,,,,,,,,,,,,,,,,,,,,,,,,,,,,,,,,,,,,,,,,,,,,,,,,,,,,,,,,,,,,,,,,,,,,,,,,,,,,,,,,,,,,,,,,,,,,,,,,,,,,,,,,,,,,,,,,,,,,,,,,,,,,,,,,,,,,,,,,,,,,,,,,,,,,,,,,,,,,,,,,,,,,,,,,,,,,,,,,,,,,,,,,,,,,,,,,,,,,,
2021-04-21 05:54:51,2021-04-21 06:07:27,0,81.185.167.101,20,756,0,2021-04-28 06:07:27,R_3KBZqkr6WQKyKn8,,,,,,,anonymous,FR,1,4,1,1,7,3,7,7,3,7,3,7,6,7,7,1,1,1,7,3,7,1,7,7,1,1,1,7,4,3,2,4,7,3,4,4,1,4,3,2,2,2,4,1,1,7,4,3,3,4,4,4,4,4,1,1,1,1,1,4,3,4,5,7,1,1,4,4,1,1,7,7,7,4,1,1,5,5,3,3,3,3,1,5,4,3,,,,,,,,,,,,,,,,,,,,,,,,,,,,,,,,,,,,,,,,,,,,,,,,,,,,,,,,,,,,,,,,,,,,,,,,,,,,,,,,,,,,,,,,,,,,,,,,,,,,,,,,,,,,,,,,,,,,,,,,,,,,,,,,,,,,,,,,,,,,,,,,,,,,,,,,,,,,,,,,,,,,,,,,,,,,,,,,,,,,,,,,,,,,,,,,,,,,,,,,,,,,,,,,,,,,,,,,,,,,,,,,,,,,,,,,,,,,,,,,,,,,,,,,,,,,,,,,,,,,,,,,,,,,,,,,,,,,,,,,,,,,,,,,,,,,,,,,,,,,,,,,,,,,,,,,,,,,,,,,,,,,,,,,,,,,,,,,,,,,,,,,,,,,,,,,,,,,,,,,,,,,,,,,,,,,,,,,,,,,,,,,,,,,,,,,,,,,,,,,,,,,,,,,,,,,,,,,,,,,,,,,,,,,,,,,,,,,,,,,,,,,,,,,,,,,,,,,,,,,,,,,,,,,,
2021-04-21 21:13:01,2021-04-21 21:33:58,0,84.99.32.43,31,1257,0,2021-04-28 21:34:00,R_u8p6JxXnFargS7T,,,,,,,anonymous,FR,1,2,3,1,5,6,6,5,6,5,6,6,4,3,7,2,,,,,,,6,6,3,1,1,6,3,2,2,4,2,4,3,5,3,4,5,4,2,4,2,3,2,3,6,3,2,6,4,3,4,4,2,1,1,1,6,7,7,7,1,1,2,1,7,1,1,1,2,3,4,5,2,2,5,5,5,4,4,4,2,5,3,5,5,8,3,6,4,7,9,2,10,1,2,2,4,5,5,1,4,5,1,4,10,9,3,2,1,6,4,5,8,7,1,1,1,1,1,2,1,2,2,2,1,2,2,1,1,1,1,1,1,2,1,2,2,1,2,1,1,1,1,1,1,1,1,2,1,1,1,1,2,1,1,1,2,1,1,1,1,1,1,1,2,1,1,2,1,1,2,1,1,1,2,1,1,2,1,1,1,1,2,2,2,1,1,1,1,2,2,2,2,1,2,5,4,2,13,1,,1,,,,1,,,5,1,13,2,13,1,,1,,,1,,3,1,1,1,7,5,1,8,,13,4,1,1,1,1,3,3,,3,1,1,1,3,5,1,,4,4,,12,4,,4,5,1,,13,11,,7,13,13,6,,,,1,1,1,13,2,,,,1,,,,,,,,,,,,,,,,,,,,,,,,,,,,,,,,,,,,,,,,,,,,,,,,,,,,,,,,,,,,,,,,,,,,,,,,,,,,,,,,,,,,,,,,,,,,,,,,,,,,,,,,,,,,,,,,,,,,,,,,,,,,,,,,,,,,,,,,,,,,,,,,,,,,,,,,,,,,,,,,,,,,,,,,,,,,,,,,,,,,,,,,,,,,,,,,,,,,,,,,,,,,,,,,,,,,,,,,,,,,,,,,,,,,,,,,,,,,,,,,,,,,,,,,,,,,,,,,,,,,,,,,,,,,,,,,,,,,,,
2021-04-22 00:25:51,2021-04-22 00:26:01,0,86.193.6.181,4,10,0,2021-04-29 00:26:05,R_CjKGy3aDp1FQlmV,,,,,,,anonymous,FR,1,2,,,,,,,,,,,,,,,,,,,,,,,,,,,,,,,,,,,,,,,,,,,,,,,,,,,,,,,,,,,,,,,,,,,,,,,,,,,,,,,,,,,,,,,,,,,,,,,,,,,,,,,,,,,,,,,,,,,,,,,,,,,,,,,,,,,,,,,,,,,,,,,,,,,,,,,,,,,,,,,,,,,,,,,,,,,,,,,,,,,,,,,,,,,,,,,,,,,,,,,,,,,,,,,,,,,,,,,,,,,,,,,,,,,,,,,,,,,,,,,,,,,,,,,,,,,,,,,,,,,,,,,,,,,,,,,,,,,,,,,,,,,,,,,,,,,,,,,,,,,,,,,,,,,,,,,,,,,,,,,,,,,,,,,,,,,,,,,,,,,,,,,,,,,,,,,,,,,,,,,,,,,,,,,,,,,,,,,,,,,,,,,,,,,,,,,,,,,,,,,,,,,,,,,,,,,,,,,,,,,,,,,,,,,,,,,,,,,,,,,,,,,,,,,,,,,,,,,,,,,,,,,,,,,,,,,,,,,,,,,,,,,,,,,,,,,,,,,,,,,,,,,,,,,,,,,,,,,,,,,,,,,,,,,,,,,,,,,,,,,,,,,,,,,,,,,,,
2021-04-22 04:05:37,2021-04-22 04:20:19,0,88.124.43.34,42,882,0,2021-04-29 04:20:20,R_2w6ronAkprGYaye,,,,,,,anonymous,FR,1,1,,,,,,,,,,,,,,2,,,,,,,5,4,4,3,5,5,4,6,6,3,4,4,4,3,2,1,6,4,4,5,3,5,3,3,3,3,2,1,2,3,5,3,3,2,3,2,6,7,7,7,2,2,3,3,4,3,2,3,2,2,6,4,3,3,2,2,5,2,3,1,2,3,1,4,5,8,1,4,3,9,7,6,10,2,1,1,5,5,5,1,1,2,1,5,7,9,3,2,1,10,6,5,8,4,1,1,1,2,1,2,2,1,2,2,2,2,2,1,2,1,2,1,2,1,2,2,2,2,2,2,2,1,1,1,1,1,1,2,1,2,1,1,2,2,2,2,1,2,2,1,1,2,2,1,2,2,2,2,2,1,2,2,2,2,2,2,1,2,1,1,1,2,2,1,2,2,1,2,1,1,2,2,2,1,2,1,3,1,,1,,,1,,,,,,1,,1,,13,,1,,,,,,,,1,3,5,10,1,5,,1,,1,1,1,,,,5,,,1,1,,,1,,,,,,3,,,,,,,2,,1,5,7,,,5,,,1,,13,3,,,,1,,8,2,2,,,,,,,1,4,,2,2,1,,7,,,,,,,,,1,,,2,,2,2,4,2,2,2,2,2,2,5,2,2,3,1,1,2,3,2,3,1,2,3,5,3,5,2,2,4,2,2,2,4,2,2,5,3,3,3,2,1,2,4,2,2,2,,,,,,,,,,,,,,,,,,,,,,,,,,,,,,,,,,,,,,,,,,,,,,,,,,,,,,,,,,,,,,,,,,,,,,,,,,,,,,,,,,,,,,,,,,,,,,,,,,,,,,,,,,,,,,,,,,,,,,,,,,,,,,,,,,,,,,,,,,,,,,,,,,,,,,,,,,,,,,,,,,,,,,,,,,,,,,,,,,,,,,,,,,,,,,,,,,,,,,,,,,
2021-05-01 01:47:39,2021-05-01 02:55:29,0,92.157.75.149,100,4069,1,2021-05-01 02:55:30,R_b3BenW35Apb3ysF,,,,,45.0785064697265625,5.7657012939453125,anonymous,FR,1,2,2,1,1,2,1,2,6,1,6,2,4,6,6,2,,,,,,,3,5,6,2,5,7,3,5,5,4,3,4,5,2,1,1,6,6,6,6,1,3,2,5,1,3,5,1,1,1,7,1,5,2,5,3,2,5,3,5,6,6,3,2,4,6,3,3,7,7,7,2,2,2,3,1,5,4,5,2,3,2,1,3,5,9,2,3,1,8,7,6,10,4,1,1,5,5,5,2,1,1,1,3,8,7,4,2,1,5,10,9,6,3,2,1,1,2,1,2,1,1,2,1,1,2,1,1,1,2,2,1,2,2,2,2,2,2,2,2,2,1,1,1,1,1,1,2,1,2,2,2,2,1,1,2,1,1,2,2,1,1,1,1,2,1,1,2,1,1,2,2,2,2,1,1,2,2,1,1,1,2,2,2,2,2,1,2,2,2,2,1,2,2,2,,1,1,,1,,1,1,,3,3,,4,3,2,,,13,,,,,,,,,,1,1,13,1,1,13,,5,,,,2,2,2,,2,2,,,2,3,3,2,,3,6,,2,2,,,,,5,13,,,2,4,13,,,,,,2,,2,,,5,,,,6,8,1,4,,2,4,,,,5,1,2,,1,1,,3,,3,2,,,,,,,1,2,,1,3,4,4,3,4,2,2,3,4,4,3,5,1,2,2,4,4,1,4,3,2,4,2,4,2,4,2,2,2,2,4,2,4,3,5,4,4,4,3,1,4,2,1,4,6,6,4,5,6,3,1,4,3,6,1,3,4,5,6,4,7,5,5,3,3,4,3,5,3,2,,5,6,1,3,6,4,2,2,2,5,7,4,2,2,3,4,2,4,3,5,2,2,4,4,2,3,2,2,5,1,1,2,5,5,5,1,1,1,3,5,5,6,2,1,3,5,7,5,5,1,2,5,6,1,3,5,7,7,7,7,7,2,3,2,2,5,8,9,11,9,7,10,12,9,10,8,7,8,10,7,7,11,7,,,,,,,,,,,,,,,,,,,,,,,,,,,,,,,,,,,,,,,,,,,,,,,,,,,,,,,,,,,1,1,,20,2,,1,7,6,5,,3,1,5,6,7,1,2,5,2,10,2,3,6,4,4,4,3,8,agnostique,6,165,38,62
2021-04-26 04:14:09,2021-04-26 04:22:48,0,78.22.165.4,15,518,0,2021-05-03 04:22:50,R_1EYvRbS8irL8xlw,,,,,,,anonymous,FR,1,1,,,,,,,,,,,,,,2,,,,,,,6,2,4,3,5,3,7,7,4,5,6,7,2,4,1,3,7,4,2,7,6,2,2,4,3,4,4,1,1,4,,,,,,,,,,,,,,,,,,,,,,,,,,,,,,,,,,,,,,,,,,,,,,,,,,,,,,,,,,,,,,,,,,,,,,,,,,,,,,,,,,,,,,,,,,,,,,,,,,,,,,,,,,,,,,,,,,,,,,,,,,,,,,,,,,,,,,,,,,,,,,,,,,,,,,,,,,,,,,,,,,,,,,,,,,,,,,,,,,,,,,,,,,,,,,,,,,,,,,,,,,,,,,,,,,,,,,,,,,,,,,,,,,,,,,,,,,,,,,,,,,,,,,,,,,,,,,,,,,,,,,,,,,,,,,,,,,,,,,,,,,,,,,,,,,,,,,,,,,,,,,,,,,,,,,,,,,,,,,,,,,,,,,,,,,,,,,,,,,,,,,,,,,,,,,,,,,,,,,,,,,,,,,,,,,,,,,,,,,,,,,,,,,,,,,,,,,,,,,,,,,,,,,,,,,,,,,,,,,,,,,,,,,,,,,,,,,,,,,,,,,,,,,,,,,,,,,,,,,,,,,,,,,,,,,,,,,,,,,,,,,,,,,,,,,,,,,,,,,,,,,,
2021-05-01 18:08:49,2021-05-01 18:08:57,0,90.112.16.106,4,7,0,2021-05-08 18:09:05,R_3KpjLNJ6E0jVDFj,,,,,,,anonymous,FR,1,2,,,,,,,,,,,,,,,,,,,,,,,,,,,,,,,,,,,,,,,,,,,,,,,,,,,,,,,,,,,,,,,,,,,,,,,,,,,,,,,,,,,,,,,,,,,,,,,,,,,,,,,,,,,,,,,,,,,,,,,,,,,,,,,,,,,,,,,,,,,,,,,,,,,,,,,,,,,,,,,,,,,,,,,,,,,,,,,,,,,,,,,,,,,,,,,,,,,,,,,,,,,,,,,,,,,,,,,,,,,,,,,,,,,,,,,,,,,,,,,,,,,,,,,,,,,,,,,,,,,,,,,,,,,,,,,,,,,,,,,,,,,,,,,,,,,,,,,,,,,,,,,,,,,,,,,,,,,,,,,,,,,,,,,,,,,,,,,,,,,,,,,,,,,,,,,,,,,,,,,,,,,,,,,,,,,,,,,,,,,,,,,,,,,,,,,,,,,,,,,,,,,,,,,,,,,,,,,,,,,,,,,,,,,,,,,,,,,,,,,,,,,,,,,,,,,,,,,,,,,,,,,,,,,,,,,,,,,,,,,,,,,,,,,,,,,,,,,,,,,,,,,,,,,,,,,,,,,,,,,,,,,,,,,,,,,,,,,,,,,,,,,,,,,,,,,,,
2021-08-12 15:12:20,2021-08-12 15:15:17,0,92.137.150.216,7,177,0,2021-08-19 15:15:18,R_3PCgd3rSQ1J8g7E,,,,,,,anonymous,FR,1,4,2,4,3,4,6,4,6,5,4,4,3,3,6,1,,,,,,,,,,,,,,,,,,,,,,,,,,,,,,,,,,,,,,,,,,,,,,,,,,,,,,,,,,,,,,,,,,,,,,,,,,,,,,,,,,,,,,,,,,,,,,,,,,,,,,,,,,,,,,,,,,,,,,,,,,,,,,,,,,,,,,,,,,,,,,,,,,,,,,,,,,,,,,,,,,,,,,,,,,,,,,,,,,,,,,,,,,,,,,,,,,,,,,,,,,,,,,,,,,,,,,,,,,,,,,,,,,,,,,,,,,,,,,,,,,,,,,,,,,,,,,,,,,,,,,,,,,,,,,,,,,,,,,,,,,,,,,,,,,,,,,,,,,,,,,,,,,,,,,,,,,,,,,,,,,,,,,,,,,,,,,,,,,,,,,,,,,,,,,,,,,,,,,,,,,,,,,,,,,,,,,,,,,,,,,,,,,,,,,,,,,,,,,,,,,,,,,,,,,,,,,,,,,,,,,,,,,,,,,,,,,,,,,,,,,,,,,,,,,,,,,,,,,,,,,,,,,,,,,,,,,,,,,,,,,,,,,,,,,,,,,,,,,,,,,,,,,,,,,,,,,,,,,,,,,,,,,,,,,,,,,,,,,,
2021-09-04 07:29:25,2021-09-04 07:30:12,0,78.230.105.160,4,46,0,2021-09-11 07:30:14,R_3KT9TY8T11sYPaZ,,,,,,,anonymous,FR,1,2,,,,,,,,,,,,,,,,,,,,,,,,,,,,,,,,,,,,,,,,,,,,,,,,,,,,,,,,,,,,,,,,,,,,,,,,,,,,,,,,,,,,,,,,,,,,,,,,,,,,,,,,,,,,,,,,,,,,,,,,,,,,,,,,,,,,,,,,,,,,,,,,,,,,,,,,,,,,,,,,,,,,,,,,,,,,,,,,,,,,,,,,,,,,,,,,,,,,,,,,,,,,,,,,,,,,,,,,,,,,,,,,,,,,,,,,,,,,,,,,,,,,,,,,,,,,,,,,,,,,,,,,,,,,,,,,,,,,,,,,,,,,,,,,,,,,,,,,,,,,,,,,,,,,,,,,,,,,,,,,,,,,,,,,,,,,,,,,,,,,,,,,,,,,,,,,,,,,,,,,,,,,,,,,,,,,,,,,,,,,,,,,,,,,,,,,,,,,,,,,,,,,,,,,,,,,,,,,,,,,,,,,,,,,,,,,,,,,,,,,,,,,,,,,,,,,,,,,,,,,,,,,,,,,,,,,,,,,,,,,,,,,,,,,,,,,,,,,,,,,,,,,,,,,,,,,,,,,,,,,,,,,,,,,,,,,,,,,,,,,,,,,,,,,,,,,,
2021-09-10 02:47:29,2021-09-10 02:47:46,0,109.190.75.254,2,16,0,2021-09-17 02:47:47,R_2CkvB8SDEVg8RRq,,,,,,,anonymous,FR,1,,,,,,,,,,,,,,,,,,,,,,,,,,,,,,,,,,,,,,,,,,,,,,,,,,,,,,,,,,,,,,,,,,,,,,,,,,,,,,,,,,,,,,,,,,,,,,,,,,,,,,,,,,,,,,,,,,,,,,,,,,,,,,,,,,,,,,,,,,,,,,,,,,,,,,,,,,,,,,,,,,,,,,,,,,,,,,,,,,,,,,,,,,,,,,,,,,,,,,,,,,,,,,,,,,,,,,,,,,,,,,,,,,,,,,,,,,,,,,,,,,,,,,,,,,,,,,,,,,,,,,,,,,,,,,,,,,,,,,,,,,,,,,,,,,,,,,,,,,,,,,,,,,,,,,,,,,,,,,,,,,,,,,,,,,,,,,,,,,,,,,,,,,,,,,,,,,,,,,,,,,,,,,,,,,,,,,,,,,,,,,,,,,,,,,,,,,,,,,,,,,,,,,,,,,,,,,,,,,,,,,,,,,,,,,,,,,,,,,,,,,,,,,,,,,,,,,,,,,,,,,,,,,,,,,,,,,,,,,,,,,,,,,,,,,,,,,,,,,,,,,,,,,,,,,,,,,,,,,,,,,,,,,,,,,,,,,,,,,,,,,,,,,,,,,,,,,
2022-05-07 03:13:51,2022-05-07 03:30:37,0,80.214.159.221,2,1006,0,2022-05-14 03:33:49,R_3JJiiknaH7gFM8B,,,,,,,anonymous,FR,1,,,,,,,,,,,,,,,,,,,,,,,,,,,,,,,,,,,,,,,,,,,,,,,,,,,,,,,,,,,,,,,,,,,,,,,,,,,,,,,,,,,,,,,,,,,,,,,,,,,,,,,,,,,,,,,,,,,,,,,,,,,,,,,,,,,,,,,,,,,,,,,,,,,,,,,,,,,,,,,,,,,,,,,,,,,,,,,,,,,,,,,,,,,,,,,,,,,,,,,,,,,,,,,,,,,,,,,,,,,,,,,,,,,,,,,,,,,,,,,,,,,,,,,,,,,,,,,,,,,,,,,,,,,,,,,,,,,,,,,,,,,,,,,,,,,,,,,,,,,,,,,,,,,,,,,,,,,,,,,,,,,,,,,,,,,,,,,,,,,,,,,,,,,,,,,,,,,,,,,,,,,,,,,,,,,,,,,,,,,,,,,,,,,,,,,,,,,,,,,,,,,,,,,,,,,,,,,,,,,,,,,,,,,,,,,,,,,,,,,,,,,,,,,,,,,,,,,,,,,,,,,,,,,,,,,,,,,,,,,,,,,,,,,,,,,,,,,,,,,,,,,,,,,,,,,,,,,,,,,,,,,,,,,,,,,,,,,,,,,,,,,,,,,,,,,,,,
